<?xml version="1.0" encoding="utf-8"?>
<TEI xmlns="http://www.tei-c.org/ns/1.0">
	<teiHeader>
		<fileDesc>
			<titleStmt about="disco:po_099n0333">
				<title property="dc:title">Soneto</title>
				<author property="dc:creator" resource="disco:099n" corresp="#disco_099n">Ignacio María Acosta</author>
				<principal xml:id="prf">Pablo Ruiz Fabo</principal>
				<principal xml:id="heb">Helena Bermúdez Sabel</principal>
				<principal xml:id="jct">José Calvo Tello</principal>
				<principal xml:id="cimc">Clara Isabel Martínez Cantón</principal>
				<respStmt>
					<resp>Metrical annotation by</resp>
					<name xml:id="bnc">Borja Navarro Colorado</name>
				</respStmt>
			</titleStmt>
			<extent>
				<measure unit="sonnets">1</measure>
				<measure unit="tokens">94</measure>
				<measure unit="line">14</measure>
			</extent>
			<publicationStmt>
				<publisher>Diachronic Spanish Sonnet Corpus</publisher>
				<authority>POSTDATA Project</authority>
				<pubPlace>Madrid</pubPlace>
				<availability status="free">
					<p>The text is freely available</p>
				</availability>
				<date when="2017">2017</date>
				<idno type="#disco" xml:id="file_po_099n0333"></idno>
			</publicationStmt>
			<sourceDesc>
				<bibl type="digital-source">
					<hi rend="italics">Sonetos del siglo XIX</hi>
					<date when="2006">2006</date>
					<ref target="http://www.cervantesvirtual.com/nd/ark:/59851/bmc4q861"></ref>
					<ref target="http://www.cervantesvirtual.com/obra/sonetos-del-siglo-xix--0/"></ref>
Biblioteca Cervantes Virtual,  / editados por Ramón García González, , , .				</bibl>
			</sourceDesc>
		</fileDesc>
		<profileDesc>
			<langUsage>
				<language ident="es" about="disco:po_099n0333" property="dc:language" resource="dbpedia:Idioma_español">Spanish</language>
			</langUsage>
			<particDesc>
				<listPerson>
					<person xml:id="disco_099n" about="disco:099n" typeOf="foaf:Person">
						<persName type="short">Acosta</persName>
						<persName type="full">
							<forename property="foaf:givenName">Ignacio María</forename>
							<surname property="foaf:familyName">Acosta</surname>
						</persName>
						<persName type="source" property="foaf:name">Ignacio María Acosta</persName>
						<sex property="foaf:gender" content="M"></sex>
						<birth>
							<location>
								<placeName>
									<country property="schema:birthPlace" inlist="">Cuba</country>
									<bloc property="schema:birthPlace" inlist="">América</bloc>
								</placeName>
							</location>
							<date property="schema:birthDate" content="1814" cert="high"></date>
							<date type="century">19</date>
						</birth>
						<death>
							<date property="schema:deathDate" content="1871" cert="high"></date>
							<date type="century">19</date>
						</death>
						<listBibl inlist="" rel="blterms:hasCreated" typeOf="schema:CreativeWork">
							<bibl resource="disco:s099n0333">
								<title property="dc:title">Soneto</title>
								<title type="incipit" property="dc:alternative">No luce el sol en el oriente un día</title>
							</bibl>
						</listBibl>
					</person>
				</listPerson>
			</particDesc>
		</profileDesc>
		<encodingDesc>
			<listPrefixDef>
				<prefixDef ident="foaf" matchPattern="([A-Za-z]+)" replacementPattern="http://xmlns.com/foaf/0.1/$1"></prefixDef>
				<prefixDef ident="dc" matchPattern="([A-Za-z]+)" replacementPattern="http://purl.org/dc/terms/$1"></prefixDef>
				<prefixDef ident="schema" matchPattern="([A-Za-z]+)" replacementPattern="http://schema.org/$1"></prefixDef>
				<prefixDef ident="dbpedia" matchPattern="([A-Za-z]+(_[A-Za-z])*)" replacementPattern="http://es.dbpedia.org/page/"></prefixDef>
				<prefixDef ident="blterms" matchPattern="([A-Za-z]+)" replacementPattern="http://www.bl.uk/schemas/bibliographic/blterms#$1"></prefixDef>
				<prefixDef ident="rdfs" matchPattern="([A-Za-z]+)" replacementPattern="http://www.w3.org/2000/01/rdf-schema#$1"></prefixDef>
			</listPrefixDef>
			<metDecl type="met" pattern="((\+|\-)+)*">
				<metSym value="+">stressed syllable</metSym>
				<metSym value="-">unstressed syllable</metSym>
			</metDecl>
			<metDecl type="met">
				<p>
					<ref target="https://github.com/bncolorado/adsoScansionSystem">ADSO</ref>
The metrical patterns were extracted automatically using the 
                    tool.				</p>
			</metDecl>
			<metDecl type="enjamb">
				<p>
					<att>enjamb</att>
					<att>cert</att>
					<ref target="https://sites.google.com/site/spanishenjambment/">ANJA
                        (Automatic eNJambment Analysis)</ref>
					<ref target="https://sites.google.com/site/spanishenjambment/enjambment-types">documentation</ref>
					<ref target="https://sites.google.com/site/spanishenjambment/tei-certitude-values">report</ref>
The values of the  atributes were extracted automatically using
                    the  tool. For more information about the
                    types of enjambment as defined in this corpus, read the . In addition, a  was added to express the
                    degree of certainty concerning the characterisation of the enjambment. The following 
                     covers this feature in deep detail.				</p>
			</metDecl>
		</encodingDesc>
		<revisionDesc>
			<change when="2017-11-02" who="#prf">Initial TEI version</change>
			<change when="2017-11-27" who="#prf">Addition of metrical annotation</change>
			<change when="2017-11-27" who="#heb">Review of authors’ metadata</change>
			<change when="2017-12-01" who="#prf">Encoding of enjambment</change>
			<change when="2017-12-01" who="#heb">Publication of 19th, 18th and Golden Age version</change>
			<change when="2018-05-16" who="#heb">Revision of RDFa attributes</change>
		</revisionDesc>
	</teiHeader>
	<text>
		<front>
			<head>Soneto</head>
		</front>
		<body>
			<lg n="1" type="cuarteto">
				<l n="1" met="++-+---+++-">No luce el sol en el oriente un día</l>
				<l n="2" met="--+--++--+-">sin que nazca en mi pecho una esperanza;</l>
				<l n="3" met="-+-+---+++-" enjamb="B-pb_verb_chain" cert="high">mas ese bien de la ilusión no alcanza</l>
				<l n="4" met="-+-+---+-+-" enjamb="I-pb_verb_chain" cert="high">a dar consuelo a mi desgracia impía.</l>
				<param name="AffectiveFeatures">
					<attRef name="Hap_Mean">
						<content>9.0</content>
					</attRef>
					<attRef name="Hap_SD">
						<content>1.22</content>
					</attRef>
					<attRef name="Ang_Mean">
						<content>2.17</content>
					</attRef>
					<attRef name="Ang_SD">
						<content>0.56</content>
					</attRef>
					<attRef name="Sad_Mean">
						<content>2.47</content>
					</attRef>
					<attRef name="Sad_SD">
						<content>1.06</content>
					</attRef>
					<attRef name="Fear_Mean">
						<content>2.47</content>
					</attRef>
					<attRef name="Fear_SD">
						<content>1.11</content>
					</attRef>
					<attRef name="Disg_Mean">
						<content>2.03</content>
					</attRef>
					<attRef name="Disg_SD">
						<content>0.18</content>
					</attRef>
					<attRef name="n_affective">
						<content>2</content>
					</attRef>
					<attRef name="ValenceMean">
						<content>87.62</content>
					</attRef>
					<attRef name="ValenceSD">
						<content>18.18</content>
					</attRef>
					<attRef name="ArousalMean">
						<content>72.24</content>
					</attRef>
					<attRef name="ArousalSD">
						<content>26.5</content>
					</attRef>
					<attRef name="n_v_a">
						<content>14</content>
					</attRef>
					<attRef name="Max_Aro">
						<content>7.05</content>
					</attRef>
					<attRef name="Min_Aro">
						<content>3.6</content>
					</attRef>
					<attRef name="ArousalSpan">
						<content>3.45</content>
					</attRef>
					<attRef name="Max_Val">
						<content>8.15</content>
					</attRef>
					<attRef name="Min_Val">
						<content>2.55</content>
					</attRef>
					<attRef name="ValenceSpan">
						<content>5.6</content>
					</attRef>
					<attRef name="CorAro">
						<content>0.2603</content>
					</attRef>
					<attRef name="CorVal">
						<content>-0.3476</content>
					</attRef>
					<attRef name="averageAoA">
						<content>74.91</content>
					</attRef>
					<attRef name="sdAOA">
						<content>25.61</content>
					</attRef>
					<attRef name="MinAoA">
						<content>26.0</content>
					</attRef>
					<attRef name="MaxAoA">
						<content>128.33</content>
					</attRef>
					<attRef name="OralFreq_Log">
						<content>30.65</content>
					</attRef>
					<attRef name="WrittenFreq_Log">
						<content>34.82</content>
					</attRef>
					<attRef name="n_aoa">
						<content>13</content>
					</attRef>
					<attRef name="Max_AoA">
						<content>8.76</content>
					</attRef>
					<attRef name="Min_AoA">
						<content>2.84</content>
					</attRef>
					<attRef name="AoASpan">
						<content>5.92</content>
					</attRef>
					<attRef name="Max_sdAOA">
						<content>2.431</content>
					</attRef>
					<attRef name="Min_sdAOA">
						<content>1.469</content>
					</attRef>
					<attRef name="sdAOASpan">
						<content>0.962</content>
					</attRef>
					<attRef name="Max_logOralFreq">
						<content>3.879</content>
					</attRef>
					<attRef name="Min_logOralFreq">
						<content>1.462</content>
					</attRef>
					<attRef name="logOralFreqSpan">
						<content>2.417</content>
					</attRef>
					<attRef name="Max_logWrittenFreq">
						<content>3.596</content>
					</attRef>
					<attRef name="Min_logWrittenFreq">
						<content>1.839</content>
					</attRef>
					<attRef name="logWrittenFreqSpan">
						<content>1.757</content>
					</attRef>
					<attRef name="CorAoA">
						<content>0.3399</content>
					</attRef>
				</param>
			</lg>
			<lg n="2" type="cuarteto">
				<l n="5" met="-+-+---+-+-" enjamb="B-ex_dobj_verb" cert="low">El prisma hermoso de la infancia mía</l>
				<l n="6" met="+--+-+---+-" enjamb="I-ex_dobj_verb" cert="low">hízome ver la dicha en lontananza,</l>
				<l n="7" met="--++-+-+-+-">y soñar ese bien que no se alcanza</l>
				<l n="8" met="---+---+-+-">y con delirio el corazón ansía.</l>
				<param name="AffectiveFeatures">
					<attRef name="Hap_Mean">
						<content>12.63</content>
					</attRef>
					<attRef name="Hap_SD">
						<content>4.24</content>
					</attRef>
					<attRef name="Ang_Mean">
						<content>5.64</content>
					</attRef>
					<attRef name="Ang_SD">
						<content>3.18</content>
					</attRef>
					<attRef name="Sad_Mean">
						<content>6.4</content>
					</attRef>
					<attRef name="Sad_SD">
						<content>3.24</content>
					</attRef>
					<attRef name="Fear_Mean">
						<content>7.37</content>
					</attRef>
					<attRef name="Fear_SD">
						<content>3.84</content>
					</attRef>
					<attRef name="Disg_Mean">
						<content>4.97</content>
					</attRef>
					<attRef name="Disg_SD">
						<content>2.69</content>
					</attRef>
					<attRef name="n_affective">
						<content>4</content>
					</attRef>
					<attRef name="ValenceMean">
						<content>66.91</content>
					</attRef>
					<attRef name="ValenceSD">
						<content>11.91</content>
					</attRef>
					<attRef name="ArousalMean">
						<content>49.52</content>
					</attRef>
					<attRef name="ArousalSD">
						<content>19.03</content>
					</attRef>
					<attRef name="n_v_a">
						<content>10</content>
					</attRef>
					<attRef name="Max_Aro">
						<content>7.16</content>
					</attRef>
					<attRef name="Min_Aro">
						<content>3.05</content>
					</attRef>
					<attRef name="ArousalSpan">
						<content>4.11</content>
					</attRef>
					<attRef name="Max_Val">
						<content>8.15</content>
					</attRef>
					<attRef name="Min_Val">
						<content>3.75</content>
					</attRef>
					<attRef name="ValenceSpan">
						<content>4.4</content>
					</attRef>
					<attRef name="CorAro">
						<content>0.4879</content>
					</attRef>
					<attRef name="CorVal">
						<content>-0.0757</content>
					</attRef>
					<attRef name="averageAoA">
						<content>49.43</content>
					</attRef>
					<attRef name="sdAOA">
						<content>16.34</content>
					</attRef>
					<attRef name="MinAoA">
						<content>16.0</content>
					</attRef>
					<attRef name="MaxAoA">
						<content>88.0</content>
					</attRef>
					<attRef name="OralFreq_Log">
						<content>21.48</content>
					</attRef>
					<attRef name="WrittenFreq_Log">
						<content>24.01</content>
					</attRef>
					<attRef name="n_aoa">
						<content>9</content>
					</attRef>
					<attRef name="Max_AoA">
						<content>10.2</content>
					</attRef>
					<attRef name="Min_AoA">
						<content>2.72</content>
					</attRef>
					<attRef name="AoASpan">
						<content>7.48</content>
					</attRef>
					<attRef name="Max_sdAOA">
						<content>2.583</content>
					</attRef>
					<attRef name="Min_sdAOA">
						<content>1.218</content>
					</attRef>
					<attRef name="sdAOASpan">
						<content>1.365</content>
					</attRef>
					<attRef name="Max_logOralFreq">
						<content>3.879</content>
					</attRef>
					<attRef name="Min_logOralFreq">
						<content>0.477</content>
					</attRef>
					<attRef name="logOralFreqSpan">
						<content>3.402</content>
					</attRef>
					<attRef name="Max_logWrittenFreq">
						<content>3.573</content>
					</attRef>
					<attRef name="Min_logWrittenFreq">
						<content>1.763</content>
					</attRef>
					<attRef name="logWrittenFreqSpan">
						<content>1.81</content>
					</attRef>
					<attRef name="CorAoA">
						<content>0.1024</content>
					</attRef>
				</param>
			</lg>
			<lg n="3" type="terceto">
				<l n="9" met="-+---+---+-">Pasaron mis risueñas mocedades:</l>
				<l n="10" met="--+--+---+-">el cabello se encuentra encanecido,</l>
				<l n="11" met="-+---+---+-">sin fuerza ni vigor mis facultades.</l>
				<param name="AffectiveFeatures">
					<attRef name="Hap_Mean">
						<content>14.28</content>
					</attRef>
					<attRef name="Hap_SD">
						<content>6.97</content>
					</attRef>
					<attRef name="Ang_Mean">
						<content>7.79</content>
					</attRef>
					<attRef name="Ang_SD">
						<content>4.89</content>
					</attRef>
					<attRef name="Sad_Mean">
						<content>8.32</content>
					</attRef>
					<attRef name="Sad_SD">
						<content>3.96</content>
					</attRef>
					<attRef name="Fear_Mean">
						<content>8.34</content>
					</attRef>
					<attRef name="Fear_SD">
						<content>4.82</content>
					</attRef>
					<attRef name="Disg_Mean">
						<content>7.17</content>
					</attRef>
					<attRef name="Disg_SD">
						<content>3.85</content>
					</attRef>
					<attRef name="n_affective">
						<content>5</content>
					</attRef>
					<attRef name="ValenceMean">
						<content>39.85</content>
					</attRef>
					<attRef name="ValenceSD">
						<content>7.15</content>
					</attRef>
					<attRef name="ArousalMean">
						<content>33.35</content>
					</attRef>
					<attRef name="ArousalSD">
						<content>11.09</content>
					</attRef>
					<attRef name="n_v_a">
						<content>6</content>
					</attRef>
					<attRef name="Max_Aro">
						<content>6.6</content>
					</attRef>
					<attRef name="Min_Aro">
						<content>4.45</content>
					</attRef>
					<attRef name="ArousalSpan">
						<content>2.15</content>
					</attRef>
					<attRef name="Max_Val">
						<content>7.9</content>
					</attRef>
					<attRef name="Min_Val">
						<content>5.15</content>
					</attRef>
					<attRef name="ValenceSpan">
						<content>2.75</content>
					</attRef>
					<attRef name="CorAro">
						<content>0.6876</content>
					</attRef>
					<attRef name="CorVal">
						<content>0.4552</content>
					</attRef>
					<attRef name="averageAoA">
						<content>49.16</content>
					</attRef>
					<attRef name="sdAOA">
						<content>12.28</content>
					</attRef>
					<attRef name="MinAoA">
						<content>23.0</content>
					</attRef>
					<attRef name="MaxAoA">
						<content>72.0</content>
					</attRef>
					<attRef name="OralFreq_Log">
						<content>nan</content>
					</attRef>
					<attRef name="WrittenFreq_Log">
						<content>15.37</content>
					</attRef>
					<attRef name="n_aoa">
						<content>7</content>
					</attRef>
					<attRef name="Max_AoA">
						<content>10.44</content>
					</attRef>
					<attRef name="Min_AoA">
						<content>4.54</content>
					</attRef>
					<attRef name="AoASpan">
						<content>5.9</content>
					</attRef>
					<attRef name="Max_sdAOA">
						<content>2.206</content>
					</attRef>
					<attRef name="Min_sdAOA">
						<content>1.293</content>
					</attRef>
					<attRef name="sdAOASpan">
						<content>0.913</content>
					</attRef>
					<attRef name="Max_logOralFreq">
						<content>2.873</content>
					</attRef>
					<attRef name="Min_logOralFreq">
						<content>1.462</content>
					</attRef>
					<attRef name="logOralFreqSpan">
						<content>1.411</content>
					</attRef>
					<attRef name="Max_logWrittenFreq">
						<content>3.017</content>
					</attRef>
					<attRef name="Min_logWrittenFreq">
						<content>0.778</content>
					</attRef>
					<attRef name="logWrittenFreqSpan">
						<content>2.239</content>
					</attRef>
					<attRef name="CorAoA">
						<content>0.4456</content>
					</attRef>
				</param>
			</lg>
			<lg n="4" type="terceto">
				<l n="12" met="-+---+-+-+-">Despierto del letargo en que he dormido;</l>
				<l n="13" met="+--+-+---+-">quiero gozar al fin las realidades,</l>
				<l n="14" met="-+-+---+++-">y encuentro sólo que ilusión ha sido.</l>
				<param name="AffectiveFeatures">
					<attRef name="Hap_Mean">
						<content>18.37</content>
					</attRef>
					<attRef name="Hap_SD">
						<content>6.03</content>
					</attRef>
					<attRef name="Ang_Mean">
						<content>8.3</content>
					</attRef>
					<attRef name="Ang_SD">
						<content>4.6</content>
					</attRef>
					<attRef name="Sad_Mean">
						<content>9.74</content>
					</attRef>
					<attRef name="Sad_SD">
						<content>5.36</content>
					</attRef>
					<attRef name="Fear_Mean">
						<content>9.97</content>
					</attRef>
					<attRef name="Fear_SD">
						<content>4.78</content>
					</attRef>
					<attRef name="Disg_Mean">
						<content>7.57</content>
					</attRef>
					<attRef name="Disg_SD">
						<content>3.82</content>
					</attRef>
					<attRef name="n_affective">
						<content>5</content>
					</attRef>
					<attRef name="ValenceMean">
						<content>70.86</content>
					</attRef>
					<attRef name="ValenceSD">
						<content>14.83</content>
					</attRef>
					<attRef name="ArousalMean">
						<content>55.93</content>
					</attRef>
					<attRef name="ArousalSD">
						<content>23.06</content>
					</attRef>
					<attRef name="n_v_a">
						<content>11</content>
					</attRef>
					<attRef name="Max_Aro">
						<content>6.7</content>
					</attRef>
					<attRef name="Min_Aro">
						<content>1.6</content>
					</attRef>
					<attRef name="ArousalSpan">
						<content>5.1</content>
					</attRef>
					<attRef name="Max_Val">
						<content>8.25</content>
					</attRef>
					<attRef name="Min_Val">
						<content>3.6</content>
					</attRef>
					<attRef name="ValenceSpan">
						<content>4.65</content>
					</attRef>
					<attRef name="CorAro">
						<content>0.1546</content>
					</attRef>
					<attRef name="CorVal">
						<content>0.0527</content>
					</attRef>
					<attRef name="averageAoA">
						<content>55.6</content>
					</attRef>
					<attRef name="sdAOA">
						<content>19.73</content>
					</attRef>
					<attRef name="MinAoA">
						<content>18.0</content>
					</attRef>
					<attRef name="MaxAoA">
						<content>99.0</content>
					</attRef>
					<attRef name="OralFreq_Log">
						<content>24.18</content>
					</attRef>
					<attRef name="WrittenFreq_Log">
						<content>27.51</content>
					</attRef>
					<attRef name="n_aoa">
						<content>10</content>
					</attRef>
					<attRef name="Max_AoA">
						<content>8.425</content>
					</attRef>
					<attRef name="Min_AoA">
						<content>2.36</content>
					</attRef>
					<attRef name="AoASpan">
						<content>6.065</content>
					</attRef>
					<attRef name="Max_sdAOA">
						<content>2.5885</content>
					</attRef>
					<attRef name="Min_sdAOA">
						<content>1.34</content>
					</attRef>
					<attRef name="sdAOASpan">
						<content>1.2485</content>
					</attRef>
					<attRef name="Max_logOralFreq">
						<content>3.731</content>
					</attRef>
					<attRef name="Min_logOralFreq">
						<content>0.954</content>
					</attRef>
					<attRef name="logOralFreqSpan">
						<content>2.777</content>
					</attRef>
					<attRef name="Max_logWrittenFreq">
						<content>3.924</content>
					</attRef>
					<attRef name="Min_logWrittenFreq">
						<content>1.69</content>
					</attRef>
					<attRef name="logWrittenFreqSpan">
						<content>2.234</content>
					</attRef>
					<attRef name="CorAoA">
						<content>0.4744</content>
					</attRef>
				</param>
			</lg>
			<param name="AffectiveFeatures">
				<attRef name="Hap_Mean">
					<content>54.28</content>
				</attRef>
				<attRef name="Hap_SD">
					<content>18.46</content>
				</attRef>
				<attRef name="Ang_Mean">
					<content>23.9</content>
				</attRef>
				<attRef name="Ang_SD">
					<content>13.23</content>
				</attRef>
				<attRef name="Sad_Mean">
					<content>26.93</content>
				</attRef>
				<attRef name="Sad_SD">
					<content>13.62</content>
				</attRef>
				<attRef name="Fear_Mean">
					<content>28.15</content>
				</attRef>
				<attRef name="Fear_SD">
					<content>14.55</content>
				</attRef>
				<attRef name="Disg_Mean">
					<content>21.74</content>
				</attRef>
				<attRef name="Disg_SD">
					<content>10.54</content>
				</attRef>
				<attRef name="n_affective">
					<content>16</content>
				</attRef>
				<attRef name="ValenceMean">
					<content>265.24</content>
				</attRef>
				<attRef name="ValenceSD">
					<content>52.07</content>
				</attRef>
				<attRef name="ArousalMean">
					<content>211.04</content>
				</attRef>
				<attRef name="ArousalSD">
					<content>79.68</content>
				</attRef>
				<attRef name="n_v_a">
					<content>41</content>
				</attRef>
				<attRef name="Max_Aro">
					<content>7.16</content>
				</attRef>
				<attRef name="Min_Aro">
					<content>1.6</content>
				</attRef>
				<attRef name="ArousalSpan">
					<content>5.56</content>
				</attRef>
				<attRef name="Max_Val">
					<content>8.25</content>
				</attRef>
				<attRef name="Min_Val">
					<content>2.55</content>
				</attRef>
				<attRef name="ValenceSpan">
					<content>5.7</content>
				</attRef>
				<attRef name="CorAro">
					<content>0.0962</content>
				</attRef>
				<attRef name="CorVal">
					<content>0.0238</content>
				</attRef>
				<attRef name="averageAoA">
					<content>229.1</content>
				</attRef>
				<attRef name="sdAOA">
					<content>73.96</content>
				</attRef>
				<attRef name="MinAoA">
					<content>83.0</content>
				</attRef>
				<attRef name="MaxAoA">
					<content>387.33</content>
				</attRef>
				<attRef name="OralFreq_Log">
					<content>nan</content>
				</attRef>
				<attRef name="WrittenFreq_Log">
					<content>101.69</content>
				</attRef>
				<attRef name="n_aoa">
					<content>39</content>
				</attRef>
				<attRef name="Max_AoA">
					<content>10.44</content>
				</attRef>
				<attRef name="Min_AoA">
					<content>2.36</content>
				</attRef>
				<attRef name="AoASpan">
					<content>8.08</content>
				</attRef>
				<attRef name="Max_sdAOA">
					<content>2.5885</content>
				</attRef>
				<attRef name="Min_sdAOA">
					<content>1.218</content>
				</attRef>
				<attRef name="sdAOASpan">
					<content>1.3705</content>
				</attRef>
				<attRef name="Max_logOralFreq">
					<content>3.879</content>
				</attRef>
				<attRef name="Min_logOralFreq">
					<content>0.477</content>
				</attRef>
				<attRef name="logOralFreqSpan">
					<content>3.402</content>
				</attRef>
				<attRef name="Max_logWrittenFreq">
					<content>3.924</content>
				</attRef>
				<attRef name="Min_logWrittenFreq">
					<content>0.778</content>
				</attRef>
				<attRef name="logWrittenFreqSpan">
					<content>3.146</content>
				</attRef>
				<attRef name="CorAoA">
					<content>0.1071</content>
				</attRef>
			</param>
		</body>
	</text>
</TEI>