<?xml version="1.0" encoding="utf-8"?>
<TEI xmlns="http://www.tei-c.org/ns/1.0">
	<teiHeader>
		<fileDesc>
			<titleStmt about="disco:po_099n0331">
				<title property="dc:title">Soneto</title>
				<author property="dc:creator" resource="disco:099n" corresp="#disco_099n">Ignacio María Acosta</author>
				<principal xml:id="prf">Pablo Ruiz Fabo</principal>
				<principal xml:id="heb">Helena Bermúdez Sabel</principal>
				<principal xml:id="jct">José Calvo Tello</principal>
				<principal xml:id="cimc">Clara Isabel Martínez Cantón</principal>
				<respStmt>
					<resp>Metrical annotation by</resp>
					<name xml:id="bnc">Borja Navarro Colorado</name>
				</respStmt>
			</titleStmt>
			<extent>
				<measure unit="sonnets">1</measure>
				<measure unit="tokens">98</measure>
				<measure unit="line">14</measure>
			</extent>
			<publicationStmt>
				<publisher>Diachronic Spanish Sonnet Corpus</publisher>
				<authority>POSTDATA Project</authority>
				<pubPlace>Madrid</pubPlace>
				<availability status="free">
					<p>The text is freely available</p>
				</availability>
				<date when="2017">2017</date>
				<idno type="#disco" xml:id="file_po_099n0331"></idno>
			</publicationStmt>
			<sourceDesc>
				<bibl type="digital-source">
					<hi rend="italics">Sonetos del siglo XIX</hi>
					<date when="2006">2006</date>
					<ref target="http://www.cervantesvirtual.com/nd/ark:/59851/bmc4q861"></ref>
					<ref target="http://www.cervantesvirtual.com/obra/sonetos-del-siglo-xix--0/"></ref>
Biblioteca Cervantes Virtual,  / editados por Ramón García González, , , .				</bibl>
			</sourceDesc>
		</fileDesc>
		<profileDesc>
			<langUsage>
				<language ident="es" about="disco:po_099n0331" property="dc:language" resource="dbpedia:Idioma_español">Spanish</language>
			</langUsage>
			<particDesc>
				<listPerson>
					<person xml:id="disco_099n" about="disco:099n" typeOf="foaf:Person">
						<persName type="short">Acosta</persName>
						<persName type="full">
							<forename property="foaf:givenName">Ignacio María</forename>
							<surname property="foaf:familyName">Acosta</surname>
						</persName>
						<persName type="source" property="foaf:name">Ignacio María Acosta</persName>
						<sex property="foaf:gender" content="M"></sex>
						<birth>
							<location>
								<placeName>
									<country property="schema:birthPlace" inlist="">Cuba</country>
									<bloc property="schema:birthPlace" inlist="">América</bloc>
								</placeName>
							</location>
							<date property="schema:birthDate" content="1814" cert="high"></date>
							<date type="century">19</date>
						</birth>
						<death>
							<date property="schema:deathDate" content="1871" cert="high"></date>
							<date type="century">19</date>
						</death>
						<listBibl inlist="" rel="blterms:hasCreated" typeOf="schema:CreativeWork">
							<bibl resource="disco:s099n0331">
								<title property="dc:title">Soneto</title>
								<title type="incipit" property="dc:alternative">Hay una Alondra en nuestro hermoso valle</title>
							</bibl>
						</listBibl>
					</person>
				</listPerson>
			</particDesc>
		</profileDesc>
		<encodingDesc>
			<listPrefixDef>
				<prefixDef ident="foaf" matchPattern="([A-Za-z]+)" replacementPattern="http://xmlns.com/foaf/0.1/$1"></prefixDef>
				<prefixDef ident="dc" matchPattern="([A-Za-z]+)" replacementPattern="http://purl.org/dc/terms/$1"></prefixDef>
				<prefixDef ident="schema" matchPattern="([A-Za-z]+)" replacementPattern="http://schema.org/$1"></prefixDef>
				<prefixDef ident="dbpedia" matchPattern="([A-Za-z]+(_[A-Za-z])*)" replacementPattern="http://es.dbpedia.org/page/"></prefixDef>
				<prefixDef ident="blterms" matchPattern="([A-Za-z]+)" replacementPattern="http://www.bl.uk/schemas/bibliographic/blterms#$1"></prefixDef>
				<prefixDef ident="rdfs" matchPattern="([A-Za-z]+)" replacementPattern="http://www.w3.org/2000/01/rdf-schema#$1"></prefixDef>
			</listPrefixDef>
			<metDecl type="met" pattern="((\+|\-)+)*">
				<metSym value="+">stressed syllable</metSym>
				<metSym value="-">unstressed syllable</metSym>
			</metDecl>
			<metDecl type="met">
				<p>
					<ref target="https://github.com/bncolorado/adsoScansionSystem">ADSO</ref>
The metrical patterns were extracted automatically using the 
                    tool.				</p>
			</metDecl>
			<metDecl type="enjamb">
				<p>
					<att>enjamb</att>
					<att>cert</att>
					<ref target="https://sites.google.com/site/spanishenjambment/">ANJA
                        (Automatic eNJambment Analysis)</ref>
					<ref target="https://sites.google.com/site/spanishenjambment/enjambment-types">documentation</ref>
					<ref target="https://sites.google.com/site/spanishenjambment/tei-certitude-values">report</ref>
The values of the  atributes were extracted automatically using
                    the  tool. For more information about the
                    types of enjambment as defined in this corpus, read the . In addition, a  was added to express the
                    degree of certainty concerning the characterisation of the enjambment. The following 
                     covers this feature in deep detail.				</p>
			</metDecl>
		</encodingDesc>
		<revisionDesc>
			<change when="2017-11-02" who="#prf">Initial TEI version</change>
			<change when="2017-11-27" who="#prf">Addition of metrical annotation</change>
			<change when="2017-11-27" who="#heb">Review of authors’ metadata</change>
			<change when="2017-12-01" who="#prf">Encoding of enjambment</change>
			<change when="2017-12-01" who="#heb">Publication of 19th, 18th and Golden Age version</change>
			<change when="2018-05-16" who="#heb">Revision of RDFa attributes</change>
		</revisionDesc>
	</teiHeader>
	<text>
		<front>
			<head>Soneto</head>
		</front>
		<body>
			<lg n="1" type="cuarteto">
				<l n="1" met="+-+----+-+-" enjamb="B-cc_crossclause" cert="high">Hay una Alondra en nuestro hermoso valle</l>
				<l n="2" met="-+-++--+-+-" enjamb="I-cc_crossclause" cert="high">que tierno atisba un cazador atento:</l>
				<l n="3" met="+--+---+-+-" enjamb="B-pb_noun_prep" cert="medium">Ave divina cuyo dulce acento</l>
				<l n="4" met="-+-+---+-+-" enjamb="I-pb_noun_prep" cert="medium">al coro manda volador que calle.</l>
				<param name="AffectiveFeatures">
					<attRef name="Hap_Mean">
						<content>17.29</content>
					</attRef>
					<attRef name="Hap_SD">
						<content>6.71</content>
					</attRef>
					<attRef name="Ang_Mean">
						<content>8.98</content>
					</attRef>
					<attRef name="Ang_SD">
						<content>3.33</content>
					</attRef>
					<attRef name="Sad_Mean">
						<content>9.03</content>
					</attRef>
					<attRef name="Sad_SD">
						<content>4.18</content>
					</attRef>
					<attRef name="Fear_Mean">
						<content>10.01</content>
					</attRef>
					<attRef name="Fear_SD">
						<content>5.54</content>
					</attRef>
					<attRef name="Disg_Mean">
						<content>8.3</content>
					</attRef>
					<attRef name="Disg_SD">
						<content>3.33</content>
					</attRef>
					<attRef name="n_affective">
						<content>6</content>
					</attRef>
					<attRef name="ValenceMean">
						<content>83.32</content>
					</attRef>
					<attRef name="ValenceSD">
						<content>17.15</content>
					</attRef>
					<attRef name="ArousalMean">
						<content>64.73</content>
					</attRef>
					<attRef name="ArousalSD">
						<content>24.02</content>
					</attRef>
					<attRef name="n_v_a">
						<content>13</content>
					</attRef>
					<attRef name="Max_Aro">
						<content>7.15</content>
					</attRef>
					<attRef name="Min_Aro">
						<content>3.03</content>
					</attRef>
					<attRef name="ArousalSpan">
						<content>4.12</content>
					</attRef>
					<attRef name="Max_Val">
						<content>8.25</content>
					</attRef>
					<attRef name="Min_Val">
						<content>3.6</content>
					</attRef>
					<attRef name="ValenceSpan">
						<content>4.65</content>
					</attRef>
					<attRef name="CorAro">
						<content>0.399</content>
					</attRef>
					<attRef name="CorVal">
						<content>-0.1798</content>
					</attRef>
					<attRef name="averageAoA">
						<content>73.76</content>
					</attRef>
					<attRef name="sdAOA">
						<content>24.21</content>
					</attRef>
					<attRef name="MinAoA">
						<content>25.0</content>
					</attRef>
					<attRef name="MaxAoA">
						<content>123.0</content>
					</attRef>
					<attRef name="OralFreq_Log">
						<content>20.38</content>
					</attRef>
					<attRef name="WrittenFreq_Log">
						<content>24.33</content>
					</attRef>
					<attRef name="n_aoa">
						<content>12</content>
					</attRef>
					<attRef name="Max_AoA">
						<content>8.38</content>
					</attRef>
					<attRef name="Min_AoA">
						<content>4.04</content>
					</attRef>
					<attRef name="AoASpan">
						<content>4.34</content>
					</attRef>
					<attRef name="Max_sdAOA">
						<content>2.335</content>
					</attRef>
					<attRef name="Min_sdAOA">
						<content>1.656</content>
					</attRef>
					<attRef name="sdAOASpan">
						<content>0.679</content>
					</attRef>
					<attRef name="Max_logOralFreq">
						<content>3.068</content>
					</attRef>
					<attRef name="Min_logOralFreq">
						<content>0.954</content>
					</attRef>
					<attRef name="logOralFreqSpan">
						<content>2.114</content>
					</attRef>
					<attRef name="Max_logWrittenFreq">
						<content>3.127</content>
					</attRef>
					<attRef name="Min_logWrittenFreq">
						<content>1.602</content>
					</attRef>
					<attRef name="logWrittenFreqSpan">
						<content>1.525</content>
					</attRef>
					<attRef name="CorAoA">
						<content>-0.4308</content>
					</attRef>
				</param>
			</lg>
			<lg n="2" type="cuarteto">
				<l n="5" met="-+---+---+-">Y calla, y se suspende el escuchalle...</l>
				<l n="6" met="---+---+-+-" enjamb="B-ex_subj_verb" cert="low">que de la Alondra al divinal concento</l>
				<l n="7" met="+--+---+-+-" enjamb="I-ex_subj_verb" cert="low">plega sus alas de placer el viento,</l>
				<l n="8" met="-+--+-+--+-">y no hay ave ni flor que no avasalle.</l>
				<param name="AffectiveFeatures">
					<attRef name="Hap_Mean">
						<content>10.17</content>
					</attRef>
					<attRef name="Hap_SD">
						<content>2.4</content>
					</attRef>
					<attRef name="Ang_Mean">
						<content>3.87</content>
					</attRef>
					<attRef name="Ang_SD">
						<content>1.81</content>
					</attRef>
					<attRef name="Sad_Mean">
						<content>5.2</content>
					</attRef>
					<attRef name="Sad_SD">
						<content>2.5</content>
					</attRef>
					<attRef name="Fear_Mean">
						<content>4.57</content>
					</attRef>
					<attRef name="Fear_SD">
						<content>2.52</content>
					</attRef>
					<attRef name="Disg_Mean">
						<content>3.43</content>
					</attRef>
					<attRef name="Disg_SD">
						<content>1.22</content>
					</attRef>
					<attRef name="n_affective">
						<content>3</content>
					</attRef>
					<attRef name="ValenceMean">
						<content>44.54</content>
					</attRef>
					<attRef name="ValenceSD">
						<content>11.12</content>
					</attRef>
					<attRef name="ArousalMean">
						<content>41.52</content>
					</attRef>
					<attRef name="ArousalSD">
						<content>13.83</content>
					</attRef>
					<attRef name="n_v_a">
						<content>8</content>
					</attRef>
					<attRef name="Max_Aro">
						<content>7.65</content>
					</attRef>
					<attRef name="Min_Aro">
						<content>3.4</content>
					</attRef>
					<attRef name="ArousalSpan">
						<content>4.25</content>
					</attRef>
					<attRef name="Max_Val">
						<content>8.18</content>
					</attRef>
					<attRef name="Min_Val">
						<content>2.75</content>
					</attRef>
					<attRef name="ValenceSpan">
						<content>5.43</content>
					</attRef>
					<attRef name="CorAro">
						<content>-0.2816</content>
					</attRef>
					<attRef name="CorVal">
						<content>0.777</content>
					</attRef>
					<attRef name="averageAoA">
						<content>28.86</content>
					</attRef>
					<attRef name="sdAOA">
						<content>9.82</content>
					</attRef>
					<attRef name="MinAoA">
						<content>12.0</content>
					</attRef>
					<attRef name="MaxAoA">
						<content>52.0</content>
					</attRef>
					<attRef name="OralFreq_Log">
						<content>10.51</content>
					</attRef>
					<attRef name="WrittenFreq_Log">
						<content>13.45</content>
					</attRef>
					<attRef name="n_aoa">
						<content>6</content>
					</attRef>
					<attRef name="Max_AoA">
						<content>9.06</content>
					</attRef>
					<attRef name="Min_AoA">
						<content>2.68</content>
					</attRef>
					<attRef name="AoASpan">
						<content>6.38</content>
					</attRef>
					<attRef name="Max_sdAOA">
						<content>2.0</content>
					</attRef>
					<attRef name="Min_sdAOA">
						<content>1.398</content>
					</attRef>
					<attRef name="sdAOASpan">
						<content>0.602</content>
					</attRef>
					<attRef name="Max_logOralFreq">
						<content>2.13</content>
					</attRef>
					<attRef name="Min_logOralFreq">
						<content>1.362</content>
					</attRef>
					<attRef name="logOralFreqSpan">
						<content>0.768</content>
					</attRef>
					<attRef name="Max_logWrittenFreq">
						<content>2.659</content>
					</attRef>
					<attRef name="Min_logWrittenFreq">
						<content>1.785</content>
					</attRef>
					<attRef name="logWrittenFreqSpan">
						<content>0.874</content>
					</attRef>
					<attRef name="CorAoA">
						<content>-0.0916</content>
					</attRef>
				</param>
			</lg>
			<lg n="3" type="terceto">
				<l n="9" met="-+---+---+-">Triunfante su expresión desde su nido</l>
				<l n="10" met="-+-+---+-+-">el valle todo con su voz encanta,</l>
				<l n="11" met="-+-+---+-+-">y está el amor ante sus pies rendido.</l>
				<param name="AffectiveFeatures">
					<attRef name="Hap_Mean">
						<content>11.9</content>
					</attRef>
					<attRef name="Hap_SD">
						<content>3.15</content>
					</attRef>
					<attRef name="Ang_Mean">
						<content>3.93</content>
					</attRef>
					<attRef name="Ang_SD">
						<content>1.81</content>
					</attRef>
					<attRef name="Sad_Mean">
						<content>4.59</content>
					</attRef>
					<attRef name="Sad_SD">
						<content>2.19</content>
					</attRef>
					<attRef name="Fear_Mean">
						<content>5.37</content>
					</attRef>
					<attRef name="Fear_SD">
						<content>2.98</content>
					</attRef>
					<attRef name="Disg_Mean">
						<content>3.14</content>
					</attRef>
					<attRef name="Disg_SD">
						<content>0.62</content>
					</attRef>
					<attRef name="n_affective">
						<content>3</content>
					</attRef>
					<attRef name="ValenceMean">
						<content>60.6</content>
					</attRef>
					<attRef name="ValenceSD">
						<content>12.28</content>
					</attRef>
					<attRef name="ArousalMean">
						<content>47.63</content>
					</attRef>
					<attRef name="ArousalSD">
						<content>18.39</content>
					</attRef>
					<attRef name="n_v_a">
						<content>9</content>
					</attRef>
					<attRef name="Max_Aro">
						<content>6.78</content>
					</attRef>
					<attRef name="Min_Aro">
						<content>3.8</content>
					</attRef>
					<attRef name="ArousalSpan">
						<content>2.98</content>
					</attRef>
					<attRef name="Max_Val">
						<content>8.4</content>
					</attRef>
					<attRef name="Min_Val">
						<content>5.2</content>
					</attRef>
					<attRef name="ValenceSpan">
						<content>3.2</content>
					</attRef>
					<attRef name="CorAro">
						<content>-0.0409</content>
					</attRef>
					<attRef name="CorVal">
						<content>-0.2343</content>
					</attRef>
					<attRef name="averageAoA">
						<content>45.15</content>
					</attRef>
					<attRef name="sdAOA">
						<content>15.96</content>
					</attRef>
					<attRef name="MinAoA">
						<content>15.5</content>
					</attRef>
					<attRef name="MaxAoA">
						<content>77.5</content>
					</attRef>
					<attRef name="OralFreq_Log">
						<content>15.6</content>
					</attRef>
					<attRef name="WrittenFreq_Log">
						<content>18.91</content>
					</attRef>
					<attRef name="n_aoa">
						<content>8</content>
					</attRef>
					<attRef name="Max_AoA">
						<content>8.74</content>
					</attRef>
					<attRef name="Min_AoA">
						<content>2.42</content>
					</attRef>
					<attRef name="AoASpan">
						<content>6.32</content>
					</attRef>
					<attRef name="Max_sdAOA">
						<content>2.819</content>
					</attRef>
					<attRef name="Min_sdAOA">
						<content>1.326</content>
					</attRef>
					<attRef name="sdAOASpan">
						<content>1.493</content>
					</attRef>
					<attRef name="Max_logOralFreq">
						<content>2.776</content>
					</attRef>
					<attRef name="Min_logOralFreq">
						<content>0.778</content>
					</attRef>
					<attRef name="logOralFreqSpan">
						<content>1.998</content>
					</attRef>
					<attRef name="Max_logWrittenFreq">
						<content>3.184</content>
					</attRef>
					<attRef name="Min_logWrittenFreq">
						<content>1.362</content>
					</attRef>
					<attRef name="logWrittenFreqSpan">
						<content>1.822</content>
					</attRef>
					<attRef name="CorAoA">
						<content>-0.7603</content>
					</attRef>
				</param>
			</lg>
			<lg n="4" type="terceto">
				<l n="12" met="+-+--+---+-">Nada turba el trinar de su garganta,</l>
				<l n="13" met="--+--+-+-+-">y si suena en el bosque algún gemido</l>
				<l n="14" met="+--+---+-+-">es de la voz del cazador que canta.</l>
				<param name="AffectiveFeatures">
					<attRef name="Hap_Mean">
						<content>4.13</content>
					</attRef>
					<attRef name="Hap_SD">
						<content>2.31</content>
					</attRef>
					<attRef name="Ang_Mean">
						<content>4.7</content>
					</attRef>
					<attRef name="Ang_SD">
						<content>2.51</content>
					</attRef>
					<attRef name="Sad_Mean">
						<content>4.43</content>
					</attRef>
					<attRef name="Sad_SD">
						<content>2.55</content>
					</attRef>
					<attRef name="Fear_Mean">
						<content>4.27</content>
					</attRef>
					<attRef name="Fear_SD">
						<content>2.26</content>
					</attRef>
					<attRef name="Disg_Mean">
						<content>4.13</content>
					</attRef>
					<attRef name="Disg_SD">
						<content>2.6</content>
					</attRef>
					<attRef name="n_affective">
						<content>2</content>
					</attRef>
					<attRef name="ValenceMean">
						<content>51.94</content>
					</attRef>
					<attRef name="ValenceSD">
						<content>12.05</content>
					</attRef>
					<attRef name="ArousalMean">
						<content>48.98</content>
					</attRef>
					<attRef name="ArousalSD">
						<content>13.99</content>
					</attRef>
					<attRef name="n_v_a">
						<content>9</content>
					</attRef>
					<attRef name="Max_Aro">
						<content>7.25</content>
					</attRef>
					<attRef name="Min_Aro">
						<content>4.0</content>
					</attRef>
					<attRef name="ArousalSpan">
						<content>3.25</content>
					</attRef>
					<attRef name="Max_Val">
						<content>7.25</content>
					</attRef>
					<attRef name="Min_Val">
						<content>3.6</content>
					</attRef>
					<attRef name="ValenceSpan">
						<content>3.65</content>
					</attRef>
					<attRef name="CorAro">
						<content>0.4707</content>
					</attRef>
					<attRef name="CorVal">
						<content>0.249</content>
					</attRef>
					<attRef name="averageAoA">
						<content>43.8</content>
					</attRef>
					<attRef name="sdAOA">
						<content>15.3</content>
					</attRef>
					<attRef name="MinAoA">
						<content>16.0</content>
					</attRef>
					<attRef name="MaxAoA">
						<content>80.0</content>
					</attRef>
					<attRef name="OralFreq_Log">
						<content>17.81</content>
					</attRef>
					<attRef name="WrittenFreq_Log">
						<content>21.51</content>
					</attRef>
					<attRef name="n_aoa">
						<content>9</content>
					</attRef>
					<attRef name="Max_AoA">
						<content>10.44</content>
					</attRef>
					<attRef name="Min_AoA">
						<content>1.64</content>
					</attRef>
					<attRef name="AoASpan">
						<content>8.8</content>
					</attRef>
					<attRef name="Max_sdAOA">
						<content>2.258</content>
					</attRef>
					<attRef name="Min_sdAOA">
						<content>0.921</content>
					</attRef>
					<attRef name="sdAOASpan">
						<content>1.337</content>
					</attRef>
					<attRef name="Max_logOralFreq">
						<content>4.152</content>
					</attRef>
					<attRef name="Min_logOralFreq">
						<content>0.954</content>
					</attRef>
					<attRef name="logOralFreqSpan">
						<content>3.198</content>
					</attRef>
					<attRef name="Max_logWrittenFreq">
						<content>4.003</content>
					</attRef>
					<attRef name="Min_logWrittenFreq">
						<content>1.23</content>
					</attRef>
					<attRef name="logWrittenFreqSpan">
						<content>2.773</content>
					</attRef>
					<attRef name="CorAoA">
						<content>-0.3667</content>
					</attRef>
				</param>
			</lg>
			<param name="AffectiveFeatures">
				<attRef name="Hap_Mean">
					<content>43.49</content>
				</attRef>
				<attRef name="Hap_SD">
					<content>14.57</content>
				</attRef>
				<attRef name="Ang_Mean">
					<content>21.48</content>
				</attRef>
				<attRef name="Ang_SD">
					<content>9.46</content>
				</attRef>
				<attRef name="Sad_Mean">
					<content>23.25</content>
				</attRef>
				<attRef name="Sad_SD">
					<content>11.42</content>
				</attRef>
				<attRef name="Fear_Mean">
					<content>24.22</content>
				</attRef>
				<attRef name="Fear_SD">
					<content>13.3</content>
				</attRef>
				<attRef name="Disg_Mean">
					<content>19.0</content>
				</attRef>
				<attRef name="Disg_SD">
					<content>7.77</content>
				</attRef>
				<attRef name="n_affective">
					<content>14</content>
				</attRef>
				<attRef name="ValenceMean">
					<content>240.4</content>
				</attRef>
				<attRef name="ValenceSD">
					<content>52.6</content>
				</attRef>
				<attRef name="ArousalMean">
					<content>202.86</content>
				</attRef>
				<attRef name="ArousalSD">
					<content>70.23</content>
				</attRef>
				<attRef name="n_v_a">
					<content>39</content>
				</attRef>
				<attRef name="Max_Aro">
					<content>7.65</content>
				</attRef>
				<attRef name="Min_Aro">
					<content>3.03</content>
				</attRef>
				<attRef name="ArousalSpan">
					<content>4.62</content>
				</attRef>
				<attRef name="Max_Val">
					<content>8.4</content>
				</attRef>
				<attRef name="Min_Val">
					<content>2.75</content>
				</attRef>
				<attRef name="ValenceSpan">
					<content>5.65</content>
				</attRef>
				<attRef name="CorAro">
					<content>0.1958</content>
				</attRef>
				<attRef name="CorVal">
					<content>-0.0468</content>
				</attRef>
				<attRef name="averageAoA">
					<content>191.57</content>
				</attRef>
				<attRef name="sdAOA">
					<content>65.28</content>
				</attRef>
				<attRef name="MinAoA">
					<content>68.5</content>
				</attRef>
				<attRef name="MaxAoA">
					<content>332.5</content>
				</attRef>
				<attRef name="OralFreq_Log">
					<content>64.31</content>
				</attRef>
				<attRef name="WrittenFreq_Log">
					<content>78.2</content>
				</attRef>
				<attRef name="n_aoa">
					<content>35</content>
				</attRef>
				<attRef name="Max_AoA">
					<content>10.44</content>
				</attRef>
				<attRef name="Min_AoA">
					<content>1.64</content>
				</attRef>
				<attRef name="AoASpan">
					<content>8.8</content>
				</attRef>
				<attRef name="Max_sdAOA">
					<content>2.819</content>
				</attRef>
				<attRef name="Min_sdAOA">
					<content>0.921</content>
				</attRef>
				<attRef name="sdAOASpan">
					<content>1.898</content>
				</attRef>
				<attRef name="Max_logOralFreq">
					<content>4.152</content>
				</attRef>
				<attRef name="Min_logOralFreq">
					<content>0.778</content>
				</attRef>
				<attRef name="logOralFreqSpan">
					<content>3.374</content>
				</attRef>
				<attRef name="Max_logWrittenFreq">
					<content>4.003</content>
				</attRef>
				<attRef name="Min_logWrittenFreq">
					<content>1.23</content>
				</attRef>
				<attRef name="logWrittenFreqSpan">
					<content>2.773</content>
				</attRef>
				<attRef name="CorAoA">
					<content>-0.3028</content>
				</attRef>
			</param>
		</body>
	</text>
</TEI>