<?xml version="1.0" encoding="utf-8"?>
<TEI xmlns="http://www.tei-c.org/ns/1.0">
	<teiHeader>
		<fileDesc>
			<titleStmt about="disco:po_009e0024_02">
				<title property="dc:title">A una rosa -- II</title>
				<author property="dc:creator" resource="disco:009e" corresp="#disco_009e">Juan Bautista Aguirre</author>
				<principal xml:id="prf">Pablo Ruiz Fabo</principal>
				<principal xml:id="heb">Helena Bermúdez Sabel</principal>
				<principal xml:id="jct">José Calvo Tello</principal>
				<principal xml:id="cimc">Clara Isabel Martínez Cantón</principal>
				<respStmt>
					<resp>Metrical annotation by</resp>
					<name xml:id="bnc">Borja Navarro Colorado</name>
				</respStmt>
			</titleStmt>
			<extent>
				<measure unit="sonnets">1</measure>
				<measure unit="tokens">95</measure>
				<measure unit="line">14</measure>
			</extent>
			<publicationStmt>
				<publisher>Diachronic Spanish Sonnet Corpus</publisher>
				<authority>POSTDATA Project</authority>
				<pubPlace>Madrid</pubPlace>
				<availability status="free">
					<p>The text is freely available</p>
				</availability>
				<date when="2017">2017</date>
				<idno type="#disco" xml:id="file_po_009e0024_02"></idno>
			</publicationStmt>
			<sourceDesc>
				<bibl type="digital-source">
					<hi rend="italics">Sonetos del siglo XVIII</hi>
					<date when="2006">2006</date>
					<ref target="http://www.cervantesvirtual.com/nd/ark:/59851/bmc12653"></ref>
					<ref target="http://www.cervantesvirtual.com/obra/sonetos-del-siglo-xviii--0/"></ref>
Biblioteca Cervantes Virtual,  / editados por Ramón García González, , , .				</bibl>
			</sourceDesc>
		</fileDesc>
		<profileDesc>
			<langUsage>
				<language ident="es" about="disco:po_009e0024_02" property="dc:language" resource="dbpedia:Idioma_español">Spanish</language>
			</langUsage>
			<particDesc>
				<listPerson>
					<person xml:id="disco_009e" about="disco:009e" typeOf="foaf:Person">
						<idno cert="high" property="rdfs:seeAlso" resource="https://viaf.org/viaf/46776903"></idno>
						<persName type="short">Aguirre</persName>
						<persName type="full">
							<forename property="foaf:givenName">Juan Bautista</forename>
							<surname property="foaf:familyName">Aguirre</surname>
						</persName>
						<persName type="source" property="foaf:name">Juan Bautista Aguirre</persName>
						<sex property="foaf:gender" content="M"></sex>
						<birth>
							<location>
								<placeName>
									<settlement property="schema:birthPlace" inlist="">Daule</settlement>
									<country property="schema:birthPlace" inlist="">Ecuador</country>
									<bloc property="schema:birthPlace" inlist="">América</bloc>
								</placeName>
							</location>
							<date property="schema:birthDate" content="1725" cert="high"></date>
							<date type="century">18</date>
						</birth>
						<death>
							<date property="schema:deathDate" content="1786" cert="high"></date>
							<date type="century">18</date>
						</death>
						<listBibl inlist="" rel="blterms:hasCreated" typeOf="schema:CreativeWork">
							<bibl resource="disco:s009e0024_02">
								<title property="dc:title">A una rosa -- II</title>
								<title type="incipit" property="dc:alternative">De púrpura vestida ha madrugado</title>
							</bibl>
						</listBibl>
					</person>
				</listPerson>
			</particDesc>
		</profileDesc>
		<encodingDesc>
			<listPrefixDef>
				<prefixDef ident="foaf" matchPattern="([A-Za-z]+)" replacementPattern="http://xmlns.com/foaf/0.1/$1"></prefixDef>
				<prefixDef ident="dc" matchPattern="([A-Za-z]+)" replacementPattern="http://purl.org/dc/terms/$1"></prefixDef>
				<prefixDef ident="schema" matchPattern="([A-Za-z]+)" replacementPattern="http://schema.org/$1"></prefixDef>
				<prefixDef ident="dbpedia" matchPattern="([A-Za-z]+(_[A-Za-z])*)" replacementPattern="http://es.dbpedia.org/page/"></prefixDef>
				<prefixDef ident="blterms" matchPattern="([A-Za-z]+)" replacementPattern="http://www.bl.uk/schemas/bibliographic/blterms#$1"></prefixDef>
				<prefixDef ident="rdfs" matchPattern="([A-Za-z]+)" replacementPattern="http://www.w3.org/2000/01/rdf-schema#$1"></prefixDef>
			</listPrefixDef>
			<metDecl type="met" pattern="((\+|\-)+)*">
				<metSym value="+">stressed syllable</metSym>
				<metSym value="-">unstressed syllable</metSym>
			</metDecl>
			<metDecl type="met">
				<p>
					<ref target="https://github.com/bncolorado/adsoScansionSystem">ADSO</ref>
The metrical patterns were extracted automatically using the 
                    tool.				</p>
			</metDecl>
			<metDecl type="enjamb">
				<p>
					<att>enjamb</att>
					<att>cert</att>
					<ref target="https://sites.google.com/site/spanishenjambment/">ANJA
                        (Automatic eNJambment Analysis)</ref>
					<ref target="https://sites.google.com/site/spanishenjambment/enjambment-types">documentation</ref>
					<ref target="https://sites.google.com/site/spanishenjambment/tei-certitude-values">report</ref>
The values of the  atributes were extracted automatically using
                    the  tool. For more information about the
                    types of enjambment as defined in this corpus, read the . In addition, a  was added to express the
                    degree of certainty concerning the characterisation of the enjambment. The following 
                     covers this feature in deep detail.				</p>
			</metDecl>
		</encodingDesc>
		<revisionDesc>
			<change when="2017-11-02" who="#prf">Initial TEI version</change>
			<change when="2017-11-27" who="#prf">Addition of metrical annotation</change>
			<change when="2017-11-27" who="#heb">Review of authors’ metadata</change>
			<change when="2017-12-01" who="#prf">Encoding of enjambment</change>
			<change when="2017-12-01" who="#heb">Publication of 19th, 18th and Golden Age version</change>
			<change when="2018-05-16" who="#heb">Revision of RDFa attributes</change>
		</revisionDesc>
	</teiHeader>
	<text>
		<front>
			<head>A una rosa -- II</head>
		</front>
		<body>
			<lg n="1" type="cuarteto">
				<l n="1" met="-+---++--+-" enjamb="B-ex_dobj_verb" cert="low">De púrpura vestida ha madrugado</l>
				<l n="2" met="---+-+-+-+-" enjamb="I-ex_dobj_verb" cert="low">con presunción de sol la rosa bella,</l>
				<l n="3" met="+-++-+-+-+-" enjamb="B-pb_noun_prep" cert="medium">siendo sólo una luz, purpúrea huella</l>
				<l n="4" met="---+-++--+-" enjamb="I-pb_noun_prep" cert="medium">del matutino pie de astro nevado.</l>
				<param name="AffectiveFeatures">
					<attRef name="Hap_Mean">
						<content>7.63</content>
					</attRef>
					<attRef name="Hap_SD">
						<content>1.86</content>
					</attRef>
					<attRef name="Ang_Mean">
						<content>2.27</content>
					</attRef>
					<attRef name="Ang_SD">
						<content>0.8</content>
					</attRef>
					<attRef name="Sad_Mean">
						<content>2.43</content>
					</attRef>
					<attRef name="Sad_SD">
						<content>1.11</content>
					</attRef>
					<attRef name="Fear_Mean">
						<content>2.37</content>
					</attRef>
					<attRef name="Fear_SD">
						<content>0.9</content>
					</attRef>
					<attRef name="Disg_Mean">
						<content>2.07</content>
					</attRef>
					<attRef name="Disg_SD">
						<content>0.25</content>
					</attRef>
					<attRef name="n_affective">
						<content>2</content>
					</attRef>
					<attRef name="ValenceMean">
						<content>85.95</content>
					</attRef>
					<attRef name="ValenceSD">
						<content>18.76</content>
					</attRef>
					<attRef name="ArousalMean">
						<content>66.16</content>
					</attRef>
					<attRef name="ArousalSD">
						<content>25.6</content>
					</attRef>
					<attRef name="n_v_a">
						<content>14</content>
					</attRef>
					<attRef name="Max_Aro">
						<content>6.06</content>
					</attRef>
					<attRef name="Min_Aro">
						<content>3.4</content>
					</attRef>
					<attRef name="ArousalSpan">
						<content>2.66</content>
					</attRef>
					<attRef name="Max_Val">
						<content>7.6</content>
					</attRef>
					<attRef name="Min_Val">
						<content>3.7</content>
					</attRef>
					<attRef name="ValenceSpan">
						<content>3.9</content>
					</attRef>
					<attRef name="CorAro">
						<content>-0.0212</content>
					</attRef>
					<attRef name="CorVal">
						<content>-0.0706</content>
					</attRef>
					<attRef name="averageAoA">
						<content>45.62</content>
					</attRef>
					<attRef name="sdAOA">
						<content>18.17</content>
					</attRef>
					<attRef name="MinAoA">
						<content>14.0</content>
					</attRef>
					<attRef name="MaxAoA">
						<content>87.0</content>
					</attRef>
					<attRef name="OralFreq_Log">
						<content>21.65</content>
					</attRef>
					<attRef name="WrittenFreq_Log">
						<content>26.95</content>
					</attRef>
					<attRef name="n_aoa">
						<content>10</content>
					</attRef>
					<attRef name="Max_AoA">
						<content>8.44</content>
					</attRef>
					<attRef name="Min_AoA">
						<content>2.42</content>
					</attRef>
					<attRef name="AoASpan">
						<content>6.02</content>
					</attRef>
					<attRef name="Max_sdAOA">
						<content>2.403</content>
					</attRef>
					<attRef name="Min_sdAOA">
						<content>1.326</content>
					</attRef>
					<attRef name="sdAOASpan">
						<content>1.077</content>
					</attRef>
					<attRef name="Max_logOralFreq">
						<content>3.731</content>
					</attRef>
					<attRef name="Min_logOralFreq">
						<content>0.301</content>
					</attRef>
					<attRef name="logOralFreqSpan">
						<content>3.43</content>
					</attRef>
					<attRef name="Max_logWrittenFreq">
						<content>3.924</content>
					</attRef>
					<attRef name="Min_logWrittenFreq">
						<content>1.477</content>
					</attRef>
					<attRef name="logWrittenFreqSpan">
						<content>2.447</content>
					</attRef>
					<attRef name="CorAoA">
						<content>0.4287</content>
					</attRef>
				</param>
			</lg>
			<lg n="2" type="cuarteto">
				<l n="5" met="+-+--+---+-" enjamb="B-pb_noun_prep" cert="medium">Más y más se enrojece con cuidado</l>
				<l n="6" met="--++-+-+-+-" enjamb="I-pb_noun_prep" cert="medium">de brillar más que la encendió su estrella,</l>
				<l n="7" met="+-++--++-+-" enjamb="B-ex_dobj_verb" cert="low">y esto la eclipsa, sin ser ya centella</l>
				<l n="8" met="-+---+--++-" enjamb="I-ex_dobj_verb" cert="low">que golfo de la luz inundó al prado.</l>
				<param name="AffectiveFeatures">
					<attRef name="Hap_Mean">
						<content>4.5</content>
					</attRef>
					<attRef name="Hap_SD">
						<content>2.46</content>
					</attRef>
					<attRef name="Ang_Mean">
						<content>2.83</content>
					</attRef>
					<attRef name="Ang_SD">
						<content>1.21</content>
					</attRef>
					<attRef name="Sad_Mean">
						<content>2.87</content>
					</attRef>
					<attRef name="Sad_SD">
						<content>1.52</content>
					</attRef>
					<attRef name="Fear_Mean">
						<content>2.83</content>
					</attRef>
					<attRef name="Fear_SD">
						<content>1.54</content>
					</attRef>
					<attRef name="Disg_Mean">
						<content>3.03</content>
					</attRef>
					<attRef name="Disg_SD">
						<content>1.27</content>
					</attRef>
					<attRef name="n_affective">
						<content>2</content>
					</attRef>
					<attRef name="ValenceMean">
						<content>55.8</content>
					</attRef>
					<attRef name="ValenceSD">
						<content>11.33</content>
					</attRef>
					<attRef name="ArousalMean">
						<content>44.75</content>
					</attRef>
					<attRef name="ArousalSD">
						<content>15.74</content>
					</attRef>
					<attRef name="n_v_a">
						<content>9</content>
					</attRef>
					<attRef name="Max_Aro">
						<content>6.65</content>
					</attRef>
					<attRef name="Min_Aro">
						<content>2.9</content>
					</attRef>
					<attRef name="ArousalSpan">
						<content>3.75</content>
					</attRef>
					<attRef name="Max_Val">
						<content>8.25</content>
					</attRef>
					<attRef name="Min_Val">
						<content>2.55</content>
					</attRef>
					<attRef name="ValenceSpan">
						<content>5.7</content>
					</attRef>
					<attRef name="CorAro">
						<content>-0.0705</content>
					</attRef>
					<attRef name="CorVal">
						<content>-0.2513</content>
					</attRef>
					<attRef name="averageAoA">
						<content>36.28</content>
					</attRef>
					<attRef name="sdAOA">
						<content>14.8</content>
					</attRef>
					<attRef name="MinAoA">
						<content>11.0</content>
					</attRef>
					<attRef name="MaxAoA">
						<content>70.0</content>
					</attRef>
					<attRef name="OralFreq_Log">
						<content>15.84</content>
					</attRef>
					<attRef name="WrittenFreq_Log">
						<content>17.19</content>
					</attRef>
					<attRef name="n_aoa">
						<content>7</content>
					</attRef>
					<attRef name="Max_AoA">
						<content>7.14</content>
					</attRef>
					<attRef name="Min_AoA">
						<content>3.18</content>
					</attRef>
					<attRef name="AoASpan">
						<content>3.96</content>
					</attRef>
					<attRef name="Max_sdAOA">
						<content>2.386</content>
					</attRef>
					<attRef name="Min_sdAOA">
						<content>1.699</content>
					</attRef>
					<attRef name="sdAOASpan">
						<content>0.687</content>
					</attRef>
					<attRef name="Max_logOralFreq">
						<content>3.731</content>
					</attRef>
					<attRef name="Min_logOralFreq">
						<content>1.146</content>
					</attRef>
					<attRef name="logOralFreqSpan">
						<content>2.585</content>
					</attRef>
					<attRef name="Max_logWrittenFreq">
						<content>3.924</content>
					</attRef>
					<attRef name="Min_logWrittenFreq">
						<content>1.591</content>
					</attRef>
					<attRef name="logWrittenFreqSpan">
						<content>2.333</content>
					</attRef>
					<attRef name="CorAoA">
						<content>0.2504</content>
					</attRef>
				</param>
			</lg>
			<lg n="3" type="terceto">
				<l n="9" met="++-+-+---+-">¿No te bastaba, oh rosa, tu hermosura?</l>
				<l n="10" met="+--+-----+-" enjamb="B-ex_subj_verb" cert="low">Pague eclipsada, pues, tu gentileza</l>
				<l n="11" met="---+++-+-+-" enjamb="I-ex_subj_verb" cert="low">el mendigarle al sol la llama pura;</l>
				<param name="AffectiveFeatures">
					<attRef name="Hap_Mean">
						<content>7.35</content>
					</attRef>
					<attRef name="Hap_SD">
						<content>1.78</content>
					</attRef>
					<attRef name="Ang_Mean">
						<content>2.49</content>
					</attRef>
					<attRef name="Ang_SD">
						<content>1.02</content>
					</attRef>
					<attRef name="Sad_Mean">
						<content>2.9</content>
					</attRef>
					<attRef name="Sad_SD">
						<content>1.65</content>
					</attRef>
					<attRef name="Fear_Mean">
						<content>3.65</content>
					</attRef>
					<attRef name="Fear_SD">
						<content>2.01</content>
					</attRef>
					<attRef name="Disg_Mean">
						<content>2.16</content>
					</attRef>
					<attRef name="Disg_SD">
						<content>0.48</content>
					</attRef>
					<attRef name="n_affective">
						<content>2</content>
					</attRef>
					<attRef name="ValenceMean">
						<content>62.39</content>
					</attRef>
					<attRef name="ValenceSD">
						<content>11.3</content>
					</attRef>
					<attRef name="ArousalMean">
						<content>46.19</content>
					</attRef>
					<attRef name="ArousalSD">
						<content>17.61</content>
					</attRef>
					<attRef name="n_v_a">
						<content>10</content>
					</attRef>
					<attRef name="Max_Aro">
						<content>5.85</content>
					</attRef>
					<attRef name="Min_Aro">
						<content>3.4</content>
					</attRef>
					<attRef name="ArousalSpan">
						<content>2.45</content>
					</attRef>
					<attRef name="Max_Val">
						<content>7.5</content>
					</attRef>
					<attRef name="Min_Val">
						<content>4.25</content>
					</attRef>
					<attRef name="ValenceSpan">
						<content>3.25</content>
					</attRef>
					<attRef name="CorAro">
						<content>0.0336</content>
					</attRef>
					<attRef name="CorVal">
						<content>0.2788</content>
					</attRef>
					<attRef name="averageAoA">
						<content>38.42</content>
					</attRef>
					<attRef name="sdAOA">
						<content>13.18</content>
					</attRef>
					<attRef name="MinAoA">
						<content>12.0</content>
					</attRef>
					<attRef name="MaxAoA">
						<content>66.0</content>
					</attRef>
					<attRef name="OralFreq_Log">
						<content>16.85</content>
					</attRef>
					<attRef name="WrittenFreq_Log">
						<content>18.0</content>
					</attRef>
					<attRef name="n_aoa">
						<content>7</content>
					</attRef>
					<attRef name="Max_AoA">
						<content>8.66</content>
					</attRef>
					<attRef name="Min_AoA">
						<content>2.92</content>
					</attRef>
					<attRef name="AoASpan">
						<content>5.74</content>
					</attRef>
					<attRef name="Max_sdAOA">
						<content>2.303</content>
					</attRef>
					<attRef name="Min_sdAOA">
						<content>1.469</content>
					</attRef>
					<attRef name="sdAOASpan">
						<content>0.834</content>
					</attRef>
					<attRef name="Max_logOralFreq">
						<content>4.257</content>
					</attRef>
					<attRef name="Min_logOralFreq">
						<content>0.699</content>
					</attRef>
					<attRef name="logOralFreqSpan">
						<content>3.558</content>
					</attRef>
					<attRef name="Max_logWrittenFreq">
						<content>3.483</content>
					</attRef>
					<attRef name="Min_logWrittenFreq">
						<content>1.568</content>
					</attRef>
					<attRef name="logWrittenFreqSpan">
						<content>1.915</content>
					</attRef>
					<attRef name="CorAoA">
						<content>0.1227</content>
					</attRef>
				</param>
			</lg>
			<lg n="4" type="terceto">
				<l n="12" met="--+--+---+-">y escarmienta la humana en tu belleza,</l>
				<l n="13" met="---+---+-+-">que si el nativo resplandor se apura,</l>
				<l n="14" met="--+--+---+-">la que luz deslumbró para en pavesa.</l>
				<param name="AffectiveFeatures">
					<attRef name="Hap_Mean">
						<content>3.87</content>
					</attRef>
					<attRef name="Hap_SD">
						<content>1.22</content>
					</attRef>
					<attRef name="Ang_Mean">
						<content>1.23</content>
					</attRef>
					<attRef name="Ang_SD">
						<content>0.63</content>
					</attRef>
					<attRef name="Sad_Mean">
						<content>1.57</content>
					</attRef>
					<attRef name="Sad_SD">
						<content>1.07</content>
					</attRef>
					<attRef name="Fear_Mean">
						<content>1.4</content>
					</attRef>
					<attRef name="Fear_SD">
						<content>0.86</content>
					</attRef>
					<attRef name="Disg_Mean">
						<content>1.2</content>
					</attRef>
					<attRef name="Disg_SD">
						<content>0.66</content>
					</attRef>
					<attRef name="n_affective">
						<content>1</content>
					</attRef>
					<attRef name="ValenceMean">
						<content>27.8</content>
					</attRef>
					<attRef name="ValenceSD">
						<content>5.8</content>
					</attRef>
					<attRef name="ArousalMean">
						<content>20.9</content>
					</attRef>
					<attRef name="ArousalSD">
						<content>7.33</content>
					</attRef>
					<attRef name="n_v_a">
						<content>4</content>
					</attRef>
					<attRef name="Max_Aro">
						<content>6.7</content>
					</attRef>
					<attRef name="Min_Aro">
						<content>4.45</content>
					</attRef>
					<attRef name="ArousalSpan">
						<content>2.25</content>
					</attRef>
					<attRef name="Max_Val">
						<content>7.8</content>
					</attRef>
					<attRef name="Min_Val">
						<content>5.6</content>
					</attRef>
					<attRef name="ValenceSpan">
						<content>2.2</content>
					</attRef>
					<attRef name="CorAro">
						<content>-0.609</content>
					</attRef>
					<attRef name="CorVal">
						<content>-0.4666</content>
					</attRef>
					<attRef name="averageAoA">
						<content>26.2</content>
					</attRef>
					<attRef name="sdAOA">
						<content>9.14</content>
					</attRef>
					<attRef name="MinAoA">
						<content>9.0</content>
					</attRef>
					<attRef name="MaxAoA">
						<content>44.0</content>
					</attRef>
					<attRef name="OralFreq_Log">
						<content>11.61</content>
					</attRef>
					<attRef name="WrittenFreq_Log">
						<content>14.39</content>
					</attRef>
					<attRef name="n_aoa">
						<content>5</content>
					</attRef>
					<attRef name="Max_AoA">
						<content>9.04</content>
					</attRef>
					<attRef name="Min_AoA">
						<content>1.64</content>
					</attRef>
					<attRef name="AoASpan">
						<content>7.4</content>
					</attRef>
					<attRef name="Max_sdAOA">
						<content>2.635</content>
					</attRef>
					<attRef name="Min_sdAOA">
						<content>0.921</content>
					</attRef>
					<attRef name="sdAOASpan">
						<content>1.714</content>
					</attRef>
					<attRef name="Max_logOralFreq">
						<content>4.152</content>
					</attRef>
					<attRef name="Min_logOralFreq">
						<content>0.778</content>
					</attRef>
					<attRef name="logOralFreqSpan">
						<content>3.374</content>
					</attRef>
					<attRef name="Max_logWrittenFreq">
						<content>4.003</content>
					</attRef>
					<attRef name="Min_logWrittenFreq">
						<content>1.826</content>
					</attRef>
					<attRef name="logWrittenFreqSpan">
						<content>2.177</content>
					</attRef>
					<attRef name="CorAoA">
						<content>-0.1088</content>
					</attRef>
				</param>
			</lg>
			<param name="AffectiveFeatures">
				<attRef name="Hap_Mean">
					<content>23.35</content>
				</attRef>
				<attRef name="Hap_SD">
					<content>7.32</content>
				</attRef>
				<attRef name="Ang_Mean">
					<content>8.82</content>
				</attRef>
				<attRef name="Ang_SD">
					<content>3.66</content>
				</attRef>
				<attRef name="Sad_Mean">
					<content>9.77</content>
				</attRef>
				<attRef name="Sad_SD">
					<content>5.35</content>
				</attRef>
				<attRef name="Fear_Mean">
					<content>10.25</content>
				</attRef>
				<attRef name="Fear_SD">
					<content>5.31</content>
				</attRef>
				<attRef name="Disg_Mean">
					<content>8.46</content>
				</attRef>
				<attRef name="Disg_SD">
					<content>2.66</content>
				</attRef>
				<attRef name="n_affective">
					<content>7</content>
				</attRef>
				<attRef name="ValenceMean">
					<content>231.94</content>
				</attRef>
				<attRef name="ValenceSD">
					<content>47.19</content>
				</attRef>
				<attRef name="ArousalMean">
					<content>178.0</content>
				</attRef>
				<attRef name="ArousalSD">
					<content>66.28</content>
				</attRef>
				<attRef name="n_v_a">
					<content>37</content>
				</attRef>
				<attRef name="Max_Aro">
					<content>6.7</content>
				</attRef>
				<attRef name="Min_Aro">
					<content>2.9</content>
				</attRef>
				<attRef name="ArousalSpan">
					<content>3.8</content>
				</attRef>
				<attRef name="Max_Val">
					<content>8.25</content>
				</attRef>
				<attRef name="Min_Val">
					<content>2.55</content>
				</attRef>
				<attRef name="ValenceSpan">
					<content>5.7</content>
				</attRef>
				<attRef name="CorAro">
					<content>0.0538</content>
				</attRef>
				<attRef name="CorVal">
					<content>0.1052</content>
				</attRef>
				<attRef name="averageAoA">
					<content>146.52</content>
				</attRef>
				<attRef name="sdAOA">
					<content>55.28</content>
				</attRef>
				<attRef name="MinAoA">
					<content>46.0</content>
				</attRef>
				<attRef name="MaxAoA">
					<content>267.0</content>
				</attRef>
				<attRef name="OralFreq_Log">
					<content>65.96</content>
				</attRef>
				<attRef name="WrittenFreq_Log">
					<content>76.54</content>
				</attRef>
				<attRef name="n_aoa">
					<content>29</content>
				</attRef>
				<attRef name="Max_AoA">
					<content>9.04</content>
				</attRef>
				<attRef name="Min_AoA">
					<content>1.64</content>
				</attRef>
				<attRef name="AoASpan">
					<content>7.4</content>
				</attRef>
				<attRef name="Max_sdAOA">
					<content>2.635</content>
				</attRef>
				<attRef name="Min_sdAOA">
					<content>0.921</content>
				</attRef>
				<attRef name="sdAOASpan">
					<content>1.714</content>
				</attRef>
				<attRef name="Max_logOralFreq">
					<content>4.257</content>
				</attRef>
				<attRef name="Min_logOralFreq">
					<content>0.301</content>
				</attRef>
				<attRef name="logOralFreqSpan">
					<content>3.956</content>
				</attRef>
				<attRef name="Max_logWrittenFreq">
					<content>4.003</content>
				</attRef>
				<attRef name="Min_logWrittenFreq">
					<content>1.477</content>
				</attRef>
				<attRef name="logWrittenFreqSpan">
					<content>2.526</content>
				</attRef>
				<attRef name="CorAoA">
					<content>0.2119</content>
				</attRef>
			</param>
		</body>
	</text>
</TEI>