<?xml version="1.0" encoding="utf-8"?>
<TEI xmlns="http://www.tei-c.org/ns/1.0">
	<teiHeader>
		<fileDesc>
			<titleStmt about="disco:po_247n0801">
				<title property="dc:title">La Marquesa recuerda...</title>
				<author property="dc:creator" resource="disco:247n" corresp="#disco_247n">Luis Aguilar Poveda</author>
				<principal xml:id="prf">Pablo Ruiz Fabo</principal>
				<principal xml:id="heb">Helena Bermúdez Sabel</principal>
				<principal xml:id="jct">José Calvo Tello</principal>
				<principal xml:id="cimc">Clara Isabel Martínez Cantón</principal>
				<respStmt>
					<resp>Metrical annotation by</resp>
					<name xml:id="bnc">Borja Navarro Colorado</name>
				</respStmt>
			</titleStmt>
			<extent>
				<measure unit="sonnets">1</measure>
				<measure unit="tokens">116</measure>
				<measure unit="line">14</measure>
			</extent>
			<publicationStmt>
				<publisher>Diachronic Spanish Sonnet Corpus</publisher>
				<authority>POSTDATA Project</authority>
				<pubPlace>Madrid</pubPlace>
				<availability status="free">
					<p>The text is freely available</p>
				</availability>
				<date when="2017">2017</date>
				<idno type="#disco" xml:id="file_po_247n0801"></idno>
			</publicationStmt>
			<sourceDesc>
				<bibl type="digital-source">
					<hi rend="italics">Sonetos del siglo XIX</hi>
					<date when="2006">2006</date>
					<ref target="http://www.cervantesvirtual.com/nd/ark:/59851/bmc4q861"></ref>
					<ref target="http://www.cervantesvirtual.com/obra/sonetos-del-siglo-xix--0/"></ref>
Biblioteca Cervantes Virtual,  / editados por Ramón García González, , , .				</bibl>
			</sourceDesc>
		</fileDesc>
		<profileDesc>
			<langUsage>
				<language ident="es" about="disco:po_247n0801" property="dc:language" resource="dbpedia:Idioma_español">Spanish</language>
			</langUsage>
			<particDesc>
				<listPerson>
					<person xml:id="disco_247n" about="disco:247n" typeOf="foaf:Person">
						<persName type="short">Aguilar Poveda</persName>
						<persName type="full">
							<forename property="foaf:givenName">Luis</forename>
							<surname property="foaf:familyName">Aguilar Poveda</surname>
						</persName>
						<persName type="source" property="foaf:name">Luis Aguilar Poveda</persName>
						<sex property="foaf:gender" content="M"></sex>
						<birth>
							<location>
								<placeName>
									<country property="schema:birthPlace" inlist="">Cuba</country>
									<bloc property="schema:birthPlace" inlist="">América</bloc>
								</placeName>
							</location>
							<date type="century">19</date>
						</birth>
						<death>
							<date type="century">20</date>
						</death>
						<listBibl inlist="" rel="blterms:hasCreated" typeOf="schema:CreativeWork">
							<bibl resource="disco:s247n0801">
								<title property="dc:title">La Marquesa recuerda...</title>
								<title type="incipit" property="dc:alternative">Lentamente, la hastiada marquesa envejecida</title>
							</bibl>
						</listBibl>
					</person>
				</listPerson>
			</particDesc>
		</profileDesc>
		<encodingDesc>
			<listPrefixDef>
				<prefixDef ident="foaf" matchPattern="([A-Za-z]+)" replacementPattern="http://xmlns.com/foaf/0.1/$1"></prefixDef>
				<prefixDef ident="dc" matchPattern="([A-Za-z]+)" replacementPattern="http://purl.org/dc/terms/$1"></prefixDef>
				<prefixDef ident="schema" matchPattern="([A-Za-z]+)" replacementPattern="http://schema.org/$1"></prefixDef>
				<prefixDef ident="dbpedia" matchPattern="([A-Za-z]+(_[A-Za-z])*)" replacementPattern="http://es.dbpedia.org/page/"></prefixDef>
				<prefixDef ident="blterms" matchPattern="([A-Za-z]+)" replacementPattern="http://www.bl.uk/schemas/bibliographic/blterms#$1"></prefixDef>
				<prefixDef ident="rdfs" matchPattern="([A-Za-z]+)" replacementPattern="http://www.w3.org/2000/01/rdf-schema#$1"></prefixDef>
			</listPrefixDef>
			<metDecl type="met" pattern="((\+|\-)+)*">
				<metSym value="+">stressed syllable</metSym>
				<metSym value="-">unstressed syllable</metSym>
			</metDecl>
			<metDecl type="met">
				<p>
					<ref target="https://github.com/bncolorado/adsoScansionSystem">ADSO</ref>
The metrical patterns were extracted automatically using the 
                    tool.				</p>
			</metDecl>
			<metDecl type="enjamb">
				<p>
					<att>enjamb</att>
					<att>cert</att>
					<ref target="https://sites.google.com/site/spanishenjambment/">ANJA
                        (Automatic eNJambment Analysis)</ref>
					<ref target="https://sites.google.com/site/spanishenjambment/enjambment-types">documentation</ref>
					<ref target="https://sites.google.com/site/spanishenjambment/tei-certitude-values">report</ref>
The values of the  atributes were extracted automatically using
                    the  tool. For more information about the
                    types of enjambment as defined in this corpus, read the . In addition, a  was added to express the
                    degree of certainty concerning the characterisation of the enjambment. The following 
                     covers this feature in deep detail.				</p>
			</metDecl>
		</encodingDesc>
		<revisionDesc>
			<change when="2017-11-02" who="#prf">Initial TEI version</change>
			<change when="2017-11-27" who="#prf">Addition of metrical annotation</change>
			<change when="2017-11-27" who="#heb">Review of authors’ metadata</change>
			<change when="2017-12-01" who="#prf">Encoding of enjambment</change>
			<change when="2017-12-01" who="#heb">Publication of 19th, 18th and Golden Age version</change>
			<change when="2018-05-16" who="#heb">Revision of RDFa attributes</change>
		</revisionDesc>
	</teiHeader>
	<text>
		<front>
			<head>La Marquesa recuerda...</head>
		</front>
		<body>
			<lg n="1" type="cuarteto">
				<l n="1" met="+-+--+--+---+-" enjamb="B-ex_subj_verb" cert="low">Lentamente, la hastiada marquesa envejecida</l>
				<l n="2" met="+-+-+----+--+-" enjamb="I-ex_subj_verb" cert="low">abre el cofre de ébano de las cartas antiguas,</l>
				<l n="3" met="--++-+-+-+--+-" enjamb="B-cc_crossclause" cert="high">y al mirarlas recuerda mil pasiones exiguas</l>
				<l n="4" met="--+--+-+-+--+-" enjamb="I-cc_crossclause" cert="high">que en lejanos minutos le encendieron la vida.</l>
				<param name="AffectiveFeatures">
					<attRef name="Hap_Mean">
						<content>17.27</content>
					</attRef>
					<attRef name="Hap_SD">
						<content>5.72</content>
					</attRef>
					<attRef name="Ang_Mean">
						<content>10.18</content>
					</attRef>
					<attRef name="Ang_SD">
						<content>6.53</content>
					</attRef>
					<attRef name="Sad_Mean">
						<content>11.93</content>
					</attRef>
					<attRef name="Sad_SD">
						<content>6.66</content>
					</attRef>
					<attRef name="Fear_Mean">
						<content>10.4</content>
					</attRef>
					<attRef name="Fear_SD">
						<content>6.68</content>
					</attRef>
					<attRef name="Disg_Mean">
						<content>9.34</content>
					</attRef>
					<attRef name="Disg_SD">
						<content>5.84</content>
					</attRef>
					<attRef name="n_affective">
						<content>6</content>
					</attRef>
					<attRef name="ValenceMean">
						<content>86.54</content>
					</attRef>
					<attRef name="ValenceSD">
						<content>18.89</content>
					</attRef>
					<attRef name="ArousalMean">
						<content>82.77</content>
					</attRef>
					<attRef name="ArousalSD">
						<content>25.65</content>
					</attRef>
					<attRef name="n_v_a">
						<content>15</content>
					</attRef>
					<attRef name="Max_Aro">
						<content>7.78</content>
					</attRef>
					<attRef name="Min_Aro">
						<content>4.4</content>
					</attRef>
					<attRef name="ArousalSpan">
						<content>3.38</content>
					</attRef>
					<attRef name="Max_Val">
						<content>8.25</content>
					</attRef>
					<attRef name="Min_Val">
						<content>2.7</content>
					</attRef>
					<attRef name="ValenceSpan">
						<content>5.55</content>
					</attRef>
					<attRef name="CorAro">
						<content>0.1552</content>
					</attRef>
					<attRef name="CorVal">
						<content>0.502</content>
					</attRef>
					<attRef name="averageAoA">
						<content>85.34</content>
					</attRef>
					<attRef name="sdAOA">
						<content>22.55</content>
					</attRef>
					<attRef name="MinAoA">
						<content>38.0</content>
					</attRef>
					<attRef name="MaxAoA">
						<content>131.0</content>
					</attRef>
					<attRef name="OralFreq_Log">
						<content>25.39</content>
					</attRef>
					<attRef name="WrittenFreq_Log">
						<content>30.68</content>
					</attRef>
					<attRef name="n_aoa">
						<content>13</content>
					</attRef>
					<attRef name="Max_AoA">
						<content>10.74</content>
					</attRef>
					<attRef name="Min_AoA">
						<content>3.18</content>
					</attRef>
					<attRef name="AoASpan">
						<content>7.56</content>
					</attRef>
					<attRef name="Max_sdAOA">
						<content>2.188</content>
					</attRef>
					<attRef name="Min_sdAOA">
						<content>0.723</content>
					</attRef>
					<attRef name="sdAOASpan">
						<content>1.465</content>
					</attRef>
					<attRef name="Max_logOralFreq">
						<content>3.502</content>
					</attRef>
					<attRef name="Min_logOralFreq">
						<content>0.301</content>
					</attRef>
					<attRef name="logOralFreqSpan">
						<content>3.201</content>
					</attRef>
					<attRef name="Max_logWrittenFreq">
						<content>3.678</content>
					</attRef>
					<attRef name="Min_logWrittenFreq">
						<content>1.0</content>
					</attRef>
					<attRef name="logWrittenFreqSpan">
						<content>2.678</content>
					</attRef>
					<attRef name="CorAoA">
						<content>-0.3764</content>
					</attRef>
				</param>
			</lg>
			<lg n="2" type="cuarteto">
				<l n="5" met="--+-++---+-++-" enjamb="B-pb_noun_prep" cert="medium">Suspirando, lee cartas de los hombres que un día</l>
				<l n="6" met="--+--+-+-+--+-" enjamb="I-pb_noun_prep" cert="medium">por su causa alojáronse una bala en la frente;</l>
				<l n="7" met="-++--+---+--+-" enjamb="B-pb_verb_chain" cert="high">y no ocultan sus ojos el orgullo que siente</l>
				<l n="8" met="+-+--+---+--+-" enjamb="I-pb_verb_chain" cert="high">viendo el trágico libro de su historia sombría.</l>
				<param name="AffectiveFeatures">
					<attRef name="Hap_Mean">
						<content>14.01</content>
					</attRef>
					<attRef name="Hap_SD">
						<content>7.01</content>
					</attRef>
					<attRef name="Ang_Mean">
						<content>10.83</content>
					</attRef>
					<attRef name="Ang_SD">
						<content>5.99</content>
					</attRef>
					<attRef name="Sad_Mean">
						<content>11.94</content>
					</attRef>
					<attRef name="Sad_SD">
						<content>6.96</content>
					</attRef>
					<attRef name="Fear_Mean">
						<content>12.16</content>
					</attRef>
					<attRef name="Fear_SD">
						<content>6.25</content>
					</attRef>
					<attRef name="Disg_Mean">
						<content>8.57</content>
					</attRef>
					<attRef name="Disg_SD">
						<content>4.71</content>
					</attRef>
					<attRef name="n_affective">
						<content>6</content>
					</attRef>
					<attRef name="ValenceMean">
						<content>85.38</content>
					</attRef>
					<attRef name="ValenceSD">
						<content>21.98</content>
					</attRef>
					<attRef name="ArousalMean">
						<content>83.96</content>
					</attRef>
					<attRef name="ArousalSD">
						<content>29.2</content>
					</attRef>
					<attRef name="n_v_a">
						<content>16</content>
					</attRef>
					<attRef name="Max_Aro">
						<content>7.36</content>
					</attRef>
					<attRef name="Min_Aro">
						<content>3.5</content>
					</attRef>
					<attRef name="ArousalSpan">
						<content>3.86</content>
					</attRef>
					<attRef name="Max_Val">
						<content>7.0</content>
					</attRef>
					<attRef name="Min_Val">
						<content>1.5</content>
					</attRef>
					<attRef name="ValenceSpan">
						<content>5.5</content>
					</attRef>
					<attRef name="CorAro">
						<content>0.2468</content>
					</attRef>
					<attRef name="CorVal">
						<content>-0.3059</content>
					</attRef>
					<attRef name="averageAoA">
						<content>66.43</content>
					</attRef>
					<attRef name="sdAOA">
						<content>21.74</content>
					</attRef>
					<attRef name="MinAoA">
						<content>26.0</content>
					</attRef>
					<attRef name="MaxAoA">
						<content>120.0</content>
					</attRef>
					<attRef name="OralFreq_Log">
						<content>32.89</content>
					</attRef>
					<attRef name="WrittenFreq_Log">
						<content>36.55</content>
					</attRef>
					<attRef name="n_aoa">
						<content>13</content>
					</attRef>
					<attRef name="Max_AoA">
						<content>8.7</content>
					</attRef>
					<attRef name="Min_AoA">
						<content>2.72</content>
					</attRef>
					<attRef name="AoASpan">
						<content>5.98</content>
					</attRef>
					<attRef name="Max_sdAOA">
						<content>2.137</content>
					</attRef>
					<attRef name="Min_sdAOA">
						<content>1.165</content>
					</attRef>
					<attRef name="sdAOASpan">
						<content>0.972</content>
					</attRef>
					<attRef name="Max_logOralFreq">
						<content>3.724</content>
					</attRef>
					<attRef name="Min_logOralFreq">
						<content>1.114</content>
					</attRef>
					<attRef name="logOralFreqSpan">
						<content>2.61</content>
					</attRef>
					<attRef name="Max_logWrittenFreq">
						<content>3.596</content>
					</attRef>
					<attRef name="Min_logWrittenFreq">
						<content>1.82</content>
					</attRef>
					<attRef name="logWrittenFreqSpan">
						<content>1.776</content>
					</attRef>
					<attRef name="CorAoA">
						<content>0.0692</content>
					</attRef>
				</param>
			</lg>
			<lg n="3" type="terceto">
				<l n="9" met="+-+-+---+--+-" enjamb="B-ex_subj_verb" cert="low">Dice: «¡Oh, aquel monarca, que en romántico exceso</l>
				<l n="10" met="++---+-++--++-" enjamb="I-ex_subj_verb" cert="low">me daba su reinado, tan sólo por un beso...!»</l>
				<l n="11" met="-++-+---+--+-">«¡Oh, aquel conde Learnes, que murió en la querella...!»</l>
				<param name="AffectiveFeatures">
					<attRef name="Hap_Mean">
						<content>16.31</content>
					</attRef>
					<attRef name="Hap_SD">
						<content>5.97</content>
					</attRef>
					<attRef name="Ang_Mean">
						<content>9.5</content>
					</attRef>
					<attRef name="Ang_SD">
						<content>5.4</content>
					</attRef>
					<attRef name="Sad_Mean">
						<content>12.4</content>
					</attRef>
					<attRef name="Sad_SD">
						<content>5.35</content>
					</attRef>
					<attRef name="Fear_Mean">
						<content>11.37</content>
					</attRef>
					<attRef name="Fear_SD">
						<content>6.22</content>
					</attRef>
					<attRef name="Disg_Mean">
						<content>9.37</content>
					</attRef>
					<attRef name="Disg_SD">
						<content>5.01</content>
					</attRef>
					<attRef name="n_affective">
						<content>6</content>
					</attRef>
					<attRef name="ValenceMean">
						<content>71.95</content>
					</attRef>
					<attRef name="ValenceSD">
						<content>17.47</content>
					</attRef>
					<attRef name="ArousalMean">
						<content>76.94</content>
					</attRef>
					<attRef name="ArousalSD">
						<content>23.79</content>
					</attRef>
					<attRef name="n_v_a">
						<content>14</content>
					</attRef>
					<attRef name="Max_Aro">
						<content>7.35</content>
					</attRef>
					<attRef name="Min_Aro">
						<content>4.8</content>
					</attRef>
					<attRef name="ArousalSpan">
						<content>2.55</content>
					</attRef>
					<attRef name="Max_Val">
						<content>8.2</content>
					</attRef>
					<attRef name="Min_Val">
						<content>1.7</content>
					</attRef>
					<attRef name="ValenceSpan">
						<content>6.5</content>
					</attRef>
					<attRef name="CorAro">
						<content>0.409</content>
					</attRef>
					<attRef name="CorVal">
						<content>-0.4257</content>
					</attRef>
					<attRef name="averageAoA">
						<content>75.45</content>
					</attRef>
					<attRef name="sdAOA">
						<content>26.32</content>
					</attRef>
					<attRef name="MinAoA">
						<content>21.0</content>
					</attRef>
					<attRef name="MaxAoA">
						<content>129.0</content>
					</attRef>
					<attRef name="OralFreq_Log">
						<content>30.84</content>
					</attRef>
					<attRef name="WrittenFreq_Log">
						<content>35.65</content>
					</attRef>
					<attRef name="n_aoa">
						<content>13</content>
					</attRef>
					<attRef name="Max_AoA">
						<content>9.14</content>
					</attRef>
					<attRef name="Min_AoA">
						<content>2.5</content>
					</attRef>
					<attRef name="AoASpan">
						<content>6.64</content>
					</attRef>
					<attRef name="Max_sdAOA">
						<content>2.488</content>
					</attRef>
					<attRef name="Min_sdAOA">
						<content>1.218</content>
					</attRef>
					<attRef name="sdAOASpan">
						<content>1.27</content>
					</attRef>
					<attRef name="Max_logOralFreq">
						<content>3.769</content>
					</attRef>
					<attRef name="Min_logOralFreq">
						<content>0.845</content>
					</attRef>
					<attRef name="logOralFreqSpan">
						<content>2.924</content>
					</attRef>
					<attRef name="Max_logWrittenFreq">
						<content>3.856</content>
					</attRef>
					<attRef name="Min_logWrittenFreq">
						<content>1.69</content>
					</attRef>
					<attRef name="logWrittenFreqSpan">
						<content>2.166</content>
					</attRef>
					<attRef name="CorAoA">
						<content>-0.1744</content>
					</attRef>
				</param>
			</lg>
			<lg n="4" type="terceto">
				<l n="12" met="+-+--+---+--+-">Cierra el cofre que guarda lo que llama su gloria,</l>
				<l n="13" met="-++--+--+---+-">y, cruelmente orgullosa, repasa en su memoria,</l>
				<l n="14" met="++--+---+--+-">uno a uno, los hombres que murieron por ella.</l>
				<param name="AffectiveFeatures">
					<attRef name="Hap_Mean">
						<content>13.19</content>
					</attRef>
					<attRef name="Hap_SD">
						<content>5.1</content>
					</attRef>
					<attRef name="Ang_Mean">
						<content>7.99</content>
					</attRef>
					<attRef name="Ang_SD">
						<content>4.44</content>
					</attRef>
					<attRef name="Sad_Mean">
						<content>11.14</content>
					</attRef>
					<attRef name="Sad_SD">
						<content>4.95</content>
					</attRef>
					<attRef name="Fear_Mean">
						<content>10.84</content>
					</attRef>
					<attRef name="Fear_SD">
						<content>5.86</content>
					</attRef>
					<attRef name="Disg_Mean">
						<content>6.86</content>
					</attRef>
					<attRef name="Disg_SD">
						<content>3.23</content>
					</attRef>
					<attRef name="n_affective">
						<content>5</content>
					</attRef>
					<attRef name="ValenceMean">
						<content>43.7</content>
					</attRef>
					<attRef name="ValenceSD">
						<content>10.42</content>
					</attRef>
					<attRef name="ArousalMean">
						<content>42.5</content>
					</attRef>
					<attRef name="ArousalSD">
						<content>14.31</content>
					</attRef>
					<attRef name="n_v_a">
						<content>8</content>
					</attRef>
					<attRef name="Max_Aro">
						<content>7.35</content>
					</attRef>
					<attRef name="Min_Aro">
						<content>4.25</content>
					</attRef>
					<attRef name="ArousalSpan">
						<content>3.1</content>
					</attRef>
					<attRef name="Max_Val">
						<content>7.15</content>
					</attRef>
					<attRef name="Min_Val">
						<content>1.7</content>
					</attRef>
					<attRef name="ValenceSpan">
						<content>5.45</content>
					</attRef>
					<attRef name="CorAro">
						<content>0.6763</content>
					</attRef>
					<attRef name="CorVal">
						<content>-0.0726</content>
					</attRef>
					<attRef name="averageAoA">
						<content>42.56</content>
					</attRef>
					<attRef name="sdAOA">
						<content>15.08</content>
					</attRef>
					<attRef name="MinAoA">
						<content>14.0</content>
					</attRef>
					<attRef name="MaxAoA">
						<content>79.0</content>
					</attRef>
					<attRef name="OralFreq_Log">
						<content>16.54</content>
					</attRef>
					<attRef name="WrittenFreq_Log">
						<content>19.49</content>
					</attRef>
					<attRef name="n_aoa">
						<content>8</content>
					</attRef>
					<attRef name="Max_AoA">
						<content>7.98</content>
					</attRef>
					<attRef name="Min_AoA">
						<content>3.28</content>
					</attRef>
					<attRef name="AoASpan">
						<content>4.7</content>
					</attRef>
					<attRef name="Max_sdAOA">
						<content>2.308</content>
					</attRef>
					<attRef name="Min_sdAOA">
						<content>1.457</content>
					</attRef>
					<attRef name="sdAOASpan">
						<content>0.851</content>
					</attRef>
					<attRef name="Max_logOralFreq">
						<content>3.611</content>
					</attRef>
					<attRef name="Min_logOralFreq">
						<content>0.301</content>
					</attRef>
					<attRef name="logOralFreqSpan">
						<content>3.31</content>
					</attRef>
					<attRef name="Max_logWrittenFreq">
						<content>3.587</content>
					</attRef>
					<attRef name="Min_logWrittenFreq">
						<content>1.0</content>
					</attRef>
					<attRef name="logWrittenFreqSpan">
						<content>2.587</content>
					</attRef>
					<attRef name="CorAoA">
						<content>0.1528</content>
					</attRef>
				</param>
			</lg>
			<param name="AffectiveFeatures">
				<attRef name="Hap_Mean">
					<content>60.78</content>
				</attRef>
				<attRef name="Hap_SD">
					<content>23.8</content>
				</attRef>
				<attRef name="Ang_Mean">
					<content>38.5</content>
				</attRef>
				<attRef name="Ang_SD">
					<content>22.37</content>
				</attRef>
				<attRef name="Sad_Mean">
					<content>47.41</content>
				</attRef>
				<attRef name="Sad_SD">
					<content>23.92</content>
				</attRef>
				<attRef name="Fear_Mean">
					<content>44.77</content>
				</attRef>
				<attRef name="Fear_SD">
					<content>25.01</content>
				</attRef>
				<attRef name="Disg_Mean">
					<content>34.14</content>
				</attRef>
				<attRef name="Disg_SD">
					<content>18.8</content>
				</attRef>
				<attRef name="n_affective">
					<content>23</content>
				</attRef>
				<attRef name="ValenceMean">
					<content>287.57</content>
				</attRef>
				<attRef name="ValenceSD">
					<content>68.76</content>
				</attRef>
				<attRef name="ArousalMean">
					<content>286.17</content>
				</attRef>
				<attRef name="ArousalSD">
					<content>92.95</content>
				</attRef>
				<attRef name="n_v_a">
					<content>53</content>
				</attRef>
				<attRef name="Max_Aro">
					<content>7.78</content>
				</attRef>
				<attRef name="Min_Aro">
					<content>3.5</content>
				</attRef>
				<attRef name="ArousalSpan">
					<content>4.28</content>
				</attRef>
				<attRef name="Max_Val">
					<content>8.25</content>
				</attRef>
				<attRef name="Min_Val">
					<content>1.5</content>
				</attRef>
				<attRef name="ValenceSpan">
					<content>6.75</content>
				</attRef>
				<attRef name="CorAro">
					<content>0.049</content>
				</attRef>
				<attRef name="CorVal">
					<content>-0.1214</content>
				</attRef>
				<attRef name="averageAoA">
					<content>269.78</content>
				</attRef>
				<attRef name="sdAOA">
					<content>85.7</content>
				</attRef>
				<attRef name="MinAoA">
					<content>99.0</content>
				</attRef>
				<attRef name="MaxAoA">
					<content>459.0</content>
				</attRef>
				<attRef name="OralFreq_Log">
					<content>105.62</content>
				</attRef>
				<attRef name="WrittenFreq_Log">
					<content>122.36</content>
				</attRef>
				<attRef name="n_aoa">
					<content>47</content>
				</attRef>
				<attRef name="Max_AoA">
					<content>10.74</content>
				</attRef>
				<attRef name="Min_AoA">
					<content>2.5</content>
				</attRef>
				<attRef name="AoASpan">
					<content>8.24</content>
				</attRef>
				<attRef name="Max_sdAOA">
					<content>2.488</content>
				</attRef>
				<attRef name="Min_sdAOA">
					<content>0.723</content>
				</attRef>
				<attRef name="sdAOASpan">
					<content>1.765</content>
				</attRef>
				<attRef name="Max_logOralFreq">
					<content>3.769</content>
				</attRef>
				<attRef name="Min_logOralFreq">
					<content>0.301</content>
				</attRef>
				<attRef name="logOralFreqSpan">
					<content>3.468</content>
				</attRef>
				<attRef name="Max_logWrittenFreq">
					<content>3.856</content>
				</attRef>
				<attRef name="Min_logWrittenFreq">
					<content>1.0</content>
				</attRef>
				<attRef name="logWrittenFreqSpan">
					<content>2.856</content>
				</attRef>
				<attRef name="CorAoA">
					<content>-0.1917</content>
				</attRef>
			</param>
		</body>
	</text>
</TEI>