<?xml version="1.0" encoding="utf-8"?>
<TEI xmlns="http://www.tei-c.org/ns/1.0">
	<teiHeader>
		<fileDesc>
			<titleStmt about="disco:po_129n0387">
				<title property="dc:title">Visión de la novia muerta</title>
				<author property="dc:creator" resource="disco:129n" corresp="#disco_129n">Tomás Aguiló</author>
				<principal xml:id="prf">Pablo Ruiz Fabo</principal>
				<principal xml:id="heb">Helena Bermúdez Sabel</principal>
				<principal xml:id="jct">José Calvo Tello</principal>
				<principal xml:id="cimc">Clara Isabel Martínez Cantón</principal>
				<respStmt>
					<resp>Metrical annotation by</resp>
					<name xml:id="bnc">Borja Navarro Colorado</name>
				</respStmt>
			</titleStmt>
			<extent>
				<measure unit="sonnets">1</measure>
				<measure unit="tokens">87</measure>
				<measure unit="line">14</measure>
			</extent>
			<publicationStmt>
				<publisher>Diachronic Spanish Sonnet Corpus</publisher>
				<authority>POSTDATA Project</authority>
				<pubPlace>Madrid</pubPlace>
				<availability status="free">
					<p>The text is freely available</p>
				</availability>
				<date when="2017">2017</date>
				<idno type="#disco" xml:id="file_po_129n0387"></idno>
			</publicationStmt>
			<sourceDesc>
				<bibl type="digital-source">
					<hi rend="italics">Sonetos del siglo XIX</hi>
					<date when="2006">2006</date>
					<ref target="http://www.cervantesvirtual.com/nd/ark:/59851/bmc4q861"></ref>
					<ref target="http://www.cervantesvirtual.com/obra/sonetos-del-siglo-xix--0/"></ref>
Biblioteca Cervantes Virtual,  / editados por Ramón García González, , , .				</bibl>
			</sourceDesc>
		</fileDesc>
		<profileDesc>
			<langUsage>
				<language ident="es" about="disco:po_129n0387" property="dc:language" resource="dbpedia:Idioma_español">Spanish</language>
			</langUsage>
			<particDesc>
				<listPerson>
					<person xml:id="disco_129n" about="disco:129n" typeOf="foaf:Person">
						<idno cert="high" property="rdfs:seeAlso" resource="https://viaf.org/viaf/102338849"></idno>
						<persName type="short">Aguiló</persName>
						<persName type="full">
							<forename property="foaf:givenName">Tomás</forename>
							<surname property="foaf:familyName">Aguiló</surname>
						</persName>
						<persName type="source" property="foaf:name">Tomás Aguiló</persName>
						<sex property="foaf:gender" content="M"></sex>
						<birth>
							<location>
								<placeName>
									<settlement property="schema:birthPlace" inlist="">Palma de Mallorca</settlement>
									<country property="schema:birthPlace" inlist="">España</country>
									<bloc property="schema:birthPlace" inlist="">Europa</bloc>
								</placeName>
							</location>
							<date property="schema:birthDate" content="1812" cert="high"></date>
							<date type="century">19</date>
						</birth>
						<death>
							<date property="schema:deathDate" content="1884" cert="high"></date>
							<date type="century">19</date>
						</death>
						<listBibl inlist="" rel="blterms:hasCreated" typeOf="schema:CreativeWork">
							<bibl resource="disco:s129n0387">
								<title property="dc:title">Visión de la novia muerta</title>
								<title type="incipit" property="dc:alternative">Era como la nieve, iba vestida</title>
							</bibl>
						</listBibl>
					</person>
				</listPerson>
			</particDesc>
		</profileDesc>
		<encodingDesc>
			<listPrefixDef>
				<prefixDef ident="foaf" matchPattern="([A-Za-z]+)" replacementPattern="http://xmlns.com/foaf/0.1/$1"></prefixDef>
				<prefixDef ident="dc" matchPattern="([A-Za-z]+)" replacementPattern="http://purl.org/dc/terms/$1"></prefixDef>
				<prefixDef ident="schema" matchPattern="([A-Za-z]+)" replacementPattern="http://schema.org/$1"></prefixDef>
				<prefixDef ident="dbpedia" matchPattern="([A-Za-z]+(_[A-Za-z])*)" replacementPattern="http://es.dbpedia.org/page/"></prefixDef>
				<prefixDef ident="blterms" matchPattern="([A-Za-z]+)" replacementPattern="http://www.bl.uk/schemas/bibliographic/blterms#$1"></prefixDef>
				<prefixDef ident="rdfs" matchPattern="([A-Za-z]+)" replacementPattern="http://www.w3.org/2000/01/rdf-schema#$1"></prefixDef>
			</listPrefixDef>
			<metDecl type="met" pattern="((\+|\-)+)*">
				<metSym value="+">stressed syllable</metSym>
				<metSym value="-">unstressed syllable</metSym>
			</metDecl>
			<metDecl type="met">
				<p>
					<ref target="https://github.com/bncolorado/adsoScansionSystem">ADSO</ref>
The metrical patterns were extracted automatically using the 
                    tool.				</p>
			</metDecl>
			<metDecl type="enjamb">
				<p>
					<att>enjamb</att>
					<att>cert</att>
					<ref target="https://sites.google.com/site/spanishenjambment/">ANJA
                        (Automatic eNJambment Analysis)</ref>
					<ref target="https://sites.google.com/site/spanishenjambment/enjambment-types">documentation</ref>
					<ref target="https://sites.google.com/site/spanishenjambment/tei-certitude-values">report</ref>
The values of the  atributes were extracted automatically using
                    the  tool. For more information about the
                    types of enjambment as defined in this corpus, read the . In addition, a  was added to express the
                    degree of certainty concerning the characterisation of the enjambment. The following 
                     covers this feature in deep detail.				</p>
			</metDecl>
		</encodingDesc>
		<revisionDesc>
			<change when="2017-11-02" who="#prf">Initial TEI version</change>
			<change when="2017-11-27" who="#prf">Addition of metrical annotation</change>
			<change when="2017-11-27" who="#heb">Review of authors’ metadata</change>
			<change when="2017-12-01" who="#prf">Encoding of enjambment</change>
			<change when="2017-12-01" who="#heb">Publication of 19th, 18th and Golden Age version</change>
			<change when="2018-05-16" who="#heb">Revision of RDFa attributes</change>
		</revisionDesc>
	</teiHeader>
	<text>
		<front>
			<head>Visión de la novia muerta</head>
		</front>
		<body>
			<lg n="1" type="cuarteto">
				<l n="1" met="+----++--+-" enjamb="B-pb_adj_prep" cert="low">Era como la nieve, iba vestida</l>
				<l n="2" met="-+---+---+-" enjamb="I-pb_adj_prep" cert="low">de blanco, de candor y de nobleza;</l>
				<l n="3" met="-+-------+-">llevaba alrededor de su cabeza,</l>
				<l n="4" met="-+---+-+-+-">corona virginal de flor tejida;</l>
				<param name="AffectiveFeatures">
					<attRef name="Hap_Mean">
						<content>17.44</content>
					</attRef>
					<attRef name="Hap_SD">
						<content>7.19</content>
					</attRef>
					<attRef name="Ang_Mean">
						<content>7.33</content>
					</attRef>
					<attRef name="Ang_SD">
						<content>3.19</content>
					</attRef>
					<attRef name="Sad_Mean">
						<content>7.66</content>
					</attRef>
					<attRef name="Sad_SD">
						<content>4.01</content>
					</attRef>
					<attRef name="Fear_Mean">
						<content>7.68</content>
					</attRef>
					<attRef name="Fear_SD">
						<content>3.55</content>
					</attRef>
					<attRef name="Disg_Mean">
						<content>7.37</content>
					</attRef>
					<attRef name="Disg_SD">
						<content>3.12</content>
					</attRef>
					<attRef name="n_affective">
						<content>6</content>
					</attRef>
					<attRef name="ValenceMean">
						<content>72.44</content>
					</attRef>
					<attRef name="ValenceSD">
						<content>16.03</content>
					</attRef>
					<attRef name="ArousalMean">
						<content>56.33</content>
					</attRef>
					<attRef name="ArousalSD">
						<content>18.8</content>
					</attRef>
					<attRef name="n_v_a">
						<content>12</content>
					</attRef>
					<attRef name="Max_Aro">
						<content>5.85</content>
					</attRef>
					<attRef name="Min_Aro">
						<content>3.4</content>
					</attRef>
					<attRef name="ArousalSpan">
						<content>2.45</content>
					</attRef>
					<attRef name="Max_Val">
						<content>7.4</content>
					</attRef>
					<attRef name="Min_Val">
						<content>5.05</content>
					</attRef>
					<attRef name="ValenceSpan">
						<content>2.35</content>
					</attRef>
					<attRef name="CorAro">
						<content>-0.0203</content>
					</attRef>
					<attRef name="CorVal">
						<content>0.0544</content>
					</attRef>
					<attRef name="averageAoA">
						<content>53.23</content>
					</attRef>
					<attRef name="sdAOA">
						<content>18.91</content>
					</attRef>
					<attRef name="MinAoA">
						<content>18.5</content>
					</attRef>
					<attRef name="MaxAoA">
						<content>93.0</content>
					</attRef>
					<attRef name="OralFreq_Log">
						<content>22.81</content>
					</attRef>
					<attRef name="WrittenFreq_Log">
						<content>26.22</content>
					</attRef>
					<attRef name="n_aoa">
						<content>11</content>
					</attRef>
					<attRef name="Max_AoA">
						<content>9.7</content>
					</attRef>
					<attRef name="Min_AoA">
						<content>2.68</content>
					</attRef>
					<attRef name="AoASpan">
						<content>7.02</content>
					</attRef>
					<attRef name="Max_sdAOA">
						<content>2.272</content>
					</attRef>
					<attRef name="Min_sdAOA">
						<content>1.426</content>
					</attRef>
					<attRef name="sdAOASpan">
						<content>0.846</content>
					</attRef>
					<attRef name="Max_logOralFreq">
						<content>3.27</content>
					</attRef>
					<attRef name="Min_logOralFreq">
						<content>0.8495</content>
					</attRef>
					<attRef name="logOralFreqSpan">
						<content>2.4205</content>
					</attRef>
					<attRef name="Max_logWrittenFreq">
						<content>3.2960000000000003</content>
					</attRef>
					<attRef name="Min_logWrittenFreq">
						<content>1.4075</content>
					</attRef>
					<attRef name="logWrittenFreqSpan">
						<content>1.8885</content>
					</attRef>
					<attRef name="CorAoA">
						<content>0.1754</content>
					</attRef>
				</param>
			</lg>
			<lg n="2" type="cuarteto">
				<l n="5" met="+-+--+---+-">manto azul como el cielo donde anida;</l>
				<l n="6" met="+-+--+---+-">velo blanco de angélica pureza...</l>
				<l n="7" met="-++--+-+-+-" enjamb="B-ex_dobj_verb" cert="low">Así la contemplé con gran tristeza</l>
				<l n="8" met="+--+-++--+-" enjamb="I-ex_dobj_verb" cert="low">cual si estuviera allí sólo dormida.</l>
				<param name="AffectiveFeatures">
					<attRef name="Hap_Mean">
						<content>21.83</content>
					</attRef>
					<attRef name="Hap_SD">
						<content>8.91</content>
					</attRef>
					<attRef name="Ang_Mean">
						<content>10.89</content>
					</attRef>
					<attRef name="Ang_SD">
						<content>4.48</content>
					</attRef>
					<attRef name="Sad_Mean">
						<content>13.31</content>
					</attRef>
					<attRef name="Sad_SD">
						<content>7.57</content>
					</attRef>
					<attRef name="Fear_Mean">
						<content>12.79</content>
					</attRef>
					<attRef name="Fear_SD">
						<content>6.25</content>
					</attRef>
					<attRef name="Disg_Mean">
						<content>10.7</content>
					</attRef>
					<attRef name="Disg_SD">
						<content>4.07</content>
					</attRef>
					<attRef name="n_affective">
						<content>8</content>
					</attRef>
					<attRef name="ValenceMean">
						<content>81.46</content>
					</attRef>
					<attRef name="ValenceSD">
						<content>17.4</content>
					</attRef>
					<attRef name="ArousalMean">
						<content>57.45</content>
					</attRef>
					<attRef name="ArousalSD">
						<content>25.26</content>
					</attRef>
					<attRef name="n_v_a">
						<content>14</content>
					</attRef>
					<attRef name="Max_Aro">
						<content>5.5</content>
					</attRef>
					<attRef name="Min_Aro">
						<content>1.6</content>
					</attRef>
					<attRef name="ArousalSpan">
						<content>3.9</content>
					</attRef>
					<attRef name="Max_Val">
						<content>7.9</content>
					</attRef>
					<attRef name="Min_Val">
						<content>1.8</content>
					</attRef>
					<attRef name="ValenceSpan">
						<content>6.1</content>
					</attRef>
					<attRef name="CorAro">
						<content>0.0472</content>
					</attRef>
					<attRef name="CorVal">
						<content>-0.1964</content>
					</attRef>
					<attRef name="averageAoA">
						<content>60.36</content>
					</attRef>
					<attRef name="sdAOA">
						<content>23.71</content>
					</attRef>
					<attRef name="MinAoA">
						<content>20.0</content>
					</attRef>
					<attRef name="MaxAoA">
						<content>114.0</content>
					</attRef>
					<attRef name="OralFreq_Log">
						<content>31.34</content>
					</attRef>
					<attRef name="WrittenFreq_Log">
						<content>37.28</content>
					</attRef>
					<attRef name="n_aoa">
						<content>13</content>
					</attRef>
					<attRef name="Max_AoA">
						<content>8.54</content>
					</attRef>
					<attRef name="Min_AoA">
						<content>1.64</content>
					</attRef>
					<attRef name="AoASpan">
						<content>6.9</content>
					</attRef>
					<attRef name="Max_sdAOA">
						<content>2.724</content>
					</attRef>
					<attRef name="Min_sdAOA">
						<content>0.921</content>
					</attRef>
					<attRef name="sdAOASpan">
						<content>1.803</content>
					</attRef>
					<attRef name="Max_logOralFreq">
						<content>4.152</content>
					</attRef>
					<attRef name="Min_logOralFreq">
						<content>0.477</content>
					</attRef>
					<attRef name="logOralFreqSpan">
						<content>3.675</content>
					</attRef>
					<attRef name="Max_logWrittenFreq">
						<content>4.003</content>
					</attRef>
					<attRef name="Min_logWrittenFreq">
						<content>1.763</content>
					</attRef>
					<attRef name="logWrittenFreqSpan">
						<content>2.24</content>
					</attRef>
					<attRef name="CorAoA">
						<content>-0.2174</content>
					</attRef>
				</param>
			</lg>
			<lg n="3" type="terceto">
				<l n="9" met="-+++++---+-">Así la vi, la veo todavía</l>
				<l n="10" met="---+---+-+-">por el bancal que para mí verdea,</l>
				<l n="11" met="--+--+---+-">junto al fresco rodar del arroyuelo...</l>
				<param name="AffectiveFeatures">
					<attRef name="n_affective">
						<content>0</content>
					</attRef>
					<attRef name="ValenceMean">
						<content>47.96</content>
					</attRef>
					<attRef name="ValenceSD">
						<content>9.48</content>
					</attRef>
					<attRef name="ArousalMean">
						<content>38.18</content>
					</attRef>
					<attRef name="ArousalSD">
						<content>13.02</content>
					</attRef>
					<attRef name="n_v_a">
						<content>8</content>
					</attRef>
					<attRef name="Max_Aro">
						<content>5.45</content>
					</attRef>
					<attRef name="Min_Aro">
						<content>3.53</content>
					</attRef>
					<attRef name="ArousalSpan">
						<content>1.92</content>
					</attRef>
					<attRef name="Max_Val">
						<content>6.85</content>
					</attRef>
					<attRef name="Min_Val">
						<content>5.0</content>
					</attRef>
					<attRef name="ValenceSpan">
						<content>1.85</content>
					</attRef>
					<attRef name="CorAro">
						<content>-0.7111</content>
					</attRef>
					<attRef name="CorVal">
						<content>0.0218</content>
					</attRef>
					<attRef name="averageAoA">
						<content>32.68</content>
					</attRef>
					<attRef name="sdAOA">
						<content>12.7</content>
					</attRef>
					<attRef name="MinAoA">
						<content>10.0</content>
					</attRef>
					<attRef name="MaxAoA">
						<content>65.0</content>
					</attRef>
					<attRef name="OralFreq_Log">
						<content>18.97</content>
					</attRef>
					<attRef name="WrittenFreq_Log">
						<content>18.7</content>
					</attRef>
					<attRef name="n_aoa">
						<content>7</content>
					</attRef>
					<attRef name="Max_AoA">
						<content>5.9</content>
					</attRef>
					<attRef name="Min_AoA">
						<content>2.72</content>
					</attRef>
					<attRef name="AoASpan">
						<content>3.18</content>
					</attRef>
					<attRef name="Max_sdAOA">
						<content>2.304</content>
					</attRef>
					<attRef name="Min_sdAOA">
						<content>1.443</content>
					</attRef>
					<attRef name="sdAOASpan">
						<content>0.861</content>
					</attRef>
					<attRef name="Max_logOralFreq">
						<content>3.724</content>
					</attRef>
					<attRef name="Min_logOralFreq">
						<content>1.342</content>
					</attRef>
					<attRef name="logOralFreqSpan">
						<content>2.382</content>
					</attRef>
					<attRef name="Max_logWrittenFreq">
						<content>3.631</content>
					</attRef>
					<attRef name="Min_logWrittenFreq">
						<content>1.279</content>
					</attRef>
					<attRef name="logWrittenFreqSpan">
						<content>2.352</content>
					</attRef>
					<attRef name="CorAoA">
						<content>0.6133</content>
					</attRef>
				</param>
			</lg>
			<lg n="4" type="terceto">
				<l n="12" met="-++-+--+-+-">La veo en fosca noche o claro día,</l>
				<l n="13" met="--+--+-+-+-">y la hermosa visión que me rodea,</l>
				<l n="14" met="-+---+-+-+-">endulza mi dolor, sin dar consuelo.</l>
				<param name="AffectiveFeatures">
					<attRef name="Hap_Mean">
						<content>4.56</content>
					</attRef>
					<attRef name="Hap_SD">
						<content>1.68</content>
					</attRef>
					<attRef name="Ang_Mean">
						<content>3.9</content>
					</attRef>
					<attRef name="Ang_SD">
						<content>1.76</content>
					</attRef>
					<attRef name="Sad_Mean">
						<content>5.4</content>
					</attRef>
					<attRef name="Sad_SD">
						<content>2.27</content>
					</attRef>
					<attRef name="Fear_Mean">
						<content>5.13</content>
					</attRef>
					<attRef name="Fear_SD">
						<content>2.26</content>
					</attRef>
					<attRef name="Disg_Mean">
						<content>3.14</content>
					</attRef>
					<attRef name="Disg_SD">
						<content>2.06</content>
					</attRef>
					<attRef name="n_affective">
						<content>2</content>
					</attRef>
					<attRef name="ValenceMean">
						<content>59.53</content>
					</attRef>
					<attRef name="ValenceSD">
						<content>12.97</content>
					</attRef>
					<attRef name="ArousalMean">
						<content>51.1</content>
					</attRef>
					<attRef name="ArousalSD">
						<content>17.24</content>
					</attRef>
					<attRef name="n_v_a">
						<content>10</content>
					</attRef>
					<attRef name="Max_Aro">
						<content>8.25</content>
					</attRef>
					<attRef name="Min_Aro">
						<content>3.6</content>
					</attRef>
					<attRef name="ArousalSpan">
						<content>4.65</content>
					</attRef>
					<attRef name="Max_Val">
						<content>8.15</content>
					</attRef>
					<attRef name="Min_Val">
						<content>2.15</content>
					</attRef>
					<attRef name="ValenceSpan">
						<content>6.0</content>
					</attRef>
					<attRef name="CorAro">
						<content>0.1286</content>
					</attRef>
					<attRef name="CorVal">
						<content>-0.2761</content>
					</attRef>
					<attRef name="averageAoA">
						<content>37.94</content>
					</attRef>
					<attRef name="sdAOA">
						<content>14.17</content>
					</attRef>
					<attRef name="MinAoA">
						<content>13.0</content>
					</attRef>
					<attRef name="MaxAoA">
						<content>73.0</content>
					</attRef>
					<attRef name="OralFreq_Log">
						<content>23.38</content>
					</attRef>
					<attRef name="WrittenFreq_Log">
						<content>24.13</content>
					</attRef>
					<attRef name="n_aoa">
						<content>8</content>
					</attRef>
					<attRef name="Max_AoA">
						<content>8.76</content>
					</attRef>
					<attRef name="Min_AoA">
						<content>2.72</content>
					</attRef>
					<attRef name="AoASpan">
						<content>6.04</content>
					</attRef>
					<attRef name="Max_sdAOA">
						<content>2.345</content>
					</attRef>
					<attRef name="Min_sdAOA">
						<content>1.443</content>
					</attRef>
					<attRef name="sdAOASpan">
						<content>0.902</content>
					</attRef>
					<attRef name="Max_logOralFreq">
						<content>3.818</content>
					</attRef>
					<attRef name="Min_logOralFreq">
						<content>1.462</content>
					</attRef>
					<attRef name="logOralFreqSpan">
						<content>2.356</content>
					</attRef>
					<attRef name="Max_logWrittenFreq">
						<content>3.596</content>
					</attRef>
					<attRef name="Min_logWrittenFreq">
						<content>2.111</content>
					</attRef>
					<attRef name="logWrittenFreqSpan">
						<content>1.485</content>
					</attRef>
					<attRef name="CorAoA">
						<content>0.4238</content>
					</attRef>
				</param>
			</lg>
			<param name="AffectiveFeatures">
				<attRef name="Hap_Mean">
					<content>43.83</content>
				</attRef>
				<attRef name="Hap_SD">
					<content>17.77</content>
				</attRef>
				<attRef name="Ang_Mean">
					<content>22.13</content>
				</attRef>
				<attRef name="Ang_SD">
					<content>9.43</content>
				</attRef>
				<attRef name="Sad_Mean">
					<content>26.37</content>
				</attRef>
				<attRef name="Sad_SD">
					<content>13.85</content>
				</attRef>
				<attRef name="Fear_Mean">
					<content>25.6</content>
				</attRef>
				<attRef name="Fear_SD">
					<content>12.05</content>
				</attRef>
				<attRef name="Disg_Mean">
					<content>21.21</content>
				</attRef>
				<attRef name="Disg_SD">
					<content>9.25</content>
				</attRef>
				<attRef name="n_affective">
					<content>16</content>
				</attRef>
				<attRef name="ValenceMean">
					<content>261.39</content>
				</attRef>
				<attRef name="ValenceSD">
					<content>55.88</content>
				</attRef>
				<attRef name="ArousalMean">
					<content>203.06</content>
				</attRef>
				<attRef name="ArousalSD">
					<content>74.32</content>
				</attRef>
				<attRef name="n_v_a">
					<content>44</content>
				</attRef>
				<attRef name="Max_Aro">
					<content>8.25</content>
				</attRef>
				<attRef name="Min_Aro">
					<content>1.6</content>
				</attRef>
				<attRef name="ArousalSpan">
					<content>6.65</content>
				</attRef>
				<attRef name="Max_Val">
					<content>8.15</content>
				</attRef>
				<attRef name="Min_Val">
					<content>1.8</content>
				</attRef>
				<attRef name="ValenceSpan">
					<content>6.35</content>
				</attRef>
				<attRef name="CorAro">
					<content>0.1907</content>
				</attRef>
				<attRef name="CorVal">
					<content>-0.0499</content>
				</attRef>
				<attRef name="averageAoA">
					<content>184.21</content>
				</attRef>
				<attRef name="sdAOA">
					<content>69.45</content>
				</attRef>
				<attRef name="MinAoA">
					<content>61.5</content>
				</attRef>
				<attRef name="MaxAoA">
					<content>345.0</content>
				</attRef>
				<attRef name="OralFreq_Log">
					<content>96.5</content>
				</attRef>
				<attRef name="WrittenFreq_Log">
					<content>106.33</content>
				</attRef>
				<attRef name="n_aoa">
					<content>39</content>
				</attRef>
				<attRef name="Max_AoA">
					<content>9.7</content>
				</attRef>
				<attRef name="Min_AoA">
					<content>1.64</content>
				</attRef>
				<attRef name="AoASpan">
					<content>8.06</content>
				</attRef>
				<attRef name="Max_sdAOA">
					<content>2.724</content>
				</attRef>
				<attRef name="Min_sdAOA">
					<content>0.921</content>
				</attRef>
				<attRef name="sdAOASpan">
					<content>1.803</content>
				</attRef>
				<attRef name="Max_logOralFreq">
					<content>4.152</content>
				</attRef>
				<attRef name="Min_logOralFreq">
					<content>0.477</content>
				</attRef>
				<attRef name="logOralFreqSpan">
					<content>3.675</content>
				</attRef>
				<attRef name="Max_logWrittenFreq">
					<content>4.003</content>
				</attRef>
				<attRef name="Min_logWrittenFreq">
					<content>1.279</content>
				</attRef>
				<attRef name="logWrittenFreqSpan">
					<content>2.724</content>
				</attRef>
				<attRef name="CorAoA">
					<content>0.0075</content>
				</attRef>
			</param>
		</body>
	</text>
</TEI>