<?xml version="1.0" encoding="utf-8"?>
<TEI xmlns="http://www.tei-c.org/ns/1.0">
	<teiHeader>
		<fileDesc>
			<titleStmt about="disco:po_321n1075">
				<title property="dc:title">Por tu musa</title>
				<author property="dc:creator" resource="disco:321n" corresp="#disco_321n">Delmira Agustini</author>
				<principal xml:id="prf">Pablo Ruiz Fabo</principal>
				<principal xml:id="heb">Helena Bermúdez Sabel</principal>
				<principal xml:id="jct">José Calvo Tello</principal>
				<principal xml:id="cimc">Clara Isabel Martínez Cantón</principal>
				<respStmt>
					<resp>Metrical annotation by</resp>
					<name xml:id="bnc">Borja Navarro Colorado</name>
				</respStmt>
			</titleStmt>
			<extent>
				<measure unit="sonnets">1</measure>
				<measure unit="tokens">99</measure>
				<measure unit="line">14</measure>
			</extent>
			<publicationStmt>
				<publisher>Diachronic Spanish Sonnet Corpus</publisher>
				<authority>POSTDATA Project</authority>
				<pubPlace>Madrid</pubPlace>
				<availability status="free">
					<p>The text is freely available</p>
				</availability>
				<date when="2017">2017</date>
				<idno type="#disco" xml:id="file_po_321n1075"></idno>
			</publicationStmt>
			<sourceDesc>
				<bibl type="digital-source">
					<hi rend="italics">Sonetos del siglo XIX</hi>
					<date when="2006">2006</date>
					<ref target="http://www.cervantesvirtual.com/nd/ark:/59851/bmc4q861"></ref>
					<ref target="http://www.cervantesvirtual.com/obra/sonetos-del-siglo-xix--0/"></ref>
Biblioteca Cervantes Virtual,  / editados por Ramón García González, , , .				</bibl>
			</sourceDesc>
		</fileDesc>
		<profileDesc>
			<langUsage>
				<language ident="es" about="disco:po_321n1075" property="dc:language" resource="dbpedia:Idioma_español">Spanish</language>
			</langUsage>
			<particDesc>
				<listPerson>
					<person xml:id="disco_321n" about="disco:321n" typeOf="foaf:Person">
						<idno cert="high" property="rdfs:seeAlso" resource="https://viaf.org/viaf/72187462"></idno>
						<persName type="short">Agustini</persName>
						<persName type="full">
							<forename property="foaf:givenName">Delmira</forename>
							<surname property="foaf:familyName">Agustini</surname>
						</persName>
						<persName type="source" property="foaf:name">Delmira Agustini</persName>
						<sex property="foaf:gender" content="F"></sex>
						<birth>
							<location>
								<placeName>
									<settlement property="schema:birthPlace" inlist="">Montevideo</settlement>
									<country property="schema:birthPlace" inlist="">Uruguay</country>
									<bloc property="schema:birthPlace" inlist="">América</bloc>
								</placeName>
							</location>
							<date property="schema:birthDate" content="1886" cert="high"></date>
							<date type="century">19</date>
						</birth>
						<death>
							<country property="schema:deathPlace" inlist="">Uruguay</country>
							<bloc property="schema:deathPlace" inlist="">América</bloc>
							<date property="schema:deathDate" content="1914" cert="high"></date>
							<date type="century">20</date>
						</death>
						<listBibl inlist="" rel="blterms:hasCreated" typeOf="schema:CreativeWork">
							<bibl resource="disco:s321n1075">
								<title property="dc:title">Por tu musa</title>
								<title type="incipit" property="dc:alternative">Cuando derrama en los hombros puros</title>
							</bibl>
						</listBibl>
					</person>
				</listPerson>
			</particDesc>
		</profileDesc>
		<encodingDesc>
			<listPrefixDef>
				<prefixDef ident="foaf" matchPattern="([A-Za-z]+)" replacementPattern="http://xmlns.com/foaf/0.1/$1"></prefixDef>
				<prefixDef ident="dc" matchPattern="([A-Za-z]+)" replacementPattern="http://purl.org/dc/terms/$1"></prefixDef>
				<prefixDef ident="schema" matchPattern="([A-Za-z]+)" replacementPattern="http://schema.org/$1"></prefixDef>
				<prefixDef ident="dbpedia" matchPattern="([A-Za-z]+(_[A-Za-z])*)" replacementPattern="http://es.dbpedia.org/page/"></prefixDef>
				<prefixDef ident="blterms" matchPattern="([A-Za-z]+)" replacementPattern="http://www.bl.uk/schemas/bibliographic/blterms#$1"></prefixDef>
				<prefixDef ident="rdfs" matchPattern="([A-Za-z]+)" replacementPattern="http://www.w3.org/2000/01/rdf-schema#$1"></prefixDef>
			</listPrefixDef>
			<metDecl type="met" pattern="((\+|\-)+)*">
				<metSym value="+">stressed syllable</metSym>
				<metSym value="-">unstressed syllable</metSym>
			</metDecl>
			<metDecl type="met">
				<p>
					<ref target="https://github.com/bncolorado/adsoScansionSystem">ADSO</ref>
The metrical patterns were extracted automatically using the 
                    tool.				</p>
			</metDecl>
			<metDecl type="enjamb">
				<p>
					<att>enjamb</att>
					<att>cert</att>
					<ref target="https://sites.google.com/site/spanishenjambment/">ANJA
                        (Automatic eNJambment Analysis)</ref>
					<ref target="https://sites.google.com/site/spanishenjambment/enjambment-types">documentation</ref>
					<ref target="https://sites.google.com/site/spanishenjambment/tei-certitude-values">report</ref>
The values of the  atributes were extracted automatically using
                    the  tool. For more information about the
                    types of enjambment as defined in this corpus, read the . In addition, a  was added to express the
                    degree of certainty concerning the characterisation of the enjambment. The following 
                     covers this feature in deep detail.				</p>
			</metDecl>
		</encodingDesc>
		<revisionDesc>
			<change when="2017-11-02" who="#prf">Initial TEI version</change>
			<change when="2017-11-27" who="#prf">Addition of metrical annotation</change>
			<change when="2017-11-27" who="#heb">Review of authors’ metadata</change>
			<change when="2017-12-01" who="#prf">Encoding of enjambment</change>
			<change when="2017-12-01" who="#heb">Publication of 19th, 18th and Golden Age version</change>
			<change when="2018-05-16" who="#heb">Revision of RDFa attributes</change>
		</revisionDesc>
	</teiHeader>
	<text>
		<front>
			<head>Por tu musa</head>
		</front>
		<body>
			<lg n="1" type="serventesio">
				<l n="1" met="---+---+-+-" enjamb="B-pb_noun_prep" cert="medium">Cuando derrama en los hombros puros</l>
				<l n="2" met="--+--+---+-" enjamb="I-pb_noun_prep" cert="medium">de tu musa la túnica de nieve,</l>
				<l n="3" met="+-+--+---+-">yo concentro mis pétalos oscuros</l>
				<l n="4" met="-++----+-+-">y soy el lirio de alabastro leve.</l>
				<param name="AffectiveFeatures">
					<attRef name="Hap_Mean">
						<content>5.33</content>
					</attRef>
					<attRef name="Hap_SD">
						<content>1.43</content>
					</attRef>
					<attRef name="Ang_Mean">
						<content>3.43</content>
					</attRef>
					<attRef name="Ang_SD">
						<content>1.61</content>
					</attRef>
					<attRef name="Sad_Mean">
						<content>4.47</content>
					</attRef>
					<attRef name="Sad_SD">
						<content>2.36</content>
					</attRef>
					<attRef name="Fear_Mean">
						<content>5.43</content>
					</attRef>
					<attRef name="Fear_SD">
						<content>2.16</content>
					</attRef>
					<attRef name="Disg_Mean">
						<content>2.53</content>
					</attRef>
					<attRef name="Disg_SD">
						<content>1.07</content>
					</attRef>
					<attRef name="n_affective">
						<content>2</content>
					</attRef>
					<attRef name="ValenceMean">
						<content>55.24</content>
					</attRef>
					<attRef name="ValenceSD">
						<content>11.99</content>
					</attRef>
					<attRef name="ArousalMean">
						<content>47.13</content>
					</attRef>
					<attRef name="ArousalSD">
						<content>14.77</content>
					</attRef>
					<attRef name="n_v_a">
						<content>10</content>
					</attRef>
					<attRef name="Max_Aro">
						<content>5.9</content>
					</attRef>
					<attRef name="Min_Aro">
						<content>3.25</content>
					</attRef>
					<attRef name="ArousalSpan">
						<content>2.65</content>
					</attRef>
					<attRef name="Max_Val">
						<content>7.23</content>
					</attRef>
					<attRef name="Min_Val">
						<content>3.5</content>
					</attRef>
					<attRef name="ValenceSpan">
						<content>3.73</content>
					</attRef>
					<attRef name="CorAro">
						<content>-0.4535</content>
					</attRef>
					<attRef name="CorVal">
						<content>0.0986</content>
					</attRef>
					<attRef name="averageAoA">
						<content>51.62</content>
					</attRef>
					<attRef name="sdAOA">
						<content>14.68</content>
					</attRef>
					<attRef name="MinAoA">
						<content>18.0</content>
					</attRef>
					<attRef name="MaxAoA">
						<content>77.0</content>
					</attRef>
					<attRef name="OralFreq_Log">
						<content>nan</content>
					</attRef>
					<attRef name="WrittenFreq_Log">
						<content>15.18</content>
					</attRef>
					<attRef name="n_aoa">
						<content>8</content>
					</attRef>
					<attRef name="Max_AoA">
						<content>9.94</content>
					</attRef>
					<attRef name="Min_AoA">
						<content>3.78</content>
					</attRef>
					<attRef name="AoASpan">
						<content>6.16</content>
					</attRef>
					<attRef name="Max_sdAOA">
						<content>2.159</content>
					</attRef>
					<attRef name="Min_sdAOA">
						<content>1.607</content>
					</attRef>
					<attRef name="sdAOASpan">
						<content>0.552</content>
					</attRef>
					<attRef name="Max_logOralFreq">
						<content>1.857</content>
					</attRef>
					<attRef name="Min_logOralFreq">
						<content>0.477</content>
					</attRef>
					<attRef name="logOralFreqSpan">
						<content>1.38</content>
					</attRef>
					<attRef name="Max_logWrittenFreq">
						<content>2.444</content>
					</attRef>
					<attRef name="Min_logWrittenFreq">
						<content>0.954</content>
					</attRef>
					<attRef name="logWrittenFreqSpan">
						<content>1.49</content>
					</attRef>
					<attRef name="CorAoA">
						<content>0.2828</content>
					</attRef>
				</param>
			</lg>
			<lg n="2" type="serventesio">
				<l n="5" met="---+-++--+-">Para tu musa en rosa, me abro en rosa;</l>
				<l n="6" met="---+++-+-+-">mi corazón es miel, perfume y fuego,</l>
				<l n="7" met="-+-+-+-+-+-">y vivo y muero de una sed gloriosa:</l>
				<l n="8" met="-+-+-+-+-+-">tu sangre viva debe ser mi riego.</l>
				<param name="AffectiveFeatures">
					<attRef name="Hap_Mean">
						<content>20.96</content>
					</attRef>
					<attRef name="Hap_SD">
						<content>8.03</content>
					</attRef>
					<attRef name="Ang_Mean">
						<content>9.13</content>
					</attRef>
					<attRef name="Ang_SD">
						<content>3.83</content>
					</attRef>
					<attRef name="Sad_Mean">
						<content>9.66</content>
					</attRef>
					<attRef name="Sad_SD">
						<content>4.83</content>
					</attRef>
					<attRef name="Fear_Mean">
						<content>11.5</content>
					</attRef>
					<attRef name="Fear_SD">
						<content>4.57</content>
					</attRef>
					<attRef name="Disg_Mean">
						<content>9.1</content>
					</attRef>
					<attRef name="Disg_SD">
						<content>4.85</content>
					</attRef>
					<attRef name="n_affective">
						<content>7</content>
					</attRef>
					<attRef name="ValenceMean">
						<content>92.97</content>
					</attRef>
					<attRef name="ValenceSD">
						<content>22.49</content>
					</attRef>
					<attRef name="ArousalMean">
						<content>86.54</content>
					</attRef>
					<attRef name="ArousalSD">
						<content>27.13</content>
					</attRef>
					<attRef name="n_v_a">
						<content>16</content>
					</attRef>
					<attRef name="Max_Aro">
						<content>7.5</content>
					</attRef>
					<attRef name="Min_Aro">
						<content>3.4</content>
					</attRef>
					<attRef name="ArousalSpan">
						<content>4.1</content>
					</attRef>
					<attRef name="Max_Val">
						<content>8.18</content>
					</attRef>
					<attRef name="Min_Val">
						<content>1.7</content>
					</attRef>
					<attRef name="ValenceSpan">
						<content>6.48</content>
					</attRef>
					<attRef name="CorAro">
						<content>0.3211</content>
					</attRef>
					<attRef name="CorVal">
						<content>-0.4336</content>
					</attRef>
					<attRef name="averageAoA">
						<content>73.12</content>
					</attRef>
					<attRef name="sdAOA">
						<content>26.6</content>
					</attRef>
					<attRef name="MinAoA">
						<content>22.0</content>
					</attRef>
					<attRef name="MaxAoA">
						<content>129.0</content>
					</attRef>
					<attRef name="OralFreq_Log">
						<content>27.91</content>
					</attRef>
					<attRef name="WrittenFreq_Log">
						<content>33.39</content>
					</attRef>
					<attRef name="n_aoa">
						<content>14</content>
					</attRef>
					<attRef name="Max_AoA">
						<content>9.94</content>
					</attRef>
					<attRef name="Min_AoA">
						<content>2.54</content>
					</attRef>
					<attRef name="AoASpan">
						<content>7.4</content>
					</attRef>
					<attRef name="Max_sdAOA">
						<content>2.449</content>
					</attRef>
					<attRef name="Min_sdAOA">
						<content>1.493</content>
					</attRef>
					<attRef name="sdAOASpan">
						<content>0.956</content>
					</attRef>
					<attRef name="Max_logOralFreq">
						<content>3.731</content>
					</attRef>
					<attRef name="Min_logOralFreq">
						<content>0.845</content>
					</attRef>
					<attRef name="logOralFreqSpan">
						<content>2.886</content>
					</attRef>
					<attRef name="Max_logWrittenFreq">
						<content>3.924</content>
					</attRef>
					<attRef name="Min_logWrittenFreq">
						<content>1.362</content>
					</attRef>
					<attRef name="logWrittenFreqSpan">
						<content>2.562</content>
					</attRef>
					<attRef name="CorAoA">
						<content>0.2154</content>
					</attRef>
				</param>
			</lg>
			<lg n="3" type="terceto">
				<l n="9" met="---+--++-+-" enjamb="B-ex_subj_verb" cert="low">Cuando velada con un tul de luna</l>
				<l n="10" met="+-+--+---+-" enjamb="I-ex_subj_verb" cert="low">bebe calma y azur en la laguna,</l>
				<l n="11" met="++-+---+-+-">yo soy el cisne que soñando vuela;</l>
				<param name="AffectiveFeatures">
					<attRef name="Hap_Mean">
						<content>6.33</content>
					</attRef>
					<attRef name="Hap_SD">
						<content>2.49</content>
					</attRef>
					<attRef name="Ang_Mean">
						<content>2.73</content>
					</attRef>
					<attRef name="Ang_SD">
						<content>1.71</content>
					</attRef>
					<attRef name="Sad_Mean">
						<content>2.83</content>
					</attRef>
					<attRef name="Sad_SD">
						<content>1.74</content>
					</attRef>
					<attRef name="Fear_Mean">
						<content>2.9</content>
					</attRef>
					<attRef name="Fear_SD">
						<content>1.67</content>
					</attRef>
					<attRef name="Disg_Mean">
						<content>2.76</content>
					</attRef>
					<attRef name="Disg_SD">
						<content>1.29</content>
					</attRef>
					<attRef name="n_affective">
						<content>2</content>
					</attRef>
					<attRef name="ValenceMean">
						<content>65.85</content>
					</attRef>
					<attRef name="ValenceSD">
						<content>13.04</content>
					</attRef>
					<attRef name="ArousalMean">
						<content>41.18</content>
					</attRef>
					<attRef name="ArousalSD">
						<content>20.55</content>
					</attRef>
					<attRef name="n_v_a">
						<content>10</content>
					</attRef>
					<attRef name="Max_Aro">
						<content>5.75</content>
					</attRef>
					<attRef name="Min_Aro">
						<content>2.35</content>
					</attRef>
					<attRef name="ArousalSpan">
						<content>3.4</content>
					</attRef>
					<attRef name="Max_Val">
						<content>8.1</content>
					</attRef>
					<attRef name="Min_Val">
						<content>4.7</content>
					</attRef>
					<attRef name="ValenceSpan">
						<content>3.4</content>
					</attRef>
					<attRef name="CorAro">
						<content>-0.2662</content>
					</attRef>
					<attRef name="CorVal">
						<content>0.5826</content>
					</attRef>
					<attRef name="averageAoA">
						<content>29.18</content>
					</attRef>
					<attRef name="sdAOA">
						<content>11.56</content>
					</attRef>
					<attRef name="MinAoA">
						<content>9.0</content>
					</attRef>
					<attRef name="MaxAoA">
						<content>55.0</content>
					</attRef>
					<attRef name="OralFreq_Log">
						<content>9.75</content>
					</attRef>
					<attRef name="WrittenFreq_Log">
						<content>11.96</content>
					</attRef>
					<attRef name="n_aoa">
						<content>6</content>
					</attRef>
					<attRef name="Max_AoA">
						<content>7.98</content>
					</attRef>
					<attRef name="Min_AoA">
						<content>2.2</content>
					</attRef>
					<attRef name="AoASpan">
						<content>5.78</content>
					</attRef>
					<attRef name="Max_sdAOA">
						<content>2.876</content>
					</attRef>
					<attRef name="Min_sdAOA">
						<content>1.178</content>
					</attRef>
					<attRef name="sdAOASpan">
						<content>1.698</content>
					</attRef>
					<attRef name="Max_logOralFreq">
						<content>2.262</content>
					</attRef>
					<attRef name="Min_logOralFreq">
						<content>0.477</content>
					</attRef>
					<attRef name="logOralFreqSpan">
						<content>1.785</content>
					</attRef>
					<attRef name="Max_logWrittenFreq">
						<content>2.47</content>
					</attRef>
					<attRef name="Min_logWrittenFreq">
						<content>1.279</content>
					</attRef>
					<attRef name="logWrittenFreqSpan">
						<content>1.191</content>
					</attRef>
					<attRef name="CorAoA">
						<content>0.2637</content>
					</attRef>
				</param>
			</lg>
			<lg n="4" type="terceto">
				<l n="12" met="--+--+--++-" enjamb="B-pb_adj_prep" cert="low">y si en luto magnífico la vistes</l>
				<l n="13" met="---+---+-+-" enjamb="I-pb_adj_prep" cert="low">para vagar por los senderos tristes,</l>
				<l n="14" met="+-+--+-+-+-">soy la luz o la sombra de una estela.</l>
				<param name="AffectiveFeatures">
					<attRef name="Hap_Mean">
						<content>5.26</content>
					</attRef>
					<attRef name="Hap_SD">
						<content>2.45</content>
					</attRef>
					<attRef name="Ang_Mean">
						<content>4.6</content>
					</attRef>
					<attRef name="Ang_SD">
						<content>2.79</content>
					</attRef>
					<attRef name="Sad_Mean">
						<content>7.6</content>
					</attRef>
					<attRef name="Sad_SD">
						<content>2.81</content>
					</attRef>
					<attRef name="Fear_Mean">
						<content>5.61</content>
					</attRef>
					<attRef name="Fear_SD">
						<content>2.7</content>
					</attRef>
					<attRef name="Disg_Mean">
						<content>3.74</content>
					</attRef>
					<attRef name="Disg_SD">
						<content>1.88</content>
					</attRef>
					<attRef name="n_affective">
						<content>3</content>
					</attRef>
					<attRef name="ValenceMean">
						<content>46.35</content>
					</attRef>
					<attRef name="ValenceSD">
						<content>12.31</content>
					</attRef>
					<attRef name="ArousalMean">
						<content>46.68</content>
					</attRef>
					<attRef name="ArousalSD">
						<content>16.86</content>
					</attRef>
					<attRef name="n_v_a">
						<content>9</content>
					</attRef>
					<attRef name="Max_Aro">
						<content>6.9</content>
					</attRef>
					<attRef name="Min_Aro">
						<content>3.65</content>
					</attRef>
					<attRef name="ArousalSpan">
						<content>3.25</content>
					</attRef>
					<attRef name="Max_Val">
						<content>8.15</content>
					</attRef>
					<attRef name="Min_Val">
						<content>1.65</content>
					</attRef>
					<attRef name="ValenceSpan">
						<content>6.5</content>
					</attRef>
					<attRef name="CorAro">
						<content>-0.5872</content>
					</attRef>
					<attRef name="CorVal">
						<content>0.1469</content>
					</attRef>
					<attRef name="averageAoA">
						<content>33.08</content>
					</attRef>
					<attRef name="sdAOA">
						<content>11.51</content>
					</attRef>
					<attRef name="MinAoA">
						<content>13.0</content>
					</attRef>
					<attRef name="MaxAoA">
						<content>58.0</content>
					</attRef>
					<attRef name="OralFreq_Log">
						<content>14.7</content>
					</attRef>
					<attRef name="WrittenFreq_Log">
						<content>17.72</content>
					</attRef>
					<attRef name="n_aoa">
						<content>7</content>
					</attRef>
					<attRef name="Max_AoA">
						<content>8.56</content>
					</attRef>
					<attRef name="Min_AoA">
						<content>1.64</content>
					</attRef>
					<attRef name="AoASpan">
						<content>6.92</content>
					</attRef>
					<attRef name="Max_sdAOA">
						<content>2.101</content>
					</attRef>
					<attRef name="Min_sdAOA">
						<content>0.921</content>
					</attRef>
					<attRef name="sdAOASpan">
						<content>1.18</content>
					</attRef>
					<attRef name="Max_logOralFreq">
						<content>4.152</content>
					</attRef>
					<attRef name="Min_logOralFreq">
						<content>1.114</content>
					</attRef>
					<attRef name="logOralFreqSpan">
						<content>3.038</content>
					</attRef>
					<attRef name="Max_logWrittenFreq">
						<content>4.003</content>
					</attRef>
					<attRef name="Min_logWrittenFreq">
						<content>1.756</content>
					</attRef>
					<attRef name="logWrittenFreqSpan">
						<content>2.247</content>
					</attRef>
					<attRef name="CorAoA">
						<content>0.0076</content>
					</attRef>
				</param>
			</lg>
			<param name="AffectiveFeatures">
				<attRef name="Hap_Mean">
					<content>37.88</content>
				</attRef>
				<attRef name="Hap_SD">
					<content>14.4</content>
				</attRef>
				<attRef name="Ang_Mean">
					<content>19.89</content>
				</attRef>
				<attRef name="Ang_SD">
					<content>9.94</content>
				</attRef>
				<attRef name="Sad_Mean">
					<content>24.56</content>
				</attRef>
				<attRef name="Sad_SD">
					<content>11.74</content>
				</attRef>
				<attRef name="Fear_Mean">
					<content>25.44</content>
				</attRef>
				<attRef name="Fear_SD">
					<content>11.1</content>
				</attRef>
				<attRef name="Disg_Mean">
					<content>18.13</content>
				</attRef>
				<attRef name="Disg_SD">
					<content>9.09</content>
				</attRef>
				<attRef name="n_affective">
					<content>14</content>
				</attRef>
				<attRef name="ValenceMean">
					<content>260.41</content>
				</attRef>
				<attRef name="ValenceSD">
					<content>59.83</content>
				</attRef>
				<attRef name="ArousalMean">
					<content>221.53</content>
				</attRef>
				<attRef name="ArousalSD">
					<content>79.31</content>
				</attRef>
				<attRef name="n_v_a">
					<content>45</content>
				</attRef>
				<attRef name="Max_Aro">
					<content>7.5</content>
				</attRef>
				<attRef name="Min_Aro">
					<content>2.35</content>
				</attRef>
				<attRef name="ArousalSpan">
					<content>5.15</content>
				</attRef>
				<attRef name="Max_Val">
					<content>8.18</content>
				</attRef>
				<attRef name="Min_Val">
					<content>1.65</content>
				</attRef>
				<attRef name="ValenceSpan">
					<content>6.53</content>
				</attRef>
				<attRef name="CorAro">
					<content>-0.0328</content>
				</attRef>
				<attRef name="CorVal">
					<content>-0.0188</content>
				</attRef>
				<attRef name="averageAoA">
					<content>187.0</content>
				</attRef>
				<attRef name="sdAOA">
					<content>64.35</content>
				</attRef>
				<attRef name="MinAoA">
					<content>62.0</content>
				</attRef>
				<attRef name="MaxAoA">
					<content>319.0</content>
				</attRef>
				<attRef name="OralFreq_Log">
					<content>nan</content>
				</attRef>
				<attRef name="WrittenFreq_Log">
					<content>78.24</content>
				</attRef>
				<attRef name="n_aoa">
					<content>35</content>
				</attRef>
				<attRef name="Max_AoA">
					<content>9.94</content>
				</attRef>
				<attRef name="Min_AoA">
					<content>1.64</content>
				</attRef>
				<attRef name="AoASpan">
					<content>8.3</content>
				</attRef>
				<attRef name="Max_sdAOA">
					<content>2.876</content>
				</attRef>
				<attRef name="Min_sdAOA">
					<content>0.921</content>
				</attRef>
				<attRef name="sdAOASpan">
					<content>1.955</content>
				</attRef>
				<attRef name="Max_logOralFreq">
					<content>4.152</content>
				</attRef>
				<attRef name="Min_logOralFreq">
					<content>0.477</content>
				</attRef>
				<attRef name="logOralFreqSpan">
					<content>3.675</content>
				</attRef>
				<attRef name="Max_logWrittenFreq">
					<content>4.003</content>
				</attRef>
				<attRef name="Min_logWrittenFreq">
					<content>0.954</content>
				</attRef>
				<attRef name="logWrittenFreqSpan">
					<content>3.049</content>
				</attRef>
				<attRef name="CorAoA">
					<content>-0.1978</content>
				</attRef>
			</param>
		</body>
	</text>
</TEI>