<?xml version="1.0" encoding="utf-8"?>
<TEI xmlns="http://www.tei-c.org/ns/1.0">
	<teiHeader>
		<fileDesc>
			<titleStmt about="disco:po_321n1071">
				<title property="dc:title">Mi musa</title>
				<author property="dc:creator" resource="disco:321n" corresp="#disco_321n">Delmira Agustini</author>
				<principal xml:id="prf">Pablo Ruiz Fabo</principal>
				<principal xml:id="heb">Helena Bermúdez Sabel</principal>
				<principal xml:id="jct">José Calvo Tello</principal>
				<principal xml:id="cimc">Clara Isabel Martínez Cantón</principal>
				<respStmt>
					<resp>Metrical annotation by</resp>
					<name xml:id="bnc">Borja Navarro Colorado</name>
				</respStmt>
			</titleStmt>
			<extent>
				<measure unit="sonnets">1</measure>
				<measure unit="tokens">113</measure>
				<measure unit="line">14</measure>
			</extent>
			<publicationStmt>
				<publisher>Diachronic Spanish Sonnet Corpus</publisher>
				<authority>POSTDATA Project</authority>
				<pubPlace>Madrid</pubPlace>
				<availability status="free">
					<p>The text is freely available</p>
				</availability>
				<date when="2017">2017</date>
				<idno type="#disco" xml:id="file_po_321n1071"></idno>
			</publicationStmt>
			<sourceDesc>
				<bibl type="digital-source">
					<hi rend="italics">Sonetos del siglo XIX</hi>
					<date when="2006">2006</date>
					<ref target="http://www.cervantesvirtual.com/nd/ark:/59851/bmc4q861"></ref>
					<ref target="http://www.cervantesvirtual.com/obra/sonetos-del-siglo-xix--0/"></ref>
Biblioteca Cervantes Virtual,  / editados por Ramón García González, , , .				</bibl>
			</sourceDesc>
		</fileDesc>
		<profileDesc>
			<langUsage>
				<language ident="es" about="disco:po_321n1071" property="dc:language" resource="dbpedia:Idioma_español">Spanish</language>
			</langUsage>
			<particDesc>
				<listPerson>
					<person xml:id="disco_321n" about="disco:321n" typeOf="foaf:Person">
						<idno cert="high" property="rdfs:seeAlso" resource="https://viaf.org/viaf/72187462"></idno>
						<persName type="short">Agustini</persName>
						<persName type="full">
							<forename property="foaf:givenName">Delmira</forename>
							<surname property="foaf:familyName">Agustini</surname>
						</persName>
						<persName type="source" property="foaf:name">Delmira Agustini</persName>
						<sex property="foaf:gender" content="F"></sex>
						<birth>
							<location>
								<placeName>
									<settlement property="schema:birthPlace" inlist="">Montevideo</settlement>
									<country property="schema:birthPlace" inlist="">Uruguay</country>
									<bloc property="schema:birthPlace" inlist="">América</bloc>
								</placeName>
							</location>
							<date property="schema:birthDate" content="1886" cert="high"></date>
							<date type="century">19</date>
						</birth>
						<death>
							<country property="schema:deathPlace" inlist="">Uruguay</country>
							<bloc property="schema:deathPlace" inlist="">América</bloc>
							<date property="schema:deathDate" content="1914" cert="high"></date>
							<date type="century">20</date>
						</death>
						<listBibl inlist="" rel="blterms:hasCreated" typeOf="schema:CreativeWork">
							<bibl resource="disco:s321n1071">
								<title property="dc:title">Mi musa</title>
								<title type="incipit" property="dc:alternative">Mi musa tomó un día la placentera ruta</title>
							</bibl>
						</listBibl>
					</person>
				</listPerson>
			</particDesc>
		</profileDesc>
		<encodingDesc>
			<listPrefixDef>
				<prefixDef ident="foaf" matchPattern="([A-Za-z]+)" replacementPattern="http://xmlns.com/foaf/0.1/$1"></prefixDef>
				<prefixDef ident="dc" matchPattern="([A-Za-z]+)" replacementPattern="http://purl.org/dc/terms/$1"></prefixDef>
				<prefixDef ident="schema" matchPattern="([A-Za-z]+)" replacementPattern="http://schema.org/$1"></prefixDef>
				<prefixDef ident="dbpedia" matchPattern="([A-Za-z]+(_[A-Za-z])*)" replacementPattern="http://es.dbpedia.org/page/"></prefixDef>
				<prefixDef ident="blterms" matchPattern="([A-Za-z]+)" replacementPattern="http://www.bl.uk/schemas/bibliographic/blterms#$1"></prefixDef>
				<prefixDef ident="rdfs" matchPattern="([A-Za-z]+)" replacementPattern="http://www.w3.org/2000/01/rdf-schema#$1"></prefixDef>
			</listPrefixDef>
			<metDecl type="met" pattern="((\+|\-)+)*">
				<metSym value="+">stressed syllable</metSym>
				<metSym value="-">unstressed syllable</metSym>
			</metDecl>
			<metDecl type="met">
				<p>
					<ref target="https://github.com/bncolorado/adsoScansionSystem">ADSO</ref>
The metrical patterns were extracted automatically using the 
                    tool.				</p>
			</metDecl>
			<metDecl type="enjamb">
				<p>
					<att>enjamb</att>
					<att>cert</att>
					<ref target="https://sites.google.com/site/spanishenjambment/">ANJA
                        (Automatic eNJambment Analysis)</ref>
					<ref target="https://sites.google.com/site/spanishenjambment/enjambment-types">documentation</ref>
					<ref target="https://sites.google.com/site/spanishenjambment/tei-certitude-values">report</ref>
The values of the  atributes were extracted automatically using
                    the  tool. For more information about the
                    types of enjambment as defined in this corpus, read the . In addition, a  was added to express the
                    degree of certainty concerning the characterisation of the enjambment. The following 
                     covers this feature in deep detail.				</p>
			</metDecl>
		</encodingDesc>
		<revisionDesc>
			<change when="2017-11-02" who="#prf">Initial TEI version</change>
			<change when="2017-11-27" who="#prf">Addition of metrical annotation</change>
			<change when="2017-11-27" who="#heb">Review of authors’ metadata</change>
			<change when="2017-12-01" who="#prf">Encoding of enjambment</change>
			<change when="2017-12-01" who="#heb">Publication of 19th, 18th and Golden Age version</change>
			<change when="2018-05-16" who="#heb">Revision of RDFa attributes</change>
		</revisionDesc>
	</teiHeader>
	<text>
		<front>
			<head>Mi musa</head>
		</front>
		<body>
			<lg n="1" type="serventesio">
				<l n="1" met="-+--++---+-+-" enjamb="B-pb_noun_prep" cert="medium">Mi musa tomó un día la placentera ruta</l>
				<l n="2" met="--+--+--+--+-" enjamb="I-pb_noun_prep" cert="medium">de los campos fragantes; ornada de alboholes,</l>
				<l n="3" met="--+--+---+--+-">perfumando sus labios en la miel de la fruta</l>
				<l n="4" met="--+--+-+---+-">y dorando su cuerpo al fuego de los soles.</l>
				<param name="AffectiveFeatures">
					<attRef name="Hap_Mean">
						<content>21.42</content>
					</attRef>
					<attRef name="Hap_SD">
						<content>7.95</content>
					</attRef>
					<attRef name="Ang_Mean">
						<content>8.89</content>
					</attRef>
					<attRef name="Ang_SD">
						<content>3.52</content>
					</attRef>
					<attRef name="Sad_Mean">
						<content>9.43</content>
					</attRef>
					<attRef name="Sad_SD">
						<content>4.79</content>
					</attRef>
					<attRef name="Fear_Mean">
						<content>11.4</content>
					</attRef>
					<attRef name="Fear_SD">
						<content>4.58</content>
					</attRef>
					<attRef name="Disg_Mean">
						<content>9.06</content>
					</attRef>
					<attRef name="Disg_SD">
						<content>4.42</content>
					</attRef>
					<attRef name="n_affective">
						<content>7</content>
					</attRef>
					<attRef name="ValenceMean">
						<content>92.89</content>
					</attRef>
					<attRef name="ValenceSD">
						<content>17.85</content>
					</attRef>
					<attRef name="ArousalMean">
						<content>67.86</content>
					</attRef>
					<attRef name="ArousalSD">
						<content>24.5</content>
					</attRef>
					<attRef name="n_v_a">
						<content>14</content>
					</attRef>
					<attRef name="Max_Aro">
						<content>7.5</content>
					</attRef>
					<attRef name="Min_Aro">
						<content>3.5</content>
					</attRef>
					<attRef name="ArousalSpan">
						<content>4.0</content>
					</attRef>
					<attRef name="Max_Val">
						<content>8.0</content>
					</attRef>
					<attRef name="Min_Val">
						<content>5.33</content>
					</attRef>
					<attRef name="ValenceSpan">
						<content>2.67</content>
					</attRef>
					<attRef name="CorAro">
						<content>0.1641</content>
					</attRef>
					<attRef name="CorVal">
						<content>-0.191</content>
					</attRef>
					<attRef name="averageAoA">
						<content>67.41</content>
					</attRef>
					<attRef name="sdAOA">
						<content>23.53</content>
					</attRef>
					<attRef name="MinAoA">
						<content>21.5</content>
					</attRef>
					<attRef name="MaxAoA">
						<content>120.0</content>
					</attRef>
					<attRef name="OralFreq_Log">
						<content>24.98</content>
					</attRef>
					<attRef name="WrittenFreq_Log">
						<content>31.38</content>
					</attRef>
					<attRef name="n_aoa">
						<content>13</content>
					</attRef>
					<attRef name="Max_AoA">
						<content>9.94</content>
					</attRef>
					<attRef name="Min_AoA">
						<content>2.92</content>
					</attRef>
					<attRef name="AoASpan">
						<content>7.02</content>
					</attRef>
					<attRef name="Max_sdAOA">
						<content>2.449</content>
					</attRef>
					<attRef name="Min_sdAOA">
						<content>1.394</content>
					</attRef>
					<attRef name="sdAOASpan">
						<content>1.055</content>
					</attRef>
					<attRef name="Max_logOralFreq">
						<content>3.586</content>
					</attRef>
					<attRef name="Min_logOralFreq">
						<content>0.845</content>
					</attRef>
					<attRef name="logOralFreqSpan">
						<content>2.741</content>
					</attRef>
					<attRef name="Max_logWrittenFreq">
						<content>3.596</content>
					</attRef>
					<attRef name="Min_logWrittenFreq">
						<content>1.531</content>
					</attRef>
					<attRef name="logWrittenFreqSpan">
						<content>2.065</content>
					</attRef>
					<attRef name="CorAoA">
						<content>-0.5018</content>
					</attRef>
				</param>
			</lg>
			<lg n="2" type="serventesio">
				<l n="5" met="-+-+-+--+-+-+-">Vivió como una ninfa: desnuda, en fresca gruta,</l>
				<l n="6" met="---+-+--+---+-">engalanando espejos de lagos tornasoles.</l>
				<l n="7" met="-++--+---+--+-">La gran garza rosada de su forma impoluta.</l>
				<l n="8" met="-++--+--+---+-">Volvió a mí como el oro de luz de los crisoles.</l>
				<param name="AffectiveFeatures">
					<attRef name="Hap_Mean">
						<content>16.92</content>
					</attRef>
					<attRef name="Hap_SD">
						<content>6.71</content>
					</attRef>
					<attRef name="Ang_Mean">
						<content>7.79</content>
					</attRef>
					<attRef name="Ang_SD">
						<content>2.86</content>
					</attRef>
					<attRef name="Sad_Mean">
						<content>8.69</content>
					</attRef>
					<attRef name="Sad_SD">
						<content>4.16</content>
					</attRef>
					<attRef name="Fear_Mean">
						<content>10.7</content>
					</attRef>
					<attRef name="Fear_SD">
						<content>6.09</content>
					</attRef>
					<attRef name="Disg_Mean">
						<content>8.54</content>
					</attRef>
					<attRef name="Disg_SD">
						<content>4.09</content>
					</attRef>
					<attRef name="n_affective">
						<content>6</content>
					</attRef>
					<attRef name="ValenceMean">
						<content>95.11</content>
					</attRef>
					<attRef name="ValenceSD">
						<content>20.21</content>
					</attRef>
					<attRef name="ArousalMean">
						<content>75.86</content>
					</attRef>
					<attRef name="ArousalSD">
						<content>23.58</content>
					</attRef>
					<attRef name="n_v_a">
						<content>15</content>
					</attRef>
					<attRef name="Max_Aro">
						<content>6.9</content>
					</attRef>
					<attRef name="Min_Aro">
						<content>3.1</content>
					</attRef>
					<attRef name="ArousalSpan">
						<content>3.8</content>
					</attRef>
					<attRef name="Max_Val">
						<content>8.55</content>
					</attRef>
					<attRef name="Min_Val">
						<content>4.81</content>
					</attRef>
					<attRef name="ValenceSpan">
						<content>3.74</content>
					</attRef>
					<attRef name="CorAro">
						<content>-0.0607</content>
					</attRef>
					<attRef name="CorVal">
						<content>-0.2709</content>
					</attRef>
					<attRef name="averageAoA">
						<content>61.38</content>
					</attRef>
					<attRef name="sdAOA">
						<content>22.61</content>
					</attRef>
					<attRef name="MinAoA">
						<content>17.0</content>
					</attRef>
					<attRef name="MaxAoA">
						<content>111.0</content>
					</attRef>
					<attRef name="OralFreq_Log">
						<content>nan</content>
					</attRef>
					<attRef name="WrittenFreq_Log">
						<content>29.98</content>
					</attRef>
					<attRef name="n_aoa">
						<content>12</content>
					</attRef>
					<attRef name="Max_AoA">
						<content>8.96</content>
					</attRef>
					<attRef name="Min_AoA">
						<content>3.18</content>
					</attRef>
					<attRef name="AoASpan">
						<content>5.78</content>
					</attRef>
					<attRef name="Max_sdAOA">
						<content>2.376</content>
					</attRef>
					<attRef name="Min_sdAOA">
						<content>1.447</content>
					</attRef>
					<attRef name="sdAOASpan">
						<content>0.929</content>
					</attRef>
					<attRef name="Max_logOralFreq">
						<content>3.238</content>
					</attRef>
					<attRef name="Min_logOralFreq">
						<content>0.602</content>
					</attRef>
					<attRef name="logOralFreqSpan">
						<content>2.636</content>
					</attRef>
					<attRef name="Max_logWrittenFreq">
						<content>3.474</content>
					</attRef>
					<attRef name="Min_logWrittenFreq">
						<content>1.176</content>
					</attRef>
					<attRef name="logWrittenFreqSpan">
						<content>2.298</content>
					</attRef>
					<attRef name="CorAoA">
						<content>-0.3255</content>
					</attRef>
				</param>
			</lg>
			<lg n="3" type="terceto">
				<l n="9" met="++---+---+--+-" enjamb="B-pb_adj_noun" cert="medium">Más pura; los cabellos emperlados de gotas</l>
				<l n="10" met="-+---+--+-+-+-" enjamb="B-pb_noun_prep I-pb_adj_noun" cert="medium medium">lucientes y prendidos de abrojos; trajo notas</l>
				<l n="11" met="-+---+---+-++-" enjamb="I-pb_noun_prep" cert="medium">de pájaro silvestre y en los labios más fuego.</l>
				<param name="AffectiveFeatures">
					<attRef name="Hap_Mean">
						<content>9.23</content>
					</attRef>
					<attRef name="Hap_SD">
						<content>4.95</content>
					</attRef>
					<attRef name="Ang_Mean">
						<content>5.93</content>
					</attRef>
					<attRef name="Ang_SD">
						<content>3.2</content>
					</attRef>
					<attRef name="Sad_Mean">
						<content>6.23</content>
					</attRef>
					<attRef name="Sad_SD">
						<content>3.69</content>
					</attRef>
					<attRef name="Fear_Mean">
						<content>7.71</content>
					</attRef>
					<attRef name="Fear_SD">
						<content>3.03</content>
					</attRef>
					<attRef name="Disg_Mean">
						<content>5.56</content>
					</attRef>
					<attRef name="Disg_SD">
						<content>3.27</content>
					</attRef>
					<attRef name="n_affective">
						<content>4</content>
					</attRef>
					<attRef name="ValenceMean">
						<content>55.59</content>
					</attRef>
					<attRef name="ValenceSD">
						<content>11.31</content>
					</attRef>
					<attRef name="ArousalMean">
						<content>45.05</content>
					</attRef>
					<attRef name="ArousalSD">
						<content>14.15</content>
					</attRef>
					<attRef name="n_v_a">
						<content>9</content>
					</attRef>
					<attRef name="Max_Aro">
						<content>7.5</content>
					</attRef>
					<attRef name="Min_Aro">
						<content>3.15</content>
					</attRef>
					<attRef name="ArousalSpan">
						<content>4.35</content>
					</attRef>
					<attRef name="Max_Val">
						<content>7.05</content>
					</attRef>
					<attRef name="Min_Val">
						<content>5.06</content>
					</attRef>
					<attRef name="ValenceSpan">
						<content>1.99</content>
					</attRef>
					<attRef name="CorAro">
						<content>0.4561</content>
					</attRef>
					<attRef name="CorVal">
						<content>-0.4474</content>
					</attRef>
					<attRef name="averageAoA">
						<content>33.74</content>
					</attRef>
					<attRef name="sdAOA">
						<content>12.71</content>
					</attRef>
					<attRef name="MinAoA">
						<content>12.0</content>
					</attRef>
					<attRef name="MaxAoA">
						<content>65.0</content>
					</attRef>
					<attRef name="OralFreq_Log">
						<content>12.1</content>
					</attRef>
					<attRef name="WrittenFreq_Log">
						<content>15.26</content>
					</attRef>
					<attRef name="n_aoa">
						<content>7</content>
					</attRef>
					<attRef name="Max_AoA">
						<content>8.66</content>
					</attRef>
					<attRef name="Min_AoA">
						<content>3.42</content>
					</attRef>
					<attRef name="AoASpan">
						<content>5.24</content>
					</attRef>
					<attRef name="Max_sdAOA">
						<content>2.206</content>
					</attRef>
					<attRef name="Min_sdAOA">
						<content>1.571</content>
					</attRef>
					<attRef name="sdAOASpan">
						<content>0.635</content>
					</attRef>
					<attRef name="Max_logOralFreq">
						<content>2.158</content>
					</attRef>
					<attRef name="Min_logOralFreq">
						<content>0.903</content>
					</attRef>
					<attRef name="logOralFreqSpan">
						<content>1.255</content>
					</attRef>
					<attRef name="Max_logWrittenFreq">
						<content>2.654</content>
					</attRef>
					<attRef name="Min_logWrittenFreq">
						<content>1.663</content>
					</attRef>
					<attRef name="logWrittenFreqSpan">
						<content>0.991</content>
					</attRef>
					<attRef name="CorAoA">
						<content>-0.6798</content>
					</attRef>
				</param>
			</lg>
			<lg n="4" type="terceto">
				<l n="12" met="++-+-+----+-+-">Yo peinela y vestila sus parisinas galas,</l>
				<l n="13" met="+++--+---+-+-" enjamb="B-ex_dobj_verb" cert="low">y ella hoy grave pasea por mis lujosas salas</l>
				<l n="14" met="+++--+-+-+--+-" enjamb="I-ex_dobj_verb" cert="low">un gran aire salvaje y un perfume de espliego.</l>
				<param name="AffectiveFeatures">
					<attRef name="Hap_Mean">
						<content>8.58</content>
					</attRef>
					<attRef name="Hap_SD">
						<content>3.48</content>
					</attRef>
					<attRef name="Ang_Mean">
						<content>7.46</content>
					</attRef>
					<attRef name="Ang_SD">
						<content>3.78</content>
					</attRef>
					<attRef name="Sad_Mean">
						<content>8.88</content>
					</attRef>
					<attRef name="Sad_SD">
						<content>3.64</content>
					</attRef>
					<attRef name="Fear_Mean">
						<content>8.79</content>
					</attRef>
					<attRef name="Fear_SD">
						<content>3.2</content>
					</attRef>
					<attRef name="Disg_Mean">
						<content>6.62</content>
					</attRef>
					<attRef name="Disg_SD">
						<content>3.72</content>
					</attRef>
					<attRef name="n_affective">
						<content>4</content>
					</attRef>
					<attRef name="ValenceMean">
						<content>45.71</content>
					</attRef>
					<attRef name="ValenceSD">
						<content>10.91</content>
					</attRef>
					<attRef name="ArousalMean">
						<content>40.41</content>
					</attRef>
					<attRef name="ArousalSD">
						<content>14.32</content>
					</attRef>
					<attRef name="n_v_a">
						<content>8</content>
					</attRef>
					<attRef name="Max_Aro">
						<content>7.13</content>
					</attRef>
					<attRef name="Min_Aro">
						<content>3.35</content>
					</attRef>
					<attRef name="ArousalSpan">
						<content>3.78</content>
					</attRef>
					<attRef name="Max_Val">
						<content>7.13</content>
					</attRef>
					<attRef name="Min_Val">
						<content>2.33</content>
					</attRef>
					<attRef name="ValenceSpan">
						<content>4.8</content>
					</attRef>
					<attRef name="CorAro">
						<content>-0.351</content>
					</attRef>
					<attRef name="CorVal">
						<content>0.5586</content>
					</attRef>
					<attRef name="averageAoA">
						<content>38.22</content>
					</attRef>
					<attRef name="sdAOA">
						<content>13.31</content>
					</attRef>
					<attRef name="MinAoA">
						<content>13.0</content>
					</attRef>
					<attRef name="MaxAoA">
						<content>70.0</content>
					</attRef>
					<attRef name="OralFreq_Log">
						<content>15.62</content>
					</attRef>
					<attRef name="WrittenFreq_Log">
						<content>17.62</content>
					</attRef>
					<attRef name="n_aoa">
						<content>7</content>
					</attRef>
					<attRef name="Max_AoA">
						<content>7.2</content>
					</attRef>
					<attRef name="Min_AoA">
						<content>3.4</content>
					</attRef>
					<attRef name="AoASpan">
						<content>3.8</content>
					</attRef>
					<attRef name="Max_sdAOA">
						<content>2.449</content>
					</attRef>
					<attRef name="Min_sdAOA">
						<content>1.572</content>
					</attRef>
					<attRef name="sdAOASpan">
						<content>0.877</content>
					</attRef>
					<attRef name="Max_logOralFreq">
						<content>3.536</content>
					</attRef>
					<attRef name="Min_logOralFreq">
						<content>1.146</content>
					</attRef>
					<attRef name="logOralFreqSpan">
						<content>2.39</content>
					</attRef>
					<attRef name="Max_logWrittenFreq">
						<content>3.474</content>
					</attRef>
					<attRef name="Min_logWrittenFreq">
						<content>1.0</content>
					</attRef>
					<attRef name="logWrittenFreqSpan">
						<content>2.474</content>
					</attRef>
					<attRef name="CorAoA">
						<content>0.3513</content>
					</attRef>
				</param>
			</lg>
			<param name="AffectiveFeatures">
				<attRef name="Hap_Mean">
					<content>56.15</content>
				</attRef>
				<attRef name="Hap_SD">
					<content>23.08</content>
				</attRef>
				<attRef name="Ang_Mean">
					<content>30.06</content>
				</attRef>
				<attRef name="Ang_SD">
					<content>13.36</content>
				</attRef>
				<attRef name="Sad_Mean">
					<content>33.22</content>
				</attRef>
				<attRef name="Sad_SD">
					<content>16.28</content>
				</attRef>
				<attRef name="Fear_Mean">
					<content>38.61</content>
				</attRef>
				<attRef name="Fear_SD">
					<content>16.9</content>
				</attRef>
				<attRef name="Disg_Mean">
					<content>29.78</content>
				</attRef>
				<attRef name="Disg_SD">
					<content>15.5</content>
				</attRef>
				<attRef name="n_affective">
					<content>21</content>
				</attRef>
				<attRef name="ValenceMean">
					<content>289.3</content>
				</attRef>
				<attRef name="ValenceSD">
					<content>60.28</content>
				</attRef>
				<attRef name="ArousalMean">
					<content>229.18</content>
				</attRef>
				<attRef name="ArousalSD">
					<content>76.55</content>
				</attRef>
				<attRef name="n_v_a">
					<content>46</content>
				</attRef>
				<attRef name="Max_Aro">
					<content>7.5</content>
				</attRef>
				<attRef name="Min_Aro">
					<content>3.1</content>
				</attRef>
				<attRef name="ArousalSpan">
					<content>4.4</content>
				</attRef>
				<attRef name="Max_Val">
					<content>8.55</content>
				</attRef>
				<attRef name="Min_Val">
					<content>2.33</content>
				</attRef>
				<attRef name="ValenceSpan">
					<content>6.22</content>
				</attRef>
				<attRef name="CorAro">
					<content>0.086</content>
				</attRef>
				<attRef name="CorVal">
					<content>-0.3244</content>
				</attRef>
				<attRef name="averageAoA">
					<content>200.75</content>
				</attRef>
				<attRef name="sdAOA">
					<content>72.17</content>
				</attRef>
				<attRef name="MinAoA">
					<content>63.5</content>
				</attRef>
				<attRef name="MaxAoA">
					<content>366.0</content>
				</attRef>
				<attRef name="OralFreq_Log">
					<content>nan</content>
				</attRef>
				<attRef name="WrittenFreq_Log">
					<content>94.25</content>
				</attRef>
				<attRef name="n_aoa">
					<content>39</content>
				</attRef>
				<attRef name="Max_AoA">
					<content>9.94</content>
				</attRef>
				<attRef name="Min_AoA">
					<content>2.92</content>
				</attRef>
				<attRef name="AoASpan">
					<content>7.02</content>
				</attRef>
				<attRef name="Max_sdAOA">
					<content>2.449</content>
				</attRef>
				<attRef name="Min_sdAOA">
					<content>1.394</content>
				</attRef>
				<attRef name="sdAOASpan">
					<content>1.055</content>
				</attRef>
				<attRef name="Max_logOralFreq">
					<content>3.586</content>
				</attRef>
				<attRef name="Min_logOralFreq">
					<content>0.602</content>
				</attRef>
				<attRef name="logOralFreqSpan">
					<content>2.984</content>
				</attRef>
				<attRef name="Max_logWrittenFreq">
					<content>3.596</content>
				</attRef>
				<attRef name="Min_logWrittenFreq">
					<content>1.0</content>
				</attRef>
				<attRef name="logWrittenFreqSpan">
					<content>2.596</content>
				</attRef>
				<attRef name="CorAoA">
					<content>-0.0869</content>
				</attRef>
			</param>
		</body>
	</text>
</TEI>