<?xml version="1.0" encoding="utf-8"?>
<TEI xmlns="http://www.tei-c.org/ns/1.0">
	<teiHeader>
		<fileDesc>
			<titleStmt about="disco:po_321n1057">
				<title property="dc:title">Amor</title>
				<author property="dc:creator" resource="disco:321n" corresp="#disco_321n">Delmira Agustini</author>
				<principal xml:id="prf">Pablo Ruiz Fabo</principal>
				<principal xml:id="heb">Helena Bermúdez Sabel</principal>
				<principal xml:id="jct">José Calvo Tello</principal>
				<principal xml:id="cimc">Clara Isabel Martínez Cantón</principal>
				<respStmt>
					<resp>Metrical annotation by</resp>
					<name xml:id="bnc">Borja Navarro Colorado</name>
				</respStmt>
			</titleStmt>
			<extent>
				<measure unit="sonnets">1</measure>
				<measure unit="tokens">121</measure>
				<measure unit="line">14</measure>
			</extent>
			<publicationStmt>
				<publisher>Diachronic Spanish Sonnet Corpus</publisher>
				<authority>POSTDATA Project</authority>
				<pubPlace>Madrid</pubPlace>
				<availability status="free">
					<p>The text is freely available</p>
				</availability>
				<date when="2017">2017</date>
				<idno type="#disco" xml:id="file_po_321n1057"></idno>
			</publicationStmt>
			<sourceDesc>
				<bibl type="digital-source">
					<hi rend="italics">Sonetos del siglo XIX</hi>
					<date when="2006">2006</date>
					<ref target="http://www.cervantesvirtual.com/nd/ark:/59851/bmc4q861"></ref>
					<ref target="http://www.cervantesvirtual.com/obra/sonetos-del-siglo-xix--0/"></ref>
Biblioteca Cervantes Virtual,  / editados por Ramón García González, , , .				</bibl>
			</sourceDesc>
		</fileDesc>
		<profileDesc>
			<langUsage>
				<language ident="es" about="disco:po_321n1057" property="dc:language" resource="dbpedia:Idioma_español">Spanish</language>
			</langUsage>
			<particDesc>
				<listPerson>
					<person xml:id="disco_321n" about="disco:321n" typeOf="foaf:Person">
						<idno cert="high" property="rdfs:seeAlso" resource="https://viaf.org/viaf/72187462"></idno>
						<persName type="short">Agustini</persName>
						<persName type="full">
							<forename property="foaf:givenName">Delmira</forename>
							<surname property="foaf:familyName">Agustini</surname>
						</persName>
						<persName type="source" property="foaf:name">Delmira Agustini</persName>
						<sex property="foaf:gender" content="F"></sex>
						<birth>
							<location>
								<placeName>
									<settlement property="schema:birthPlace" inlist="">Montevideo</settlement>
									<country property="schema:birthPlace" inlist="">Uruguay</country>
									<bloc property="schema:birthPlace" inlist="">América</bloc>
								</placeName>
							</location>
							<date property="schema:birthDate" content="1886" cert="high"></date>
							<date type="century">19</date>
						</birth>
						<death>
							<country property="schema:deathPlace" inlist="">Uruguay</country>
							<bloc property="schema:deathPlace" inlist="">América</bloc>
							<date property="schema:deathDate" content="1914" cert="high"></date>
							<date type="century">20</date>
						</death>
						<listBibl inlist="" rel="blterms:hasCreated" typeOf="schema:CreativeWork">
							<bibl resource="disco:s321n1057">
								<title property="dc:title">Amor</title>
								<title type="incipit" property="dc:alternative">Yo lo soñé impetuoso, formidable y ardiente;</title>
							</bibl>
						</listBibl>
					</person>
				</listPerson>
			</particDesc>
		</profileDesc>
		<encodingDesc>
			<listPrefixDef>
				<prefixDef ident="foaf" matchPattern="([A-Za-z]+)" replacementPattern="http://xmlns.com/foaf/0.1/$1"></prefixDef>
				<prefixDef ident="dc" matchPattern="([A-Za-z]+)" replacementPattern="http://purl.org/dc/terms/$1"></prefixDef>
				<prefixDef ident="schema" matchPattern="([A-Za-z]+)" replacementPattern="http://schema.org/$1"></prefixDef>
				<prefixDef ident="dbpedia" matchPattern="([A-Za-z]+(_[A-Za-z])*)" replacementPattern="http://es.dbpedia.org/page/"></prefixDef>
				<prefixDef ident="blterms" matchPattern="([A-Za-z]+)" replacementPattern="http://www.bl.uk/schemas/bibliographic/blterms#$1"></prefixDef>
				<prefixDef ident="rdfs" matchPattern="([A-Za-z]+)" replacementPattern="http://www.w3.org/2000/01/rdf-schema#$1"></prefixDef>
			</listPrefixDef>
			<metDecl type="met" pattern="((\+|\-)+)*">
				<metSym value="+">stressed syllable</metSym>
				<metSym value="-">unstressed syllable</metSym>
			</metDecl>
			<metDecl type="met">
				<p>
					<ref target="https://github.com/bncolorado/adsoScansionSystem">ADSO</ref>
The metrical patterns were extracted automatically using the 
                    tool.				</p>
			</metDecl>
			<metDecl type="enjamb">
				<p>
					<att>enjamb</att>
					<att>cert</att>
					<ref target="https://sites.google.com/site/spanishenjambment/">ANJA
                        (Automatic eNJambment Analysis)</ref>
					<ref target="https://sites.google.com/site/spanishenjambment/enjambment-types">documentation</ref>
					<ref target="https://sites.google.com/site/spanishenjambment/tei-certitude-values">report</ref>
The values of the  atributes were extracted automatically using
                    the  tool. For more information about the
                    types of enjambment as defined in this corpus, read the . In addition, a  was added to express the
                    degree of certainty concerning the characterisation of the enjambment. The following 
                     covers this feature in deep detail.				</p>
			</metDecl>
		</encodingDesc>
		<revisionDesc>
			<change when="2017-11-02" who="#prf">Initial TEI version</change>
			<change when="2017-11-27" who="#prf">Addition of metrical annotation</change>
			<change when="2017-11-27" who="#heb">Review of authors’ metadata</change>
			<change when="2017-12-01" who="#prf">Encoding of enjambment</change>
			<change when="2017-12-01" who="#heb">Publication of 19th, 18th and Golden Age version</change>
			<change when="2018-05-16" who="#heb">Revision of RDFa attributes</change>
		</revisionDesc>
	</teiHeader>
	<text>
		<front>
			<head>Amor</head>
		</front>
		<body>
			<lg n="1" type="unknown">
				<l n="1" met="++-+-+---+--+-">Yo lo soñé impetuoso, formidable y ardiente;</l>
				<l n="2" met="-+---+--+---+-">hablaba el impreciso leguaje del torrente;</l>
				<l n="3" met="+++--+---+--+-">era un mar desbordado de locura y de fuego,</l>
				<l n="4" met="-+---+--+-+-+-">rodando por la vida como un eterno riego.</l>
				<param name="AffectiveFeatures">
					<attRef name="Hap_Mean">
						<content>10.06</content>
					</attRef>
					<attRef name="Hap_SD">
						<content>4.09</content>
					</attRef>
					<attRef name="Ang_Mean">
						<content>6.44</content>
					</attRef>
					<attRef name="Ang_SD">
						<content>3.96</content>
					</attRef>
					<attRef name="Sad_Mean">
						<content>7.36</content>
					</attRef>
					<attRef name="Sad_SD">
						<content>4.38</content>
					</attRef>
					<attRef name="Fear_Mean">
						<content>9.59</content>
					</attRef>
					<attRef name="Fear_SD">
						<content>4.51</content>
					</attRef>
					<attRef name="Disg_Mean">
						<content>5.89</content>
					</attRef>
					<attRef name="Disg_SD">
						<content>3.64</content>
					</attRef>
					<attRef name="n_affective">
						<content>4</content>
					</attRef>
					<attRef name="ValenceMean">
						<content>75.33</content>
					</attRef>
					<attRef name="ValenceSD">
						<content>19.16</content>
					</attRef>
					<attRef name="ArousalMean">
						<content>75.15</content>
					</attRef>
					<attRef name="ArousalSD">
						<content>22.6</content>
					</attRef>
					<attRef name="n_v_a">
						<content>13</content>
					</attRef>
					<attRef name="Max_Aro">
						<content>7.5</content>
					</attRef>
					<attRef name="Min_Aro">
						<content>2.9</content>
					</attRef>
					<attRef name="ArousalSpan">
						<content>4.6</content>
					</attRef>
					<attRef name="Max_Val">
						<content>8.25</content>
					</attRef>
					<attRef name="Min_Val">
						<content>3.35</content>
					</attRef>
					<attRef name="ValenceSpan">
						<content>4.9</content>
					</attRef>
					<attRef name="CorAro">
						<content>-0.2692</content>
					</attRef>
					<attRef name="CorVal">
						<content>0.1262</content>
					</attRef>
					<attRef name="averageAoA">
						<content>59.68</content>
					</attRef>
					<attRef name="sdAOA">
						<content>20.62</content>
					</attRef>
					<attRef name="MinAoA">
						<content>18.0</content>
					</attRef>
					<attRef name="MaxAoA">
						<content>101.0</content>
					</attRef>
					<attRef name="OralFreq_Log">
						<content>18.76</content>
					</attRef>
					<attRef name="WrittenFreq_Log">
						<content>22.97</content>
					</attRef>
					<attRef name="n_aoa">
						<content>10</content>
					</attRef>
					<attRef name="Max_AoA">
						<content>8.58</content>
					</attRef>
					<attRef name="Min_AoA">
						<content>2.58</content>
					</attRef>
					<attRef name="AoASpan">
						<content>6.0</content>
					</attRef>
					<attRef name="Max_sdAOA">
						<content>3.21</content>
					</attRef>
					<attRef name="Min_sdAOA">
						<content>1.571</content>
					</attRef>
					<attRef name="sdAOASpan">
						<content>1.639</content>
					</attRef>
					<attRef name="Max_logOralFreq">
						<content>3.436</content>
					</attRef>
					<attRef name="Min_logOralFreq">
						<content>0.699</content>
					</attRef>
					<attRef name="logOralFreqSpan">
						<content>2.737</content>
					</attRef>
					<attRef name="Max_logWrittenFreq">
						<content>3.678</content>
					</attRef>
					<attRef name="Min_logWrittenFreq">
						<content>1.362</content>
					</attRef>
					<attRef name="logWrittenFreqSpan">
						<content>2.316</content>
					</attRef>
					<attRef name="CorAoA">
						<content>0.1482</content>
					</attRef>
				</param>
			</lg>
			<lg n="2" type="cuarteto">
				<l n="5" met="+--+-+--+++-+-" enjamb="B-cc_crossclause" cert="high">Luego soñélo triste, como un gran sol poniente</l>
				<l n="6" met="-+---+---+--+-" enjamb="I-cc_crossclause" cert="high">que dobla ante la noche la cabeza de fuego;</l>
				<l n="7" met="-++--+-++--++-">después rió, y en su boca tan tierna como un ruego,</l>
				<l n="8" met="-+---+--+---+-">sonaba sus cristales el alma de la fuente.</l>
				<param name="AffectiveFeatures">
					<attRef name="Hap_Mean">
						<content>16.81</content>
					</attRef>
					<attRef name="Hap_SD">
						<content>5.66</content>
					</attRef>
					<attRef name="Ang_Mean">
						<content>11.3</content>
					</attRef>
					<attRef name="Ang_SD">
						<content>5.94</content>
					</attRef>
					<attRef name="Sad_Mean">
						<content>14.51</content>
					</attRef>
					<attRef name="Sad_SD">
						<content>6.45</content>
					</attRef>
					<attRef name="Fear_Mean">
						<content>14.61</content>
					</attRef>
					<attRef name="Fear_SD">
						<content>7.12</content>
					</attRef>
					<attRef name="Disg_Mean">
						<content>9.76</content>
					</attRef>
					<attRef name="Disg_SD">
						<content>4.39</content>
					</attRef>
					<attRef name="n_affective">
						<content>7</content>
					</attRef>
					<attRef name="ValenceMean">
						<content>105.06</content>
					</attRef>
					<attRef name="ValenceSD">
						<content>21.48</content>
					</attRef>
					<attRef name="ArousalMean">
						<content>89.31</content>
					</attRef>
					<attRef name="ArousalSD">
						<content>31.94</content>
					</attRef>
					<attRef name="n_v_a">
						<content>18</content>
					</attRef>
					<attRef name="Max_Aro">
						<content>7.5</content>
					</attRef>
					<attRef name="Min_Aro">
						<content>3.03</content>
					</attRef>
					<attRef name="ArousalSpan">
						<content>4.47</content>
					</attRef>
					<attRef name="Max_Val">
						<content>8.45</content>
					</attRef>
					<attRef name="Min_Val">
						<content>2.1</content>
					</attRef>
					<attRef name="ValenceSpan">
						<content>6.35</content>
					</attRef>
					<attRef name="CorAro">
						<content>-0.1485</content>
					</attRef>
					<attRef name="CorVal">
						<content>0.3215</content>
					</attRef>
					<attRef name="averageAoA">
						<content>83.86</content>
					</attRef>
					<attRef name="sdAOA">
						<content>31.86</content>
					</attRef>
					<attRef name="MinAoA">
						<content>25.0</content>
					</attRef>
					<attRef name="MaxAoA">
						<content>158.0</content>
					</attRef>
					<attRef name="OralFreq_Log">
						<content>41.83</content>
					</attRef>
					<attRef name="WrittenFreq_Log">
						<content>48.39</content>
					</attRef>
					<attRef name="n_aoa">
						<content>18</content>
					</attRef>
					<attRef name="Max_AoA">
						<content>8.16</content>
					</attRef>
					<attRef name="Min_AoA">
						<content>2.34</content>
					</attRef>
					<attRef name="AoASpan">
						<content>5.82</content>
					</attRef>
					<attRef name="Max_sdAOA">
						<content>2.488</content>
					</attRef>
					<attRef name="Min_sdAOA">
						<content>1.34</content>
					</attRef>
					<attRef name="sdAOASpan">
						<content>1.148</content>
					</attRef>
					<attRef name="Max_logOralFreq">
						<content>3.695</content>
					</attRef>
					<attRef name="Min_logOralFreq">
						<content>1.041</content>
					</attRef>
					<attRef name="logOralFreqSpan">
						<content>2.654</content>
					</attRef>
					<attRef name="Max_logWrittenFreq">
						<content>3.783</content>
					</attRef>
					<attRef name="Min_logWrittenFreq">
						<content>1.602</content>
					</attRef>
					<attRef name="logWrittenFreqSpan">
						<content>2.181</content>
					</attRef>
					<attRef name="CorAoA">
						<content>0.2987</content>
					</attRef>
				</param>
			</lg>
			<lg n="3" type="terceto">
				<l n="9" met="++-+-+-+-+-+-">Y hoy sueño que es vibrante, y suave, y riente, y triste,</l>
				<l n="10" met="-+---+--+-+-+-">que todas las tinieblas y todo el iris viste;</l>
				<l n="11" met="-+--++---+--++">que, frágil como un ídolo y eterno como un Dios,</l>
				<param name="AffectiveFeatures">
					<attRef name="Hap_Mean">
						<content>12.43</content>
					</attRef>
					<attRef name="Hap_SD">
						<content>5.81</content>
					</attRef>
					<attRef name="Ang_Mean">
						<content>7.5</content>
					</attRef>
					<attRef name="Ang_SD">
						<content>4.22</content>
					</attRef>
					<attRef name="Sad_Mean">
						<content>10.24</content>
					</attRef>
					<attRef name="Sad_SD">
						<content>4.32</content>
					</attRef>
					<attRef name="Fear_Mean">
						<content>7.6</content>
					</attRef>
					<attRef name="Fear_SD">
						<content>4.07</content>
					</attRef>
					<attRef name="Disg_Mean">
						<content>6.47</content>
					</attRef>
					<attRef name="Disg_SD">
						<content>3.4</content>
					</attRef>
					<attRef name="n_affective">
						<content>5</content>
					</attRef>
					<attRef name="ValenceMean">
						<content>62.63</content>
					</attRef>
					<attRef name="ValenceSD">
						<content>15.91</content>
					</attRef>
					<attRef name="ArousalMean">
						<content>52.2</content>
					</attRef>
					<attRef name="ArousalSD">
						<content>21.94</content>
					</attRef>
					<attRef name="n_v_a">
						<content>11</content>
					</attRef>
					<attRef name="Max_Aro">
						<content>6.1</content>
					</attRef>
					<attRef name="Min_Aro">
						<content>2.65</content>
					</attRef>
					<attRef name="ArousalSpan">
						<content>3.45</content>
					</attRef>
					<attRef name="Max_Val">
						<content>7.4</content>
					</attRef>
					<attRef name="Min_Val">
						<content>2.1</content>
					</attRef>
					<attRef name="ValenceSpan">
						<content>5.3</content>
					</attRef>
					<attRef name="CorAro">
						<content>0.333</content>
					</attRef>
					<attRef name="CorVal">
						<content>-0.1371</content>
					</attRef>
					<attRef name="averageAoA">
						<content>55.9</content>
					</attRef>
					<attRef name="sdAOA">
						<content>18.66</content>
					</attRef>
					<attRef name="MinAoA">
						<content>17.0</content>
					</attRef>
					<attRef name="MaxAoA">
						<content>102.0</content>
					</attRef>
					<attRef name="OralFreq_Log">
						<content>21.46</content>
					</attRef>
					<attRef name="WrittenFreq_Log">
						<content>25.24</content>
					</attRef>
					<attRef name="n_aoa">
						<content>10</content>
					</attRef>
					<attRef name="Max_AoA">
						<content>8.42</content>
					</attRef>
					<attRef name="Min_AoA">
						<content>3.4</content>
					</attRef>
					<attRef name="AoASpan">
						<content>5.02</content>
					</attRef>
					<attRef name="Max_sdAOA">
						<content>2.418</content>
					</attRef>
					<attRef name="Min_sdAOA">
						<content>1.134</content>
					</attRef>
					<attRef name="sdAOASpan">
						<content>1.284</content>
					</attRef>
					<attRef name="Max_logOralFreq">
						<content>3.974</content>
					</attRef>
					<attRef name="Min_logOralFreq">
						<content>1.079</content>
					</attRef>
					<attRef name="logOralFreqSpan">
						<content>2.895</content>
					</attRef>
					<attRef name="Max_logWrittenFreq">
						<content>3.888</content>
					</attRef>
					<attRef name="Min_logWrittenFreq">
						<content>1.556</content>
					</attRef>
					<attRef name="logWrittenFreqSpan">
						<content>2.332</content>
					</attRef>
					<attRef name="CorAoA">
						<content>0.6221</content>
					</attRef>
				</param>
			</lg>
			<lg n="4" type="terceto">
				<l n="12" met="---+-+----+-+-">sobre la vida toda su majestad levante:</l>
				<l n="13" met="-+-++---+-+-">y el beso cae ardiente a perfumar su planta</l>
				<l n="14" met="-+-+-+---+--+-">en una flor de fuego deshojada por dos...</l>
				<param name="AffectiveFeatures">
					<attRef name="Hap_Mean">
						<content>19.87</content>
					</attRef>
					<attRef name="Hap_SD">
						<content>6.89</content>
					</attRef>
					<attRef name="Ang_Mean">
						<content>8.16</content>
					</attRef>
					<attRef name="Ang_SD">
						<content>3.88</content>
					</attRef>
					<attRef name="Sad_Mean">
						<content>9.6</content>
					</attRef>
					<attRef name="Sad_SD">
						<content>5.84</content>
					</attRef>
					<attRef name="Fear_Mean">
						<content>10.8</content>
					</attRef>
					<attRef name="Fear_SD">
						<content>4.59</content>
					</attRef>
					<attRef name="Disg_Mean">
						<content>7.55</content>
					</attRef>
					<attRef name="Disg_SD">
						<content>4.06</content>
					</attRef>
					<attRef name="n_affective">
						<content>6</content>
					</attRef>
					<attRef name="ValenceMean">
						<content>75.91</content>
					</attRef>
					<attRef name="ValenceSD">
						<content>17.1</content>
					</attRef>
					<attRef name="ArousalMean">
						<content>65.41</content>
					</attRef>
					<attRef name="ArousalSD">
						<content>22.7</content>
					</attRef>
					<attRef name="n_v_a">
						<content>12</content>
					</attRef>
					<attRef name="Max_Aro">
						<content>7.5</content>
					</attRef>
					<attRef name="Min_Aro">
						<content>3.4</content>
					</attRef>
					<attRef name="ArousalSpan">
						<content>4.1</content>
					</attRef>
					<attRef name="Max_Val">
						<content>8.25</content>
					</attRef>
					<attRef name="Min_Val">
						<content>3.7</content>
					</attRef>
					<attRef name="ValenceSpan">
						<content>4.55</content>
					</attRef>
					<attRef name="CorAro">
						<content>-0.2772</content>
					</attRef>
					<attRef name="CorVal">
						<content>-0.1769</content>
					</attRef>
					<attRef name="averageAoA">
						<content>61.85</content>
					</attRef>
					<attRef name="sdAOA">
						<content>24.88</content>
					</attRef>
					<attRef name="MinAoA">
						<content>17.0</content>
					</attRef>
					<attRef name="MaxAoA">
						<content>115.0</content>
					</attRef>
					<attRef name="OralFreq_Log">
						<content>27.8</content>
					</attRef>
					<attRef name="WrittenFreq_Log">
						<content>31.91</content>
					</attRef>
					<attRef name="n_aoa">
						<content>13</content>
					</attRef>
					<attRef name="Max_AoA">
						<content>8.58</content>
					</attRef>
					<attRef name="Min_AoA">
						<content>2.24</content>
					</attRef>
					<attRef name="AoASpan">
						<content>6.34</content>
					</attRef>
					<attRef name="Max_sdAOA">
						<content>2.537</content>
					</attRef>
					<attRef name="Min_sdAOA">
						<content>1.098</content>
					</attRef>
					<attRef name="sdAOASpan">
						<content>1.439</content>
					</attRef>
					<attRef name="Max_logOralFreq">
						<content>3.974</content>
					</attRef>
					<attRef name="Min_logOralFreq">
						<content>0.477</content>
					</attRef>
					<attRef name="logOralFreqSpan">
						<content>3.497</content>
					</attRef>
					<attRef name="Max_logWrittenFreq">
						<content>3.888</content>
					</attRef>
					<attRef name="Min_logWrittenFreq">
						<content>0.301</content>
					</attRef>
					<attRef name="logWrittenFreqSpan">
						<content>3.587</content>
					</attRef>
					<attRef name="CorAoA">
						<content>-0.0506</content>
					</attRef>
				</param>
			</lg>
			<param name="AffectiveFeatures">
				<attRef name="Hap_Mean">
					<content>59.17</content>
				</attRef>
				<attRef name="Hap_SD">
					<content>22.44</content>
				</attRef>
				<attRef name="Ang_Mean">
					<content>33.4</content>
				</attRef>
				<attRef name="Ang_SD">
					<content>18.0</content>
				</attRef>
				<attRef name="Sad_Mean">
					<content>41.71</content>
				</attRef>
				<attRef name="Sad_SD">
					<content>20.99</content>
				</attRef>
				<attRef name="Fear_Mean">
					<content>42.6</content>
				</attRef>
				<attRef name="Fear_SD">
					<content>20.3</content>
				</attRef>
				<attRef name="Disg_Mean">
					<content>29.67</content>
				</attRef>
				<attRef name="Disg_SD">
					<content>15.49</content>
				</attRef>
				<attRef name="n_affective">
					<content>22</content>
				</attRef>
				<attRef name="ValenceMean">
					<content>318.93</content>
				</attRef>
				<attRef name="ValenceSD">
					<content>73.65</content>
				</attRef>
				<attRef name="ArousalMean">
					<content>282.07</content>
				</attRef>
				<attRef name="ArousalSD">
					<content>99.18</content>
				</attRef>
				<attRef name="n_v_a">
					<content>54</content>
				</attRef>
				<attRef name="Max_Aro">
					<content>7.5</content>
				</attRef>
				<attRef name="Min_Aro">
					<content>2.65</content>
				</attRef>
				<attRef name="ArousalSpan">
					<content>4.85</content>
				</attRef>
				<attRef name="Max_Val">
					<content>8.45</content>
				</attRef>
				<attRef name="Min_Val">
					<content>2.1</content>
				</attRef>
				<attRef name="ValenceSpan">
					<content>6.35</content>
				</attRef>
				<attRef name="CorAro">
					<content>-0.1426</content>
				</attRef>
				<attRef name="CorVal">
					<content>0.1234</content>
				</attRef>
				<attRef name="averageAoA">
					<content>261.29</content>
				</attRef>
				<attRef name="sdAOA">
					<content>96.02</content>
				</attRef>
				<attRef name="MinAoA">
					<content>77.0</content>
				</attRef>
				<attRef name="MaxAoA">
					<content>476.0</content>
				</attRef>
				<attRef name="OralFreq_Log">
					<content>109.86</content>
				</attRef>
				<attRef name="WrittenFreq_Log">
					<content>128.51</content>
				</attRef>
				<attRef name="n_aoa">
					<content>51</content>
				</attRef>
				<attRef name="Max_AoA">
					<content>8.58</content>
				</attRef>
				<attRef name="Min_AoA">
					<content>2.24</content>
				</attRef>
				<attRef name="AoASpan">
					<content>6.34</content>
				</attRef>
				<attRef name="Max_sdAOA">
					<content>3.21</content>
				</attRef>
				<attRef name="Min_sdAOA">
					<content>1.098</content>
				</attRef>
				<attRef name="sdAOASpan">
					<content>2.112</content>
				</attRef>
				<attRef name="Max_logOralFreq">
					<content>3.974</content>
				</attRef>
				<attRef name="Min_logOralFreq">
					<content>0.477</content>
				</attRef>
				<attRef name="logOralFreqSpan">
					<content>3.497</content>
				</attRef>
				<attRef name="Max_logWrittenFreq">
					<content>3.888</content>
				</attRef>
				<attRef name="Min_logWrittenFreq">
					<content>0.301</content>
				</attRef>
				<attRef name="logWrittenFreqSpan">
					<content>3.587</content>
				</attRef>
				<attRef name="CorAoA">
					<content>-0.0528</content>
				</attRef>
			</param>
		</body>
	</text>
</TEI>