<?xml version="1.0" encoding="utf-8"?>
<TEI xmlns="http://www.tei-c.org/ns/1.0">
	<teiHeader>
		<fileDesc>
			<titleStmt about="disco:po_321n1058">
				<title property="dc:title">La barca milagrosa</title>
				<author property="dc:creator" resource="disco:321n" corresp="#disco_321n">Delmira Agustini</author>
				<principal xml:id="prf">Pablo Ruiz Fabo</principal>
				<principal xml:id="heb">Helena Bermúdez Sabel</principal>
				<principal xml:id="jct">José Calvo Tello</principal>
				<principal xml:id="cimc">Clara Isabel Martínez Cantón</principal>
				<respStmt>
					<resp>Metrical annotation by</resp>
					<name xml:id="bnc">Borja Navarro Colorado</name>
				</respStmt>
			</titleStmt>
			<extent>
				<measure unit="sonnets">1</measure>
				<measure unit="tokens">116</measure>
				<measure unit="line">14</measure>
			</extent>
			<publicationStmt>
				<publisher>Diachronic Spanish Sonnet Corpus</publisher>
				<authority>POSTDATA Project</authority>
				<pubPlace>Madrid</pubPlace>
				<availability status="free">
					<p>The text is freely available</p>
				</availability>
				<date when="2017">2017</date>
				<idno type="#disco" xml:id="file_po_321n1058"></idno>
			</publicationStmt>
			<sourceDesc>
				<bibl type="digital-source">
					<hi rend="italics">Sonetos del siglo XIX</hi>
					<date when="2006">2006</date>
					<ref target="http://www.cervantesvirtual.com/nd/ark:/59851/bmc4q861"></ref>
					<ref target="http://www.cervantesvirtual.com/obra/sonetos-del-siglo-xix--0/"></ref>
Biblioteca Cervantes Virtual,  / editados por Ramón García González, , , .				</bibl>
			</sourceDesc>
		</fileDesc>
		<profileDesc>
			<langUsage>
				<language ident="es" about="disco:po_321n1058" property="dc:language" resource="dbpedia:Idioma_español">Spanish</language>
			</langUsage>
			<particDesc>
				<listPerson>
					<person xml:id="disco_321n" about="disco:321n" typeOf="foaf:Person">
						<idno cert="high" property="rdfs:seeAlso" resource="https://viaf.org/viaf/72187462"></idno>
						<persName type="short">Agustini</persName>
						<persName type="full">
							<forename property="foaf:givenName">Delmira</forename>
							<surname property="foaf:familyName">Agustini</surname>
						</persName>
						<persName type="source" property="foaf:name">Delmira Agustini</persName>
						<sex property="foaf:gender" content="F"></sex>
						<birth>
							<location>
								<placeName>
									<settlement property="schema:birthPlace" inlist="">Montevideo</settlement>
									<country property="schema:birthPlace" inlist="">Uruguay</country>
									<bloc property="schema:birthPlace" inlist="">América</bloc>
								</placeName>
							</location>
							<date property="schema:birthDate" content="1886" cert="high"></date>
							<date type="century">19</date>
						</birth>
						<death>
							<country property="schema:deathPlace" inlist="">Uruguay</country>
							<bloc property="schema:deathPlace" inlist="">América</bloc>
							<date property="schema:deathDate" content="1914" cert="high"></date>
							<date type="century">20</date>
						</death>
						<listBibl inlist="" rel="blterms:hasCreated" typeOf="schema:CreativeWork">
							<bibl resource="disco:s321n1058">
								<title property="dc:title">La barca milagrosa</title>
								<title type="incipit" property="dc:alternative">Preparadme una barca como un gran pensamiento...</title>
							</bibl>
						</listBibl>
					</person>
				</listPerson>
			</particDesc>
		</profileDesc>
		<encodingDesc>
			<listPrefixDef>
				<prefixDef ident="foaf" matchPattern="([A-Za-z]+)" replacementPattern="http://xmlns.com/foaf/0.1/$1"></prefixDef>
				<prefixDef ident="dc" matchPattern="([A-Za-z]+)" replacementPattern="http://purl.org/dc/terms/$1"></prefixDef>
				<prefixDef ident="schema" matchPattern="([A-Za-z]+)" replacementPattern="http://schema.org/$1"></prefixDef>
				<prefixDef ident="dbpedia" matchPattern="([A-Za-z]+(_[A-Za-z])*)" replacementPattern="http://es.dbpedia.org/page/"></prefixDef>
				<prefixDef ident="blterms" matchPattern="([A-Za-z]+)" replacementPattern="http://www.bl.uk/schemas/bibliographic/blterms#$1"></prefixDef>
				<prefixDef ident="rdfs" matchPattern="([A-Za-z]+)" replacementPattern="http://www.w3.org/2000/01/rdf-schema#$1"></prefixDef>
			</listPrefixDef>
			<metDecl type="met" pattern="((\+|\-)+)*">
				<metSym value="+">stressed syllable</metSym>
				<metSym value="-">unstressed syllable</metSym>
			</metDecl>
			<metDecl type="met">
				<p>
					<ref target="https://github.com/bncolorado/adsoScansionSystem">ADSO</ref>
The metrical patterns were extracted automatically using the 
                    tool.				</p>
			</metDecl>
			<metDecl type="enjamb">
				<p>
					<att>enjamb</att>
					<att>cert</att>
					<ref target="https://sites.google.com/site/spanishenjambment/">ANJA
                        (Automatic eNJambment Analysis)</ref>
					<ref target="https://sites.google.com/site/spanishenjambment/enjambment-types">documentation</ref>
					<ref target="https://sites.google.com/site/spanishenjambment/tei-certitude-values">report</ref>
The values of the  atributes were extracted automatically using
                    the  tool. For more information about the
                    types of enjambment as defined in this corpus, read the . In addition, a  was added to express the
                    degree of certainty concerning the characterisation of the enjambment. The following 
                     covers this feature in deep detail.				</p>
			</metDecl>
		</encodingDesc>
		<revisionDesc>
			<change when="2017-11-02" who="#prf">Initial TEI version</change>
			<change when="2017-11-27" who="#prf">Addition of metrical annotation</change>
			<change when="2017-11-27" who="#heb">Review of authors’ metadata</change>
			<change when="2017-12-01" who="#prf">Encoding of enjambment</change>
			<change when="2017-12-01" who="#heb">Publication of 19th, 18th and Golden Age version</change>
			<change when="2018-05-16" who="#heb">Revision of RDFa attributes</change>
		</revisionDesc>
	</teiHeader>
	<text>
		<front>
			<head>La barca milagrosa</head>
		</front>
		<body>
			<lg n="1" type="serventesio">
				<l n="1" met="--++-+--++--+-">Preparadme una barca como un gran pensamiento...</l>
				<l n="2" met="---+-++-+--+-">La llamarán «La Sombra» unos, otros «La Estrella».</l>
				<l n="3" met="+-+--+-+-+++-">No ha de estar al capricho de una mano o un viento;</l>
				<l n="4" met="+++--+---+-+-">yo la quiero consciente, indominable y bella.</l>
				<param name="AffectiveFeatures">
					<attRef name="Hap_Mean">
						<content>20.37</content>
					</attRef>
					<attRef name="Hap_SD">
						<content>10.21</content>
					</attRef>
					<attRef name="Ang_Mean">
						<content>12.57</content>
					</attRef>
					<attRef name="Ang_SD">
						<content>7.16</content>
					</attRef>
					<attRef name="Sad_Mean">
						<content>14.34</content>
					</attRef>
					<attRef name="Sad_SD">
						<content>8.42</content>
					</attRef>
					<attRef name="Fear_Mean">
						<content>15.48</content>
					</attRef>
					<attRef name="Fear_SD">
						<content>8.46</content>
					</attRef>
					<attRef name="Disg_Mean">
						<content>11.67</content>
					</attRef>
					<attRef name="Disg_SD">
						<content>6.12</content>
					</attRef>
					<attRef name="n_affective">
						<content>8</content>
					</attRef>
					<attRef name="ValenceMean">
						<content>76.81</content>
					</attRef>
					<attRef name="ValenceSD">
						<content>16.27</content>
					</attRef>
					<attRef name="ArousalMean">
						<content>61.91</content>
					</attRef>
					<attRef name="ArousalSD">
						<content>21.56</content>
					</attRef>
					<attRef name="n_v_a">
						<content>12</content>
					</attRef>
					<attRef name="Max_Aro">
						<content>6.3</content>
					</attRef>
					<attRef name="Min_Aro">
						<content>3.65</content>
					</attRef>
					<attRef name="ArousalSpan">
						<content>2.65</content>
					</attRef>
					<attRef name="Max_Val">
						<content>7.95</content>
					</attRef>
					<attRef name="Min_Val">
						<content>4.9</content>
					</attRef>
					<attRef name="ValenceSpan">
						<content>3.05</content>
					</attRef>
					<attRef name="CorAro">
						<content>0.431</content>
					</attRef>
					<attRef name="CorVal">
						<content>0.3874</content>
					</attRef>
					<attRef name="averageAoA">
						<content>51.66</content>
					</attRef>
					<attRef name="sdAOA">
						<content>20.92</content>
					</attRef>
					<attRef name="MinAoA">
						<content>12.0</content>
					</attRef>
					<attRef name="MaxAoA">
						<content>103.0</content>
					</attRef>
					<attRef name="OralFreq_Log">
						<content>23.0</content>
					</attRef>
					<attRef name="WrittenFreq_Log">
						<content>27.55</content>
					</attRef>
					<attRef name="n_aoa">
						<content>11</content>
					</attRef>
					<attRef name="Max_AoA">
						<content>6.98</content>
					</attRef>
					<attRef name="Min_AoA">
						<content>2.22</content>
					</attRef>
					<attRef name="AoASpan">
						<content>4.76</content>
					</attRef>
					<attRef name="Max_sdAOA">
						<content>2.665</content>
					</attRef>
					<attRef name="Min_sdAOA">
						<content>1.234</content>
					</attRef>
					<attRef name="sdAOASpan">
						<content>1.431</content>
					</attRef>
					<attRef name="Max_logOralFreq">
						<content>3.238</content>
					</attRef>
					<attRef name="Min_logOralFreq">
						<content>1.255</content>
					</attRef>
					<attRef name="logOralFreqSpan">
						<content>1.983</content>
					</attRef>
					<attRef name="Max_logWrittenFreq">
						<content>3.474</content>
					</attRef>
					<attRef name="Min_logWrittenFreq">
						<content>1.4469999999999998</content>
					</attRef>
					<attRef name="logWrittenFreqSpan">
						<content>2.027</content>
					</attRef>
					<attRef name="CorAoA">
						<content>-0.3479</content>
					</attRef>
				</param>
			</lg>
			<lg n="2" type="serventesio">
				<l n="5" met="---+++-+--+-+-" enjamb="B-pb_noun_prep" cert="medium">La moverá el gran ritmo de un corazón sangriento</l>
				<l n="6" met="-+---++--+++-" enjamb="I-pb_noun_prep" cert="medium">de vida sobrehumana; he de sentirme en ella</l>
				<l n="7" met="+----+--++-+-">fuerte como en los brazos de Dios. ¡En todo viento,</l>
				<l n="8" met="-+-+-++-+---+-">en todo mar templadme su prora de centella!</l>
				<param name="AffectiveFeatures">
					<attRef name="Hap_Mean">
						<content>17.94</content>
					</attRef>
					<attRef name="Hap_SD">
						<content>7.81</content>
					</attRef>
					<attRef name="Ang_Mean">
						<content>12.86</content>
					</attRef>
					<attRef name="Ang_SD">
						<content>8.37</content>
					</attRef>
					<attRef name="Sad_Mean">
						<content>14.82</content>
					</attRef>
					<attRef name="Sad_SD">
						<content>8.42</content>
					</attRef>
					<attRef name="Fear_Mean">
						<content>16.42</content>
					</attRef>
					<attRef name="Fear_SD">
						<content>8.98</content>
					</attRef>
					<attRef name="Disg_Mean">
						<content>14.5</content>
					</attRef>
					<attRef name="Disg_SD">
						<content>7.9</content>
					</attRef>
					<attRef name="n_affective">
						<content>8</content>
					</attRef>
					<attRef name="ValenceMean">
						<content>65.29</content>
					</attRef>
					<attRef name="ValenceSD">
						<content>14.21</content>
					</attRef>
					<attRef name="ArousalMean">
						<content>60.76</content>
					</attRef>
					<attRef name="ArousalSD">
						<content>20.36</content>
					</attRef>
					<attRef name="n_v_a">
						<content>11</content>
					</attRef>
					<attRef name="Max_Aro">
						<content>7.65</content>
					</attRef>
					<attRef name="Min_Aro">
						<content>2.9</content>
					</attRef>
					<attRef name="ArousalSpan">
						<content>4.75</content>
					</attRef>
					<attRef name="Max_Val">
						<content>8.25</content>
					</attRef>
					<attRef name="Min_Val">
						<content>2.09</content>
					</attRef>
					<attRef name="ValenceSpan">
						<content>6.16</content>
					</attRef>
					<attRef name="CorAro">
						<content>-0.5278</content>
					</attRef>
					<attRef name="CorVal">
						<content>0.0451</content>
					</attRef>
					<attRef name="averageAoA">
						<content>52.0</content>
					</attRef>
					<attRef name="sdAOA">
						<content>19.05</content>
					</attRef>
					<attRef name="MinAoA">
						<content>17.0</content>
					</attRef>
					<attRef name="MaxAoA">
						<content>105.0</content>
					</attRef>
					<attRef name="OralFreq_Log">
						<content>25.98</content>
					</attRef>
					<attRef name="WrittenFreq_Log">
						<content>30.11</content>
					</attRef>
					<attRef name="n_aoa">
						<content>11</content>
					</attRef>
					<attRef name="Max_AoA">
						<content>7.58</content>
					</attRef>
					<attRef name="Min_AoA">
						<content>3.02</content>
					</attRef>
					<attRef name="AoASpan">
						<content>4.56</content>
					</attRef>
					<attRef name="Max_sdAOA">
						<content>1.965</content>
					</attRef>
					<attRef name="Min_sdAOA">
						<content>1.134</content>
					</attRef>
					<attRef name="sdAOASpan">
						<content>0.831</content>
					</attRef>
					<attRef name="Max_logOralFreq">
						<content>3.436</content>
					</attRef>
					<attRef name="Min_logOralFreq">
						<content>0.602</content>
					</attRef>
					<attRef name="logOralFreqSpan">
						<content>2.834</content>
					</attRef>
					<attRef name="Max_logWrittenFreq">
						<content>3.678</content>
					</attRef>
					<attRef name="Min_logWrittenFreq">
						<content>1.362</content>
					</attRef>
					<attRef name="logWrittenFreqSpan">
						<content>2.316</content>
					</attRef>
					<attRef name="CorAoA">
						<content>-0.6082</content>
					</attRef>
				</param>
			</lg>
			<lg n="3" type="terceto">
				<l n="9" met="---+-+---+--+-">La cargaré de toda mi tristeza, y, sin rumbo,</l>
				<l n="10" met="-+---+--+-+-+-">iré como la rota corola de un nelumbo,</l>
				<l n="11" met="-----+-+----+-">por sobre el horizonte líquido de la mar...</l>
				<param name="AffectiveFeatures">
					<attRef name="Hap_Mean">
						<content>2.03</content>
					</attRef>
					<attRef name="Hap_SD">
						<content>0.7</content>
					</attRef>
					<attRef name="Ang_Mean">
						<content>1.435</content>
					</attRef>
					<attRef name="Ang_SD">
						<content>0.78</content>
					</attRef>
					<attRef name="Sad_Mean">
						<content>1.985</content>
					</attRef>
					<attRef name="Sad_SD">
						<content>1.17</content>
					</attRef>
					<attRef name="Fear_Mean">
						<content>2.185</content>
					</attRef>
					<attRef name="Fear_SD">
						<content>1.14</content>
					</attRef>
					<attRef name="Disg_Mean">
						<content>1.835</content>
					</attRef>
					<attRef name="Disg_SD">
						<content>1.05</content>
					</attRef>
					<attRef name="n_affective">
						<content>1</content>
					</attRef>
					<attRef name="ValenceMean">
						<content>55.31</content>
					</attRef>
					<attRef name="ValenceSD">
						<content>11.68</content>
					</attRef>
					<attRef name="ArousalMean">
						<content>47.31</content>
					</attRef>
					<attRef name="ArousalSD">
						<content>16.42</content>
					</attRef>
					<attRef name="n_v_a">
						<content>10</content>
					</attRef>
					<attRef name="Max_Aro">
						<content>5.9</content>
					</attRef>
					<attRef name="Min_Aro">
						<content>2.9</content>
					</attRef>
					<attRef name="ArousalSpan">
						<content>3.0</content>
					</attRef>
					<attRef name="Max_Val">
						<content>8.05</content>
					</attRef>
					<attRef name="Min_Val">
						<content>1.8</content>
					</attRef>
					<attRef name="ValenceSpan">
						<content>6.25</content>
					</attRef>
					<attRef name="CorAro">
						<content>-0.6663</content>
					</attRef>
					<attRef name="CorVal">
						<content>0.4921</content>
					</attRef>
					<attRef name="averageAoA">
						<content>43.06</content>
					</attRef>
					<attRef name="sdAOA">
						<content>16.48</content>
					</attRef>
					<attRef name="MinAoA">
						<content>15.0</content>
					</attRef>
					<attRef name="MaxAoA">
						<content>84.0</content>
					</attRef>
					<attRef name="OralFreq_Log">
						<content>17.26</content>
					</attRef>
					<attRef name="WrittenFreq_Log">
						<content>20.55</content>
					</attRef>
					<attRef name="n_aoa">
						<content>8</content>
					</attRef>
					<attRef name="Max_AoA">
						<content>8.22</content>
					</attRef>
					<attRef name="Min_AoA">
						<content>3.1</content>
					</attRef>
					<attRef name="AoASpan">
						<content>5.12</content>
					</attRef>
					<attRef name="Max_sdAOA">
						<content>2.373</content>
					</attRef>
					<attRef name="Min_sdAOA">
						<content>1.832</content>
					</attRef>
					<attRef name="sdAOASpan">
						<content>0.541</content>
					</attRef>
					<attRef name="Max_logOralFreq">
						<content>3.974</content>
					</attRef>
					<attRef name="Min_logOralFreq">
						<content>1.38</content>
					</attRef>
					<attRef name="logOralFreqSpan">
						<content>2.594</content>
					</attRef>
					<attRef name="Max_logWrittenFreq">
						<content>3.888</content>
					</attRef>
					<attRef name="Min_logWrittenFreq">
						<content>1.7919999999999998</content>
					</attRef>
					<attRef name="logWrittenFreqSpan">
						<content>2.096</content>
					</attRef>
					<attRef name="CorAoA">
						<content>-0.0243</content>
					</attRef>
				</param>
			</lg>
			<lg n="4" type="terceto">
				<l n="12" met="++-+--++-+-+-">Barca, alma hermosa: ¡hacia qué tierras nunca vistas,</l>
				<l n="13" met="+----+--+---+-">de hondas revelaciones, de cosas imprevistas</l>
				<l n="14" met="-+-+++---+--+-">iremos?... Yo ya muero de vivir y soñar...</l>
				<param name="AffectiveFeatures">
					<attRef name="Hap_Mean">
						<content>12.17</content>
					</attRef>
					<attRef name="Hap_SD">
						<content>4.63</content>
					</attRef>
					<attRef name="Ang_Mean">
						<content>5.67</content>
					</attRef>
					<attRef name="Ang_SD">
						<content>3.37</content>
					</attRef>
					<attRef name="Sad_Mean">
						<content>6.6</content>
					</attRef>
					<attRef name="Sad_SD">
						<content>4.2</content>
					</attRef>
					<attRef name="Fear_Mean">
						<content>7.7</content>
					</attRef>
					<attRef name="Fear_SD">
						<content>4.16</content>
					</attRef>
					<attRef name="Disg_Mean">
						<content>4.77</content>
					</attRef>
					<attRef name="Disg_SD">
						<content>2.27</content>
					</attRef>
					<attRef name="n_affective">
						<content>4</content>
					</attRef>
					<attRef name="ValenceMean">
						<content>79.8</content>
					</attRef>
					<attRef name="ValenceSD">
						<content>17.05</content>
					</attRef>
					<attRef name="ArousalMean">
						<content>72.25</content>
					</attRef>
					<attRef name="ArousalSD">
						<content>25.23</content>
					</attRef>
					<attRef name="n_v_a">
						<content>14</content>
					</attRef>
					<attRef name="Max_Aro">
						<content>7.3</content>
					</attRef>
					<attRef name="Min_Aro">
						<content>3.05</content>
					</attRef>
					<attRef name="ArousalSpan">
						<content>4.25</content>
					</attRef>
					<attRef name="Max_Val">
						<content>8.55</content>
					</attRef>
					<attRef name="Min_Val">
						<content>1.7</content>
					</attRef>
					<attRef name="ValenceSpan">
						<content>6.85</content>
					</attRef>
					<attRef name="CorAro">
						<content>0.3026</content>
					</attRef>
					<attRef name="CorVal">
						<content>-0.0276</content>
					</attRef>
					<attRef name="averageAoA">
						<content>58.68</content>
					</attRef>
					<attRef name="sdAOA">
						<content>22.52</content>
					</attRef>
					<attRef name="MinAoA">
						<content>18.0</content>
					</attRef>
					<attRef name="MaxAoA">
						<content>112.0</content>
					</attRef>
					<attRef name="OralFreq_Log">
						<content>25.16</content>
					</attRef>
					<attRef name="WrittenFreq_Log">
						<content>28.52</content>
					</attRef>
					<attRef name="n_aoa">
						<content>11</content>
					</attRef>
					<attRef name="Max_AoA">
						<content>7.16</content>
					</attRef>
					<attRef name="Min_AoA">
						<content>3.2</content>
					</attRef>
					<attRef name="AoASpan">
						<content>3.96</content>
					</attRef>
					<attRef name="Max_sdAOA">
						<content>2.449</content>
					</attRef>
					<attRef name="Min_sdAOA">
						<content>1.629</content>
					</attRef>
					<attRef name="sdAOASpan">
						<content>0.82</content>
					</attRef>
					<attRef name="Max_logOralFreq">
						<content>3.27</content>
					</attRef>
					<attRef name="Min_logOralFreq">
						<content>1.0</content>
					</attRef>
					<attRef name="logOralFreqSpan">
						<content>2.27</content>
					</attRef>
					<attRef name="Max_logWrittenFreq">
						<content>3.517</content>
					</attRef>
					<attRef name="Min_logWrittenFreq">
						<content>1.4469999999999998</content>
					</attRef>
					<attRef name="logWrittenFreqSpan">
						<content>2.07</content>
					</attRef>
					<attRef name="CorAoA">
						<content>-0.2754</content>
					</attRef>
				</param>
			</lg>
			<param name="AffectiveFeatures">
				<attRef name="Hap_Mean">
					<content>52.51</content>
				</attRef>
				<attRef name="Hap_SD">
					<content>23.35</content>
				</attRef>
				<attRef name="Ang_Mean">
					<content>32.53</content>
				</attRef>
				<attRef name="Ang_SD">
					<content>19.68</content>
				</attRef>
				<attRef name="Sad_Mean">
					<content>37.72</content>
				</attRef>
				<attRef name="Sad_SD">
					<content>22.21</content>
				</attRef>
				<attRef name="Fear_Mean">
					<content>41.78</content>
				</attRef>
				<attRef name="Fear_SD">
					<content>22.73</content>
				</attRef>
				<attRef name="Disg_Mean">
					<content>32.79</content>
				</attRef>
				<attRef name="Disg_SD">
					<content>17.34</content>
				</attRef>
				<attRef name="n_affective">
					<content>21</content>
				</attRef>
				<attRef name="ValenceMean">
					<content>277.21</content>
				</attRef>
				<attRef name="ValenceSD">
					<content>59.21</content>
				</attRef>
				<attRef name="ArousalMean">
					<content>242.23</content>
				</attRef>
				<attRef name="ArousalSD">
					<content>83.57</content>
				</attRef>
				<attRef name="n_v_a">
					<content>47</content>
				</attRef>
				<attRef name="Max_Aro">
					<content>7.65</content>
				</attRef>
				<attRef name="Min_Aro">
					<content>2.9</content>
				</attRef>
				<attRef name="ArousalSpan">
					<content>4.75</content>
				</attRef>
				<attRef name="Max_Val">
					<content>8.55</content>
				</attRef>
				<attRef name="Min_Val">
					<content>1.7</content>
				</attRef>
				<attRef name="ValenceSpan">
					<content>6.85</content>
				</attRef>
				<attRef name="CorAro">
					<content>-0.0885</content>
				</attRef>
				<attRef name="CorVal">
					<content>-0.1332</content>
				</attRef>
				<attRef name="averageAoA">
					<content>205.4</content>
				</attRef>
				<attRef name="sdAOA">
					<content>78.98</content>
				</attRef>
				<attRef name="MinAoA">
					<content>62.0</content>
				</attRef>
				<attRef name="MaxAoA">
					<content>404.0</content>
				</attRef>
				<attRef name="OralFreq_Log">
					<content>91.39</content>
				</attRef>
				<attRef name="WrittenFreq_Log">
					<content>106.72</content>
				</attRef>
				<attRef name="n_aoa">
					<content>41</content>
				</attRef>
				<attRef name="Max_AoA">
					<content>8.22</content>
				</attRef>
				<attRef name="Min_AoA">
					<content>2.22</content>
				</attRef>
				<attRef name="AoASpan">
					<content>6.0</content>
				</attRef>
				<attRef name="Max_sdAOA">
					<content>2.665</content>
				</attRef>
				<attRef name="Min_sdAOA">
					<content>1.134</content>
				</attRef>
				<attRef name="sdAOASpan">
					<content>1.531</content>
				</attRef>
				<attRef name="Max_logOralFreq">
					<content>3.974</content>
				</attRef>
				<attRef name="Min_logOralFreq">
					<content>0.602</content>
				</attRef>
				<attRef name="logOralFreqSpan">
					<content>3.372</content>
				</attRef>
				<attRef name="Max_logWrittenFreq">
					<content>3.888</content>
				</attRef>
				<attRef name="Min_logWrittenFreq">
					<content>1.362</content>
				</attRef>
				<attRef name="logWrittenFreqSpan">
					<content>2.526</content>
				</attRef>
				<attRef name="CorAoA">
					<content>0.1288</content>
				</attRef>
			</param>
		</body>
	</text>
</TEI>