<?xml version="1.0" encoding="utf-8"?>
<TEI xmlns="http://www.tei-c.org/ns/1.0">
	<teiHeader>
		<fileDesc>
			<titleStmt about="disco:po_321n1055">
				<title property="dc:title">La estatua</title>
				<author property="dc:creator" resource="disco:321n" corresp="#disco_321n">Delmira Agustini</author>
				<principal xml:id="prf">Pablo Ruiz Fabo</principal>
				<principal xml:id="heb">Helena Bermúdez Sabel</principal>
				<principal xml:id="jct">José Calvo Tello</principal>
				<principal xml:id="cimc">Clara Isabel Martínez Cantón</principal>
				<respStmt>
					<resp>Metrical annotation by</resp>
					<name xml:id="bnc">Borja Navarro Colorado</name>
				</respStmt>
			</titleStmt>
			<extent>
				<measure unit="sonnets">1</measure>
				<measure unit="tokens">85</measure>
				<measure unit="line">14</measure>
			</extent>
			<publicationStmt>
				<publisher>Diachronic Spanish Sonnet Corpus</publisher>
				<authority>POSTDATA Project</authority>
				<pubPlace>Madrid</pubPlace>
				<availability status="free">
					<p>The text is freely available</p>
				</availability>
				<date when="2017">2017</date>
				<idno type="#disco" xml:id="file_po_321n1055"></idno>
			</publicationStmt>
			<sourceDesc>
				<bibl type="digital-source">
					<hi rend="italics">Sonetos del siglo XIX</hi>
					<date when="2006">2006</date>
					<ref target="http://www.cervantesvirtual.com/nd/ark:/59851/bmc4q861"></ref>
					<ref target="http://www.cervantesvirtual.com/obra/sonetos-del-siglo-xix--0/"></ref>
Biblioteca Cervantes Virtual,  / editados por Ramón García González, , , .				</bibl>
			</sourceDesc>
		</fileDesc>
		<profileDesc>
			<langUsage>
				<language ident="es" about="disco:po_321n1055" property="dc:language" resource="dbpedia:Idioma_español">Spanish</language>
			</langUsage>
			<particDesc>
				<listPerson>
					<person xml:id="disco_321n" about="disco:321n" typeOf="foaf:Person">
						<idno cert="high" property="rdfs:seeAlso" resource="https://viaf.org/viaf/72187462"></idno>
						<persName type="short">Agustini</persName>
						<persName type="full">
							<forename property="foaf:givenName">Delmira</forename>
							<surname property="foaf:familyName">Agustini</surname>
						</persName>
						<persName type="source" property="foaf:name">Delmira Agustini</persName>
						<sex property="foaf:gender" content="F"></sex>
						<birth>
							<location>
								<placeName>
									<settlement property="schema:birthPlace" inlist="">Montevideo</settlement>
									<country property="schema:birthPlace" inlist="">Uruguay</country>
									<bloc property="schema:birthPlace" inlist="">América</bloc>
								</placeName>
							</location>
							<date property="schema:birthDate" content="1886" cert="high"></date>
							<date type="century">19</date>
						</birth>
						<death>
							<country property="schema:deathPlace" inlist="">Uruguay</country>
							<bloc property="schema:deathPlace" inlist="">América</bloc>
							<date property="schema:deathDate" content="1914" cert="high"></date>
							<date type="century">20</date>
						</death>
						<listBibl inlist="" rel="blterms:hasCreated" typeOf="schema:CreativeWork">
							<bibl resource="disco:s321n1055">
								<title property="dc:title">La estatua</title>
								<title type="incipit" property="dc:alternative">Miradla, así, sobre el follaje oscuro</title>
							</bibl>
						</listBibl>
					</person>
				</listPerson>
			</particDesc>
		</profileDesc>
		<encodingDesc>
			<listPrefixDef>
				<prefixDef ident="foaf" matchPattern="([A-Za-z]+)" replacementPattern="http://xmlns.com/foaf/0.1/$1"></prefixDef>
				<prefixDef ident="dc" matchPattern="([A-Za-z]+)" replacementPattern="http://purl.org/dc/terms/$1"></prefixDef>
				<prefixDef ident="schema" matchPattern="([A-Za-z]+)" replacementPattern="http://schema.org/$1"></prefixDef>
				<prefixDef ident="dbpedia" matchPattern="([A-Za-z]+(_[A-Za-z])*)" replacementPattern="http://es.dbpedia.org/page/"></prefixDef>
				<prefixDef ident="blterms" matchPattern="([A-Za-z]+)" replacementPattern="http://www.bl.uk/schemas/bibliographic/blterms#$1"></prefixDef>
				<prefixDef ident="rdfs" matchPattern="([A-Za-z]+)" replacementPattern="http://www.w3.org/2000/01/rdf-schema#$1"></prefixDef>
			</listPrefixDef>
			<metDecl type="met" pattern="((\+|\-)+)*">
				<metSym value="+">stressed syllable</metSym>
				<metSym value="-">unstressed syllable</metSym>
			</metDecl>
			<metDecl type="met">
				<p>
					<ref target="https://github.com/bncolorado/adsoScansionSystem">ADSO</ref>
The metrical patterns were extracted automatically using the 
                    tool.				</p>
			</metDecl>
			<metDecl type="enjamb">
				<p>
					<att>enjamb</att>
					<att>cert</att>
					<ref target="https://sites.google.com/site/spanishenjambment/">ANJA
                        (Automatic eNJambment Analysis)</ref>
					<ref target="https://sites.google.com/site/spanishenjambment/enjambment-types">documentation</ref>
					<ref target="https://sites.google.com/site/spanishenjambment/tei-certitude-values">report</ref>
The values of the  atributes were extracted automatically using
                    the  tool. For more information about the
                    types of enjambment as defined in this corpus, read the . In addition, a  was added to express the
                    degree of certainty concerning the characterisation of the enjambment. The following 
                     covers this feature in deep detail.				</p>
			</metDecl>
		</encodingDesc>
		<revisionDesc>
			<change when="2017-11-02" who="#prf">Initial TEI version</change>
			<change when="2017-11-27" who="#prf">Addition of metrical annotation</change>
			<change when="2017-11-27" who="#heb">Review of authors’ metadata</change>
			<change when="2017-12-01" who="#prf">Encoding of enjambment</change>
			<change when="2017-12-01" who="#heb">Publication of 19th, 18th and Golden Age version</change>
			<change when="2018-05-16" who="#heb">Revision of RDFa attributes</change>
		</revisionDesc>
	</teiHeader>
	<text>
		<front>
			<head>La estatua</head>
		</front>
		<body>
			<lg n="1" type="serventesio">
				<l n="1" met="-+++---+-+-" enjamb="B-ex_subj_verb" cert="low">Miradla, así, sobre el follaje oscuro</l>
				<l n="2" met="--+--+---+-" enjamb="B-ex_subj_verb I-ex_subj_verb" cert="low low">recortar la silueta soberana...</l>
				<l n="3" met="+-+--+---+-" enjamb="B-pb_noun_prep I-ex_subj_verb" cert="medium low">¿no parece el retoño prematuro</l>
				<l n="4" met="+-++---+-+-" enjamb="I-pb_noun_prep" cert="medium">de una gran raza que será mañana?</l>
				<param name="AffectiveFeatures">
					<attRef name="Hap_Mean">
						<content>2.51</content>
					</attRef>
					<attRef name="Hap_SD">
						<content>1.23</content>
					</attRef>
					<attRef name="Ang_Mean">
						<content>4.7</content>
					</attRef>
					<attRef name="Ang_SD">
						<content>2.85</content>
					</attRef>
					<attRef name="Sad_Mean">
						<content>5.52</content>
					</attRef>
					<attRef name="Sad_SD">
						<content>2.91</content>
					</attRef>
					<attRef name="Fear_Mean">
						<content>6.26</content>
					</attRef>
					<attRef name="Fear_SD">
						<content>2.64</content>
					</attRef>
					<attRef name="Disg_Mean">
						<content>3.99</content>
					</attRef>
					<attRef name="Disg_SD">
						<content>2.42</content>
					</attRef>
					<attRef name="n_affective">
						<content>2</content>
					</attRef>
					<attRef name="ValenceMean">
						<content>47.1</content>
					</attRef>
					<attRef name="ValenceSD">
						<content>8.83</content>
					</attRef>
					<attRef name="ArousalMean">
						<content>47.1</content>
					</attRef>
					<attRef name="ArousalSD">
						<content>13.93</content>
					</attRef>
					<attRef name="n_v_a">
						<content>9</content>
					</attRef>
					<attRef name="Max_Aro">
						<content>5.85</content>
					</attRef>
					<attRef name="Min_Aro">
						<content>4.75</content>
					</attRef>
					<attRef name="ArousalSpan">
						<content>1.1</content>
					</attRef>
					<attRef name="Max_Val">
						<content>6.7</content>
					</attRef>
					<attRef name="Min_Val">
						<content>3.5</content>
					</attRef>
					<attRef name="ValenceSpan">
						<content>3.2</content>
					</attRef>
					<attRef name="CorAro">
						<content>-0.0545</content>
					</attRef>
					<attRef name="CorVal">
						<content>0.4909</content>
					</attRef>
					<attRef name="averageAoA">
						<content>39.18</content>
					</attRef>
					<attRef name="sdAOA">
						<content>14.26</content>
					</attRef>
					<attRef name="MinAoA">
						<content>12.0</content>
					</attRef>
					<attRef name="MaxAoA">
						<content>66.0</content>
					</attRef>
					<attRef name="OralFreq_Log">
						<content>15.94</content>
					</attRef>
					<attRef name="WrittenFreq_Log">
						<content>18.88</content>
					</attRef>
					<attRef name="n_aoa">
						<content>7</content>
					</attRef>
					<attRef name="Max_AoA">
						<content>7.42</content>
					</attRef>
					<attRef name="Min_AoA">
						<content>3.7</content>
					</attRef>
					<attRef name="AoASpan">
						<content>3.72</content>
					</attRef>
					<attRef name="Max_sdAOA">
						<content>2.906</content>
					</attRef>
					<attRef name="Min_sdAOA">
						<content>1.403</content>
					</attRef>
					<attRef name="sdAOASpan">
						<content>1.503</content>
					</attRef>
					<attRef name="Max_logOralFreq">
						<content>3.694</content>
					</attRef>
					<attRef name="Min_logOralFreq">
						<content>0.301</content>
					</attRef>
					<attRef name="logOralFreqSpan">
						<content>3.393</content>
					</attRef>
					<attRef name="Max_logWrittenFreq">
						<content>3.631</content>
					</attRef>
					<attRef name="Min_logWrittenFreq">
						<content>1.826</content>
					</attRef>
					<attRef name="logWrittenFreqSpan">
						<content>1.805</content>
					</attRef>
					<attRef name="CorAoA">
						<content>0.1038</content>
					</attRef>
				</param>
			</lg>
			<lg n="2" type="cuarteto">
				<l n="5" met="-+-+---+-+-">¡Así una raza inconmovible, sana,</l>
				<l n="6" met="-+-+---+-+-">tallada a golpes sobre el mármol duro,</l>
				<l n="7" met="--+--+---+-">de las vastas campañas del futuro</l>
				<l n="8" met="---+---+-+-">desalojara a la familia humana!</l>
				<param name="AffectiveFeatures">
					<attRef name="Hap_Mean">
						<content>11.84</content>
					</attRef>
					<attRef name="Hap_SD">
						<content>4.58</content>
					</attRef>
					<attRef name="Ang_Mean">
						<content>9.2</content>
					</attRef>
					<attRef name="Ang_SD">
						<content>5.23</content>
					</attRef>
					<attRef name="Sad_Mean">
						<content>9.14</content>
					</attRef>
					<attRef name="Sad_SD">
						<content>5.41</content>
					</attRef>
					<attRef name="Fear_Mean">
						<content>10.27</content>
					</attRef>
					<attRef name="Fear_SD">
						<content>5.43</content>
					</attRef>
					<attRef name="Disg_Mean">
						<content>6.73</content>
					</attRef>
					<attRef name="Disg_SD">
						<content>4.22</content>
					</attRef>
					<attRef name="n_affective">
						<content>5</content>
					</attRef>
					<attRef name="ValenceMean">
						<content>56.79</content>
					</attRef>
					<attRef name="ValenceSD">
						<content>15.27</content>
					</attRef>
					<attRef name="ArousalMean">
						<content>60.68</content>
					</attRef>
					<attRef name="ArousalSD">
						<content>17.24</content>
					</attRef>
					<attRef name="n_v_a">
						<content>11</content>
					</attRef>
					<attRef name="Max_Aro">
						<content>6.8</content>
					</attRef>
					<attRef name="Min_Aro">
						<content>4.25</content>
					</attRef>
					<attRef name="ArousalSpan">
						<content>2.55</content>
					</attRef>
					<attRef name="Max_Val">
						<content>7.88</content>
					</attRef>
					<attRef name="Min_Val">
						<content>2.65</content>
					</attRef>
					<attRef name="ValenceSpan">
						<content>5.23</content>
					</attRef>
					<attRef name="CorAro">
						<content>0.1597</content>
					</attRef>
					<attRef name="CorVal">
						<content>0.397</content>
					</attRef>
					<attRef name="averageAoA">
						<content>61.0</content>
					</attRef>
					<attRef name="sdAOA">
						<content>21.54</content>
					</attRef>
					<attRef name="MinAoA">
						<content>18.0</content>
					</attRef>
					<attRef name="MaxAoA">
						<content>102.0</content>
					</attRef>
					<attRef name="OralFreq_Log">
						<content>23.1</content>
					</attRef>
					<attRef name="WrittenFreq_Log">
						<content>26.02</content>
					</attRef>
					<attRef name="n_aoa">
						<content>10</content>
					</attRef>
					<attRef name="Max_AoA">
						<content>8.34</content>
					</attRef>
					<attRef name="Min_AoA">
						<content>3.44</content>
					</attRef>
					<attRef name="AoASpan">
						<content>4.9</content>
					</attRef>
					<attRef name="Max_sdAOA">
						<content>2.762</content>
					</attRef>
					<attRef name="Min_sdAOA">
						<content>1.554</content>
					</attRef>
					<attRef name="sdAOASpan">
						<content>1.208</content>
					</attRef>
					<attRef name="Max_logOralFreq">
						<content>3.694</content>
					</attRef>
					<attRef name="Min_logOralFreq">
						<content>1.041</content>
					</attRef>
					<attRef name="logOralFreqSpan">
						<content>2.653</content>
					</attRef>
					<attRef name="Max_logWrittenFreq">
						<content>3.631</content>
					</attRef>
					<attRef name="Min_logWrittenFreq">
						<content>1.839</content>
					</attRef>
					<attRef name="logWrittenFreqSpan">
						<content>1.792</content>
					</attRef>
					<attRef name="CorAoA">
						<content>-0.0451</content>
					</attRef>
				</param>
			</lg>
			<lg n="3" type="terceto">
				<l n="9" met="-+++-+---+-" enjamb="B-ex_dobj_verb" cert="low">¡Miradla sí -¡de hinojos!- en augusta</l>
				<l n="10" met="+--+---+-+-" enjamb="I-ex_dobj_verb" cert="low">calma imponer la desnudez que asusta!...</l>
				<l n="11" met="--++-+-+++-">¡Dios!... ¡Moved ese cuerpo, dadle un alma!</l>
				<param name="AffectiveFeatures">
					<attRef name="Hap_Mean">
						<content>8.03</content>
					</attRef>
					<attRef name="Hap_SD">
						<content>4.33</content>
					</attRef>
					<attRef name="Ang_Mean">
						<content>6.1</content>
					</attRef>
					<attRef name="Ang_SD">
						<content>3.94</content>
					</attRef>
					<attRef name="Sad_Mean">
						<content>7.84</content>
					</attRef>
					<attRef name="Sad_SD">
						<content>4.4</content>
					</attRef>
					<attRef name="Fear_Mean">
						<content>8.63</content>
					</attRef>
					<attRef name="Fear_SD">
						<content>4.01</content>
					</attRef>
					<attRef name="Disg_Mean">
						<content>5.46</content>
					</attRef>
					<attRef name="Disg_SD">
						<content>3.54</content>
					</attRef>
					<attRef name="n_affective">
						<content>4</content>
					</attRef>
					<attRef name="ValenceMean">
						<content>37.08</content>
					</attRef>
					<attRef name="ValenceSD">
						<content>9.91</content>
					</attRef>
					<attRef name="ArousalMean">
						<content>37.88</content>
					</attRef>
					<attRef name="ArousalSD">
						<content>11.65</content>
					</attRef>
					<attRef name="n_v_a">
						<content>7</content>
					</attRef>
					<attRef name="Max_Aro">
						<content>7.35</content>
					</attRef>
					<attRef name="Min_Aro">
						<content>2.35</content>
					</attRef>
					<attRef name="ArousalSpan">
						<content>5.0</content>
					</attRef>
					<attRef name="Max_Val">
						<content>7.45</content>
					</attRef>
					<attRef name="Min_Val">
						<content>3.1</content>
					</attRef>
					<attRef name="ValenceSpan">
						<content>4.35</content>
					</attRef>
					<attRef name="CorAro">
						<content>0.0497</content>
					</attRef>
					<attRef name="CorVal">
						<content>0.058</content>
					</attRef>
					<attRef name="averageAoA">
						<content>37.66</content>
					</attRef>
					<attRef name="sdAOA">
						<content>10.47</content>
					</attRef>
					<attRef name="MinAoA">
						<content>13.0</content>
					</attRef>
					<attRef name="MaxAoA">
						<content>61.0</content>
					</attRef>
					<attRef name="OralFreq_Log">
						<content>12.1</content>
					</attRef>
					<attRef name="WrittenFreq_Log">
						<content>14.85</content>
					</attRef>
					<attRef name="n_aoa">
						<content>6</content>
					</attRef>
					<attRef name="Max_AoA">
						<content>9.92</content>
					</attRef>
					<attRef name="Min_AoA">
						<content>3.66</content>
					</attRef>
					<attRef name="AoASpan">
						<content>6.26</content>
					</attRef>
					<attRef name="Max_sdAOA">
						<content>2.316</content>
					</attRef>
					<attRef name="Min_sdAOA">
						<content>1.134</content>
					</attRef>
					<attRef name="sdAOASpan">
						<content>1.182</content>
					</attRef>
					<attRef name="Max_logOralFreq">
						<content>2.918</content>
					</attRef>
					<attRef name="Min_logOralFreq">
						<content>0.954</content>
					</attRef>
					<attRef name="logOralFreqSpan">
						<content>1.964</content>
					</attRef>
					<attRef name="Max_logWrittenFreq">
						<content>3.284</content>
					</attRef>
					<attRef name="Min_logWrittenFreq">
						<content>1.301</content>
					</attRef>
					<attRef name="logWrittenFreqSpan">
						<content>1.983</content>
					</attRef>
					<attRef name="CorAoA">
						<content>-0.4858</content>
					</attRef>
				</param>
			</lg>
			<lg n="4" type="terceto">
				<l n="12" met="+--+---+-+-">Ved la grandeza que en su cuerpo duerme...</l>
				<l n="13" met="++++---+-+-">¡Vedlo allá arriba, miserable, inerme,</l>
				<l n="14" met="++-+-+-+-+-">más pobre que un gusano, siempre en calma!</l>
				<param name="AffectiveFeatures">
					<attRef name="Hap_Mean">
						<content>4.7</content>
					</attRef>
					<attRef name="Hap_SD">
						<content>2.14</content>
					</attRef>
					<attRef name="Ang_Mean">
						<content>4.63</content>
					</attRef>
					<attRef name="Ang_SD">
						<content>2.63</content>
					</attRef>
					<attRef name="Sad_Mean">
						<content>7.13</content>
					</attRef>
					<attRef name="Sad_SD">
						<content>2.67</content>
					</attRef>
					<attRef name="Fear_Mean">
						<content>5.1</content>
					</attRef>
					<attRef name="Fear_SD">
						<content>2.74</content>
					</attRef>
					<attRef name="Disg_Mean">
						<content>6.2</content>
					</attRef>
					<attRef name="Disg_SD">
						<content>2.37</content>
					</attRef>
					<attRef name="n_affective">
						<content>3</content>
					</attRef>
					<attRef name="ValenceMean">
						<content>59.46</content>
					</attRef>
					<attRef name="ValenceSD">
						<content>14.54</content>
					</attRef>
					<attRef name="ArousalMean">
						<content>54.86</content>
					</attRef>
					<attRef name="ArousalSD">
						<content>17.18</content>
					</attRef>
					<attRef name="n_v_a">
						<content>11</content>
					</attRef>
					<attRef name="Max_Aro">
						<content>6.45</content>
					</attRef>
					<attRef name="Min_Aro">
						<content>1.75</content>
					</attRef>
					<attRef name="ArousalSpan">
						<content>4.7</content>
					</attRef>
					<attRef name="Max_Val">
						<content>7.45</content>
					</attRef>
					<attRef name="Min_Val">
						<content>2.1</content>
					</attRef>
					<attRef name="ValenceSpan">
						<content>5.35</content>
					</attRef>
					<attRef name="CorAro">
						<content>-0.1246</content>
					</attRef>
					<attRef name="CorVal">
						<content>-0.265</content>
					</attRef>
					<attRef name="averageAoA">
						<content>42.97</content>
					</attRef>
					<attRef name="sdAOA">
						<content>14.69</content>
					</attRef>
					<attRef name="MinAoA">
						<content>13.0</content>
					</attRef>
					<attRef name="MaxAoA">
						<content>78.0</content>
					</attRef>
					<attRef name="OralFreq_Log">
						<content>21.58</content>
					</attRef>
					<attRef name="WrittenFreq_Log">
						<content>24.4</content>
					</attRef>
					<attRef name="n_aoa">
						<content>9</content>
					</attRef>
					<attRef name="Max_AoA">
						<content>7.98</content>
					</attRef>
					<attRef name="Min_AoA">
						<content>2.72</content>
					</attRef>
					<attRef name="AoASpan">
						<content>5.26</content>
					</attRef>
					<attRef name="Max_sdAOA">
						<content>2.114</content>
					</attRef>
					<attRef name="Min_sdAOA">
						<content>1.373</content>
					</attRef>
					<attRef name="sdAOASpan">
						<content>0.741</content>
					</attRef>
					<attRef name="Max_logOralFreq">
						<content>3.724</content>
					</attRef>
					<attRef name="Min_logOralFreq">
						<content>0.602</content>
					</attRef>
					<attRef name="logOralFreqSpan">
						<content>3.122</content>
					</attRef>
					<attRef name="Max_logWrittenFreq">
						<content>3.685</content>
					</attRef>
					<attRef name="Min_logWrittenFreq">
						<content>1.398</content>
					</attRef>
					<attRef name="logWrittenFreqSpan">
						<content>2.287</content>
					</attRef>
					<attRef name="CorAoA">
						<content>0.4932</content>
					</attRef>
				</param>
			</lg>
			<param name="AffectiveFeatures">
				<attRef name="Hap_Mean">
					<content>27.08</content>
				</attRef>
				<attRef name="Hap_SD">
					<content>12.28</content>
				</attRef>
				<attRef name="Ang_Mean">
					<content>24.63</content>
				</attRef>
				<attRef name="Ang_SD">
					<content>14.65</content>
				</attRef>
				<attRef name="Sad_Mean">
					<content>29.63</content>
				</attRef>
				<attRef name="Sad_SD">
					<content>15.39</content>
				</attRef>
				<attRef name="Fear_Mean">
					<content>30.26</content>
				</attRef>
				<attRef name="Fear_SD">
					<content>14.82</content>
				</attRef>
				<attRef name="Disg_Mean">
					<content>22.38</content>
				</attRef>
				<attRef name="Disg_SD">
					<content>12.55</content>
				</attRef>
				<attRef name="n_affective">
					<content>14</content>
				</attRef>
				<attRef name="ValenceMean">
					<content>200.43</content>
				</attRef>
				<attRef name="ValenceSD">
					<content>48.55</content>
				</attRef>
				<attRef name="ArousalMean">
					<content>200.52</content>
				</attRef>
				<attRef name="ArousalSD">
					<content>60.0</content>
				</attRef>
				<attRef name="n_v_a">
					<content>38</content>
				</attRef>
				<attRef name="Max_Aro">
					<content>7.35</content>
				</attRef>
				<attRef name="Min_Aro">
					<content>1.75</content>
				</attRef>
				<attRef name="ArousalSpan">
					<content>5.6</content>
				</attRef>
				<attRef name="Max_Val">
					<content>7.88</content>
				</attRef>
				<attRef name="Min_Val">
					<content>2.1</content>
				</attRef>
				<attRef name="ValenceSpan">
					<content>5.78</content>
				</attRef>
				<attRef name="CorAro">
					<content>-0.0907</content>
				</attRef>
				<attRef name="CorVal">
					<content>0.0768</content>
				</attRef>
				<attRef name="averageAoA">
					<content>180.81</content>
				</attRef>
				<attRef name="sdAOA">
					<content>60.96</content>
				</attRef>
				<attRef name="MinAoA">
					<content>56.0</content>
				</attRef>
				<attRef name="MaxAoA">
					<content>307.0</content>
				</attRef>
				<attRef name="OralFreq_Log">
					<content>72.74</content>
				</attRef>
				<attRef name="WrittenFreq_Log">
					<content>84.16</content>
				</attRef>
				<attRef name="n_aoa">
					<content>32</content>
				</attRef>
				<attRef name="Max_AoA">
					<content>9.92</content>
				</attRef>
				<attRef name="Min_AoA">
					<content>2.72</content>
				</attRef>
				<attRef name="AoASpan">
					<content>7.2</content>
				</attRef>
				<attRef name="Max_sdAOA">
					<content>2.906</content>
				</attRef>
				<attRef name="Min_sdAOA">
					<content>1.134</content>
				</attRef>
				<attRef name="sdAOASpan">
					<content>1.772</content>
				</attRef>
				<attRef name="Max_logOralFreq">
					<content>3.724</content>
				</attRef>
				<attRef name="Min_logOralFreq">
					<content>0.301</content>
				</attRef>
				<attRef name="logOralFreqSpan">
					<content>3.423</content>
				</attRef>
				<attRef name="Max_logWrittenFreq">
					<content>3.685</content>
				</attRef>
				<attRef name="Min_logWrittenFreq">
					<content>1.301</content>
				</attRef>
				<attRef name="logWrittenFreqSpan">
					<content>2.384</content>
				</attRef>
				<attRef name="CorAoA">
					<content>-0.1531</content>
				</attRef>
			</param>
		</body>
	</text>
</TEI>