<?xml version="1.0" encoding="utf-8"?>
<TEI xmlns="http://www.tei-c.org/ns/1.0">
	<teiHeader>
		<fileDesc>
			<titleStmt about="disco:po_321n1048">
				<title property="dc:title">Florecimiento</title>
				<author property="dc:creator" resource="disco:321n" corresp="#disco_321n">Delmira Agustini</author>
				<principal xml:id="prf">Pablo Ruiz Fabo</principal>
				<principal xml:id="heb">Helena Bermúdez Sabel</principal>
				<principal xml:id="jct">José Calvo Tello</principal>
				<principal xml:id="cimc">Clara Isabel Martínez Cantón</principal>
				<respStmt>
					<resp>Metrical annotation by</resp>
					<name xml:id="bnc">Borja Navarro Colorado</name>
				</respStmt>
			</titleStmt>
			<extent>
				<measure unit="sonnets">1</measure>
				<measure unit="tokens">90</measure>
				<measure unit="line">14</measure>
			</extent>
			<publicationStmt>
				<publisher>Diachronic Spanish Sonnet Corpus</publisher>
				<authority>POSTDATA Project</authority>
				<pubPlace>Madrid</pubPlace>
				<availability status="free">
					<p>The text is freely available</p>
				</availability>
				<date when="2017">2017</date>
				<idno type="#disco" xml:id="file_po_321n1048"></idno>
			</publicationStmt>
			<sourceDesc>
				<bibl type="digital-source">
					<hi rend="italics">Sonetos del siglo XIX</hi>
					<date when="2006">2006</date>
					<ref target="http://www.cervantesvirtual.com/nd/ark:/59851/bmc4q861"></ref>
					<ref target="http://www.cervantesvirtual.com/obra/sonetos-del-siglo-xix--0/"></ref>
Biblioteca Cervantes Virtual,  / editados por Ramón García González, , , .				</bibl>
			</sourceDesc>
		</fileDesc>
		<profileDesc>
			<langUsage>
				<language ident="es" about="disco:po_321n1048" property="dc:language" resource="dbpedia:Idioma_español">Spanish</language>
			</langUsage>
			<particDesc>
				<listPerson>
					<person xml:id="disco_321n" about="disco:321n" typeOf="foaf:Person">
						<idno cert="high" property="rdfs:seeAlso" resource="https://viaf.org/viaf/72187462"></idno>
						<persName type="short">Agustini</persName>
						<persName type="full">
							<forename property="foaf:givenName">Delmira</forename>
							<surname property="foaf:familyName">Agustini</surname>
						</persName>
						<persName type="source" property="foaf:name">Delmira Agustini</persName>
						<sex property="foaf:gender" content="F"></sex>
						<birth>
							<location>
								<placeName>
									<settlement property="schema:birthPlace" inlist="">Montevideo</settlement>
									<country property="schema:birthPlace" inlist="">Uruguay</country>
									<bloc property="schema:birthPlace" inlist="">América</bloc>
								</placeName>
							</location>
							<date property="schema:birthDate" content="1886" cert="high"></date>
							<date type="century">19</date>
						</birth>
						<death>
							<country property="schema:deathPlace" inlist="">Uruguay</country>
							<bloc property="schema:deathPlace" inlist="">América</bloc>
							<date property="schema:deathDate" content="1914" cert="high"></date>
							<date type="century">20</date>
						</death>
						<listBibl inlist="" rel="blterms:hasCreated" typeOf="schema:CreativeWork">
							<bibl resource="disco:s321n1048">
								<title property="dc:title">Florecimiento</title>
								<title type="incipit" property="dc:alternative">La noche entró en la sal adormecida</title>
							</bibl>
						</listBibl>
					</person>
				</listPerson>
			</particDesc>
		</profileDesc>
		<encodingDesc>
			<listPrefixDef>
				<prefixDef ident="foaf" matchPattern="([A-Za-z]+)" replacementPattern="http://xmlns.com/foaf/0.1/$1"></prefixDef>
				<prefixDef ident="dc" matchPattern="([A-Za-z]+)" replacementPattern="http://purl.org/dc/terms/$1"></prefixDef>
				<prefixDef ident="schema" matchPattern="([A-Za-z]+)" replacementPattern="http://schema.org/$1"></prefixDef>
				<prefixDef ident="dbpedia" matchPattern="([A-Za-z]+(_[A-Za-z])*)" replacementPattern="http://es.dbpedia.org/page/"></prefixDef>
				<prefixDef ident="blterms" matchPattern="([A-Za-z]+)" replacementPattern="http://www.bl.uk/schemas/bibliographic/blterms#$1"></prefixDef>
				<prefixDef ident="rdfs" matchPattern="([A-Za-z]+)" replacementPattern="http://www.w3.org/2000/01/rdf-schema#$1"></prefixDef>
			</listPrefixDef>
			<metDecl type="met" pattern="((\+|\-)+)*">
				<metSym value="+">stressed syllable</metSym>
				<metSym value="-">unstressed syllable</metSym>
			</metDecl>
			<metDecl type="met">
				<p>
					<ref target="https://github.com/bncolorado/adsoScansionSystem">ADSO</ref>
The metrical patterns were extracted automatically using the 
                    tool.				</p>
			</metDecl>
			<metDecl type="enjamb">
				<p>
					<att>enjamb</att>
					<att>cert</att>
					<ref target="https://sites.google.com/site/spanishenjambment/">ANJA
                        (Automatic eNJambment Analysis)</ref>
					<ref target="https://sites.google.com/site/spanishenjambment/enjambment-types">documentation</ref>
					<ref target="https://sites.google.com/site/spanishenjambment/tei-certitude-values">report</ref>
The values of the  atributes were extracted automatically using
                    the  tool. For more information about the
                    types of enjambment as defined in this corpus, read the . In addition, a  was added to express the
                    degree of certainty concerning the characterisation of the enjambment. The following 
                     covers this feature in deep detail.				</p>
			</metDecl>
		</encodingDesc>
		<revisionDesc>
			<change when="2017-11-02" who="#prf">Initial TEI version</change>
			<change when="2017-11-27" who="#prf">Addition of metrical annotation</change>
			<change when="2017-11-27" who="#heb">Review of authors’ metadata</change>
			<change when="2017-12-01" who="#prf">Encoding of enjambment</change>
			<change when="2017-12-01" who="#heb">Publication of 19th, 18th and Golden Age version</change>
			<change when="2018-05-16" who="#heb">Revision of RDFa attributes</change>
		</revisionDesc>
	</teiHeader>
	<text>
		<front>
			<head>Florecimiento</head>
		</front>
		<body>
			<lg n="1" type="serventesio">
				<l n="1" met="-+-+-+---+-">La noche entró en la sal adormecida</l>
				<l n="2" met="--+--+-+-+-">arrastrando el silencio a pasos lentos...</l>
				<l n="3" met="-+-+++-+-+-" enjamb="B-pb_adj_noun" cert="medium">Los sueños son tan quedos, que una herida</l>
				<l n="4" met="-+--+----+-" enjamb="B-ex_subj_verb I-pb_adj_noun" cert="low medium">sangrar se oiría. Rueda en los momentos</l>
				<param name="AffectiveFeatures">
					<attRef name="Hap_Mean">
						<content>8.09</content>
					</attRef>
					<attRef name="Hap_SD">
						<content>3.75</content>
					</attRef>
					<attRef name="Ang_Mean">
						<content>7.12</content>
					</attRef>
					<attRef name="Ang_SD">
						<content>4.35</content>
					</attRef>
					<attRef name="Sad_Mean">
						<content>9.05</content>
					</attRef>
					<attRef name="Sad_SD">
						<content>4.33</content>
					</attRef>
					<attRef name="Fear_Mean">
						<content>8.03</content>
					</attRef>
					<attRef name="Fear_SD">
						<content>4.52</content>
					</attRef>
					<attRef name="Disg_Mean">
						<content>6.48</content>
					</attRef>
					<attRef name="Disg_SD">
						<content>3.84</content>
					</attRef>
					<attRef name="n_affective">
						<content>4</content>
					</attRef>
					<attRef name="ValenceMean">
						<content>77.67</content>
					</attRef>
					<attRef name="ValenceSD">
						<content>20.77</content>
					</attRef>
					<attRef name="ArousalMean">
						<content>73.3</content>
					</attRef>
					<attRef name="ArousalSD">
						<content>24.97</content>
					</attRef>
					<attRef name="n_v_a">
						<content>15</content>
					</attRef>
					<attRef name="Max_Aro">
						<content>7.55</content>
					</attRef>
					<attRef name="Min_Aro">
						<content>2.0</content>
					</attRef>
					<attRef name="ArousalSpan">
						<content>5.55</content>
					</attRef>
					<attRef name="Max_Val">
						<content>6.7</content>
					</attRef>
					<attRef name="Min_Val">
						<content>1.85</content>
					</attRef>
					<attRef name="ValenceSpan">
						<content>4.85</content>
					</attRef>
					<attRef name="CorAro">
						<content>0.1741</content>
					</attRef>
					<attRef name="CorVal">
						<content>-0.0854</content>
					</attRef>
					<attRef name="averageAoA">
						<content>56.04</content>
					</attRef>
					<attRef name="sdAOA">
						<content>24.85</content>
					</attRef>
					<attRef name="MinAoA">
						<content>14.33</content>
					</attRef>
					<attRef name="MaxAoA">
						<content>122.33</content>
					</attRef>
					<attRef name="OralFreq_Log">
						<content>31.8</content>
					</attRef>
					<attRef name="WrittenFreq_Log">
						<content>35.32</content>
					</attRef>
					<attRef name="n_aoa">
						<content>13</content>
					</attRef>
					<attRef name="Max_AoA">
						<content>5.92</content>
					</attRef>
					<attRef name="Min_AoA">
						<content>3.22</content>
					</attRef>
					<attRef name="AoASpan">
						<content>2.7</content>
					</attRef>
					<attRef name="Max_sdAOA">
						<content>2.488</content>
					</attRef>
					<attRef name="Min_sdAOA">
						<content>1.333</content>
					</attRef>
					<attRef name="sdAOASpan">
						<content>1.155</content>
					</attRef>
					<attRef name="Max_logOralFreq">
						<content>3.515</content>
					</attRef>
					<attRef name="Min_logOralFreq">
						<content>1.399</content>
					</attRef>
					<attRef name="logOralFreqSpan">
						<content>2.116</content>
					</attRef>
					<attRef name="Max_logWrittenFreq">
						<content>3.783</content>
					</attRef>
					<attRef name="Min_logWrittenFreq">
						<content>1.6230000000000002</content>
					</attRef>
					<attRef name="logWrittenFreqSpan">
						<content>2.16</content>
					</attRef>
					<attRef name="CorAoA">
						<content>0.7394</content>
					</attRef>
				</param>
			</lg>
			<lg n="2" type="serventesio">
				<l n="5" met="+--+-+---+-" enjamb="B-ex_subj_verb I-ex_subj_verb" cert="low low">una palabra insólita, caída</l>
				<l n="6" met="-++--+---+-" enjamb="B-pb_adj_noun I-ex_subj_verb" cert="medium low">como una hoja de otoño... Pensamientos</l>
				<l n="7" met="+-+--+---+-" enjamb="B-ex_dobj_verb I-pb_adj_noun" cert="low medium">suaves tocan mi frente dolorida</l>
				<l n="8" met="++-+---+-+-" enjamb="B-pb_adj_noun I-ex_dobj_verb" cert="medium low">tal manos frescas, ¡ah!... ¿por qué tormentos</l>
				<param name="AffectiveFeatures">
					<attRef name="Hap_Mean">
						<content>13.44</content>
					</attRef>
					<attRef name="Hap_SD">
						<content>7.25</content>
					</attRef>
					<attRef name="Ang_Mean">
						<content>8.93</content>
					</attRef>
					<attRef name="Ang_SD">
						<content>3.86</content>
					</attRef>
					<attRef name="Sad_Mean">
						<content>12.0</content>
					</attRef>
					<attRef name="Sad_SD">
						<content>6.06</content>
					</attRef>
					<attRef name="Fear_Mean">
						<content>10.06</content>
					</attRef>
					<attRef name="Fear_SD">
						<content>4.47</content>
					</attRef>
					<attRef name="Disg_Mean">
						<content>7.67</content>
					</attRef>
					<attRef name="Disg_SD">
						<content>3.56</content>
					</attRef>
					<attRef name="n_affective">
						<content>6</content>
					</attRef>
					<attRef name="ValenceMean">
						<content>70.17</content>
					</attRef>
					<attRef name="ValenceSD">
						<content>16.6</content>
					</attRef>
					<attRef name="ArousalMean">
						<content>64.93</content>
					</attRef>
					<attRef name="ArousalSD">
						<content>18.63</content>
					</attRef>
					<attRef name="n_v_a">
						<content>13</content>
					</attRef>
					<attRef name="Max_Aro">
						<content>6.9</content>
					</attRef>
					<attRef name="Min_Aro">
						<content>2.7</content>
					</attRef>
					<attRef name="ArousalSpan">
						<content>4.2</content>
					</attRef>
					<attRef name="Max_Val">
						<content>7.4</content>
					</attRef>
					<attRef name="Min_Val">
						<content>2.45</content>
					</attRef>
					<attRef name="ValenceSpan">
						<content>4.95</content>
					</attRef>
					<attRef name="CorAro">
						<content>0.1693</content>
					</attRef>
					<attRef name="CorVal">
						<content>-0.1963</content>
					</attRef>
					<attRef name="averageAoA">
						<content>61.56</content>
					</attRef>
					<attRef name="sdAOA">
						<content>24.65</content>
					</attRef>
					<attRef name="MinAoA">
						<content>16.0</content>
					</attRef>
					<attRef name="MaxAoA">
						<content>116.0</content>
					</attRef>
					<attRef name="OralFreq_Log">
						<content>25.18</content>
					</attRef>
					<attRef name="WrittenFreq_Log">
						<content>30.11</content>
					</attRef>
					<attRef name="n_aoa">
						<content>12</content>
					</attRef>
					<attRef name="Max_AoA">
						<content>9.14</content>
					</attRef>
					<attRef name="Min_AoA">
						<content>2.22</content>
					</attRef>
					<attRef name="AoASpan">
						<content>6.92</content>
					</attRef>
					<attRef name="Max_sdAOA">
						<content>3.439</content>
					</attRef>
					<attRef name="Min_sdAOA">
						<content>1.234</content>
					</attRef>
					<attRef name="sdAOASpan">
						<content>2.205</content>
					</attRef>
					<attRef name="Max_logOralFreq">
						<content>3.403</content>
					</attRef>
					<attRef name="Min_logOralFreq">
						<content>0.477</content>
					</attRef>
					<attRef name="logOralFreqSpan">
						<content>2.926</content>
					</attRef>
					<attRef name="Max_logWrittenFreq">
						<content>3.3360000000000003</content>
					</attRef>
					<attRef name="Min_logWrittenFreq">
						<content>1.591</content>
					</attRef>
					<attRef name="logWrittenFreqSpan">
						<content>1.745</content>
					</attRef>
					<attRef name="CorAoA">
						<content>0.4289</content>
					</attRef>
				</param>
			</lg>
			<lg n="3" type="terceto">
				<l n="9" met="--+--+---+-" enjamb="B-pb_verb_adv I-pb_adj_noun" cert="medium medium">misteriosos los rostros palidecen</l>
				<l n="10" met="+-+--+-+-+-" enjamb="I-pb_verb_adv" cert="medium">dulcemente?... Tus ojos me parecen</l>
				<l n="11" met="+-+--+---+-">dos semillas de luz entre las sombra,</l>
				<param name="AffectiveFeatures">
					<attRef name="Hap_Mean">
						<content>1.3</content>
					</attRef>
					<attRef name="Hap_SD">
						<content>0.88</content>
					</attRef>
					<attRef name="Ang_Mean">
						<content>1.33</content>
					</attRef>
					<attRef name="Ang_SD">
						<content>0.88</content>
					</attRef>
					<attRef name="Sad_Mean">
						<content>1.9</content>
					</attRef>
					<attRef name="Sad_SD">
						<content>1.24</content>
					</attRef>
					<attRef name="Fear_Mean">
						<content>2.37</content>
					</attRef>
					<attRef name="Fear_SD">
						<content>1.27</content>
					</attRef>
					<attRef name="Disg_Mean">
						<content>1.17</content>
					</attRef>
					<attRef name="Disg_SD">
						<content>0.59</content>
					</attRef>
					<attRef name="n_affective">
						<content>1</content>
					</attRef>
					<attRef name="ValenceMean">
						<content>51.36</content>
					</attRef>
					<attRef name="ValenceSD">
						<content>11.98</content>
					</attRef>
					<attRef name="ArousalMean">
						<content>46.16</content>
					</attRef>
					<attRef name="ArousalSD">
						<content>14.04</content>
					</attRef>
					<attRef name="n_v_a">
						<content>9</content>
					</attRef>
					<attRef name="Max_Aro">
						<content>7.15</content>
					</attRef>
					<attRef name="Min_Aro">
						<content>4.2</content>
					</attRef>
					<attRef name="ArousalSpan">
						<content>2.95</content>
					</attRef>
					<attRef name="Max_Val">
						<content>7.1</content>
					</attRef>
					<attRef name="Min_Val">
						<content>3.56</content>
					</attRef>
					<attRef name="ValenceSpan">
						<content>3.54</content>
					</attRef>
					<attRef name="CorAro">
						<content>-0.5518</content>
					</attRef>
					<attRef name="CorVal">
						<content>0.3192</content>
					</attRef>
					<attRef name="averageAoA">
						<content>31.82</content>
					</attRef>
					<attRef name="sdAOA">
						<content>13.08</content>
					</attRef>
					<attRef name="MinAoA">
						<content>10.0</content>
					</attRef>
					<attRef name="MaxAoA">
						<content>62.0</content>
					</attRef>
					<attRef name="OralFreq_Log">
						<content>14.93</content>
					</attRef>
					<attRef name="WrittenFreq_Log">
						<content>18.97</content>
					</attRef>
					<attRef name="n_aoa">
						<content>7</content>
					</attRef>
					<attRef name="Max_AoA">
						<content>6.86</content>
					</attRef>
					<attRef name="Min_AoA">
						<content>2.24</content>
					</attRef>
					<attRef name="AoASpan">
						<content>4.62</content>
					</attRef>
					<attRef name="Max_sdAOA">
						<content>2.695</content>
					</attRef>
					<attRef name="Min_sdAOA">
						<content>1.098</content>
					</attRef>
					<attRef name="sdAOASpan">
						<content>1.597</content>
					</attRef>
					<attRef name="Max_logOralFreq">
						<content>3.813</content>
					</attRef>
					<attRef name="Min_logOralFreq">
						<content>0.778</content>
					</attRef>
					<attRef name="logOralFreqSpan">
						<content>3.035</content>
					</attRef>
					<attRef name="Max_logWrittenFreq">
						<content>3.869</content>
					</attRef>
					<attRef name="Min_logWrittenFreq">
						<content>1.544</content>
					</attRef>
					<attRef name="logWrittenFreqSpan">
						<content>2.325</content>
					</attRef>
					<attRef name="CorAoA">
						<content>-0.3685</content>
					</attRef>
				</param>
			</lg>
			<lg n="4" type="terceto">
				<l n="12" met="+-+-++---+-">y hay en mi alma un gran florecimiento</l>
				<l n="13" met="-+-+---+-+-">si en mí los fijas; si los bajas, siento</l>
				<l n="14" met="---+---+-+-">como si fuera a florecer la alfombra.</l>
				<param name="AffectiveFeatures">
					<attRef name="Hap_Mean">
						<content>9.71</content>
					</attRef>
					<attRef name="Hap_SD">
						<content>4.12</content>
					</attRef>
					<attRef name="Ang_Mean">
						<content>6.19</content>
					</attRef>
					<attRef name="Ang_SD">
						<content>3.56</content>
					</attRef>
					<attRef name="Sad_Mean">
						<content>6.77</content>
					</attRef>
					<attRef name="Sad_SD">
						<content>3.81</content>
					</attRef>
					<attRef name="Fear_Mean">
						<content>6.64</content>
					</attRef>
					<attRef name="Fear_SD">
						<content>3.32</content>
					</attRef>
					<attRef name="Disg_Mean">
						<content>6.93</content>
					</attRef>
					<attRef name="Disg_SD">
						<content>3.65</content>
					</attRef>
					<attRef name="n_affective">
						<content>4</content>
					</attRef>
					<attRef name="ValenceMean">
						<content>51.7</content>
					</attRef>
					<attRef name="ValenceSD">
						<content>9.45</content>
					</attRef>
					<attRef name="ArousalMean">
						<content>36.35</content>
					</attRef>
					<attRef name="ArousalSD">
						<content>15.44</content>
					</attRef>
					<attRef name="n_v_a">
						<content>8</content>
					</attRef>
					<attRef name="Max_Aro">
						<content>5.5</content>
					</attRef>
					<attRef name="Min_Aro">
						<content>3.65</content>
					</attRef>
					<attRef name="ArousalSpan">
						<content>1.85</content>
					</attRef>
					<attRef name="Max_Val">
						<content>7.95</content>
					</attRef>
					<attRef name="Min_Val">
						<content>5.25</content>
					</attRef>
					<attRef name="ValenceSpan">
						<content>2.7</content>
					</attRef>
					<attRef name="CorAro">
						<content>-0.4284</content>
					</attRef>
					<attRef name="CorVal">
						<content>-0.0254</content>
					</attRef>
					<attRef name="averageAoA">
						<content>46.74</content>
					</attRef>
					<attRef name="sdAOA">
						<content>16.63</content>
					</attRef>
					<attRef name="MinAoA">
						<content>16.0</content>
					</attRef>
					<attRef name="MaxAoA">
						<content>85.0</content>
					</attRef>
					<attRef name="OralFreq_Log">
						<content>26.37</content>
					</attRef>
					<attRef name="WrittenFreq_Log">
						<content>29.09</content>
					</attRef>
					<attRef name="n_aoa">
						<content>10</content>
					</attRef>
					<attRef name="Max_AoA">
						<content>7.34</content>
					</attRef>
					<attRef name="Min_AoA">
						<content>1.64</content>
					</attRef>
					<attRef name="AoASpan">
						<content>5.7</content>
					</attRef>
					<attRef name="Max_sdAOA">
						<content>2.316</content>
					</attRef>
					<attRef name="Min_sdAOA">
						<content>0.921</content>
					</attRef>
					<attRef name="sdAOASpan">
						<content>1.395</content>
					</attRef>
					<attRef name="Max_logOralFreq">
						<content>4.152</content>
					</attRef>
					<attRef name="Min_logOralFreq">
						<content>0.699</content>
					</attRef>
					<attRef name="logOralFreqSpan">
						<content>3.453</content>
					</attRef>
					<attRef name="Max_logWrittenFreq">
						<content>4.003</content>
					</attRef>
					<attRef name="Min_logWrittenFreq">
						<content>1.146</content>
					</attRef>
					<attRef name="logWrittenFreqSpan">
						<content>2.857</content>
					</attRef>
					<attRef name="CorAoA">
						<content>-0.1551</content>
					</attRef>
				</param>
			</lg>
			<param name="AffectiveFeatures">
				<attRef name="Hap_Mean">
					<content>32.54</content>
				</attRef>
				<attRef name="Hap_SD">
					<content>16.0</content>
				</attRef>
				<attRef name="Ang_Mean">
					<content>23.57</content>
				</attRef>
				<attRef name="Ang_SD">
					<content>12.65</content>
				</attRef>
				<attRef name="Sad_Mean">
					<content>29.71</content>
				</attRef>
				<attRef name="Sad_SD">
					<content>15.44</content>
				</attRef>
				<attRef name="Fear_Mean">
					<content>27.1</content>
				</attRef>
				<attRef name="Fear_SD">
					<content>13.58</content>
				</attRef>
				<attRef name="Disg_Mean">
					<content>22.25</content>
				</attRef>
				<attRef name="Disg_SD">
					<content>11.64</content>
				</attRef>
				<attRef name="n_affective">
					<content>15</content>
				</attRef>
				<attRef name="ValenceMean">
					<content>250.9</content>
				</attRef>
				<attRef name="ValenceSD">
					<content>58.8</content>
				</attRef>
				<attRef name="ArousalMean">
					<content>220.74</content>
				</attRef>
				<attRef name="ArousalSD">
					<content>73.08</content>
				</attRef>
				<attRef name="n_v_a">
					<content>45</content>
				</attRef>
				<attRef name="Max_Aro">
					<content>7.55</content>
				</attRef>
				<attRef name="Min_Aro">
					<content>2.0</content>
				</attRef>
				<attRef name="ArousalSpan">
					<content>5.55</content>
				</attRef>
				<attRef name="Max_Val">
					<content>7.95</content>
				</attRef>
				<attRef name="Min_Val">
					<content>1.85</content>
				</attRef>
				<attRef name="ValenceSpan">
					<content>6.1</content>
				</attRef>
				<attRef name="CorAro">
					<content>-0.0429</content>
				</attRef>
				<attRef name="CorVal">
					<content>0.2701</content>
				</attRef>
				<attRef name="averageAoA">
					<content>196.16</content>
				</attRef>
				<attRef name="sdAOA">
					<content>79.23</content>
				</attRef>
				<attRef name="MinAoA">
					<content>56.33</content>
				</attRef>
				<attRef name="MaxAoA">
					<content>385.33</content>
				</attRef>
				<attRef name="OralFreq_Log">
					<content>98.28</content>
				</attRef>
				<attRef name="WrittenFreq_Log">
					<content>113.48</content>
				</attRef>
				<attRef name="n_aoa">
					<content>42</content>
				</attRef>
				<attRef name="Max_AoA">
					<content>9.14</content>
				</attRef>
				<attRef name="Min_AoA">
					<content>1.64</content>
				</attRef>
				<attRef name="AoASpan">
					<content>7.5</content>
				</attRef>
				<attRef name="Max_sdAOA">
					<content>3.439</content>
				</attRef>
				<attRef name="Min_sdAOA">
					<content>0.921</content>
				</attRef>
				<attRef name="sdAOASpan">
					<content>2.518</content>
				</attRef>
				<attRef name="Max_logOralFreq">
					<content>4.152</content>
				</attRef>
				<attRef name="Min_logOralFreq">
					<content>0.477</content>
				</attRef>
				<attRef name="logOralFreqSpan">
					<content>3.675</content>
				</attRef>
				<attRef name="Max_logWrittenFreq">
					<content>4.003</content>
				</attRef>
				<attRef name="Min_logWrittenFreq">
					<content>1.146</content>
				</attRef>
				<attRef name="logWrittenFreqSpan">
					<content>2.857</content>
				</attRef>
				<attRef name="CorAoA">
					<content>0.1019</content>
				</attRef>
			</param>
		</body>
	</text>
</TEI>