<?xml version="1.0" encoding="utf-8"?>
<TEI xmlns="http://www.tei-c.org/ns/1.0">
	<teiHeader>
		<fileDesc>
			<titleStmt about="disco:po_321n1065">
				<title property="dc:title">Medio ambiente</title>
				<author property="dc:creator" resource="disco:321n" corresp="#disco_321n">Delmira Agustini</author>
				<principal xml:id="prf">Pablo Ruiz Fabo</principal>
				<principal xml:id="heb">Helena Bermúdez Sabel</principal>
				<principal xml:id="jct">José Calvo Tello</principal>
				<principal xml:id="cimc">Clara Isabel Martínez Cantón</principal>
				<respStmt>
					<resp>Metrical annotation by</resp>
					<name xml:id="bnc">Borja Navarro Colorado</name>
				</respStmt>
			</titleStmt>
			<extent>
				<measure unit="sonnets">1</measure>
				<measure unit="tokens">176</measure>
				<measure unit="line">20</measure>
			</extent>
			<publicationStmt>
				<publisher>Diachronic Spanish Sonnet Corpus</publisher>
				<authority>POSTDATA Project</authority>
				<pubPlace>Madrid</pubPlace>
				<availability status="free">
					<p>The text is freely available</p>
				</availability>
				<date when="2017">2017</date>
				<idno type="#disco" xml:id="file_po_321n1065"></idno>
			</publicationStmt>
			<sourceDesc>
				<bibl type="digital-source">
					<hi rend="italics">Sonetos del siglo XIX</hi>
					<date when="2006">2006</date>
					<ref target="http://www.cervantesvirtual.com/nd/ark:/59851/bmc4q861"></ref>
					<ref target="http://www.cervantesvirtual.com/obra/sonetos-del-siglo-xix--0/"></ref>
Biblioteca Cervantes Virtual,  / editados por Ramón García González, , , .				</bibl>
			</sourceDesc>
		</fileDesc>
		<profileDesc>
			<langUsage>
				<language ident="es" about="disco:po_321n1065" property="dc:language" resource="dbpedia:Idioma_español">Spanish</language>
			</langUsage>
			<particDesc>
				<listPerson>
					<person xml:id="disco_321n" about="disco:321n" typeOf="foaf:Person">
						<idno cert="high" property="rdfs:seeAlso" resource="https://viaf.org/viaf/72187462"></idno>
						<persName type="short">Agustini</persName>
						<persName type="full">
							<forename property="foaf:givenName">Delmira</forename>
							<surname property="foaf:familyName">Agustini</surname>
						</persName>
						<persName type="source" property="foaf:name">Delmira Agustini</persName>
						<sex property="foaf:gender" content="F"></sex>
						<birth>
							<location>
								<placeName>
									<settlement property="schema:birthPlace" inlist="">Montevideo</settlement>
									<country property="schema:birthPlace" inlist="">Uruguay</country>
									<bloc property="schema:birthPlace" inlist="">América</bloc>
								</placeName>
							</location>
							<date property="schema:birthDate" content="1886" cert="high"></date>
							<date type="century">19</date>
						</birth>
						<death>
							<country property="schema:deathPlace" inlist="">Uruguay</country>
							<bloc property="schema:deathPlace" inlist="">América</bloc>
							<date property="schema:deathDate" content="1914" cert="high"></date>
							<date type="century">20</date>
						</death>
						<listBibl inlist="" rel="blterms:hasCreated" typeOf="schema:CreativeWork">
							<bibl resource="disco:s321n1065">
								<title property="dc:title">Medio ambiente</title>
								<title type="incipit" property="dc:alternative">Mi buen amigo el noble Juan de Dios, compañero</title>
							</bibl>
						</listBibl>
					</person>
				</listPerson>
			</particDesc>
		</profileDesc>
		<encodingDesc>
			<listPrefixDef>
				<prefixDef ident="foaf" matchPattern="([A-Za-z]+)" replacementPattern="http://xmlns.com/foaf/0.1/$1"></prefixDef>
				<prefixDef ident="dc" matchPattern="([A-Za-z]+)" replacementPattern="http://purl.org/dc/terms/$1"></prefixDef>
				<prefixDef ident="schema" matchPattern="([A-Za-z]+)" replacementPattern="http://schema.org/$1"></prefixDef>
				<prefixDef ident="dbpedia" matchPattern="([A-Za-z]+(_[A-Za-z])*)" replacementPattern="http://es.dbpedia.org/page/"></prefixDef>
				<prefixDef ident="blterms" matchPattern="([A-Za-z]+)" replacementPattern="http://www.bl.uk/schemas/bibliographic/blterms#$1"></prefixDef>
				<prefixDef ident="rdfs" matchPattern="([A-Za-z]+)" replacementPattern="http://www.w3.org/2000/01/rdf-schema#$1"></prefixDef>
			</listPrefixDef>
			<metDecl type="met" pattern="((\+|\-)+)*">
				<metSym value="+">stressed syllable</metSym>
				<metSym value="-">unstressed syllable</metSym>
			</metDecl>
			<metDecl type="met">
				<p>
					<ref target="https://github.com/bncolorado/adsoScansionSystem">ADSO</ref>
The metrical patterns were extracted automatically using the 
                    tool.				</p>
			</metDecl>
			<metDecl type="enjamb">
				<p>
					<att>enjamb</att>
					<att>cert</att>
					<ref target="https://sites.google.com/site/spanishenjambment/">ANJA
                        (Automatic eNJambment Analysis)</ref>
					<ref target="https://sites.google.com/site/spanishenjambment/enjambment-types">documentation</ref>
					<ref target="https://sites.google.com/site/spanishenjambment/tei-certitude-values">report</ref>
The values of the  atributes were extracted automatically using
                    the  tool. For more information about the
                    types of enjambment as defined in this corpus, read the . In addition, a  was added to express the
                    degree of certainty concerning the characterisation of the enjambment. The following 
                     covers this feature in deep detail.				</p>
			</metDecl>
		</encodingDesc>
		<revisionDesc>
			<change when="2017-11-02" who="#prf">Initial TEI version</change>
			<change when="2017-11-27" who="#prf">Addition of metrical annotation</change>
			<change when="2017-11-27" who="#heb">Review of authors’ metadata</change>
			<change when="2017-12-01" who="#prf">Encoding of enjambment</change>
			<change when="2017-12-01" who="#heb">Publication of 19th, 18th and Golden Age version</change>
			<change when="2018-05-16" who="#heb">Revision of RDFa attributes</change>
		</revisionDesc>
	</teiHeader>
	<text>
		<front>
			<head>Medio ambiente</head>
		</front>
		<body>
			<lg n="1" type="serventesio">
				<l n="1" met="-+-+-+--+---+-" enjamb="B-pb_noun_prep" cert="medium">Mi buen amigo el noble Juan de Dios, compañero</l>
				<l n="2" met="---+-+----+-+-" enjamb="I-pb_noun_prep" cert="medium">de mis alegres años de juventud, ayer</l>
				<l n="3" met="++++-+--+---+-">no más era un artista genial, aventurero...</l>
				<l n="4" met="++-+-+--+---+-">-Hoy vive en un poblacho con hijos y mujer-.</l>
				<param name="AffectiveFeatures">
					<attRef name="Hap_Mean">
						<content>43.19</content>
					</attRef>
					<attRef name="Hap_SD">
						<content>10.81</content>
					</attRef>
					<attRef name="Ang_Mean">
						<content>13.75</content>
					</attRef>
					<attRef name="Ang_SD">
						<content>7.17</content>
					</attRef>
					<attRef name="Sad_Mean">
						<content>15.65</content>
					</attRef>
					<attRef name="Sad_SD">
						<content>9.51</content>
					</attRef>
					<attRef name="Fear_Mean">
						<content>16.46</content>
					</attRef>
					<attRef name="Fear_SD">
						<content>9.26</content>
					</attRef>
					<attRef name="Disg_Mean">
						<content>12.82</content>
					</attRef>
					<attRef name="Disg_SD">
						<content>5.14</content>
					</attRef>
					<attRef name="n_affective">
						<content>11</content>
					</attRef>
					<attRef name="ValenceMean">
						<content>113.73</content>
					</attRef>
					<attRef name="ValenceSD">
						<content>20.61</content>
					</attRef>
					<attRef name="ArousalMean">
						<content>81.69</content>
					</attRef>
					<attRef name="ArousalSD">
						<content>30.92</content>
					</attRef>
					<attRef name="n_v_a">
						<content>16</content>
					</attRef>
					<attRef name="Max_Aro">
						<content>6.65</content>
					</attRef>
					<attRef name="Min_Aro">
						<content>4.05</content>
					</attRef>
					<attRef name="ArousalSpan">
						<content>2.6</content>
					</attRef>
					<attRef name="Max_Val">
						<content>8.55</content>
					</attRef>
					<attRef name="Min_Val">
						<content>4.6</content>
					</attRef>
					<attRef name="ValenceSpan">
						<content>3.95</content>
					</attRef>
					<attRef name="CorAro">
						<content>0.6309</content>
					</attRef>
					<attRef name="CorVal">
						<content>0.1283</content>
					</attRef>
					<attRef name="averageAoA">
						<content>86.76</content>
					</attRef>
					<attRef name="sdAOA">
						<content>32.11</content>
					</attRef>
					<attRef name="MinAoA">
						<content>27.0</content>
					</attRef>
					<attRef name="MaxAoA">
						<content>171.0</content>
					</attRef>
					<attRef name="OralFreq_Log">
						<content>nan</content>
					</attRef>
					<attRef name="WrittenFreq_Log">
						<content>45.47</content>
					</attRef>
					<attRef name="n_aoa">
						<content>17</content>
					</attRef>
					<attRef name="Max_AoA">
						<content>8.4</content>
					</attRef>
					<attRef name="Min_AoA">
						<content>3.08</content>
					</attRef>
					<attRef name="AoASpan">
						<content>5.32</content>
					</attRef>
					<attRef name="Max_sdAOA">
						<content>2.466</content>
					</attRef>
					<attRef name="Min_sdAOA">
						<content>1.134</content>
					</attRef>
					<attRef name="sdAOASpan">
						<content>1.332</content>
					</attRef>
					<attRef name="Max_logOralFreq">
						<content>3.536</content>
					</attRef>
					<attRef name="Min_logOralFreq">
						<content>1.491</content>
					</attRef>
					<attRef name="logOralFreqSpan">
						<content>2.045</content>
					</attRef>
					<attRef name="Max_logWrittenFreq">
						<content>3.442</content>
					</attRef>
					<attRef name="Min_logWrittenFreq">
						<content>1.176</content>
					</attRef>
					<attRef name="logWrittenFreqSpan">
						<content>2.266</content>
					</attRef>
					<attRef name="CorAoA">
						<content>0.0042</content>
					</attRef>
				</param>
			</lg>
			<lg n="2" type="serventesio">
				<l n="5" met="++-+-+-+-+-+-">Y es hoy panzudo y calvo. Se quita ya el sombrero</l>
				<l n="6" met="-----+-+-+-++-">delante de don Sabas, de un don Lucas... ¿qué hacer?</l>
				<l n="7" met="--++-+--+---+-">La cuestión es asunto de catre y de puchero,</l>
				<l n="8" met="---+--+-+-+-+-">sin empeñar la «Singer» que ayuda a mal comer.</l>
				<param name="AffectiveFeatures">
					<attRef name="Hap_Mean">
						<content>11.47</content>
					</attRef>
					<attRef name="Hap_SD">
						<content>5.24</content>
					</attRef>
					<attRef name="Ang_Mean">
						<content>6.2</content>
					</attRef>
					<attRef name="Ang_SD">
						<content>3.15</content>
					</attRef>
					<attRef name="Sad_Mean">
						<content>7.23</content>
					</attRef>
					<attRef name="Sad_SD">
						<content>3.74</content>
					</attRef>
					<attRef name="Fear_Mean">
						<content>7.87</content>
					</attRef>
					<attRef name="Fear_SD">
						<content>4.13</content>
					</attRef>
					<attRef name="Disg_Mean">
						<content>5.8</content>
					</attRef>
					<attRef name="Disg_SD">
						<content>2.48</content>
					</attRef>
					<attRef name="n_affective">
						<content>5</content>
					</attRef>
					<attRef name="ValenceMean">
						<content>86.93</content>
					</attRef>
					<attRef name="ValenceSD">
						<content>20.35</content>
					</attRef>
					<attRef name="ArousalMean">
						<content>84.73</content>
					</attRef>
					<attRef name="ArousalSD">
						<content>22.48</content>
					</attRef>
					<attRef name="n_v_a">
						<content>16</content>
					</attRef>
					<attRef name="Max_Aro">
						<content>7.4</content>
					</attRef>
					<attRef name="Min_Aro">
						<content>4.25</content>
					</attRef>
					<attRef name="ArousalSpan">
						<content>3.15</content>
					</attRef>
					<attRef name="Max_Val">
						<content>7.43</content>
					</attRef>
					<attRef name="Min_Val">
						<content>2.1</content>
					</attRef>
					<attRef name="ValenceSpan">
						<content>5.33</content>
					</attRef>
					<attRef name="CorAro">
						<content>0.3946</content>
					</attRef>
					<attRef name="CorVal">
						<content>-0.0448</content>
					</attRef>
					<attRef name="averageAoA">
						<content>69.46</content>
					</attRef>
					<attRef name="sdAOA">
						<content>27.37</content>
					</attRef>
					<attRef name="MinAoA">
						<content>21.0</content>
					</attRef>
					<attRef name="MaxAoA">
						<content>136.0</content>
					</attRef>
					<attRef name="OralFreq_Log">
						<content>35.29</content>
					</attRef>
					<attRef name="WrittenFreq_Log">
						<content>36.7</content>
					</attRef>
					<attRef name="n_aoa">
						<content>14</content>
					</attRef>
					<attRef name="Max_AoA">
						<content>8.16</content>
					</attRef>
					<attRef name="Min_AoA">
						<content>1.7</content>
					</attRef>
					<attRef name="AoASpan">
						<content>6.46</content>
					</attRef>
					<attRef name="Max_sdAOA">
						<content>2.654</content>
					</attRef>
					<attRef name="Min_sdAOA">
						<content>0.909</content>
					</attRef>
					<attRef name="sdAOASpan">
						<content>1.745</content>
					</attRef>
					<attRef name="Max_logOralFreq">
						<content>3.684</content>
					</attRef>
					<attRef name="Min_logOralFreq">
						<content>0.845</content>
					</attRef>
					<attRef name="logOralFreqSpan">
						<content>2.839</content>
					</attRef>
					<attRef name="Max_logWrittenFreq">
						<content>3.504</content>
					</attRef>
					<attRef name="Min_logWrittenFreq">
						<content>1.204</content>
					</attRef>
					<attRef name="logWrittenFreqSpan">
						<content>2.3</content>
					</attRef>
					<attRef name="CorAoA">
						<content>-0.0629</content>
					</attRef>
				</param>
			</lg>
			<lg n="3" type="terceto">
				<l n="9" met="-+---+--++--+-">Quimeras moceriles -mitad sueño y locura-;</l>
				<l n="10" met="-+---+--+---+-">quimeras y quimeras de anhelos infinitos,</l>
				<l n="11" met="-+---+--+---+-">y que hoy -como las piedras tiradas en el mar-</l>
				<param name="AffectiveFeatures">
					<attRef name="Hap_Mean">
						<content>15.31</content>
					</attRef>
					<attRef name="Hap_SD">
						<content>8.02</content>
					</attRef>
					<attRef name="Ang_Mean">
						<content>13.76</content>
					</attRef>
					<attRef name="Ang_SD">
						<content>8.57</content>
					</attRef>
					<attRef name="Sad_Mean">
						<content>15.24</content>
					</attRef>
					<attRef name="Sad_SD">
						<content>8.41</content>
					</attRef>
					<attRef name="Fear_Mean">
						<content>16.32</content>
					</attRef>
					<attRef name="Fear_SD">
						<content>9.31</content>
					</attRef>
					<attRef name="Disg_Mean">
						<content>11.23</content>
					</attRef>
					<attRef name="Disg_SD">
						<content>5.93</content>
					</attRef>
					<attRef name="n_affective">
						<content>8</content>
					</attRef>
					<attRef name="ValenceMean">
						<content>59.1</content>
					</attRef>
					<attRef name="ValenceSD">
						<content>17.44</content>
					</attRef>
					<attRef name="ArousalMean">
						<content>52.0</content>
					</attRef>
					<attRef name="ArousalSD">
						<content>20.47</content>
					</attRef>
					<attRef name="n_v_a">
						<content>11</content>
					</attRef>
					<attRef name="Max_Aro">
						<content>5.95</content>
					</attRef>
					<attRef name="Min_Aro">
						<content>2.65</content>
					</attRef>
					<attRef name="ArousalSpan">
						<content>3.3</content>
					</attRef>
					<attRef name="Max_Val">
						<content>8.05</content>
					</attRef>
					<attRef name="Min_Val">
						<content>3.98</content>
					</attRef>
					<attRef name="ValenceSpan">
						<content>4.07</content>
					</attRef>
					<attRef name="CorAro">
						<content>-0.1191</content>
					</attRef>
					<attRef name="CorVal">
						<content>0.346</content>
					</attRef>
					<attRef name="averageAoA">
						<content>79.18</content>
					</attRef>
					<attRef name="sdAOA">
						<content>21.14</content>
					</attRef>
					<attRef name="MinAoA">
						<content>23.0</content>
					</attRef>
					<attRef name="MaxAoA">
						<content>123.0</content>
					</attRef>
					<attRef name="OralFreq_Log">
						<content>19.25</content>
					</attRef>
					<attRef name="WrittenFreq_Log">
						<content>26.12</content>
					</attRef>
					<attRef name="n_aoa">
						<content>12</content>
					</attRef>
					<attRef name="Max_AoA">
						<content>10.44</content>
					</attRef>
					<attRef name="Min_AoA">
						<content>3.1</content>
					</attRef>
					<attRef name="AoASpan">
						<content>7.34</content>
					</attRef>
					<attRef name="Max_sdAOA">
						<content>2.371</content>
					</attRef>
					<attRef name="Min_sdAOA">
						<content>1.445</content>
					</attRef>
					<attRef name="sdAOASpan">
						<content>0.926</content>
					</attRef>
					<attRef name="Max_logOralFreq">
						<content>3.536</content>
					</attRef>
					<attRef name="Min_logOralFreq">
						<content>0.301</content>
					</attRef>
					<attRef name="logOralFreqSpan">
						<content>3.235</content>
					</attRef>
					<attRef name="Max_logWrittenFreq">
						<content>3.369</content>
					</attRef>
					<attRef name="Min_logWrittenFreq">
						<content>1.279</content>
					</attRef>
					<attRef name="logWrittenFreqSpan">
						<content>2.09</content>
					</attRef>
					<attRef name="CorAoA">
						<content>-0.5029</content>
					</attRef>
				</param>
			</lg>
			<lg n="4" type="terceto">
				<l n="12" met="++-+-+--+---+-">se han ido a pique oyendo las pláticas del cura,</l>
				<l n="13" met="-----+--+---+-">junto con la consorte, la suegra y los niñitos...</l>
				<l n="14" met="+++-+-++---+-">¡Qué diablo! Si estas cosas dan ganas de llorar.</l>
				<param name="AffectiveFeatures">
					<attRef name="Hap_Mean">
						<content>10.4</content>
					</attRef>
					<attRef name="Hap_SD">
						<content>5.06</content>
					</attRef>
					<attRef name="Ang_Mean">
						<content>6.8</content>
					</attRef>
					<attRef name="Ang_SD">
						<content>4.21</content>
					</attRef>
					<attRef name="Sad_Mean">
						<content>6.04</content>
					</attRef>
					<attRef name="Sad_SD">
						<content>4.01</content>
					</attRef>
					<attRef name="Fear_Mean">
						<content>7.66</content>
					</attRef>
					<attRef name="Fear_SD">
						<content>4.78</content>
					</attRef>
					<attRef name="Disg_Mean">
						<content>6.0</content>
					</attRef>
					<attRef name="Disg_SD">
						<content>3.18</content>
					</attRef>
					<attRef name="n_affective">
						<content>4</content>
					</attRef>
					<attRef name="ValenceMean">
						<content>65.6</content>
					</attRef>
					<attRef name="ValenceSD">
						<content>16.46</content>
					</attRef>
					<attRef name="ArousalMean">
						<content>63.12</content>
					</attRef>
					<attRef name="ArousalSD">
						<content>19.52</content>
					</attRef>
					<attRef name="n_v_a">
						<content>12</content>
					</attRef>
					<attRef name="Max_Aro">
						<content>7.09</content>
					</attRef>
					<attRef name="Min_Aro">
						<content>4.0</content>
					</attRef>
					<attRef name="ArousalSpan">
						<content>3.09</content>
					</attRef>
					<attRef name="Max_Val">
						<content>7.85</content>
					</attRef>
					<attRef name="Min_Val">
						<content>2.25</content>
					</attRef>
					<attRef name="ValenceSpan">
						<content>5.6</content>
					</attRef>
					<attRef name="CorAro">
						<content>0.474</content>
					</attRef>
					<attRef name="CorVal">
						<content>-0.2005</content>
					</attRef>
					<attRef name="averageAoA">
						<content>60.58</content>
					</attRef>
					<attRef name="sdAOA">
						<content>21.41</content>
					</attRef>
					<attRef name="MinAoA">
						<content>24.0</content>
					</attRef>
					<attRef name="MaxAoA">
						<content>113.0</content>
					</attRef>
					<attRef name="OralFreq_Log">
						<content>25.44</content>
					</attRef>
					<attRef name="WrittenFreq_Log">
						<content>26.97</content>
					</attRef>
					<attRef name="n_aoa">
						<content>12</content>
					</attRef>
					<attRef name="Max_AoA">
						<content>10.5</content>
					</attRef>
					<attRef name="Min_AoA">
						<content>1.64</content>
					</attRef>
					<attRef name="AoASpan">
						<content>8.86</content>
					</attRef>
					<attRef name="Max_sdAOA">
						<content>2.272</content>
					</attRef>
					<attRef name="Min_sdAOA">
						<content>0.921</content>
					</attRef>
					<attRef name="sdAOASpan">
						<content>1.351</content>
					</attRef>
					<attRef name="Max_logOralFreq">
						<content>4.152</content>
					</attRef>
					<attRef name="Min_logOralFreq">
						<content>0.778</content>
					</attRef>
					<attRef name="logOralFreqSpan">
						<content>3.374</content>
					</attRef>
					<attRef name="Max_logWrittenFreq">
						<content>4.003</content>
					</attRef>
					<attRef name="Min_logWrittenFreq">
						<content>1.0</content>
					</attRef>
					<attRef name="logWrittenFreqSpan">
						<content>3.003</content>
					</attRef>
					<attRef name="CorAoA">
						<content>-0.2578</content>
					</attRef>
				</param>
			</lg>
			<lg n="5" type="terceto">
				<l n="15" met="++--+-+--++-">Y hoy río si tu ríes, y canto si tú cantas;</l>
				<l n="16" met="--++-+--++--+-">y si tú duermes, duermo como un perro a tus plantas.</l>
				<l n="17" met="+++--+--+---+-">Hoy llevo hasta en mi sombra tu olor de primavera;</l>
				<param name="AffectiveFeatures">
					<attRef name="Hap_Mean">
						<content>15.04</content>
					</attRef>
					<attRef name="Hap_SD">
						<content>6.11</content>
					</attRef>
					<attRef name="Ang_Mean">
						<content>5.66</content>
					</attRef>
					<attRef name="Ang_SD">
						<content>2.23</content>
					</attRef>
					<attRef name="Sad_Mean">
						<content>7.0</content>
					</attRef>
					<attRef name="Sad_SD">
						<content>4.17</content>
					</attRef>
					<attRef name="Fear_Mean">
						<content>7.53</content>
					</attRef>
					<attRef name="Fear_SD">
						<content>3.86</content>
					</attRef>
					<attRef name="Disg_Mean">
						<content>5.66</content>
					</attRef>
					<attRef name="Disg_SD">
						<content>2.04</content>
					</attRef>
					<attRef name="n_affective">
						<content>5</content>
					</attRef>
					<attRef name="ValenceMean">
						<content>87.38</content>
					</attRef>
					<attRef name="ValenceSD">
						<content>16.99</content>
					</attRef>
					<attRef name="ArousalMean">
						<content>57.51</content>
					</attRef>
					<attRef name="ArousalSD">
						<content>25.34</content>
					</attRef>
					<attRef name="n_v_a">
						<content>13</content>
					</attRef>
					<attRef name="Max_Aro">
						<content>5.6</content>
					</attRef>
					<attRef name="Min_Aro">
						<content>1.6</content>
					</attRef>
					<attRef name="ArousalSpan">
						<content>4.0</content>
					</attRef>
					<attRef name="Max_Val">
						<content>8.45</content>
					</attRef>
					<attRef name="Min_Val">
						<content>4.9</content>
					</attRef>
					<attRef name="ValenceSpan">
						<content>3.55</content>
					</attRef>
					<attRef name="CorAro">
						<content>0.0798</content>
					</attRef>
					<attRef name="CorVal">
						<content>-0.2443</content>
					</attRef>
					<attRef name="averageAoA">
						<content>55.44</content>
					</attRef>
					<attRef name="sdAOA">
						<content>24.63</content>
					</attRef>
					<attRef name="MinAoA">
						<content>18.0</content>
					</attRef>
					<attRef name="MaxAoA">
						<content>127.0</content>
					</attRef>
					<attRef name="OralFreq_Log">
						<content>42.74</content>
					</attRef>
					<attRef name="WrittenFreq_Log">
						<content>45.67</content>
					</attRef>
					<attRef name="n_aoa">
						<content>16</content>
					</attRef>
					<attRef name="Max_AoA">
						<content>5.32</content>
					</attRef>
					<attRef name="Min_AoA">
						<content>1.64</content>
					</attRef>
					<attRef name="AoASpan">
						<content>3.68</content>
					</attRef>
					<attRef name="Max_sdAOA">
						<content>2.436</content>
					</attRef>
					<attRef name="Min_sdAOA">
						<content>0.921</content>
					</attRef>
					<attRef name="sdAOASpan">
						<content>1.515</content>
					</attRef>
					<attRef name="Max_logOralFreq">
						<content>4.152</content>
					</attRef>
					<attRef name="Min_logOralFreq">
						<content>1.623</content>
					</attRef>
					<attRef name="logOralFreqSpan">
						<content>2.529</content>
					</attRef>
					<attRef name="Max_logWrittenFreq">
						<content>4.003</content>
					</attRef>
					<attRef name="Min_logWrittenFreq">
						<content>2.079</content>
					</attRef>
					<attRef name="logWrittenFreqSpan">
						<content>1.924</content>
					</attRef>
					<attRef name="CorAoA">
						<content>0.3224</content>
					</attRef>
				</param>
			</lg>
			<lg n="6" type="terceto">
				<l n="18" met="-+---+-+----+-">y tiemblo si tu mano toca la cerradura,</l>
				<l n="19" met="--+--+---+--+-" enjamb="B-cc_crossclause" cert="high">¡y bendigo la noche sollozante y oscura</l>
				<l n="20" met="---+-+--+---+-" enjamb="I-cc_crossclause" cert="high">que floreció en mi vida tu boca tempranera!</l>
				<param name="AffectiveFeatures">
					<attRef name="Hap_Mean">
						<content>11.73</content>
					</attRef>
					<attRef name="Hap_SD">
						<content>4.04</content>
					</attRef>
					<attRef name="Ang_Mean">
						<content>6.39</content>
					</attRef>
					<attRef name="Ang_SD">
						<content>3.69</content>
					</attRef>
					<attRef name="Sad_Mean">
						<content>7.77</content>
					</attRef>
					<attRef name="Sad_SD">
						<content>4.27</content>
					</attRef>
					<attRef name="Fear_Mean">
						<content>8.7</content>
					</attRef>
					<attRef name="Fear_SD">
						<content>3.97</content>
					</attRef>
					<attRef name="Disg_Mean">
						<content>5.27</content>
					</attRef>
					<attRef name="Disg_SD">
						<content>3.24</content>
					</attRef>
					<attRef name="n_affective">
						<content>4</content>
					</attRef>
					<attRef name="ValenceMean">
						<content>52.58</content>
					</attRef>
					<attRef name="ValenceSD">
						<content>11.61</content>
					</attRef>
					<attRef name="ArousalMean">
						<content>48.45</content>
					</attRef>
					<attRef name="ArousalSD">
						<content>16.52</content>
					</attRef>
					<attRef name="n_v_a">
						<content>9</content>
					</attRef>
					<attRef name="Max_Aro">
						<content>6.6</content>
					</attRef>
					<attRef name="Min_Aro">
						<content>4.0</content>
					</attRef>
					<attRef name="ArousalSpan">
						<content>2.6</content>
					</attRef>
					<attRef name="Max_Val">
						<content>8.25</content>
					</attRef>
					<attRef name="Min_Val">
						<content>3.35</content>
					</attRef>
					<attRef name="ValenceSpan">
						<content>4.9</content>
					</attRef>
					<attRef name="CorAro">
						<content>-0.0483</content>
					</attRef>
					<attRef name="CorVal">
						<content>0.5814</content>
					</attRef>
					<attRef name="averageAoA">
						<content>35.2</content>
					</attRef>
					<attRef name="sdAOA">
						<content>16.32</content>
					</attRef>
					<attRef name="MinAoA">
						<content>11.0</content>
					</attRef>
					<attRef name="MaxAoA">
						<content>75.0</content>
					</attRef>
					<attRef name="OralFreq_Log">
						<content>20.94</content>
					</attRef>
					<attRef name="WrittenFreq_Log">
						<content>24.93</content>
					</attRef>
					<attRef name="n_aoa">
						<content>9</content>
					</attRef>
					<attRef name="Max_AoA">
						<content>6.52</content>
					</attRef>
					<attRef name="Min_AoA">
						<content>1.64</content>
					</attRef>
					<attRef name="AoASpan">
						<content>4.88</content>
					</attRef>
					<attRef name="Max_sdAOA">
						<content>3.439</content>
					</attRef>
					<attRef name="Min_sdAOA">
						<content>0.921</content>
					</attRef>
					<attRef name="sdAOASpan">
						<content>2.518</content>
					</attRef>
					<attRef name="Max_logOralFreq">
						<content>4.152</content>
					</attRef>
					<attRef name="Min_logOralFreq">
						<content>0.602</content>
					</attRef>
					<attRef name="logOralFreqSpan">
						<content>3.55</content>
					</attRef>
					<attRef name="Max_logWrittenFreq">
						<content>4.003</content>
					</attRef>
					<attRef name="Min_logWrittenFreq">
						<content>1.146</content>
					</attRef>
					<attRef name="logWrittenFreqSpan">
						<content>2.857</content>
					</attRef>
					<attRef name="CorAoA">
						<content>0.304</content>
					</attRef>
				</param>
			</lg>
			<param name="AffectiveFeatures">
				<attRef name="Hap_Mean">
					<content>107.14</content>
				</attRef>
				<attRef name="Hap_SD">
					<content>39.28</content>
				</attRef>
				<attRef name="Ang_Mean">
					<content>52.57</content>
				</attRef>
				<attRef name="Ang_SD">
					<content>29.02</content>
				</attRef>
				<attRef name="Sad_Mean">
					<content>58.93</content>
				</attRef>
				<attRef name="Sad_SD">
					<content>34.11</content>
				</attRef>
				<attRef name="Fear_Mean">
					<content>64.54</content>
				</attRef>
				<attRef name="Fear_SD">
					<content>35.31</content>
				</attRef>
				<attRef name="Disg_Mean">
					<content>46.78</content>
				</attRef>
				<attRef name="Disg_SD">
					<content>22.01</content>
				</attRef>
				<attRef name="n_affective">
					<content>37</content>
				</attRef>
				<attRef name="ValenceMean">
					<content>465.32</content>
				</attRef>
				<attRef name="ValenceSD">
					<content>103.46</content>
				</attRef>
				<attRef name="ArousalMean">
					<content>387.5</content>
				</attRef>
				<attRef name="ArousalSD">
					<content>135.25</content>
				</attRef>
				<attRef name="n_v_a">
					<content>77</content>
				</attRef>
				<attRef name="Max_Aro">
					<content>7.4</content>
				</attRef>
				<attRef name="Min_Aro">
					<content>1.6</content>
				</attRef>
				<attRef name="ArousalSpan">
					<content>5.8</content>
				</attRef>
				<attRef name="Max_Val">
					<content>8.55</content>
				</attRef>
				<attRef name="Min_Val">
					<content>2.1</content>
				</attRef>
				<attRef name="ValenceSpan">
					<content>6.45</content>
				</attRef>
				<attRef name="CorAro">
					<content>-0.0426</content>
				</attRef>
				<attRef name="CorVal">
					<content>-0.1049</content>
				</attRef>
				<attRef name="averageAoA">
					<content>386.62</content>
				</attRef>
				<attRef name="sdAOA">
					<content>143.0</content>
				</attRef>
				<attRef name="MinAoA">
					<content>124.0</content>
				</attRef>
				<attRef name="MaxAoA">
					<content>745.0</content>
				</attRef>
				<attRef name="OralFreq_Log">
					<content>nan</content>
				</attRef>
				<attRef name="WrittenFreq_Log">
					<content>205.87</content>
				</attRef>
				<attRef name="n_aoa">
					<content>80</content>
				</attRef>
				<attRef name="Max_AoA">
					<content>10.5</content>
				</attRef>
				<attRef name="Min_AoA">
					<content>1.64</content>
				</attRef>
				<attRef name="AoASpan">
					<content>8.86</content>
				</attRef>
				<attRef name="Max_sdAOA">
					<content>3.439</content>
				</attRef>
				<attRef name="Min_sdAOA">
					<content>0.909</content>
				</attRef>
				<attRef name="sdAOASpan">
					<content>2.53</content>
				</attRef>
				<attRef name="Max_logOralFreq">
					<content>4.152</content>
				</attRef>
				<attRef name="Min_logOralFreq">
					<content>0.301</content>
				</attRef>
				<attRef name="logOralFreqSpan">
					<content>3.851</content>
				</attRef>
				<attRef name="Max_logWrittenFreq">
					<content>4.003</content>
				</attRef>
				<attRef name="Min_logWrittenFreq">
					<content>1.0</content>
				</attRef>
				<attRef name="logWrittenFreqSpan">
					<content>3.003</content>
				</attRef>
				<attRef name="CorAoA">
					<content>-0.252</content>
				</attRef>
			</param>
		</body>
	</text>
</TEI>