<?xml version="1.0" encoding="utf-8"?>
<TEI xmlns="http://www.tei-c.org/ns/1.0">
	<teiHeader>
		<fileDesc>
			<titleStmt about="disco:po_404n1543">
				<title property="dc:title">A Pompeya</title>
				<author property="dc:creator" resource="disco:404n" corresp="#disco_404n">Pedro Antonio de Alarcón</author>
				<principal xml:id="prf">Pablo Ruiz Fabo</principal>
				<principal xml:id="heb">Helena Bermúdez Sabel</principal>
				<principal xml:id="jct">José Calvo Tello</principal>
				<principal xml:id="cimc">Clara Isabel Martínez Cantón</principal>
				<respStmt>
					<resp>Metrical annotation by</resp>
					<name xml:id="bnc">Borja Navarro Colorado</name>
				</respStmt>
			</titleStmt>
			<extent>
				<measure unit="sonnets">1</measure>
				<measure unit="tokens">95</measure>
				<measure unit="line">14</measure>
			</extent>
			<publicationStmt>
				<publisher>Diachronic Spanish Sonnet Corpus</publisher>
				<authority>POSTDATA Project</authority>
				<pubPlace>Madrid</pubPlace>
				<availability status="free">
					<p>The text is freely available</p>
				</availability>
				<date when="2017">2017</date>
				<idno type="#disco" xml:id="file_po_404n1543"></idno>
			</publicationStmt>
			<sourceDesc>
				<bibl type="digital-source">
					<hi rend="italics">Sonetos del siglo XIX</hi>
					<date when="2006">2006</date>
					<ref target="http://www.cervantesvirtual.com/nd/ark:/59851/bmc4q861"></ref>
					<ref target="http://www.cervantesvirtual.com/obra/sonetos-del-siglo-xix--0/"></ref>
Biblioteca Cervantes Virtual,  / editados por Ramón García González, , , .				</bibl>
			</sourceDesc>
		</fileDesc>
		<profileDesc>
			<langUsage>
				<language ident="es" about="disco:po_404n1543" property="dc:language" resource="dbpedia:Idioma_español">Spanish</language>
			</langUsage>
			<particDesc>
				<listPerson>
					<person xml:id="disco_404n" about="disco:404n" typeOf="foaf:Person">
						<idno cert="high" property="rdfs:seeAlso" resource="https://viaf.org/viaf/44294383"></idno>
						<persName type="short">Alarcón</persName>
						<persName type="full">
							<forename property="foaf:givenName">Pedro Antonio</forename>
							<nameLink>de</nameLink>
							<surname property="foaf:familyName">Alarcón</surname>
						</persName>
						<persName type="source" property="foaf:name">Pedro Antonio de Alarcón</persName>
						<sex property="foaf:gender" content="M"></sex>
						<birth>
							<location>
								<placeName>
									<settlement property="schema:birthPlace" inlist="">Guadix (Granada)</settlement>
									<country property="schema:birthPlace" inlist="">España</country>
									<bloc property="schema:birthPlace" inlist="">Europa</bloc>
								</placeName>
							</location>
							<date property="schema:birthDate" content="1833" cert="high"></date>
							<date type="century">19</date>
						</birth>
						<death>
							<location>
								<placeName>
									<settlement property="schema:deathPlace" inlist="">Madrid</settlement>
								</placeName>
							</location>
							<date property="schema:deathDate" content="1891" cert="high"></date>
							<date type="century">19</date>
						</death>
						<listBibl inlist="" rel="blterms:hasCreated" typeOf="schema:CreativeWork">
							<bibl resource="disco:s404n1543">
								<title property="dc:title">A Pompeya</title>
								<title type="incipit" property="dc:alternative">Cuando amanezca el iracundo día</title>
							</bibl>
						</listBibl>
					</person>
				</listPerson>
			</particDesc>
		</profileDesc>
		<encodingDesc>
			<listPrefixDef>
				<prefixDef ident="foaf" matchPattern="([A-Za-z]+)" replacementPattern="http://xmlns.com/foaf/0.1/$1"></prefixDef>
				<prefixDef ident="dc" matchPattern="([A-Za-z]+)" replacementPattern="http://purl.org/dc/terms/$1"></prefixDef>
				<prefixDef ident="schema" matchPattern="([A-Za-z]+)" replacementPattern="http://schema.org/$1"></prefixDef>
				<prefixDef ident="dbpedia" matchPattern="([A-Za-z]+(_[A-Za-z])*)" replacementPattern="http://es.dbpedia.org/page/"></prefixDef>
				<prefixDef ident="blterms" matchPattern="([A-Za-z]+)" replacementPattern="http://www.bl.uk/schemas/bibliographic/blterms#$1"></prefixDef>
				<prefixDef ident="rdfs" matchPattern="([A-Za-z]+)" replacementPattern="http://www.w3.org/2000/01/rdf-schema#$1"></prefixDef>
			</listPrefixDef>
			<metDecl type="met" pattern="((\+|\-)+)*">
				<metSym value="+">stressed syllable</metSym>
				<metSym value="-">unstressed syllable</metSym>
			</metDecl>
			<metDecl type="met">
				<p>
					<ref target="https://github.com/bncolorado/adsoScansionSystem">ADSO</ref>
The metrical patterns were extracted automatically using the 
                    tool.				</p>
			</metDecl>
			<metDecl type="enjamb">
				<p>
					<att>enjamb</att>
					<att>cert</att>
					<ref target="https://sites.google.com/site/spanishenjambment/">ANJA
                        (Automatic eNJambment Analysis)</ref>
					<ref target="https://sites.google.com/site/spanishenjambment/enjambment-types">documentation</ref>
					<ref target="https://sites.google.com/site/spanishenjambment/tei-certitude-values">report</ref>
The values of the  atributes were extracted automatically using
                    the  tool. For more information about the
                    types of enjambment as defined in this corpus, read the . In addition, a  was added to express the
                    degree of certainty concerning the characterisation of the enjambment. The following 
                     covers this feature in deep detail.				</p>
			</metDecl>
		</encodingDesc>
		<revisionDesc>
			<change when="2017-11-02" who="#prf">Initial TEI version</change>
			<change when="2017-11-27" who="#prf">Addition of metrical annotation</change>
			<change when="2017-11-27" who="#heb">Review of authors’ metadata</change>
			<change when="2017-12-01" who="#prf">Encoding of enjambment</change>
			<change when="2017-12-01" who="#heb">Publication of 19th, 18th and Golden Age version</change>
			<change when="2018-05-16" who="#heb">Revision of RDFa attributes</change>
		</revisionDesc>
	</teiHeader>
	<text>
		<front>
			<head>A Pompeya</head>
		</front>
		<body>
			<lg n="1" type="cuarteto">
				<l n="1" met="---+---+-+-" enjamb="B-cc_crossclause" cert="high">Cuando amanezca el iracundo día</l>
				<l n="2" met="--+--+-+-+-" enjamb="I-cc_crossclause" cert="high">que en la mente de Dios leyó el Profeta,</l>
				<l n="3" met="-+-+---+-+-">y, al agrio son de la final trompeta,</l>
				<l n="4" met="--+--+-+-+-">abandone de Adán la raza impía,</l>
				<param name="AffectiveFeatures">
					<attRef name="Hap_Mean">
						<content>8.76</content>
					</attRef>
					<attRef name="Hap_SD">
						<content>4.67</content>
					</attRef>
					<attRef name="Ang_Mean">
						<content>7.16</content>
					</attRef>
					<attRef name="Ang_SD">
						<content>4.29</content>
					</attRef>
					<attRef name="Sad_Mean">
						<content>8.57</content>
					</attRef>
					<attRef name="Sad_SD">
						<content>3.61</content>
					</attRef>
					<attRef name="Fear_Mean">
						<content>8.26</content>
					</attRef>
					<attRef name="Fear_SD">
						<content>4.26</content>
					</attRef>
					<attRef name="Disg_Mean">
						<content>5.8</content>
					</attRef>
					<attRef name="Disg_SD">
						<content>3.66</content>
					</attRef>
					<attRef name="n_affective">
						<content>4</content>
					</attRef>
					<attRef name="ValenceMean">
						<content>46.68</content>
					</attRef>
					<attRef name="ValenceSD">
						<content>13.57</content>
					</attRef>
					<attRef name="ArousalMean">
						<content>46.97</content>
					</attRef>
					<attRef name="ArousalSD">
						<content>17.09</content>
					</attRef>
					<attRef name="n_v_a">
						<content>9</content>
					</attRef>
					<attRef name="Max_Aro">
						<content>6.65</content>
					</attRef>
					<attRef name="Min_Aro">
						<content>3.5</content>
					</attRef>
					<attRef name="ArousalSpan">
						<content>3.15</content>
					</attRef>
					<attRef name="Max_Val">
						<content>7.0</content>
					</attRef>
					<attRef name="Min_Val">
						<content>2.55</content>
					</attRef>
					<attRef name="ValenceSpan">
						<content>4.45</content>
					</attRef>
					<attRef name="CorAro">
						<content>0.4332</content>
					</attRef>
					<attRef name="CorVal">
						<content>-0.6288</content>
					</attRef>
					<attRef name="averageAoA">
						<content>64.96</content>
					</attRef>
					<attRef name="sdAOA">
						<content>19.27</content>
					</attRef>
					<attRef name="MinAoA">
						<content>28.0</content>
					</attRef>
					<attRef name="MaxAoA">
						<content>110.0</content>
					</attRef>
					<attRef name="OralFreq_Log">
						<content>nan</content>
					</attRef>
					<attRef name="WrittenFreq_Log">
						<content>25.26</content>
					</attRef>
					<attRef name="n_aoa">
						<content>11</content>
					</attRef>
					<attRef name="Max_AoA">
						<content>8.7</content>
					</attRef>
					<attRef name="Min_AoA">
						<content>3.62</content>
					</attRef>
					<attRef name="AoASpan">
						<content>5.08</content>
					</attRef>
					<attRef name="Max_sdAOA">
						<content>2.606</content>
					</attRef>
					<attRef name="Min_sdAOA">
						<content>1.134</content>
					</attRef>
					<attRef name="sdAOASpan">
						<content>1.472</content>
					</attRef>
					<attRef name="Max_logOralFreq">
						<content>3.586</content>
					</attRef>
					<attRef name="Min_logOralFreq">
						<content>0.845</content>
					</attRef>
					<attRef name="logOralFreqSpan">
						<content>2.741</content>
					</attRef>
					<attRef name="Max_logWrittenFreq">
						<content>3.596</content>
					</attRef>
					<attRef name="Min_logWrittenFreq">
						<content>1.255</content>
					</attRef>
					<attRef name="logWrittenFreqSpan">
						<content>2.341</content>
					</attRef>
					<attRef name="CorAoA">
						<content>0.3212</content>
					</attRef>
				</param>
			</lg>
			<lg n="2" type="cuarteto">
				<l n="5" met="+--+--++-+-">ora el sosiego de l ahuesa fría,</l>
				<l n="6" met="+--+---+-+-">ora los lares de la vida inquieta,</l>
				<l n="7" met="-+-+-+---+-">y pase el JUICIO extremo, y el del Planeta</l>
				<l n="8" met="+--+-++--+-">quede la extensa faz muda y vacía,</l>
				<param name="AffectiveFeatures">
					<attRef name="Hap_Mean">
						<content>10.43</content>
					</attRef>
					<attRef name="Hap_SD">
						<content>5.4</content>
					</attRef>
					<attRef name="Ang_Mean">
						<content>6.45</content>
					</attRef>
					<attRef name="Ang_SD">
						<content>3.59</content>
					</attRef>
					<attRef name="Sad_Mean">
						<content>8.17</content>
					</attRef>
					<attRef name="Sad_SD">
						<content>3.88</content>
					</attRef>
					<attRef name="Fear_Mean">
						<content>7.59</content>
					</attRef>
					<attRef name="Fear_SD">
						<content>4.24</content>
					</attRef>
					<attRef name="Disg_Mean">
						<content>6.03</content>
					</attRef>
					<attRef name="Disg_SD">
						<content>3.02</content>
					</attRef>
					<attRef name="n_affective">
						<content>5</content>
					</attRef>
					<attRef name="ValenceMean">
						<content>69.89</content>
					</attRef>
					<attRef name="ValenceSD">
						<content>19.75</content>
					</attRef>
					<attRef name="ArousalMean">
						<content>69.28</content>
					</attRef>
					<attRef name="ArousalSD">
						<content>22.29</content>
					</attRef>
					<attRef name="n_v_a">
						<content>13</content>
					</attRef>
					<attRef name="Max_Aro">
						<content>6.75</content>
					</attRef>
					<attRef name="Min_Aro">
						<content>3.3</content>
					</attRef>
					<attRef name="ArousalSpan">
						<content>3.45</content>
					</attRef>
					<attRef name="Max_Val">
						<content>8.25</content>
					</attRef>
					<attRef name="Min_Val">
						<content>3.1</content>
					</attRef>
					<attRef name="ValenceSpan">
						<content>5.15</content>
					</attRef>
					<attRef name="CorAro">
						<content>0.1984</content>
					</attRef>
					<attRef name="CorVal">
						<content>-0.2108</content>
					</attRef>
					<attRef name="averageAoA">
						<content>74.42</content>
					</attRef>
					<attRef name="sdAOA">
						<content>20.93</content>
					</attRef>
					<attRef name="MinAoA">
						<content>28.0</content>
					</attRef>
					<attRef name="MaxAoA">
						<content>115.0</content>
					</attRef>
					<attRef name="OralFreq_Log">
						<content>21.36</content>
					</attRef>
					<attRef name="WrittenFreq_Log">
						<content>26.17</content>
					</attRef>
					<attRef name="n_aoa">
						<content>11</content>
					</attRef>
					<attRef name="Max_AoA">
						<content>10.3</content>
					</attRef>
					<attRef name="Min_AoA">
						<content>3.0</content>
					</attRef>
					<attRef name="AoASpan">
						<content>7.3</content>
					</attRef>
					<attRef name="Max_sdAOA">
						<content>2.454</content>
					</attRef>
					<attRef name="Min_sdAOA">
						<content>1.282</content>
					</attRef>
					<attRef name="sdAOASpan">
						<content>1.172</content>
					</attRef>
					<attRef name="Max_logOralFreq">
						<content>3.436</content>
					</attRef>
					<attRef name="Min_logOralFreq">
						<content>0.602</content>
					</attRef>
					<attRef name="logOralFreqSpan">
						<content>2.834</content>
					</attRef>
					<attRef name="Max_logWrittenFreq">
						<content>3.678</content>
					</attRef>
					<attRef name="Min_logWrittenFreq">
						<content>1.602</content>
					</attRef>
					<attRef name="logWrittenFreqSpan">
						<content>2.076</content>
					</attRef>
					<attRef name="CorAoA">
						<content>-0.0052</content>
					</attRef>
				</param>
			</lg>
			<lg n="3" type="terceto">
				<l n="9" met="+-++-+---+-">no será tan horrendo y pavoroso</l>
				<l n="10" met="--+--++--+-">encontrar por doquier huellas del hombre</l>
				<l n="11" met="-++--+---+-">y ni un hombre en campiñas ni ciudades,</l>
				<param name="AffectiveFeatures">
					<attRef name="Hap_Mean">
						<content>7.64</content>
					</attRef>
					<attRef name="Hap_SD">
						<content>4.42</content>
					</attRef>
					<attRef name="Ang_Mean">
						<content>4.71</content>
					</attRef>
					<attRef name="Ang_SD">
						<content>2.91</content>
					</attRef>
					<attRef name="Sad_Mean">
						<content>4.57</content>
					</attRef>
					<attRef name="Sad_SD">
						<content>2.84</content>
					</attRef>
					<attRef name="Fear_Mean">
						<content>4.76</content>
					</attRef>
					<attRef name="Fear_SD">
						<content>2.75</content>
					</attRef>
					<attRef name="Disg_Mean">
						<content>4.03</content>
					</attRef>
					<attRef name="Disg_SD">
						<content>2.2</content>
					</attRef>
					<attRef name="n_affective">
						<content>3</content>
					</attRef>
					<attRef name="ValenceMean">
						<content>52.02</content>
					</attRef>
					<attRef name="ValenceSD">
						<content>10.2</content>
					</attRef>
					<attRef name="ArousalMean">
						<content>49.23</content>
					</attRef>
					<attRef name="ArousalSD">
						<content>13.71</content>
					</attRef>
					<attRef name="n_v_a">
						<content>9</content>
					</attRef>
					<attRef name="Max_Aro">
						<content>6.25</content>
					</attRef>
					<attRef name="Min_Aro">
						<content>4.13</content>
					</attRef>
					<attRef name="ArousalSpan">
						<content>2.12</content>
					</attRef>
					<attRef name="Max_Val">
						<content>7.9</content>
					</attRef>
					<attRef name="Min_Val">
						<content>3.16</content>
					</attRef>
					<attRef name="ValenceSpan">
						<content>4.74</content>
					</attRef>
					<attRef name="CorAro">
						<content>-0.1222</content>
					</attRef>
					<attRef name="CorVal">
						<content>0.3352</content>
					</attRef>
					<attRef name="averageAoA">
						<content>27.78</content>
					</attRef>
					<attRef name="sdAOA">
						<content>12.53</content>
					</attRef>
					<attRef name="MinAoA">
						<content>7.0</content>
					</attRef>
					<attRef name="MaxAoA">
						<content>62.0</content>
					</attRef>
					<attRef name="OralFreq_Log">
						<content>17.09</content>
					</attRef>
					<attRef name="WrittenFreq_Log">
						<content>18.95</content>
					</attRef>
					<attRef name="n_aoa">
						<content>6</content>
					</attRef>
					<attRef name="Max_AoA">
						<content>6.02</content>
					</attRef>
					<attRef name="Min_AoA">
						<content>3.64</content>
					</attRef>
					<attRef name="AoASpan">
						<content>2.38</content>
					</attRef>
					<attRef name="Max_sdAOA">
						<content>2.488</content>
					</attRef>
					<attRef name="Min_sdAOA">
						<content>1.813</content>
					</attRef>
					<attRef name="sdAOASpan">
						<content>0.675</content>
					</attRef>
					<attRef name="Max_logOralFreq">
						<content>3.611</content>
					</attRef>
					<attRef name="Min_logOralFreq">
						<content>1.146</content>
					</attRef>
					<attRef name="logOralFreqSpan">
						<content>2.465</content>
					</attRef>
					<attRef name="Max_logWrittenFreq">
						<content>3.783</content>
					</attRef>
					<attRef name="Min_logWrittenFreq">
						<content>2.053</content>
					</attRef>
					<attRef name="logWrittenFreqSpan">
						<content>1.73</content>
					</attRef>
					<attRef name="CorAoA">
						<content>-0.1961</content>
					</attRef>
				</param>
			</lg>
			<lg n="4" type="terceto">
				<l n="12" met="--++-+---+-">como verte, sin vida ni reposo,</l>
				<l n="13" met="-+---+---+-">desierta y mancillada por tu nombre,</l>
				<l n="14" met="--+--+---+-">expiar ¡oh Pompeya! tus maldades.</l>
				<param name="AffectiveFeatures">
					<attRef name="Hap_Mean">
						<content>6.66</content>
					</attRef>
					<attRef name="Hap_SD">
						<content>2.22</content>
					</attRef>
					<attRef name="Ang_Mean">
						<content>6.53</content>
					</attRef>
					<attRef name="Ang_SD">
						<content>3.1</content>
					</attRef>
					<attRef name="Sad_Mean">
						<content>6.57</content>
					</attRef>
					<attRef name="Sad_SD">
						<content>3.28</content>
					</attRef>
					<attRef name="Fear_Mean">
						<content>6.8</content>
					</attRef>
					<attRef name="Fear_SD">
						<content>3.41</content>
					</attRef>
					<attRef name="Disg_Mean">
						<content>5.44</content>
					</attRef>
					<attRef name="Disg_SD">
						<content>2.92</content>
					</attRef>
					<attRef name="n_affective">
						<content>3</content>
					</attRef>
					<attRef name="ValenceMean">
						<content>27.9</content>
					</attRef>
					<attRef name="ValenceSD">
						<content>6.85</content>
					</attRef>
					<attRef name="ArousalMean">
						<content>24.43</content>
					</attRef>
					<attRef name="ArousalSD">
						<content>8.55</content>
					</attRef>
					<attRef name="n_v_a">
						<content>5</content>
					</attRef>
					<attRef name="Max_Aro">
						<content>7.15</content>
					</attRef>
					<attRef name="Min_Aro">
						<content>1.6</content>
					</attRef>
					<attRef name="ArousalSpan">
						<content>5.55</content>
					</attRef>
					<attRef name="Max_Val">
						<content>8.25</content>
					</attRef>
					<attRef name="Min_Val">
						<content>2.0</content>
					</attRef>
					<attRef name="ValenceSpan">
						<content>6.25</content>
					</attRef>
					<attRef name="CorAro">
						<content>0.4605</content>
					</attRef>
					<attRef name="CorVal">
						<content>-0.9568</content>
					</attRef>
					<attRef name="averageAoA">
						<content>28.34</content>
					</attRef>
					<attRef name="sdAOA">
						<content>11.03</content>
					</attRef>
					<attRef name="MinAoA">
						<content>7.0</content>
					</attRef>
					<attRef name="MaxAoA">
						<content>50.0</content>
					</attRef>
					<attRef name="OralFreq_Log">
						<content>9.75</content>
					</attRef>
					<attRef name="WrittenFreq_Log">
						<content>12.72</content>
					</attRef>
					<attRef name="n_aoa">
						<content>5</content>
					</attRef>
					<attRef name="Max_AoA">
						<content>7.24</content>
					</attRef>
					<attRef name="Min_AoA">
						<content>3.0</content>
					</attRef>
					<attRef name="AoASpan">
						<content>4.24</content>
					</attRef>
					<attRef name="Max_sdAOA">
						<content>2.67</content>
					</attRef>
					<attRef name="Min_sdAOA">
						<content>1.773</content>
					</attRef>
					<attRef name="sdAOASpan">
						<content>0.897</content>
					</attRef>
					<attRef name="Max_logOralFreq">
						<content>3.436</content>
					</attRef>
					<attRef name="Min_logOralFreq">
						<content>0.845</content>
					</attRef>
					<attRef name="logOralFreqSpan">
						<content>2.591</content>
					</attRef>
					<attRef name="Max_logWrittenFreq">
						<content>3.678</content>
					</attRef>
					<attRef name="Min_logWrittenFreq">
						<content>1.663</content>
					</attRef>
					<attRef name="logWrittenFreqSpan">
						<content>2.015</content>
					</attRef>
					<attRef name="CorAoA">
						<content>0.0452</content>
					</attRef>
				</param>
			</lg>
			<param name="AffectiveFeatures">
				<attRef name="Hap_Mean">
					<content>33.49</content>
				</attRef>
				<attRef name="Hap_SD">
					<content>16.71</content>
				</attRef>
				<attRef name="Ang_Mean">
					<content>24.85</content>
				</attRef>
				<attRef name="Ang_SD">
					<content>13.89</content>
				</attRef>
				<attRef name="Sad_Mean">
					<content>27.88</content>
				</attRef>
				<attRef name="Sad_SD">
					<content>13.61</content>
				</attRef>
				<attRef name="Fear_Mean">
					<content>27.41</content>
				</attRef>
				<attRef name="Fear_SD">
					<content>14.66</content>
				</attRef>
				<attRef name="Disg_Mean">
					<content>21.3</content>
				</attRef>
				<attRef name="Disg_SD">
					<content>11.8</content>
				</attRef>
				<attRef name="n_affective">
					<content>15</content>
				</attRef>
				<attRef name="ValenceMean">
					<content>196.49</content>
				</attRef>
				<attRef name="ValenceSD">
					<content>50.37</content>
				</attRef>
				<attRef name="ArousalMean">
					<content>189.91</content>
				</attRef>
				<attRef name="ArousalSD">
					<content>61.64</content>
				</attRef>
				<attRef name="n_v_a">
					<content>36</content>
				</attRef>
				<attRef name="Max_Aro">
					<content>7.15</content>
				</attRef>
				<attRef name="Min_Aro">
					<content>1.6</content>
				</attRef>
				<attRef name="ArousalSpan">
					<content>5.55</content>
				</attRef>
				<attRef name="Max_Val">
					<content>8.25</content>
				</attRef>
				<attRef name="Min_Val">
					<content>2.0</content>
				</attRef>
				<attRef name="ValenceSpan">
					<content>6.25</content>
				</attRef>
				<attRef name="CorAro">
					<content>0.0447</content>
				</attRef>
				<attRef name="CorVal">
					<content>0.0332</content>
				</attRef>
				<attRef name="averageAoA">
					<content>195.5</content>
				</attRef>
				<attRef name="sdAOA">
					<content>63.75</content>
				</attRef>
				<attRef name="MinAoA">
					<content>70.0</content>
				</attRef>
				<attRef name="MaxAoA">
					<content>337.0</content>
				</attRef>
				<attRef name="OralFreq_Log">
					<content>nan</content>
				</attRef>
				<attRef name="WrittenFreq_Log">
					<content>83.1</content>
				</attRef>
				<attRef name="n_aoa">
					<content>33</content>
				</attRef>
				<attRef name="Max_AoA">
					<content>10.3</content>
				</attRef>
				<attRef name="Min_AoA">
					<content>3.0</content>
				</attRef>
				<attRef name="AoASpan">
					<content>7.3</content>
				</attRef>
				<attRef name="Max_sdAOA">
					<content>2.67</content>
				</attRef>
				<attRef name="Min_sdAOA">
					<content>1.134</content>
				</attRef>
				<attRef name="sdAOASpan">
					<content>1.536</content>
				</attRef>
				<attRef name="Max_logOralFreq">
					<content>3.611</content>
				</attRef>
				<attRef name="Min_logOralFreq">
					<content>0.602</content>
				</attRef>
				<attRef name="logOralFreqSpan">
					<content>3.009</content>
				</attRef>
				<attRef name="Max_logWrittenFreq">
					<content>3.783</content>
				</attRef>
				<attRef name="Min_logWrittenFreq">
					<content>1.255</content>
				</attRef>
				<attRef name="logWrittenFreqSpan">
					<content>2.528</content>
				</attRef>
				<attRef name="CorAoA">
					<content>-0.125</content>
				</attRef>
			</param>
		</body>
	</text>
</TEI>