<?xml version="1.0" encoding="utf-8"?>
<TEI xmlns="http://www.tei-c.org/ns/1.0">
	<teiHeader>
		<fileDesc>
			<titleStmt about="disco:po_404n1551">
				<title property="dc:title">A mis hijas en sus días</title>
				<author property="dc:creator" resource="disco:404n" corresp="#disco_404n">Pedro Antonio de Alarcón</author>
				<principal xml:id="prf">Pablo Ruiz Fabo</principal>
				<principal xml:id="heb">Helena Bermúdez Sabel</principal>
				<principal xml:id="jct">José Calvo Tello</principal>
				<principal xml:id="cimc">Clara Isabel Martínez Cantón</principal>
				<respStmt>
					<resp>Metrical annotation by</resp>
					<name xml:id="bnc">Borja Navarro Colorado</name>
				</respStmt>
			</titleStmt>
			<extent>
				<measure unit="sonnets">1</measure>
				<measure unit="tokens">93</measure>
				<measure unit="line">14</measure>
			</extent>
			<publicationStmt>
				<publisher>Diachronic Spanish Sonnet Corpus</publisher>
				<authority>POSTDATA Project</authority>
				<pubPlace>Madrid</pubPlace>
				<availability status="free">
					<p>The text is freely available</p>
				</availability>
				<date when="2017">2017</date>
				<idno type="#disco" xml:id="file_po_404n1551"></idno>
			</publicationStmt>
			<sourceDesc>
				<bibl type="digital-source">
					<hi rend="italics">Sonetos del siglo XIX</hi>
					<date when="2006">2006</date>
					<ref target="http://www.cervantesvirtual.com/nd/ark:/59851/bmc4q861"></ref>
					<ref target="http://www.cervantesvirtual.com/obra/sonetos-del-siglo-xix--0/"></ref>
Biblioteca Cervantes Virtual,  / editados por Ramón García González, , , .				</bibl>
			</sourceDesc>
		</fileDesc>
		<profileDesc>
			<langUsage>
				<language ident="es" about="disco:po_404n1551" property="dc:language" resource="dbpedia:Idioma_español">Spanish</language>
			</langUsage>
			<particDesc>
				<listPerson>
					<person xml:id="disco_404n" about="disco:404n" typeOf="foaf:Person">
						<idno cert="high" property="rdfs:seeAlso" resource="https://viaf.org/viaf/44294383"></idno>
						<persName type="short">Alarcón</persName>
						<persName type="full">
							<forename property="foaf:givenName">Pedro Antonio</forename>
							<nameLink>de</nameLink>
							<surname property="foaf:familyName">Alarcón</surname>
						</persName>
						<persName type="source" property="foaf:name">Pedro Antonio de Alarcón</persName>
						<sex property="foaf:gender" content="M"></sex>
						<birth>
							<location>
								<placeName>
									<settlement property="schema:birthPlace" inlist="">Guadix (Granada)</settlement>
									<country property="schema:birthPlace" inlist="">España</country>
									<bloc property="schema:birthPlace" inlist="">Europa</bloc>
								</placeName>
							</location>
							<date property="schema:birthDate" content="1833" cert="high"></date>
							<date type="century">19</date>
						</birth>
						<death>
							<location>
								<placeName>
									<settlement property="schema:deathPlace" inlist="">Madrid</settlement>
								</placeName>
							</location>
							<date property="schema:deathDate" content="1891" cert="high"></date>
							<date type="century">19</date>
						</death>
						<listBibl inlist="" rel="blterms:hasCreated" typeOf="schema:CreativeWork">
							<bibl resource="disco:s404n1551">
								<title property="dc:title">A mis hijas en sus días</title>
								<title type="incipit" property="dc:alternative">Por la primera vez hoy es tu día...</title>
							</bibl>
						</listBibl>
					</person>
				</listPerson>
			</particDesc>
		</profileDesc>
		<encodingDesc>
			<listPrefixDef>
				<prefixDef ident="foaf" matchPattern="([A-Za-z]+)" replacementPattern="http://xmlns.com/foaf/0.1/$1"></prefixDef>
				<prefixDef ident="dc" matchPattern="([A-Za-z]+)" replacementPattern="http://purl.org/dc/terms/$1"></prefixDef>
				<prefixDef ident="schema" matchPattern="([A-Za-z]+)" replacementPattern="http://schema.org/$1"></prefixDef>
				<prefixDef ident="dbpedia" matchPattern="([A-Za-z]+(_[A-Za-z])*)" replacementPattern="http://es.dbpedia.org/page/"></prefixDef>
				<prefixDef ident="blterms" matchPattern="([A-Za-z]+)" replacementPattern="http://www.bl.uk/schemas/bibliographic/blterms#$1"></prefixDef>
				<prefixDef ident="rdfs" matchPattern="([A-Za-z]+)" replacementPattern="http://www.w3.org/2000/01/rdf-schema#$1"></prefixDef>
			</listPrefixDef>
			<metDecl type="met" pattern="((\+|\-)+)*">
				<metSym value="+">stressed syllable</metSym>
				<metSym value="-">unstressed syllable</metSym>
			</metDecl>
			<metDecl type="met">
				<p>
					<ref target="https://github.com/bncolorado/adsoScansionSystem">ADSO</ref>
The metrical patterns were extracted automatically using the 
                    tool.				</p>
			</metDecl>
			<metDecl type="enjamb">
				<p>
					<att>enjamb</att>
					<att>cert</att>
					<ref target="https://sites.google.com/site/spanishenjambment/">ANJA
                        (Automatic eNJambment Analysis)</ref>
					<ref target="https://sites.google.com/site/spanishenjambment/enjambment-types">documentation</ref>
					<ref target="https://sites.google.com/site/spanishenjambment/tei-certitude-values">report</ref>
The values of the  atributes were extracted automatically using
                    the  tool. For more information about the
                    types of enjambment as defined in this corpus, read the . In addition, a  was added to express the
                    degree of certainty concerning the characterisation of the enjambment. The following 
                     covers this feature in deep detail.				</p>
			</metDecl>
		</encodingDesc>
		<revisionDesc>
			<change when="2017-11-02" who="#prf">Initial TEI version</change>
			<change when="2017-11-27" who="#prf">Addition of metrical annotation</change>
			<change when="2017-11-27" who="#heb">Review of authors’ metadata</change>
			<change when="2017-12-01" who="#prf">Encoding of enjambment</change>
			<change when="2017-12-01" who="#heb">Publication of 19th, 18th and Golden Age version</change>
			<change when="2018-05-16" who="#heb">Revision of RDFa attributes</change>
		</revisionDesc>
	</teiHeader>
	<text>
		<front>
			<head>A mis hijas en sus días</head>
		</front>
		<body>
			<lg n="1" type="cuarteto">
				<l n="1" met="---+-+++-+-">Por la primera vez hoy es tu día...</l>
				<l n="2" met="+----++--+-">¡Ven a mi corazón, prenda adorada...</l>
				<l n="3" met="-+---+-+-+-">orgullo de la esposa más amada,</l>
				<l n="4" met="+----+-+-+-">vida de mis entrañas hija mía!</l>
				<param name="AffectiveFeatures">
					<attRef name="Hap_Mean">
						<content>22.73</content>
					</attRef>
					<attRef name="Hap_SD">
						<content>9.05</content>
					</attRef>
					<attRef name="Ang_Mean">
						<content>10.7</content>
					</attRef>
					<attRef name="Ang_SD">
						<content>6.32</content>
					</attRef>
					<attRef name="Sad_Mean">
						<content>11.68</content>
					</attRef>
					<attRef name="Sad_SD">
						<content>6.94</content>
					</attRef>
					<attRef name="Fear_Mean">
						<content>12.46</content>
					</attRef>
					<attRef name="Fear_SD">
						<content>7.23</content>
					</attRef>
					<attRef name="Disg_Mean">
						<content>9.05</content>
					</attRef>
					<attRef name="Disg_SD">
						<content>5.16</content>
					</attRef>
					<attRef name="n_affective">
						<content>7</content>
					</attRef>
					<attRef name="ValenceMean">
						<content>89.54</content>
					</attRef>
					<attRef name="ValenceSD">
						<content>19.86</content>
					</attRef>
					<attRef name="ArousalMean">
						<content>76.18</content>
					</attRef>
					<attRef name="ArousalSD">
						<content>26.51</content>
					</attRef>
					<attRef name="n_v_a">
						<content>14</content>
					</attRef>
					<attRef name="Max_Aro">
						<content>6.6</content>
					</attRef>
					<attRef name="Min_Aro">
						<content>4.65</content>
					</attRef>
					<attRef name="ArousalSpan">
						<content>1.95</content>
					</attRef>
					<attRef name="Max_Val">
						<content>8.7</content>
					</attRef>
					<attRef name="Min_Val">
						<content>3.79</content>
					</attRef>
					<attRef name="ValenceSpan">
						<content>4.91</content>
					</attRef>
					<attRef name="CorAro">
						<content>0.6033</content>
					</attRef>
					<attRef name="CorVal">
						<content>0.1132</content>
					</attRef>
					<attRef name="averageAoA">
						<content>58.68</content>
					</attRef>
					<attRef name="sdAOA">
						<content>23.09</content>
					</attRef>
					<attRef name="MinAoA">
						<content>22.0</content>
					</attRef>
					<attRef name="MaxAoA">
						<content>119.0</content>
					</attRef>
					<attRef name="OralFreq_Log">
						<content>32.28</content>
					</attRef>
					<attRef name="WrittenFreq_Log">
						<content>35.22</content>
					</attRef>
					<attRef name="n_aoa">
						<content>12</content>
					</attRef>
					<attRef name="Max_AoA">
						<content>8.7</content>
					</attRef>
					<attRef name="Min_AoA">
						<content>2.72</content>
					</attRef>
					<attRef name="AoASpan">
						<content>5.98</content>
					</attRef>
					<attRef name="Max_sdAOA">
						<content>2.814</content>
					</attRef>
					<attRef name="Min_sdAOA">
						<content>1.443</content>
					</attRef>
					<attRef name="sdAOASpan">
						<content>1.371</content>
					</attRef>
					<attRef name="Max_logOralFreq">
						<content>3.724</content>
					</attRef>
					<attRef name="Min_logOralFreq">
						<content>1.079</content>
					</attRef>
					<attRef name="logOralFreqSpan">
						<content>2.645</content>
					</attRef>
					<attRef name="Max_logWrittenFreq">
						<content>3.678</content>
					</attRef>
					<attRef name="Min_logWrittenFreq">
						<content>1.785</content>
					</attRef>
					<attRef name="logWrittenFreqSpan">
						<content>1.893</content>
					</attRef>
					<attRef name="CorAoA">
						<content>0.2535</content>
					</attRef>
				</param>
			</lg>
			<lg n="2" type="cuarteto">
				<l n="5" met="++-+++---+-">¿Qué te dirá de un padre la ufanía?</l>
				<l n="6" met="++-+-+---+-">¿Qué te dirá tu madre embelesada,</l>
				<l n="7" met="--++-+---+-" enjamb="B-pb_adj_noun" cert="medium">sino verte del alma enajenada</l>
				<l n="8" met="+----+---+-" enjamb="I-pb_adj_noun" cert="medium">lágrimas de cariño y alegría?</l>
				<param name="AffectiveFeatures">
					<attRef name="Hap_Mean">
						<content>19.51</content>
					</attRef>
					<attRef name="Hap_SD">
						<content>8.75</content>
					</attRef>
					<attRef name="Ang_Mean">
						<content>9.34</content>
					</attRef>
					<attRef name="Ang_SD">
						<content>5.74</content>
					</attRef>
					<attRef name="Sad_Mean">
						<content>11.31</content>
					</attRef>
					<attRef name="Sad_SD">
						<content>5.15</content>
					</attRef>
					<attRef name="Fear_Mean">
						<content>9.74</content>
					</attRef>
					<attRef name="Fear_SD">
						<content>5.65</content>
					</attRef>
					<attRef name="Disg_Mean">
						<content>6.87</content>
					</attRef>
					<attRef name="Disg_SD">
						<content>3.25</content>
					</attRef>
					<attRef name="n_affective">
						<content>6</content>
					</attRef>
					<attRef name="ValenceMean">
						<content>53.65</content>
					</attRef>
					<attRef name="ValenceSD">
						<content>11.45</content>
					</attRef>
					<attRef name="ArousalMean">
						<content>40.1</content>
					</attRef>
					<attRef name="ArousalSD">
						<content>17.42</content>
					</attRef>
					<attRef name="n_v_a">
						<content>8</content>
					</attRef>
					<attRef name="Max_Aro">
						<content>6.75</content>
					</attRef>
					<attRef name="Min_Aro">
						<content>4.2</content>
					</attRef>
					<attRef name="ArousalSpan">
						<content>2.55</content>
					</attRef>
					<attRef name="Max_Val">
						<content>8.4</content>
					</attRef>
					<attRef name="Min_Val">
						<content>3.05</content>
					</attRef>
					<attRef name="ValenceSpan">
						<content>5.35</content>
					</attRef>
					<attRef name="CorAro">
						<content>0.4604</content>
					</attRef>
					<attRef name="CorVal">
						<content>0.0033</content>
					</attRef>
					<attRef name="averageAoA">
						<content>38.76</content>
					</attRef>
					<attRef name="sdAOA">
						<content>15.13</content>
					</attRef>
					<attRef name="MinAoA">
						<content>11.0</content>
					</attRef>
					<attRef name="MaxAoA">
						<content>78.0</content>
					</attRef>
					<attRef name="OralFreq_Log">
						<content>25.31</content>
					</attRef>
					<attRef name="WrittenFreq_Log">
						<content>25.83</content>
					</attRef>
					<attRef name="n_aoa">
						<content>9</content>
					</attRef>
					<attRef name="Max_AoA">
						<content>7.16</content>
					</attRef>
					<attRef name="Min_AoA">
						<content>1.72</content>
					</attRef>
					<attRef name="AoASpan">
						<content>5.44</content>
					</attRef>
					<attRef name="Max_sdAOA">
						<content>2.316</content>
					</attRef>
					<attRef name="Min_sdAOA">
						<content>0.834</content>
					</attRef>
					<attRef name="sdAOASpan">
						<content>1.482</content>
					</attRef>
					<attRef name="Max_logOralFreq">
						<content>3.769</content>
					</attRef>
					<attRef name="Min_logOralFreq">
						<content>1.519</content>
					</attRef>
					<attRef name="logOralFreqSpan">
						<content>2.25</content>
					</attRef>
					<attRef name="Max_logWrittenFreq">
						<content>3.4960000000000004</content>
					</attRef>
					<attRef name="Min_logWrittenFreq">
						<content>1.6130000000000002</content>
					</attRef>
					<attRef name="logWrittenFreqSpan">
						<content>1.883</content>
					</attRef>
					<attRef name="CorAoA">
						<content>0.3129</content>
					</attRef>
				</param>
			</lg>
			<lg n="3" type="terceto">
				<l n="9" met="-+---+-+-+-">Delicia de los dos ¡bendita seas!</l>
				<l n="10" met="-+-+---+-+-" enjamb="B-cc_crossclause" cert="high">¡Bendita seas de la Virgen pura</l>
				<l n="11" met="-+---+---+-" enjamb="I-cc_crossclause" cert="high">que ampara con su manto nuestro nido!</l>
				<param name="AffectiveFeatures">
					<attRef name="Hap_Mean">
						<content>7.81</content>
					</attRef>
					<attRef name="Hap_SD">
						<content>4.81</content>
					</attRef>
					<attRef name="Ang_Mean">
						<content>4.9</content>
					</attRef>
					<attRef name="Ang_SD">
						<content>2.39</content>
					</attRef>
					<attRef name="Sad_Mean">
						<content>5.63</content>
					</attRef>
					<attRef name="Sad_SD">
						<content>3.62</content>
					</attRef>
					<attRef name="Fear_Mean">
						<content>5.28</content>
					</attRef>
					<attRef name="Fear_SD">
						<content>2.79</content>
					</attRef>
					<attRef name="Disg_Mean">
						<content>5.62</content>
					</attRef>
					<attRef name="Disg_SD">
						<content>3.19</content>
					</attRef>
					<attRef name="n_affective">
						<content>4</content>
					</attRef>
					<attRef name="ValenceMean">
						<content>54.48</content>
					</attRef>
					<attRef name="ValenceSD">
						<content>12.28</content>
					</attRef>
					<attRef name="ArousalMean">
						<content>38.16</content>
					</attRef>
					<attRef name="ArousalSD">
						<content>16.61</content>
					</attRef>
					<attRef name="n_v_a">
						<content>9</content>
					</attRef>
					<attRef name="Max_Aro">
						<content>4.85</content>
					</attRef>
					<attRef name="Min_Aro">
						<content>3.98</content>
					</attRef>
					<attRef name="ArousalSpan">
						<content>0.87</content>
					</attRef>
					<attRef name="Max_Val">
						<content>8.2</content>
					</attRef>
					<attRef name="Min_Val">
						<content>4.78</content>
					</attRef>
					<attRef name="ValenceSpan">
						<content>3.42</content>
					</attRef>
					<attRef name="CorAro">
						<content>0.1422</content>
					</attRef>
					<attRef name="CorVal">
						<content>-0.3979</content>
					</attRef>
					<attRef name="averageAoA">
						<content>49.6</content>
					</attRef>
					<attRef name="sdAOA">
						<content>14.04</content>
					</attRef>
					<attRef name="MinAoA">
						<content>19.0</content>
					</attRef>
					<attRef name="MaxAoA">
						<content>80.0</content>
					</attRef>
					<attRef name="OralFreq_Log">
						<content>11.4</content>
					</attRef>
					<attRef name="WrittenFreq_Log">
						<content>15.26</content>
					</attRef>
					<attRef name="n_aoa">
						<content>8</content>
					</attRef>
					<attRef name="Max_AoA">
						<content>8.66</content>
					</attRef>
					<attRef name="Min_AoA">
						<content>2.24</content>
					</attRef>
					<attRef name="AoASpan">
						<content>6.42</content>
					</attRef>
					<attRef name="Max_sdAOA">
						<content>2.293</content>
					</attRef>
					<attRef name="Min_sdAOA">
						<content>1.098</content>
					</attRef>
					<attRef name="sdAOASpan">
						<content>1.195</content>
					</attRef>
					<attRef name="Max_logOralFreq">
						<content>3.813</content>
					</attRef>
					<attRef name="Min_logOralFreq">
						<content>0.477</content>
					</attRef>
					<attRef name="logOralFreqSpan">
						<content>3.336</content>
					</attRef>
					<attRef name="Max_logWrittenFreq">
						<content>3.869</content>
					</attRef>
					<attRef name="Min_logWrittenFreq">
						<content>0.845</content>
					</attRef>
					<attRef name="logWrittenFreqSpan">
						<content>3.024</content>
					</attRef>
					<attRef name="CorAoA">
						<content>0.0105</content>
					</attRef>
				</param>
			</lg>
			<lg n="4" type="terceto">
				<l n="12" met="-+-+---+++-">Y allá en los años en que no nos veas,</l>
				<l n="13" met="-+-+-++--+-">¡Dios te de tanto bien, tanta ventura,</l>
				<l n="14" met="--+--+++-+-">como tú con nacer nos has traído!</l>
				<param name="AffectiveFeatures">
					<attRef name="Hap_Mean">
						<content>2.0</content>
					</attRef>
					<attRef name="Hap_SD">
						<content>1.41</content>
					</attRef>
					<attRef name="Ang_Mean">
						<content>1.43</content>
					</attRef>
					<attRef name="Ang_SD">
						<content>1.1</content>
					</attRef>
					<attRef name="Sad_Mean">
						<content>1.5</content>
					</attRef>
					<attRef name="Sad_SD">
						<content>1.17</content>
					</attRef>
					<attRef name="Fear_Mean">
						<content>1.63</content>
					</attRef>
					<attRef name="Fear_SD">
						<content>1.16</content>
					</attRef>
					<attRef name="Disg_Mean">
						<content>1.73</content>
					</attRef>
					<attRef name="Disg_SD">
						<content>1.46</content>
					</attRef>
					<attRef name="n_affective">
						<content>1</content>
					</attRef>
					<attRef name="ValenceMean">
						<content>55.68</content>
					</attRef>
					<attRef name="ValenceSD">
						<content>11.98</content>
					</attRef>
					<attRef name="ArousalMean">
						<content>45.93</content>
					</attRef>
					<attRef name="ArousalSD">
						<content>14.82</content>
					</attRef>
					<attRef name="n_v_a">
						<content>9</content>
					</attRef>
					<attRef name="Max_Aro">
						<content>5.75</content>
					</attRef>
					<attRef name="Min_Aro">
						<content>3.9</content>
					</attRef>
					<attRef name="ArousalSpan">
						<content>1.85</content>
					</attRef>
					<attRef name="Max_Val">
						<content>8.15</content>
					</attRef>
					<attRef name="Min_Val">
						<content>4.6</content>
					</attRef>
					<attRef name="ValenceSpan">
						<content>3.55</content>
					</attRef>
					<attRef name="CorAro">
						<content>0.2421</content>
					</attRef>
					<attRef name="CorVal">
						<content>0.3774</content>
					</attRef>
					<attRef name="averageAoA">
						<content>42.38</content>
					</attRef>
					<attRef name="sdAOA">
						<content>14.93</content>
					</attRef>
					<attRef name="MinAoA">
						<content>15.0</content>
					</attRef>
					<attRef name="MaxAoA">
						<content>85.0</content>
					</attRef>
					<attRef name="OralFreq_Log">
						<content>24.55</content>
					</attRef>
					<attRef name="WrittenFreq_Log">
						<content>25.7</content>
					</attRef>
					<attRef name="n_aoa">
						<content>9</content>
					</attRef>
					<attRef name="Max_AoA">
						<content>10.46</content>
					</attRef>
					<attRef name="Min_AoA">
						<content>2.72</content>
					</attRef>
					<attRef name="AoASpan">
						<content>7.74</content>
					</attRef>
					<attRef name="Max_sdAOA">
						<content>2.003</content>
					</attRef>
					<attRef name="Min_sdAOA">
						<content>1.134</content>
					</attRef>
					<attRef name="sdAOASpan">
						<content>0.869</content>
					</attRef>
					<attRef name="Max_logOralFreq">
						<content>3.879</content>
					</attRef>
					<attRef name="Min_logOralFreq">
						<content>0.699</content>
					</attRef>
					<attRef name="logOralFreqSpan">
						<content>3.18</content>
					</attRef>
					<attRef name="Max_logWrittenFreq">
						<content>3.573</content>
					</attRef>
					<attRef name="Min_logWrittenFreq">
						<content>1.886</content>
					</attRef>
					<attRef name="logWrittenFreqSpan">
						<content>1.687</content>
					</attRef>
					<attRef name="CorAoA">
						<content>0.3953</content>
					</attRef>
				</param>
			</lg>
			<param name="AffectiveFeatures">
				<attRef name="Hap_Mean">
					<content>52.05</content>
				</attRef>
				<attRef name="Hap_SD">
					<content>24.02</content>
				</attRef>
				<attRef name="Ang_Mean">
					<content>26.37</content>
				</attRef>
				<attRef name="Ang_SD">
					<content>15.55</content>
				</attRef>
				<attRef name="Sad_Mean">
					<content>30.12</content>
				</attRef>
				<attRef name="Sad_SD">
					<content>16.88</content>
				</attRef>
				<attRef name="Fear_Mean">
					<content>29.11</content>
				</attRef>
				<attRef name="Fear_SD">
					<content>16.83</content>
				</attRef>
				<attRef name="Disg_Mean">
					<content>23.27</content>
				</attRef>
				<attRef name="Disg_SD">
					<content>13.06</content>
				</attRef>
				<attRef name="n_affective">
					<content>18</content>
				</attRef>
				<attRef name="ValenceMean">
					<content>253.35</content>
				</attRef>
				<attRef name="ValenceSD">
					<content>55.57</content>
				</attRef>
				<attRef name="ArousalMean">
					<content>200.37</content>
				</attRef>
				<attRef name="ArousalSD">
					<content>75.36</content>
				</attRef>
				<attRef name="n_v_a">
					<content>40</content>
				</attRef>
				<attRef name="Max_Aro">
					<content>6.75</content>
				</attRef>
				<attRef name="Min_Aro">
					<content>3.9</content>
				</attRef>
				<attRef name="ArousalSpan">
					<content>2.85</content>
				</attRef>
				<attRef name="Max_Val">
					<content>8.7</content>
				</attRef>
				<attRef name="Min_Val">
					<content>3.05</content>
				</attRef>
				<attRef name="ValenceSpan">
					<content>5.65</content>
				</attRef>
				<attRef name="CorAro">
					<content>-0.2523</content>
				</attRef>
				<attRef name="CorVal">
					<content>-0.0802</content>
				</attRef>
				<attRef name="averageAoA">
					<content>189.42</content>
				</attRef>
				<attRef name="sdAOA">
					<content>67.18</content>
				</attRef>
				<attRef name="MinAoA">
					<content>67.0</content>
				</attRef>
				<attRef name="MaxAoA">
					<content>362.0</content>
				</attRef>
				<attRef name="OralFreq_Log">
					<content>93.54</content>
				</attRef>
				<attRef name="WrittenFreq_Log">
					<content>102.0</content>
				</attRef>
				<attRef name="n_aoa">
					<content>38</content>
				</attRef>
				<attRef name="Max_AoA">
					<content>10.46</content>
				</attRef>
				<attRef name="Min_AoA">
					<content>1.72</content>
				</attRef>
				<attRef name="AoASpan">
					<content>8.74</content>
				</attRef>
				<attRef name="Max_sdAOA">
					<content>2.814</content>
				</attRef>
				<attRef name="Min_sdAOA">
					<content>0.834</content>
				</attRef>
				<attRef name="sdAOASpan">
					<content>1.98</content>
				</attRef>
				<attRef name="Max_logOralFreq">
					<content>3.879</content>
				</attRef>
				<attRef name="Min_logOralFreq">
					<content>0.477</content>
				</attRef>
				<attRef name="logOralFreqSpan">
					<content>3.402</content>
				</attRef>
				<attRef name="Max_logWrittenFreq">
					<content>3.869</content>
				</attRef>
				<attRef name="Min_logWrittenFreq">
					<content>0.845</content>
				</attRef>
				<attRef name="logWrittenFreqSpan">
					<content>3.024</content>
				</attRef>
				<attRef name="CorAoA">
					<content>0.1269</content>
				</attRef>
			</param>
		</body>
	</text>
</TEI>