<?xml version="1.0" encoding="utf-8"?>
<TEI xmlns="http://www.tei-c.org/ns/1.0">
	<teiHeader>
		<fileDesc>
			<titleStmt about="disco:po_404n1539">
				<title property="dc:title">En el muladar</title>
				<author property="dc:creator" resource="disco:404n" corresp="#disco_404n">Pedro Antonio de Alarcón</author>
				<principal xml:id="prf">Pablo Ruiz Fabo</principal>
				<principal xml:id="heb">Helena Bermúdez Sabel</principal>
				<principal xml:id="jct">José Calvo Tello</principal>
				<principal xml:id="cimc">Clara Isabel Martínez Cantón</principal>
				<respStmt>
					<resp>Metrical annotation by</resp>
					<name xml:id="bnc">Borja Navarro Colorado</name>
				</respStmt>
			</titleStmt>
			<extent>
				<measure unit="sonnets">1</measure>
				<measure unit="tokens">91</measure>
				<measure unit="line">14</measure>
			</extent>
			<publicationStmt>
				<publisher>Diachronic Spanish Sonnet Corpus</publisher>
				<authority>POSTDATA Project</authority>
				<pubPlace>Madrid</pubPlace>
				<availability status="free">
					<p>The text is freely available</p>
				</availability>
				<date when="2017">2017</date>
				<idno type="#disco" xml:id="file_po_404n1539"></idno>
			</publicationStmt>
			<sourceDesc>
				<bibl type="digital-source">
					<hi rend="italics">Sonetos del siglo XIX</hi>
					<date when="2006">2006</date>
					<ref target="http://www.cervantesvirtual.com/nd/ark:/59851/bmc4q861"></ref>
					<ref target="http://www.cervantesvirtual.com/obra/sonetos-del-siglo-xix--0/"></ref>
Biblioteca Cervantes Virtual,  / editados por Ramón García González, , , .				</bibl>
			</sourceDesc>
		</fileDesc>
		<profileDesc>
			<langUsage>
				<language ident="es" about="disco:po_404n1539" property="dc:language" resource="dbpedia:Idioma_español">Spanish</language>
			</langUsage>
			<particDesc>
				<listPerson>
					<person xml:id="disco_404n" about="disco:404n" typeOf="foaf:Person">
						<idno cert="high" property="rdfs:seeAlso" resource="https://viaf.org/viaf/44294383"></idno>
						<persName type="short">Alarcón</persName>
						<persName type="full">
							<forename property="foaf:givenName">Pedro Antonio</forename>
							<nameLink>de</nameLink>
							<surname property="foaf:familyName">Alarcón</surname>
						</persName>
						<persName type="source" property="foaf:name">Pedro Antonio de Alarcón</persName>
						<sex property="foaf:gender" content="M"></sex>
						<birth>
							<location>
								<placeName>
									<settlement property="schema:birthPlace" inlist="">Guadix (Granada)</settlement>
									<country property="schema:birthPlace" inlist="">España</country>
									<bloc property="schema:birthPlace" inlist="">Europa</bloc>
								</placeName>
							</location>
							<date property="schema:birthDate" content="1833" cert="high"></date>
							<date type="century">19</date>
						</birth>
						<death>
							<location>
								<placeName>
									<settlement property="schema:deathPlace" inlist="">Madrid</settlement>
								</placeName>
							</location>
							<date property="schema:deathDate" content="1891" cert="high"></date>
							<date type="century">19</date>
						</death>
						<listBibl inlist="" rel="blterms:hasCreated" typeOf="schema:CreativeWork">
							<bibl resource="disco:s404n1539">
								<title property="dc:title">En el muladar</title>
								<title type="incipit" property="dc:alternative">Mendigo: tu blasfemia me estremece...</title>
							</bibl>
						</listBibl>
					</person>
				</listPerson>
			</particDesc>
		</profileDesc>
		<encodingDesc>
			<listPrefixDef>
				<prefixDef ident="foaf" matchPattern="([A-Za-z]+)" replacementPattern="http://xmlns.com/foaf/0.1/$1"></prefixDef>
				<prefixDef ident="dc" matchPattern="([A-Za-z]+)" replacementPattern="http://purl.org/dc/terms/$1"></prefixDef>
				<prefixDef ident="schema" matchPattern="([A-Za-z]+)" replacementPattern="http://schema.org/$1"></prefixDef>
				<prefixDef ident="dbpedia" matchPattern="([A-Za-z]+(_[A-Za-z])*)" replacementPattern="http://es.dbpedia.org/page/"></prefixDef>
				<prefixDef ident="blterms" matchPattern="([A-Za-z]+)" replacementPattern="http://www.bl.uk/schemas/bibliographic/blterms#$1"></prefixDef>
				<prefixDef ident="rdfs" matchPattern="([A-Za-z]+)" replacementPattern="http://www.w3.org/2000/01/rdf-schema#$1"></prefixDef>
			</listPrefixDef>
			<metDecl type="met" pattern="((\+|\-)+)*">
				<metSym value="+">stressed syllable</metSym>
				<metSym value="-">unstressed syllable</metSym>
			</metDecl>
			<metDecl type="met">
				<p>
					<ref target="https://github.com/bncolorado/adsoScansionSystem">ADSO</ref>
The metrical patterns were extracted automatically using the 
                    tool.				</p>
			</metDecl>
			<metDecl type="enjamb">
				<p>
					<att>enjamb</att>
					<att>cert</att>
					<ref target="https://sites.google.com/site/spanishenjambment/">ANJA
                        (Automatic eNJambment Analysis)</ref>
					<ref target="https://sites.google.com/site/spanishenjambment/enjambment-types">documentation</ref>
					<ref target="https://sites.google.com/site/spanishenjambment/tei-certitude-values">report</ref>
The values of the  atributes were extracted automatically using
                    the  tool. For more information about the
                    types of enjambment as defined in this corpus, read the . In addition, a  was added to express the
                    degree of certainty concerning the characterisation of the enjambment. The following 
                     covers this feature in deep detail.				</p>
			</metDecl>
		</encodingDesc>
		<revisionDesc>
			<change when="2017-11-02" who="#prf">Initial TEI version</change>
			<change when="2017-11-27" who="#prf">Addition of metrical annotation</change>
			<change when="2017-11-27" who="#heb">Review of authors’ metadata</change>
			<change when="2017-12-01" who="#prf">Encoding of enjambment</change>
			<change when="2017-12-01" who="#heb">Publication of 19th, 18th and Golden Age version</change>
			<change when="2018-05-16" who="#heb">Revision of RDFa attributes</change>
		</revisionDesc>
	</teiHeader>
	<text>
		<front>
			<head>En el muladar</head>
		</front>
		<body>
			<lg n="1" type="cuarteto">
				<l n="1" met="-+---+-+-+-">Mendigo: tu blasfemia me estremece...</l>
				<l n="2" met="+--+-+---+-">Deja que olvide a Dios el venturoso;</l>
				<l n="3" met="---+-+---+-">pero tu labio hambriento y asqueroso</l>
				<l n="4" met="---+-+-+-+-">con renovada fe bendiga y rece:</l>
				<param name="AffectiveFeatures">
					<attRef name="Hap_Mean">
						<content>6.58</content>
					</attRef>
					<attRef name="Hap_SD">
						<content>3.35</content>
					</attRef>
					<attRef name="Ang_Mean">
						<content>10.65</content>
					</attRef>
					<attRef name="Ang_SD">
						<content>6.55</content>
					</attRef>
					<attRef name="Sad_Mean">
						<content>12.92</content>
					</attRef>
					<attRef name="Sad_SD">
						<content>5.87</content>
					</attRef>
					<attRef name="Fear_Mean">
						<content>9.26</content>
					</attRef>
					<attRef name="Fear_SD">
						<content>6.03</content>
					</attRef>
					<attRef name="Disg_Mean">
						<content>11.24</content>
					</attRef>
					<attRef name="Disg_SD">
						<content>5.73</content>
					</attRef>
					<attRef name="n_affective">
						<content>5</content>
					</attRef>
					<attRef name="ValenceMean">
						<content>57.48</content>
					</attRef>
					<attRef name="ValenceSD">
						<content>19.36</content>
					</attRef>
					<attRef name="ArousalMean">
						<content>75.11</content>
					</attRef>
					<attRef name="ArousalSD">
						<content>21.18</content>
					</attRef>
					<attRef name="n_v_a">
						<content>13</content>
					</attRef>
					<attRef name="Max_Aro">
						<content>7.65</content>
					</attRef>
					<attRef name="Min_Aro">
						<content>4.05</content>
					</attRef>
					<attRef name="ArousalSpan">
						<content>3.6</content>
					</attRef>
					<attRef name="Max_Val">
						<content>6.75</content>
					</attRef>
					<attRef name="Min_Val">
						<content>2.33</content>
					</attRef>
					<attRef name="ValenceSpan">
						<content>4.42</content>
					</attRef>
					<attRef name="CorAro">
						<content>-0.3175</content>
					</attRef>
					<attRef name="CorVal">
						<content>0.4989</content>
					</attRef>
					<attRef name="averageAoA">
						<content>67.44</content>
					</attRef>
					<attRef name="sdAOA">
						<content>21.12</content>
					</attRef>
					<attRef name="MinAoA">
						<content>23.0</content>
					</attRef>
					<attRef name="MaxAoA">
						<content>113.0</content>
					</attRef>
					<attRef name="OralFreq_Log">
						<content>nan</content>
					</attRef>
					<attRef name="WrittenFreq_Log">
						<content>21.4</content>
					</attRef>
					<attRef name="n_aoa">
						<content>11</content>
					</attRef>
					<attRef name="Max_AoA">
						<content>9.48</content>
					</attRef>
					<attRef name="Min_AoA">
						<content>3.9</content>
					</attRef>
					<attRef name="AoASpan">
						<content>5.58</content>
					</attRef>
					<attRef name="Max_sdAOA">
						<content>2.489</content>
					</attRef>
					<attRef name="Min_sdAOA">
						<content>1.134</content>
					</attRef>
					<attRef name="sdAOASpan">
						<content>1.355</content>
					</attRef>
					<attRef name="Max_logOralFreq">
						<content>2.918</content>
					</attRef>
					<attRef name="Min_logOralFreq">
						<content>0.602</content>
					</attRef>
					<attRef name="logOralFreqSpan">
						<content>2.316</content>
					</attRef>
					<attRef name="Max_logWrittenFreq">
						<content>3.1060000000000003</content>
					</attRef>
					<attRef name="Min_logWrittenFreq">
						<content>1.23</content>
					</attRef>
					<attRef name="logWrittenFreqSpan">
						<content>1.876</content>
					</attRef>
					<attRef name="CorAoA">
						<content>-0.0832</content>
					</attRef>
				</param>
			</lg>
			<lg n="2" type="cuarteto">
				<l n="5" met="+-+--++--+-">Todo, menos su Dios, le pertenece</l>
				<l n="6" met="---+-+---+-">al opulento, sano y poderoso,</l>
				<l n="7" met="-+-+-+---+-">y el pobre, enfermo, triste y haraposo,</l>
				<l n="8" met="-+-----+-+-" enjamb="B-ex_subj_verb" cert="low">de todo, excepto de su Dios, carece</l>
				<param name="AffectiveFeatures">
					<attRef name="Hap_Mean">
						<content>9.29</content>
					</attRef>
					<attRef name="Hap_SD">
						<content>4.59</content>
					</attRef>
					<attRef name="Ang_Mean">
						<content>11.23</content>
					</attRef>
					<attRef name="Ang_SD">
						<content>7.71</content>
					</attRef>
					<attRef name="Sad_Mean">
						<content>17.5</content>
					</attRef>
					<attRef name="Sad_SD">
						<content>5.9</content>
					</attRef>
					<attRef name="Fear_Mean">
						<content>12.09</content>
					</attRef>
					<attRef name="Fear_SD">
						<content>7.09</content>
					</attRef>
					<attRef name="Disg_Mean">
						<content>9.53</content>
					</attRef>
					<attRef name="Disg_SD">
						<content>6.86</content>
					</attRef>
					<attRef name="n_affective">
						<content>6</content>
					</attRef>
					<attRef name="ValenceMean">
						<content>50.98</content>
					</attRef>
					<attRef name="ValenceSD">
						<content>16.73</content>
					</attRef>
					<attRef name="ArousalMean">
						<content>64.81</content>
					</attRef>
					<attRef name="ArousalSD">
						<content>19.54</content>
					</attRef>
					<attRef name="n_v_a">
						<content>12</content>
					</attRef>
					<attRef name="Max_Aro">
						<content>6.78</content>
					</attRef>
					<attRef name="Min_Aro">
						<content>3.6</content>
					</attRef>
					<attRef name="ArousalSpan">
						<content>3.18</content>
					</attRef>
					<attRef name="Max_Val">
						<content>8.15</content>
					</attRef>
					<attRef name="Min_Val">
						<content>2.1</content>
					</attRef>
					<attRef name="ValenceSpan">
						<content>6.05</content>
					</attRef>
					<attRef name="CorAro">
						<content>0.4173</content>
					</attRef>
					<attRef name="CorVal">
						<content>-0.3569</content>
					</attRef>
					<attRef name="averageAoA">
						<content>47.24</content>
					</attRef>
					<attRef name="sdAOA">
						<content>14.9</content>
					</attRef>
					<attRef name="MinAoA">
						<content>17.0</content>
					</attRef>
					<attRef name="MaxAoA">
						<content>91.0</content>
					</attRef>
					<attRef name="OralFreq_Log">
						<content>21.5</content>
					</attRef>
					<attRef name="WrittenFreq_Log">
						<content>23.52</content>
					</attRef>
					<attRef name="n_aoa">
						<content>9</content>
					</attRef>
					<attRef name="Max_AoA">
						<content>7.58</content>
					</attRef>
					<attRef name="Min_AoA">
						<content>3.84</content>
					</attRef>
					<attRef name="AoASpan">
						<content>3.74</content>
					</attRef>
					<attRef name="Max_sdAOA">
						<content>2.159</content>
					</attRef>
					<attRef name="Min_sdAOA">
						<content>1.134</content>
					</attRef>
					<attRef name="sdAOASpan">
						<content>1.025</content>
					</attRef>
					<attRef name="Max_logOralFreq">
						<content>3.529</content>
					</attRef>
					<attRef name="Min_logOralFreq">
						<content>1.519</content>
					</attRef>
					<attRef name="logOralFreqSpan">
						<content>2.01</content>
					</attRef>
					<attRef name="Max_logWrittenFreq">
						<content>3.381</content>
					</attRef>
					<attRef name="Min_logWrittenFreq">
						<content>1.919</content>
					</attRef>
					<attRef name="logWrittenFreqSpan">
						<content>1.462</content>
					</attRef>
					<attRef name="CorAoA">
						<content>-0.2663</content>
					</attRef>
				</param>
			</lg>
			<lg n="3" type="terceto">
				<l n="9" met="-+-+-+---+-" enjamb="B-pb_noun_prep I-ex_subj_verb" cert="medium low">Dios es al cabo el único enemigo</l>
				<l n="10" met="-+---+---+-" enjamb="I-pb_noun_prep" cert="medium">del vano, del audaz, del sibarita,</l>
				<l n="11" met="--+--+-+-+-" enjamb="B-pb_noun_prep" cert="medium">y la sola esperanza, el solo amigo</l>
				<param name="AffectiveFeatures">
					<attRef name="Hap_Mean">
						<content>13.53</content>
					</attRef>
					<attRef name="Hap_SD">
						<content>4.41</content>
					</attRef>
					<attRef name="Ang_Mean">
						<content>8.89</content>
					</attRef>
					<attRef name="Ang_SD">
						<content>3.96</content>
					</attRef>
					<attRef name="Sad_Mean">
						<content>10.27</content>
					</attRef>
					<attRef name="Sad_SD">
						<content>5.37</content>
					</attRef>
					<attRef name="Fear_Mean">
						<content>9.53</content>
					</attRef>
					<attRef name="Fear_SD">
						<content>5.08</content>
					</attRef>
					<attRef name="Disg_Mean">
						<content>7.99</content>
					</attRef>
					<attRef name="Disg_SD">
						<content>4.59</content>
					</attRef>
					<attRef name="n_affective">
						<content>5</content>
					</attRef>
					<attRef name="ValenceMean">
						<content>51.43</content>
					</attRef>
					<attRef name="ValenceSD">
						<content>14.31</content>
					</attRef>
					<attRef name="ArousalMean">
						<content>50.67</content>
					</attRef>
					<attRef name="ArousalSD">
						<content>19.69</content>
					</attRef>
					<attRef name="n_v_a">
						<content>10</content>
					</attRef>
					<attRef name="Max_Aro">
						<content>7.45</content>
					</attRef>
					<attRef name="Min_Aro">
						<content>4.4</content>
					</attRef>
					<attRef name="ArousalSpan">
						<content>3.05</content>
					</attRef>
					<attRef name="Max_Val">
						<content>8.1</content>
					</attRef>
					<attRef name="Min_Val">
						<content>2.45</content>
					</attRef>
					<attRef name="ValenceSpan">
						<content>5.65</content>
					</attRef>
					<attRef name="CorAro">
						<content>-0.2347</content>
					</attRef>
					<attRef name="CorVal">
						<content>0.1654</content>
					</attRef>
					<attRef name="averageAoA">
						<content>56.25</content>
					</attRef>
					<attRef name="sdAOA">
						<content>15.68</content>
					</attRef>
					<attRef name="MinAoA">
						<content>22.0</content>
					</attRef>
					<attRef name="MaxAoA">
						<content>97.0</content>
					</attRef>
					<attRef name="OralFreq_Log">
						<content>21.02</content>
					</attRef>
					<attRef name="WrittenFreq_Log">
						<content>24.51</content>
					</attRef>
					<attRef name="n_aoa">
						<content>9</content>
					</attRef>
					<attRef name="Max_AoA">
						<content>9.92</content>
					</attRef>
					<attRef name="Min_AoA">
						<content>3.54</content>
					</attRef>
					<attRef name="AoASpan">
						<content>6.38</content>
					</attRef>
					<attRef name="Max_sdAOA">
						<content>2.291</content>
					</attRef>
					<attRef name="Min_sdAOA">
						<content>1.134</content>
					</attRef>
					<attRef name="sdAOASpan">
						<content>1.157</content>
					</attRef>
					<attRef name="Max_logOralFreq">
						<content>2.918</content>
					</attRef>
					<attRef name="Min_logOralFreq">
						<content>0.778</content>
					</attRef>
					<attRef name="logOralFreqSpan">
						<content>2.14</content>
					</attRef>
					<attRef name="Max_logWrittenFreq">
						<content>3.1060000000000003</content>
					</attRef>
					<attRef name="Min_logWrittenFreq">
						<content>1.681</content>
					</attRef>
					<attRef name="logWrittenFreqSpan">
						<content>1.425</content>
					</attRef>
					<attRef name="CorAoA">
						<content>-0.2774</content>
					</attRef>
				</param>
			</lg>
			<lg n="4" type="terceto">
				<l n="12" met="--+--+---+-" enjamb="I-pb_noun_prep" cert="medium">del que llora, padece y necesita...</l>
				<l n="13" met="-+---+---+-">¡Sin Dios, el universo se anonada!</l>
				<l n="14" met="-+-+++-+-+-">¡Sin Dios, el rico es Dios, y el pobre nada!</l>
				<param name="AffectiveFeatures">
					<attRef name="Hap_Mean">
						<content>8.6</content>
					</attRef>
					<attRef name="Hap_SD">
						<content>5.2</content>
					</attRef>
					<attRef name="Ang_Mean">
						<content>8.09</content>
					</attRef>
					<attRef name="Ang_SD">
						<content>5.72</content>
					</attRef>
					<attRef name="Sad_Mean">
						<content>11.73</content>
					</attRef>
					<attRef name="Sad_SD">
						<content>5.35</content>
					</attRef>
					<attRef name="Fear_Mean">
						<content>8.86</content>
					</attRef>
					<attRef name="Fear_SD">
						<content>5.54</content>
					</attRef>
					<attRef name="Disg_Mean">
						<content>7.53</content>
					</attRef>
					<attRef name="Disg_SD">
						<content>5.43</content>
					</attRef>
					<attRef name="n_affective">
						<content>5</content>
					</attRef>
					<attRef name="ValenceMean">
						<content>38.45</content>
					</attRef>
					<attRef name="ValenceSD">
						<content>13.81</content>
					</attRef>
					<attRef name="ArousalMean">
						<content>48.95</content>
					</attRef>
					<attRef name="ArousalSD">
						<content>15.4</content>
					</attRef>
					<attRef name="n_v_a">
						<content>9</content>
					</attRef>
					<attRef name="Max_Aro">
						<content>6.85</content>
					</attRef>
					<attRef name="Min_Aro">
						<content>4.4</content>
					</attRef>
					<attRef name="ArousalSpan">
						<content>2.45</content>
					</attRef>
					<attRef name="Max_Val">
						<content>7.25</content>
					</attRef>
					<attRef name="Min_Val">
						<content>2.1</content>
					</attRef>
					<attRef name="ValenceSpan">
						<content>5.15</content>
					</attRef>
					<attRef name="CorAro">
						<content>-0.3448</content>
					</attRef>
					<attRef name="CorVal">
						<content>0.2603</content>
					</attRef>
					<attRef name="averageAoA">
						<content>37.74</content>
					</attRef>
					<attRef name="sdAOA">
						<content>12.15</content>
					</attRef>
					<attRef name="MinAoA">
						<content>11.5</content>
					</attRef>
					<attRef name="MaxAoA">
						<content>82.0</content>
					</attRef>
					<attRef name="OralFreq_Log">
						<content>18.42</content>
					</attRef>
					<attRef name="WrittenFreq_Log">
						<content>21.55</content>
					</attRef>
					<attRef name="n_aoa">
						<content>8</content>
					</attRef>
					<attRef name="Max_AoA">
						<content>7.48</content>
					</attRef>
					<attRef name="Min_AoA">
						<content>2.84</content>
					</attRef>
					<attRef name="AoASpan">
						<content>4.64</content>
					</attRef>
					<attRef name="Max_sdAOA">
						<content>1.951</content>
					</attRef>
					<attRef name="Min_sdAOA">
						<content>1.134</content>
					</attRef>
					<attRef name="sdAOASpan">
						<content>0.817</content>
					</attRef>
					<attRef name="Max_logOralFreq">
						<content>2.918</content>
					</attRef>
					<attRef name="Min_logOralFreq">
						<content>1.255</content>
					</attRef>
					<attRef name="logOralFreqSpan">
						<content>1.663</content>
					</attRef>
					<attRef name="Max_logWrittenFreq">
						<content>3.1060000000000003</content>
					</attRef>
					<attRef name="Min_logWrittenFreq">
						<content>2.241</content>
					</attRef>
					<attRef name="logWrittenFreqSpan">
						<content>0.865</content>
					</attRef>
					<attRef name="CorAoA">
						<content>0.2354</content>
					</attRef>
				</param>
			</lg>
			<param name="AffectiveFeatures">
				<attRef name="Hap_Mean">
					<content>38.0</content>
				</attRef>
				<attRef name="Hap_SD">
					<content>17.55</content>
				</attRef>
				<attRef name="Ang_Mean">
					<content>38.86</content>
				</attRef>
				<attRef name="Ang_SD">
					<content>23.94</content>
				</attRef>
				<attRef name="Sad_Mean">
					<content>52.42</content>
				</attRef>
				<attRef name="Sad_SD">
					<content>22.49</content>
				</attRef>
				<attRef name="Fear_Mean">
					<content>39.74</content>
				</attRef>
				<attRef name="Fear_SD">
					<content>23.74</content>
				</attRef>
				<attRef name="Disg_Mean">
					<content>36.29</content>
				</attRef>
				<attRef name="Disg_SD">
					<content>22.61</content>
				</attRef>
				<attRef name="n_affective">
					<content>21</content>
				</attRef>
				<attRef name="ValenceMean">
					<content>198.34</content>
				</attRef>
				<attRef name="ValenceSD">
					<content>64.21</content>
				</attRef>
				<attRef name="ArousalMean">
					<content>239.54</content>
				</attRef>
				<attRef name="ArousalSD">
					<content>75.81</content>
				</attRef>
				<attRef name="n_v_a">
					<content>44</content>
				</attRef>
				<attRef name="Max_Aro">
					<content>7.65</content>
				</attRef>
				<attRef name="Min_Aro">
					<content>3.6</content>
				</attRef>
				<attRef name="ArousalSpan">
					<content>4.05</content>
				</attRef>
				<attRef name="Max_Val">
					<content>8.15</content>
				</attRef>
				<attRef name="Min_Val">
					<content>2.1</content>
				</attRef>
				<attRef name="ValenceSpan">
					<content>6.05</content>
				</attRef>
				<attRef name="CorAro">
					<content>-0.1955</content>
				</attRef>
				<attRef name="CorVal">
					<content>0.0727</content>
				</attRef>
				<attRef name="averageAoA">
					<content>208.67</content>
				</attRef>
				<attRef name="sdAOA">
					<content>63.84</content>
				</attRef>
				<attRef name="MinAoA">
					<content>73.5</content>
				</attRef>
				<attRef name="MaxAoA">
					<content>383.0</content>
				</attRef>
				<attRef name="OralFreq_Log">
					<content>nan</content>
				</attRef>
				<attRef name="WrittenFreq_Log">
					<content>90.98</content>
				</attRef>
				<attRef name="n_aoa">
					<content>37</content>
				</attRef>
				<attRef name="Max_AoA">
					<content>9.92</content>
				</attRef>
				<attRef name="Min_AoA">
					<content>2.84</content>
				</attRef>
				<attRef name="AoASpan">
					<content>7.08</content>
				</attRef>
				<attRef name="Max_sdAOA">
					<content>2.489</content>
				</attRef>
				<attRef name="Min_sdAOA">
					<content>1.134</content>
				</attRef>
				<attRef name="sdAOASpan">
					<content>1.355</content>
				</attRef>
				<attRef name="Max_logOralFreq">
					<content>3.529</content>
				</attRef>
				<attRef name="Min_logOralFreq">
					<content>0.602</content>
				</attRef>
				<attRef name="logOralFreqSpan">
					<content>2.927</content>
				</attRef>
				<attRef name="Max_logWrittenFreq">
					<content>3.381</content>
				</attRef>
				<attRef name="Min_logWrittenFreq">
					<content>1.23</content>
				</attRef>
				<attRef name="logWrittenFreqSpan">
					<content>2.151</content>
				</attRef>
				<attRef name="CorAoA">
					<content>-0.2083</content>
				</attRef>
			</param>
		</body>
	</text>
</TEI>