<?xml version="1.0" encoding="utf-8"?>
<TEI xmlns="http://www.tei-c.org/ns/1.0">
	<teiHeader>
		<fileDesc>
			<titleStmt about="disco:po_404n1537">
				<title property="dc:title">El cigarro</title>
				<author property="dc:creator" resource="disco:404n" corresp="#disco_404n">Pedro Antonio de Alarcón</author>
				<principal xml:id="prf">Pablo Ruiz Fabo</principal>
				<principal xml:id="heb">Helena Bermúdez Sabel</principal>
				<principal xml:id="jct">José Calvo Tello</principal>
				<principal xml:id="cimc">Clara Isabel Martínez Cantón</principal>
				<respStmt>
					<resp>Metrical annotation by</resp>
					<name xml:id="bnc">Borja Navarro Colorado</name>
				</respStmt>
			</titleStmt>
			<extent>
				<measure unit="sonnets">1</measure>
				<measure unit="tokens">97</measure>
				<measure unit="line">14</measure>
			</extent>
			<publicationStmt>
				<publisher>Diachronic Spanish Sonnet Corpus</publisher>
				<authority>POSTDATA Project</authority>
				<pubPlace>Madrid</pubPlace>
				<availability status="free">
					<p>The text is freely available</p>
				</availability>
				<date when="2017">2017</date>
				<idno type="#disco" xml:id="file_po_404n1537"></idno>
			</publicationStmt>
			<sourceDesc>
				<bibl type="digital-source">
					<hi rend="italics">Sonetos del siglo XIX</hi>
					<date when="2006">2006</date>
					<ref target="http://www.cervantesvirtual.com/nd/ark:/59851/bmc4q861"></ref>
					<ref target="http://www.cervantesvirtual.com/obra/sonetos-del-siglo-xix--0/"></ref>
Biblioteca Cervantes Virtual,  / editados por Ramón García González, , , .				</bibl>
			</sourceDesc>
		</fileDesc>
		<profileDesc>
			<langUsage>
				<language ident="es" about="disco:po_404n1537" property="dc:language" resource="dbpedia:Idioma_español">Spanish</language>
			</langUsage>
			<particDesc>
				<listPerson>
					<person xml:id="disco_404n" about="disco:404n" typeOf="foaf:Person">
						<idno cert="high" property="rdfs:seeAlso" resource="https://viaf.org/viaf/44294383"></idno>
						<persName type="short">Alarcón</persName>
						<persName type="full">
							<forename property="foaf:givenName">Pedro Antonio</forename>
							<nameLink>de</nameLink>
							<surname property="foaf:familyName">Alarcón</surname>
						</persName>
						<persName type="source" property="foaf:name">Pedro Antonio de Alarcón</persName>
						<sex property="foaf:gender" content="M"></sex>
						<birth>
							<location>
								<placeName>
									<settlement property="schema:birthPlace" inlist="">Guadix (Granada)</settlement>
									<country property="schema:birthPlace" inlist="">España</country>
									<bloc property="schema:birthPlace" inlist="">Europa</bloc>
								</placeName>
							</location>
							<date property="schema:birthDate" content="1833" cert="high"></date>
							<date type="century">19</date>
						</birth>
						<death>
							<location>
								<placeName>
									<settlement property="schema:deathPlace" inlist="">Madrid</settlement>
								</placeName>
							</location>
							<date property="schema:deathDate" content="1891" cert="high"></date>
							<date type="century">19</date>
						</death>
						<listBibl inlist="" rel="blterms:hasCreated" typeOf="schema:CreativeWork">
							<bibl resource="disco:s404n1537">
								<title property="dc:title">El cigarro</title>
								<title type="incipit" property="dc:alternative">Lío tabaco en un papel; agarro</title>
							</bibl>
						</listBibl>
					</person>
				</listPerson>
			</particDesc>
		</profileDesc>
		<encodingDesc>
			<listPrefixDef>
				<prefixDef ident="foaf" matchPattern="([A-Za-z]+)" replacementPattern="http://xmlns.com/foaf/0.1/$1"></prefixDef>
				<prefixDef ident="dc" matchPattern="([A-Za-z]+)" replacementPattern="http://purl.org/dc/terms/$1"></prefixDef>
				<prefixDef ident="schema" matchPattern="([A-Za-z]+)" replacementPattern="http://schema.org/$1"></prefixDef>
				<prefixDef ident="dbpedia" matchPattern="([A-Za-z]+(_[A-Za-z])*)" replacementPattern="http://es.dbpedia.org/page/"></prefixDef>
				<prefixDef ident="blterms" matchPattern="([A-Za-z]+)" replacementPattern="http://www.bl.uk/schemas/bibliographic/blterms#$1"></prefixDef>
				<prefixDef ident="rdfs" matchPattern="([A-Za-z]+)" replacementPattern="http://www.w3.org/2000/01/rdf-schema#$1"></prefixDef>
			</listPrefixDef>
			<metDecl type="met" pattern="((\+|\-)+)*">
				<metSym value="+">stressed syllable</metSym>
				<metSym value="-">unstressed syllable</metSym>
			</metDecl>
			<metDecl type="met">
				<p>
					<ref target="https://github.com/bncolorado/adsoScansionSystem">ADSO</ref>
The metrical patterns were extracted automatically using the 
                    tool.				</p>
			</metDecl>
			<metDecl type="enjamb">
				<p>
					<att>enjamb</att>
					<att>cert</att>
					<ref target="https://sites.google.com/site/spanishenjambment/">ANJA
                        (Automatic eNJambment Analysis)</ref>
					<ref target="https://sites.google.com/site/spanishenjambment/enjambment-types">documentation</ref>
					<ref target="https://sites.google.com/site/spanishenjambment/tei-certitude-values">report</ref>
The values of the  atributes were extracted automatically using
                    the  tool. For more information about the
                    types of enjambment as defined in this corpus, read the . In addition, a  was added to express the
                    degree of certainty concerning the characterisation of the enjambment. The following 
                     covers this feature in deep detail.				</p>
			</metDecl>
		</encodingDesc>
		<revisionDesc>
			<change when="2017-11-02" who="#prf">Initial TEI version</change>
			<change when="2017-11-27" who="#prf">Addition of metrical annotation</change>
			<change when="2017-11-27" who="#heb">Review of authors’ metadata</change>
			<change when="2017-12-01" who="#prf">Encoding of enjambment</change>
			<change when="2017-12-01" who="#heb">Publication of 19th, 18th and Golden Age version</change>
			<change when="2018-05-16" who="#heb">Revision of RDFa attributes</change>
		</revisionDesc>
	</teiHeader>
	<text>
		<front>
			<head>El cigarro</head>
		</front>
		<body>
			<lg n="1" type="cuarteto">
				<l n="1" met="+-+--+-+-+-" enjamb="B-ex_subj_verb" cert="low">Lío tabaco en un papel; agarro</l>
				<l n="2" met="+-++-+-+-+-" enjamb="B-ex_dobj_verb I-ex_subj_verb" cert="low low">lumbre y lo enciendo, arde ya medida</l>
				<l n="3" met="+-+-+----+-" enjamb="B-ex_subj_verb I-ex_dobj_verb" cert="low low">que arde, muere; muere y enseguida</l>
				<l n="4" met="+--+-+-+-+-" enjamb="I-ex_subj_verb" cert="low">tiro la punta, bárrenla... y al carro!</l>
				<param name="AffectiveFeatures">
					<attRef name="Hap_Mean">
						<content>8.3</content>
					</attRef>
					<attRef name="Hap_SD">
						<content>3.84</content>
					</attRef>
					<attRef name="Ang_Mean">
						<content>11.11</content>
					</attRef>
					<attRef name="Ang_SD">
						<content>5.95</content>
					</attRef>
					<attRef name="Sad_Mean">
						<content>16.17</content>
					</attRef>
					<attRef name="Sad_SD">
						<content>5.84</content>
					</attRef>
					<attRef name="Fear_Mean">
						<content>14.29</content>
					</attRef>
					<attRef name="Fear_SD">
						<content>6.71</content>
					</attRef>
					<attRef name="Disg_Mean">
						<content>11.78</content>
					</attRef>
					<attRef name="Disg_SD">
						<content>6.41</content>
					</attRef>
					<attRef name="n_affective">
						<content>6</content>
					</attRef>
					<attRef name="ValenceMean">
						<content>58.92</content>
					</attRef>
					<attRef name="ValenceSD">
						<content>19.33</content>
					</attRef>
					<attRef name="ArousalMean">
						<content>83.5</content>
					</attRef>
					<attRef name="ArousalSD">
						<content>22.25</content>
					</attRef>
					<attRef name="n_v_a">
						<content>14</content>
					</attRef>
					<attRef name="Max_Aro">
						<content>7.5</content>
					</attRef>
					<attRef name="Min_Aro">
						<content>3.95</content>
					</attRef>
					<attRef name="ArousalSpan">
						<content>3.55</content>
					</attRef>
					<attRef name="Max_Val">
						<content>6.84</content>
					</attRef>
					<attRef name="Min_Val">
						<content>1.7</content>
					</attRef>
					<attRef name="ValenceSpan">
						<content>5.14</content>
					</attRef>
					<attRef name="CorAro">
						<content>0.0635</content>
					</attRef>
					<attRef name="CorVal">
						<content>-0.0831</content>
					</attRef>
					<attRef name="averageAoA">
						<content>75.19</content>
					</attRef>
					<attRef name="sdAOA">
						<content>26.33</content>
					</attRef>
					<attRef name="MinAoA">
						<content>22.0</content>
					</attRef>
					<attRef name="MaxAoA">
						<content>135.0</content>
					</attRef>
					<attRef name="OralFreq_Log">
						<content>22.68</content>
					</attRef>
					<attRef name="WrittenFreq_Log">
						<content>28.69</content>
					</attRef>
					<attRef name="n_aoa">
						<content>13</content>
					</attRef>
					<attRef name="Max_AoA">
						<content>7.72</content>
					</attRef>
					<attRef name="Min_AoA">
						<content>3.16</content>
					</attRef>
					<attRef name="AoASpan">
						<content>4.56</content>
					</attRef>
					<attRef name="Max_sdAOA">
						<content>2.941</content>
					</attRef>
					<attRef name="Min_sdAOA">
						<content>1.462</content>
					</attRef>
					<attRef name="sdAOASpan">
						<content>1.479</content>
					</attRef>
					<attRef name="Max_logOralFreq">
						<content>2.601</content>
					</attRef>
					<attRef name="Min_logOralFreq">
						<content>0.301</content>
					</attRef>
					<attRef name="logOralFreqSpan">
						<content>2.3</content>
					</attRef>
					<attRef name="Max_logWrittenFreq">
						<content>3.012</content>
					</attRef>
					<attRef name="Min_logWrittenFreq">
						<content>1.301</content>
					</attRef>
					<attRef name="logWrittenFreqSpan">
						<content>1.711</content>
					</attRef>
					<attRef name="CorAoA">
						<content>0.0064</content>
					</attRef>
				</param>
			</lg>
			<lg n="2" type="cuarteto">
				<l n="5" met="++-+-+-+-+-">Un alma envuelve Dios en frágil barro,</l>
				<l n="6" met="-++--+---+-">y la enciende en la lumbre de la vida,</l>
				<l n="7" met="+-+--+---+-" enjamb="B-ex_subj_verb" cert="low">chupa el tiempo y resulta en la partida</l>
				<l n="8" met="+-+-+-++-+-" enjamb="I-ex_subj_verb" cert="low">un cadáver. El hombre es un cigarro.</l>
				<param name="AffectiveFeatures">
					<attRef name="Hap_Mean">
						<content>18.54</content>
					</attRef>
					<attRef name="Hap_SD">
						<content>8.57</content>
					</attRef>
					<attRef name="Ang_Mean">
						<content>10.67</content>
					</attRef>
					<attRef name="Ang_SD">
						<content>7.03</content>
					</attRef>
					<attRef name="Sad_Mean">
						<content>13.88</content>
					</attRef>
					<attRef name="Sad_SD">
						<content>7.67</content>
					</attRef>
					<attRef name="Fear_Mean">
						<content>16.16</content>
					</attRef>
					<attRef name="Fear_SD">
						<content>8.5</content>
					</attRef>
					<attRef name="Disg_Mean">
						<content>12.53</content>
					</attRef>
					<attRef name="Disg_SD">
						<content>7.31</content>
					</attRef>
					<attRef name="n_affective">
						<content>7</content>
					</attRef>
					<attRef name="ValenceMean">
						<content>80.72</content>
					</attRef>
					<attRef name="ValenceSD">
						<content>20.98</content>
					</attRef>
					<attRef name="ArousalMean">
						<content>83.98</content>
					</attRef>
					<attRef name="ArousalSD">
						<content>25.22</content>
					</attRef>
					<attRef name="n_v_a">
						<content>15</content>
					</attRef>
					<attRef name="Max_Aro">
						<content>7.9</content>
					</attRef>
					<attRef name="Min_Aro">
						<content>3.95</content>
					</attRef>
					<attRef name="ArousalSpan">
						<content>3.95</content>
					</attRef>
					<attRef name="Max_Val">
						<content>8.25</content>
					</attRef>
					<attRef name="Min_Val">
						<content>1.73</content>
					</attRef>
					<attRef name="ValenceSpan">
						<content>6.52</content>
					</attRef>
					<attRef name="CorAro">
						<content>0.608</content>
					</attRef>
					<attRef name="CorVal">
						<content>-0.2512</content>
					</attRef>
					<attRef name="averageAoA">
						<content>71.43</content>
					</attRef>
					<attRef name="sdAOA">
						<content>26.6</content>
					</attRef>
					<attRef name="MinAoA">
						<content>22.0</content>
					</attRef>
					<attRef name="MaxAoA">
						<content>138.5</content>
					</attRef>
					<attRef name="OralFreq_Log">
						<content>28.84</content>
					</attRef>
					<attRef name="WrittenFreq_Log">
						<content>32.68</content>
					</attRef>
					<attRef name="n_aoa">
						<content>13</content>
					</attRef>
					<attRef name="Max_AoA">
						<content>8.36</content>
					</attRef>
					<attRef name="Min_AoA">
						<content>3.64</content>
					</attRef>
					<attRef name="AoASpan">
						<content>4.72</content>
					</attRef>
					<attRef name="Max_sdAOA">
						<content>3.081</content>
					</attRef>
					<attRef name="Min_sdAOA">
						<content>1.134</content>
					</attRef>
					<attRef name="sdAOASpan">
						<content>1.947</content>
					</attRef>
					<attRef name="Max_logOralFreq">
						<content>3.611</content>
					</attRef>
					<attRef name="Min_logOralFreq">
						<content>1.114</content>
					</attRef>
					<attRef name="logOralFreqSpan">
						<content>2.497</content>
					</attRef>
					<attRef name="Max_logWrittenFreq">
						<content>3.678</content>
					</attRef>
					<attRef name="Min_logWrittenFreq">
						<content>1.114</content>
					</attRef>
					<attRef name="logWrittenFreqSpan">
						<content>2.564</content>
					</attRef>
					<attRef name="CorAoA">
						<content>0.0243</content>
					</attRef>
				</param>
			</lg>
			<lg n="3" type="terceto">
				<l n="9" met="--+--++--+-">La ceniza que cae es su ventura;</l>
				<l n="10" met="-+---+---+-">el humo que se eleva su esperanza;</l>
				<l n="11" met="---+-+-+-+-">lo que arderá después su loco anhelo.</l>
				<param name="AffectiveFeatures">
					<attRef name="Hap_Mean">
						<content>8.9</content>
					</attRef>
					<attRef name="Hap_SD">
						<content>3.45</content>
					</attRef>
					<attRef name="Ang_Mean">
						<content>6.43</content>
					</attRef>
					<attRef name="Ang_SD">
						<content>3.49</content>
					</attRef>
					<attRef name="Sad_Mean">
						<content>10.04</content>
					</attRef>
					<attRef name="Sad_SD">
						<content>4.45</content>
					</attRef>
					<attRef name="Fear_Mean">
						<content>8.17</content>
					</attRef>
					<attRef name="Fear_SD">
						<content>4.48</content>
					</attRef>
					<attRef name="Disg_Mean">
						<content>5.76</content>
					</attRef>
					<attRef name="Disg_SD">
						<content>2.67</content>
					</attRef>
					<attRef name="n_affective">
						<content>4</content>
					</attRef>
					<attRef name="ValenceMean">
						<content>45.82</content>
					</attRef>
					<attRef name="ValenceSD">
						<content>14.08</content>
					</attRef>
					<attRef name="ArousalMean">
						<content>56.78</content>
					</attRef>
					<attRef name="ArousalSD">
						<content>18.13</content>
					</attRef>
					<attRef name="n_v_a">
						<content>10</content>
					</attRef>
					<attRef name="Max_Aro">
						<content>7.5</content>
					</attRef>
					<attRef name="Min_Aro">
						<content>4.7</content>
					</attRef>
					<attRef name="ArousalSpan">
						<content>2.8</content>
					</attRef>
					<attRef name="Max_Val">
						<content>7.73</content>
					</attRef>
					<attRef name="Min_Val">
						<content>2.85</content>
					</attRef>
					<attRef name="ValenceSpan">
						<content>4.88</content>
					</attRef>
					<attRef name="CorAro">
						<content>0.1869</content>
					</attRef>
					<attRef name="CorVal">
						<content>0.0307</content>
					</attRef>
					<attRef name="averageAoA">
						<content>57.38</content>
					</attRef>
					<attRef name="sdAOA">
						<content>15.74</content>
					</attRef>
					<attRef name="MinAoA">
						<content>21.0</content>
					</attRef>
					<attRef name="MaxAoA">
						<content>91.0</content>
					</attRef>
					<attRef name="OralFreq_Log">
						<content>13.76</content>
					</attRef>
					<attRef name="WrittenFreq_Log">
						<content>20.02</content>
					</attRef>
					<attRef name="n_aoa">
						<content>9</content>
					</attRef>
					<attRef name="Max_AoA">
						<content>10.46</content>
					</attRef>
					<attRef name="Min_AoA">
						<content>3.22</content>
					</attRef>
					<attRef name="AoASpan">
						<content>7.24</content>
					</attRef>
					<attRef name="Max_sdAOA">
						<content>2.037</content>
					</attRef>
					<attRef name="Min_sdAOA">
						<content>1.216</content>
					</attRef>
					<attRef name="sdAOASpan">
						<content>0.821</content>
					</attRef>
					<attRef name="Max_logOralFreq">
						<content>3.443</content>
					</attRef>
					<attRef name="Min_logOralFreq">
						<content>0.301</content>
					</attRef>
					<attRef name="logOralFreqSpan">
						<content>3.142</content>
					</attRef>
					<attRef name="Max_logWrittenFreq">
						<content>3.361</content>
					</attRef>
					<attRef name="Min_logWrittenFreq">
						<content>1.301</content>
					</attRef>
					<attRef name="logWrittenFreqSpan">
						<content>2.06</content>
					</attRef>
					<attRef name="CorAoA">
						<content>0.1471</content>
					</attRef>
				</param>
			</lg>
			<lg n="4" type="terceto">
				<l n="12" met="-+---+-+-+-">Cigarro tras cigarro el tiempo apura;</l>
				<l n="13" met="-+---+-+-+-">colilla tras colilla al hoyo lanza,</l>
				<l n="14" met="---+-+-+-+-">pero el aroma... ¡piérdese en el cielo!</l>
				<param name="AffectiveFeatures">
					<attRef name="Hap_Mean">
						<content>7.9</content>
					</attRef>
					<attRef name="Hap_SD">
						<content>3.68</content>
					</attRef>
					<attRef name="Ang_Mean">
						<content>5.03</content>
					</attRef>
					<attRef name="Ang_SD">
						<content>2.63</content>
					</attRef>
					<attRef name="Sad_Mean">
						<content>5.6</content>
					</attRef>
					<attRef name="Sad_SD">
						<content>3.41</content>
					</attRef>
					<attRef name="Fear_Mean">
						<content>6.5</content>
					</attRef>
					<attRef name="Fear_SD">
						<content>3.81</content>
					</attRef>
					<attRef name="Disg_Mean">
						<content>3.43</content>
					</attRef>
					<attRef name="Disg_SD">
						<content>1.18</content>
					</attRef>
					<attRef name="n_affective">
						<content>3</content>
					</attRef>
					<attRef name="ValenceMean">
						<content>36.43</content>
					</attRef>
					<attRef name="ValenceSD">
						<content>11.27</content>
					</attRef>
					<attRef name="ArousalMean">
						<content>37.03</content>
					</attRef>
					<attRef name="ArousalSD">
						<content>11.49</content>
					</attRef>
					<attRef name="n_v_a">
						<content>7</content>
					</attRef>
					<attRef name="Max_Aro">
						<content>6.3</content>
					</attRef>
					<attRef name="Min_Aro">
						<content>2.95</content>
					</attRef>
					<attRef name="ArousalSpan">
						<content>3.35</content>
					</attRef>
					<attRef name="Max_Val">
						<content>7.68</content>
					</attRef>
					<attRef name="Min_Val">
						<content>3.9</content>
					</attRef>
					<attRef name="ValenceSpan">
						<content>3.78</content>
					</attRef>
					<attRef name="CorAro">
						<content>-0.7227</content>
					</attRef>
					<attRef name="CorVal">
						<content>0.6485</content>
					</attRef>
					<attRef name="averageAoA">
						<content>53.56</content>
					</attRef>
					<attRef name="sdAOA">
						<content>19.84</content>
					</attRef>
					<attRef name="MinAoA">
						<content>13.0</content>
					</attRef>
					<attRef name="MaxAoA">
						<content>93.0</content>
					</attRef>
					<attRef name="OralFreq_Log">
						<content>17.21</content>
					</attRef>
					<attRef name="WrittenFreq_Log">
						<content>21.91</content>
					</attRef>
					<attRef name="n_aoa">
						<content>9</content>
					</attRef>
					<attRef name="Max_AoA">
						<content>7.32</content>
					</attRef>
					<attRef name="Min_AoA">
						<content>3.58</content>
					</attRef>
					<attRef name="AoASpan">
						<content>3.74</content>
					</attRef>
					<attRef name="Max_sdAOA">
						<content>2.789</content>
					</attRef>
					<attRef name="Min_sdAOA">
						<content>1.579</content>
					</attRef>
					<attRef name="sdAOASpan">
						<content>1.21</content>
					</attRef>
					<attRef name="Max_logOralFreq">
						<content>3.472</content>
					</attRef>
					<attRef name="Min_logOralFreq">
						<content>0.954</content>
					</attRef>
					<attRef name="logOralFreqSpan">
						<content>2.518</content>
					</attRef>
					<attRef name="Max_logWrittenFreq">
						<content>3.62</content>
					</attRef>
					<attRef name="Min_logWrittenFreq">
						<content>1.462</content>
					</attRef>
					<attRef name="logWrittenFreqSpan">
						<content>2.158</content>
					</attRef>
					<attRef name="CorAoA">
						<content>-0.3788</content>
					</attRef>
				</param>
			</lg>
			<param name="AffectiveFeatures">
				<attRef name="Hap_Mean">
					<content>43.64</content>
				</attRef>
				<attRef name="Hap_SD">
					<content>19.54</content>
				</attRef>
				<attRef name="Ang_Mean">
					<content>33.24</content>
				</attRef>
				<attRef name="Ang_SD">
					<content>19.1</content>
				</attRef>
				<attRef name="Sad_Mean">
					<content>45.69</content>
				</attRef>
				<attRef name="Sad_SD">
					<content>21.37</content>
				</attRef>
				<attRef name="Fear_Mean">
					<content>45.12</content>
				</attRef>
				<attRef name="Fear_SD">
					<content>23.5</content>
				</attRef>
				<attRef name="Disg_Mean">
					<content>33.5</content>
				</attRef>
				<attRef name="Disg_SD">
					<content>17.57</content>
				</attRef>
				<attRef name="n_affective">
					<content>20</content>
				</attRef>
				<attRef name="ValenceMean">
					<content>221.89</content>
				</attRef>
				<attRef name="ValenceSD">
					<content>65.66</content>
				</attRef>
				<attRef name="ArousalMean">
					<content>261.29</content>
				</attRef>
				<attRef name="ArousalSD">
					<content>77.09</content>
				</attRef>
				<attRef name="n_v_a">
					<content>46</content>
				</attRef>
				<attRef name="Max_Aro">
					<content>7.9</content>
				</attRef>
				<attRef name="Min_Aro">
					<content>2.95</content>
				</attRef>
				<attRef name="ArousalSpan">
					<content>4.95</content>
				</attRef>
				<attRef name="Max_Val">
					<content>8.25</content>
				</attRef>
				<attRef name="Min_Val">
					<content>1.7</content>
				</attRef>
				<attRef name="ValenceSpan">
					<content>6.55</content>
				</attRef>
				<attRef name="CorAro">
					<content>-0.1449</content>
				</attRef>
				<attRef name="CorVal">
					<content>0.1479</content>
				</attRef>
				<attRef name="averageAoA">
					<content>257.56</content>
				</attRef>
				<attRef name="sdAOA">
					<content>88.51</content>
				</attRef>
				<attRef name="MinAoA">
					<content>78.0</content>
				</attRef>
				<attRef name="MaxAoA">
					<content>457.5</content>
				</attRef>
				<attRef name="OralFreq_Log">
					<content>82.49</content>
				</attRef>
				<attRef name="WrittenFreq_Log">
					<content>103.31</content>
				</attRef>
				<attRef name="n_aoa">
					<content>44</content>
				</attRef>
				<attRef name="Max_AoA">
					<content>10.46</content>
				</attRef>
				<attRef name="Min_AoA">
					<content>3.16</content>
				</attRef>
				<attRef name="AoASpan">
					<content>7.3</content>
				</attRef>
				<attRef name="Max_sdAOA">
					<content>3.081</content>
				</attRef>
				<attRef name="Min_sdAOA">
					<content>1.134</content>
				</attRef>
				<attRef name="sdAOASpan">
					<content>1.947</content>
				</attRef>
				<attRef name="Max_logOralFreq">
					<content>3.611</content>
				</attRef>
				<attRef name="Min_logOralFreq">
					<content>0.301</content>
				</attRef>
				<attRef name="logOralFreqSpan">
					<content>3.31</content>
				</attRef>
				<attRef name="Max_logWrittenFreq">
					<content>3.678</content>
				</attRef>
				<attRef name="Min_logWrittenFreq">
					<content>1.114</content>
				</attRef>
				<attRef name="logWrittenFreqSpan">
					<content>2.564</content>
				</attRef>
				<attRef name="CorAoA">
					<content>0.0836</content>
				</attRef>
			</param>
		</body>
	</text>
</TEI>