<?xml version="1.0" encoding="utf-8"?>
<TEI xmlns="http://www.tei-c.org/ns/1.0">
	<teiHeader>
		<fileDesc>
			<titleStmt about="disco:po_404n1542">
				<title property="dc:title">Promesa de una esposa</title>
				<author property="dc:creator" resource="disco:404n" corresp="#disco_404n">Pedro Antonio de Alarcón</author>
				<principal xml:id="prf">Pablo Ruiz Fabo</principal>
				<principal xml:id="heb">Helena Bermúdez Sabel</principal>
				<principal xml:id="jct">José Calvo Tello</principal>
				<principal xml:id="cimc">Clara Isabel Martínez Cantón</principal>
				<respStmt>
					<resp>Metrical annotation by</resp>
					<name xml:id="bnc">Borja Navarro Colorado</name>
				</respStmt>
			</titleStmt>
			<extent>
				<measure unit="sonnets">1</measure>
				<measure unit="tokens">88</measure>
				<measure unit="line">14</measure>
			</extent>
			<publicationStmt>
				<publisher>Diachronic Spanish Sonnet Corpus</publisher>
				<authority>POSTDATA Project</authority>
				<pubPlace>Madrid</pubPlace>
				<availability status="free">
					<p>The text is freely available</p>
				</availability>
				<date when="2017">2017</date>
				<idno type="#disco" xml:id="file_po_404n1542"></idno>
			</publicationStmt>
			<sourceDesc>
				<bibl type="digital-source">
					<hi rend="italics">Sonetos del siglo XIX</hi>
					<date when="2006">2006</date>
					<ref target="http://www.cervantesvirtual.com/nd/ark:/59851/bmc4q861"></ref>
					<ref target="http://www.cervantesvirtual.com/obra/sonetos-del-siglo-xix--0/"></ref>
Biblioteca Cervantes Virtual,  / editados por Ramón García González, , , .				</bibl>
			</sourceDesc>
		</fileDesc>
		<profileDesc>
			<langUsage>
				<language ident="es" about="disco:po_404n1542" property="dc:language" resource="dbpedia:Idioma_español">Spanish</language>
			</langUsage>
			<particDesc>
				<listPerson>
					<person xml:id="disco_404n" about="disco:404n" typeOf="foaf:Person">
						<idno cert="high" property="rdfs:seeAlso" resource="https://viaf.org/viaf/44294383"></idno>
						<persName type="short">Alarcón</persName>
						<persName type="full">
							<forename property="foaf:givenName">Pedro Antonio</forename>
							<nameLink>de</nameLink>
							<surname property="foaf:familyName">Alarcón</surname>
						</persName>
						<persName type="source" property="foaf:name">Pedro Antonio de Alarcón</persName>
						<sex property="foaf:gender" content="M"></sex>
						<birth>
							<location>
								<placeName>
									<settlement property="schema:birthPlace" inlist="">Guadix (Granada)</settlement>
									<country property="schema:birthPlace" inlist="">España</country>
									<bloc property="schema:birthPlace" inlist="">Europa</bloc>
								</placeName>
							</location>
							<date property="schema:birthDate" content="1833" cert="high"></date>
							<date type="century">19</date>
						</birth>
						<death>
							<location>
								<placeName>
									<settlement property="schema:deathPlace" inlist="">Madrid</settlement>
								</placeName>
							</location>
							<date property="schema:deathDate" content="1891" cert="high"></date>
							<date type="century">19</date>
						</death>
						<listBibl inlist="" rel="blterms:hasCreated" typeOf="schema:CreativeWork">
							<bibl resource="disco:s404n1542">
								<title property="dc:title">Promesa de una esposa</title>
								<title type="incipit" property="dc:alternative">Estoy, señor, de mí tan desprendida,</title>
							</bibl>
						</listBibl>
					</person>
				</listPerson>
			</particDesc>
		</profileDesc>
		<encodingDesc>
			<listPrefixDef>
				<prefixDef ident="foaf" matchPattern="([A-Za-z]+)" replacementPattern="http://xmlns.com/foaf/0.1/$1"></prefixDef>
				<prefixDef ident="dc" matchPattern="([A-Za-z]+)" replacementPattern="http://purl.org/dc/terms/$1"></prefixDef>
				<prefixDef ident="schema" matchPattern="([A-Za-z]+)" replacementPattern="http://schema.org/$1"></prefixDef>
				<prefixDef ident="dbpedia" matchPattern="([A-Za-z]+(_[A-Za-z])*)" replacementPattern="http://es.dbpedia.org/page/"></prefixDef>
				<prefixDef ident="blterms" matchPattern="([A-Za-z]+)" replacementPattern="http://www.bl.uk/schemas/bibliographic/blterms#$1"></prefixDef>
				<prefixDef ident="rdfs" matchPattern="([A-Za-z]+)" replacementPattern="http://www.w3.org/2000/01/rdf-schema#$1"></prefixDef>
			</listPrefixDef>
			<metDecl type="met" pattern="((\+|\-)+)*">
				<metSym value="+">stressed syllable</metSym>
				<metSym value="-">unstressed syllable</metSym>
			</metDecl>
			<metDecl type="met">
				<p>
					<ref target="https://github.com/bncolorado/adsoScansionSystem">ADSO</ref>
The metrical patterns were extracted automatically using the 
                    tool.				</p>
			</metDecl>
			<metDecl type="enjamb">
				<p>
					<att>enjamb</att>
					<att>cert</att>
					<ref target="https://sites.google.com/site/spanishenjambment/">ANJA
                        (Automatic eNJambment Analysis)</ref>
					<ref target="https://sites.google.com/site/spanishenjambment/enjambment-types">documentation</ref>
					<ref target="https://sites.google.com/site/spanishenjambment/tei-certitude-values">report</ref>
The values of the  atributes were extracted automatically using
                    the  tool. For more information about the
                    types of enjambment as defined in this corpus, read the . In addition, a  was added to express the
                    degree of certainty concerning the characterisation of the enjambment. The following 
                     covers this feature in deep detail.				</p>
			</metDecl>
		</encodingDesc>
		<revisionDesc>
			<change when="2017-11-02" who="#prf">Initial TEI version</change>
			<change when="2017-11-27" who="#prf">Addition of metrical annotation</change>
			<change when="2017-11-27" who="#heb">Review of authors’ metadata</change>
			<change when="2017-12-01" who="#prf">Encoding of enjambment</change>
			<change when="2017-12-01" who="#heb">Publication of 19th, 18th and Golden Age version</change>
			<change when="2018-05-16" who="#heb">Revision of RDFa attributes</change>
		</revisionDesc>
	</teiHeader>
	<text>
		<front>
			<head>Promesa de una esposa</head>
		</front>
		<body>
			<lg n="1" type="cuarteto">
				<l n="1" met="-+-+-++--+-">Estoy, señor, de mí tan desprendida,</l>
				<l n="2" met="--+--++--+-">y de toda afición tan apartada,</l>
				<l n="3" met="---++--+-+-" enjamb="B-ex_subj_verb" cert="low">que, por el don que os intereso, nada</l>
				<l n="4" met="---+-+---+-" enjamb="I-ex_subj_verb" cert="low">sacrificar pudiera agradecida.</l>
				<param name="AffectiveFeatures">
					<attRef name="Hap_Mean">
						<content>6.8</content>
					</attRef>
					<attRef name="Hap_SD">
						<content>2.32</content>
					</attRef>
					<attRef name="Ang_Mean">
						<content>3.2</content>
					</attRef>
					<attRef name="Ang_SD">
						<content>1.57</content>
					</attRef>
					<attRef name="Sad_Mean">
						<content>2.63</content>
					</attRef>
					<attRef name="Sad_SD">
						<content>1.47</content>
					</attRef>
					<attRef name="Fear_Mean">
						<content>3.74</content>
					</attRef>
					<attRef name="Fear_SD">
						<content>1.62</content>
					</attRef>
					<attRef name="Disg_Mean">
						<content>3.2</content>
					</attRef>
					<attRef name="Disg_SD">
						<content>1.39</content>
					</attRef>
					<attRef name="n_affective">
						<content>2</content>
					</attRef>
					<attRef name="ValenceMean">
						<content>56.48</content>
					</attRef>
					<attRef name="ValenceSD">
						<content>11.29</content>
					</attRef>
					<attRef name="ArousalMean">
						<content>56.62</content>
					</attRef>
					<attRef name="ArousalSD">
						<content>16.94</content>
					</attRef>
					<attRef name="n_v_a">
						<content>10</content>
					</attRef>
					<attRef name="Max_Aro">
						<content>7.9</content>
					</attRef>
					<attRef name="Min_Aro">
						<content>4.85</content>
					</attRef>
					<attRef name="ArousalSpan">
						<content>3.05</content>
					</attRef>
					<attRef name="Max_Val">
						<content>7.35</content>
					</attRef>
					<attRef name="Min_Val">
						<content>2.2</content>
					</attRef>
					<attRef name="ValenceSpan">
						<content>5.15</content>
					</attRef>
					<attRef name="CorAro">
						<content>0.439</content>
					</attRef>
					<attRef name="CorVal">
						<content>0.0163</content>
					</attRef>
					<attRef name="averageAoA">
						<content>51.94</content>
					</attRef>
					<attRef name="sdAOA">
						<content>19.42</content>
					</attRef>
					<attRef name="MinAoA">
						<content>16.0</content>
					</attRef>
					<attRef name="MaxAoA">
						<content>93.0</content>
					</attRef>
					<attRef name="OralFreq_Log">
						<content>26.84</content>
					</attRef>
					<attRef name="WrittenFreq_Log">
						<content>27.28</content>
					</attRef>
					<attRef name="n_aoa">
						<content>9</content>
					</attRef>
					<attRef name="Max_AoA">
						<content>8.54</content>
					</attRef>
					<attRef name="Min_AoA">
						<content>3.54</content>
					</attRef>
					<attRef name="AoASpan">
						<content>5.0</content>
					</attRef>
					<attRef name="Max_sdAOA">
						<content>2.654</content>
					</attRef>
					<attRef name="Min_sdAOA">
						<content>1.627</content>
					</attRef>
					<attRef name="sdAOASpan">
						<content>1.027</content>
					</attRef>
					<attRef name="Max_logOralFreq">
						<content>3.974</content>
					</attRef>
					<attRef name="Min_logOralFreq">
						<content>1.763</content>
					</attRef>
					<attRef name="logOralFreqSpan">
						<content>2.211</content>
					</attRef>
					<attRef name="Max_logWrittenFreq">
						<content>3.888</content>
					</attRef>
					<attRef name="Min_logWrittenFreq">
						<content>1.69</content>
					</attRef>
					<attRef name="logWrittenFreqSpan">
						<content>2.198</content>
					</attRef>
					<attRef name="CorAoA">
						<content>0.3558</content>
					</attRef>
				</param>
			</lg>
			<lg n="2" type="cuarteto">
				<l n="5" met="++-+---+-+-">Voto os hiciera de dejar la vida,</l>
				<l n="6" met="+-++---+-+-">si antes no fuera vuestra, y tan cuitada,</l>
				<l n="7" met="--++-+---+-" enjamb="B-ex_subj_verb" cert="low">que, al perderla, creyérame premiada</l>
				<l n="8" met="-+-+-+++-+-" enjamb="I-ex_subj_verb" cert="low">con no vivir y verme a Vos unida.</l>
				<param name="AffectiveFeatures">
					<attRef name="Hap_Mean">
						<content>8.67</content>
					</attRef>
					<attRef name="Hap_SD">
						<content>1.94</content>
					</attRef>
					<attRef name="Ang_Mean">
						<content>2.86</content>
					</attRef>
					<attRef name="Ang_SD">
						<content>1.96</content>
					</attRef>
					<attRef name="Sad_Mean">
						<content>3.9</content>
					</attRef>
					<attRef name="Sad_SD">
						<content>2.67</content>
					</attRef>
					<attRef name="Fear_Mean">
						<content>4.63</content>
					</attRef>
					<attRef name="Fear_SD">
						<content>2.81</content>
					</attRef>
					<attRef name="Disg_Mean">
						<content>2.4</content>
					</attRef>
					<attRef name="Disg_SD">
						<content>1.33</content>
					</attRef>
					<attRef name="n_affective">
						<content>2</content>
					</attRef>
					<attRef name="ValenceMean">
						<content>57.66</content>
					</attRef>
					<attRef name="ValenceSD">
						<content>10.55</content>
					</attRef>
					<attRef name="ArousalMean">
						<content>49.81</content>
					</attRef>
					<attRef name="ArousalSD">
						<content>16.44</content>
					</attRef>
					<attRef name="n_v_a">
						<content>9</content>
					</attRef>
					<attRef name="Max_Aro">
						<content>6.6</content>
					</attRef>
					<attRef name="Min_Aro">
						<content>4.55</content>
					</attRef>
					<attRef name="ArousalSpan">
						<content>2.05</content>
					</attRef>
					<attRef name="Max_Val">
						<content>8.55</content>
					</attRef>
					<attRef name="Min_Val">
						<content>3.3</content>
					</attRef>
					<attRef name="ValenceSpan">
						<content>5.25</content>
					</attRef>
					<attRef name="CorAro">
						<content>-0.1913</content>
					</attRef>
					<attRef name="CorVal">
						<content>0.3221</content>
					</attRef>
					<attRef name="averageAoA">
						<content>47.19</content>
					</attRef>
					<attRef name="sdAOA">
						<content>17.04</content>
					</attRef>
					<attRef name="MinAoA">
						<content>14.67</content>
					</attRef>
					<attRef name="MaxAoA">
						<content>88.33</content>
					</attRef>
					<attRef name="OralFreq_Log">
						<content>28.39</content>
					</attRef>
					<attRef name="WrittenFreq_Log">
						<content>28.25</content>
					</attRef>
					<attRef name="n_aoa">
						<content>9</content>
					</attRef>
					<attRef name="Max_AoA">
						<content>8.38</content>
					</attRef>
					<attRef name="Min_AoA">
						<content>1.64</content>
					</attRef>
					<attRef name="AoASpan">
						<content>6.74</content>
					</attRef>
					<attRef name="Max_sdAOA">
						<content>2.488</content>
					</attRef>
					<attRef name="Min_sdAOA">
						<content>0.921</content>
					</attRef>
					<attRef name="sdAOASpan">
						<content>1.567</content>
					</attRef>
					<attRef name="Max_logOralFreq">
						<content>4.152</content>
					</attRef>
					<attRef name="Min_logOralFreq">
						<content>2.124</content>
					</attRef>
					<attRef name="logOralFreqSpan">
						<content>2.028</content>
					</attRef>
					<attRef name="Max_logWrittenFreq">
						<content>4.003</content>
					</attRef>
					<attRef name="Min_logWrittenFreq">
						<content>1.883</content>
					</attRef>
					<attRef name="logWrittenFreqSpan">
						<content>2.12</content>
					</attRef>
					<attRef name="CorAoA">
						<content>0.1198</content>
					</attRef>
				</param>
			</lg>
			<lg n="3" type="terceto">
				<l n="9" met="--+--+---+-">Mas, pues no hay meritorio sacrificio</l>
				<l n="10" met="--+--+-+-+-">en quien vive sin dichas, yo os ofrezco,</l>
				<l n="11" met="--+--+---+-">si volvéis la salud al moribundo,</l>
				<param name="AffectiveFeatures">
					<attRef name="Hap_Mean">
						<content>15.34</content>
					</attRef>
					<attRef name="Hap_SD">
						<content>5.49</content>
					</attRef>
					<attRef name="Ang_Mean">
						<content>8.51</content>
					</attRef>
					<attRef name="Ang_SD">
						<content>5.18</content>
					</attRef>
					<attRef name="Sad_Mean">
						<content>11.53</content>
					</attRef>
					<attRef name="Sad_SD">
						<content>5.41</content>
					</attRef>
					<attRef name="Fear_Mean">
						<content>11.97</content>
					</attRef>
					<attRef name="Fear_SD">
						<content>6.15</content>
					</attRef>
					<attRef name="Disg_Mean">
						<content>7.77</content>
					</attRef>
					<attRef name="Disg_SD">
						<content>4.25</content>
					</attRef>
					<attRef name="n_affective">
						<content>5</content>
					</attRef>
					<attRef name="ValenceMean">
						<content>52.35</content>
					</attRef>
					<attRef name="ValenceSD">
						<content>11.39</content>
					</attRef>
					<attRef name="ArousalMean">
						<content>48.75</content>
					</attRef>
					<attRef name="ArousalSD">
						<content>15.97</content>
					</attRef>
					<attRef name="n_v_a">
						<content>9</content>
					</attRef>
					<attRef name="Max_Aro">
						<content>7.1</content>
					</attRef>
					<attRef name="Min_Aro">
						<content>4.35</content>
					</attRef>
					<attRef name="ArousalSpan">
						<content>2.75</content>
					</attRef>
					<attRef name="Max_Val">
						<content>8.55</content>
					</attRef>
					<attRef name="Min_Val">
						<content>1.7</content>
					</attRef>
					<attRef name="ValenceSpan">
						<content>6.85</content>
					</attRef>
					<attRef name="CorAro">
						<content>-0.1108</content>
					</attRef>
					<attRef name="CorVal">
						<content>-0.0826</content>
					</attRef>
					<attRef name="averageAoA">
						<content>44.63</content>
					</attRef>
					<attRef name="sdAOA">
						<content>13.99</content>
					</attRef>
					<attRef name="MinAoA">
						<content>18.0</content>
					</attRef>
					<attRef name="MaxAoA">
						<content>70.33</content>
					</attRef>
					<attRef name="OralFreq_Log">
						<content>19.49</content>
					</attRef>
					<attRef name="WrittenFreq_Log">
						<content>20.53</content>
					</attRef>
					<attRef name="n_aoa">
						<content>7</content>
					</attRef>
					<attRef name="Max_AoA">
						<content>9.3</content>
					</attRef>
					<attRef name="Min_AoA">
						<content>1.64</content>
					</attRef>
					<attRef name="AoASpan">
						<content>7.66</content>
					</attRef>
					<attRef name="Max_sdAOA">
						<content>2.376</content>
					</attRef>
					<attRef name="Min_sdAOA">
						<content>0.921</content>
					</attRef>
					<attRef name="sdAOASpan">
						<content>1.455</content>
					</attRef>
					<attRef name="Max_logOralFreq">
						<content>4.257</content>
					</attRef>
					<attRef name="Min_logOralFreq">
						<content>1.591</content>
					</attRef>
					<attRef name="logOralFreqSpan">
						<content>2.666</content>
					</attRef>
					<attRef name="Max_logWrittenFreq">
						<content>4.003</content>
					</attRef>
					<attRef name="Min_logWrittenFreq">
						<content>2.037</content>
					</attRef>
					<attRef name="logWrittenFreqSpan">
						<content>1.966</content>
					</attRef>
					<attRef name="CorAoA">
						<content>-0.2388</content>
					</attRef>
				</param>
			</lg>
			<lg n="4" type="terceto">
				<l n="12" met="-++--+---+-">ceñirme la existencia cual silicio,</l>
				<l n="13" met="--++-+---+-">codiciar una vida que aborrezco,</l>
				<l n="14" met="--++-+-+-+-">abrazarme a la cruz de aqueste mundo.</l>
				<param name="AffectiveFeatures">
					<attRef name="Hap_Mean">
						<content>9.03</content>
					</attRef>
					<attRef name="Hap_SD">
						<content>2.98</content>
					</attRef>
					<attRef name="Ang_Mean">
						<content>4.8</content>
					</attRef>
					<attRef name="Ang_SD">
						<content>2.77</content>
					</attRef>
					<attRef name="Sad_Mean">
						<content>6.47</content>
					</attRef>
					<attRef name="Sad_SD">
						<content>3.85</content>
					</attRef>
					<attRef name="Fear_Mean">
						<content>5.93</content>
					</attRef>
					<attRef name="Fear_SD">
						<content>3.47</content>
					</attRef>
					<attRef name="Disg_Mean">
						<content>4.6</content>
					</attRef>
					<attRef name="Disg_SD">
						<content>2.93</content>
					</attRef>
					<attRef name="n_affective">
						<content>3</content>
					</attRef>
					<attRef name="ValenceMean">
						<content>30.48</content>
					</attRef>
					<attRef name="ValenceSD">
						<content>6.76</content>
					</attRef>
					<attRef name="ArousalMean">
						<content>27.48</content>
					</attRef>
					<attRef name="ArousalSD">
						<content>8.38</content>
					</attRef>
					<attRef name="n_v_a">
						<content>5</content>
					</attRef>
					<attRef name="Max_Aro">
						<content>6.6</content>
					</attRef>
					<attRef name="Min_Aro">
						<content>4.63</content>
					</attRef>
					<attRef name="ArousalSpan">
						<content>1.97</content>
					</attRef>
					<attRef name="Max_Val">
						<content>8.25</content>
					</attRef>
					<attRef name="Min_Val">
						<content>4.4</content>
					</attRef>
					<attRef name="ValenceSpan">
						<content>3.85</content>
					</attRef>
					<attRef name="CorAro">
						<content>-0.0205</content>
					</attRef>
					<attRef name="CorVal">
						<content>-0.115</content>
					</attRef>
					<attRef name="averageAoA">
						<content>23.34</content>
					</attRef>
					<attRef name="sdAOA">
						<content>7.87</content>
					</attRef>
					<attRef name="MinAoA">
						<content>6.0</content>
					</attRef>
					<attRef name="MaxAoA">
						<content>40.0</content>
					</attRef>
					<attRef name="OralFreq_Log">
						<content>11.07</content>
					</attRef>
					<attRef name="WrittenFreq_Log">
						<content>12.25</content>
					</attRef>
					<attRef name="n_aoa">
						<content>4</content>
					</attRef>
					<attRef name="Max_AoA">
						<content>8.72</content>
					</attRef>
					<attRef name="Min_AoA">
						<content>4.68</content>
					</attRef>
					<attRef name="AoASpan">
						<content>4.04</content>
					</attRef>
					<attRef name="Max_sdAOA">
						<content>2.109</content>
					</attRef>
					<attRef name="Min_sdAOA">
						<content>1.773</content>
					</attRef>
					<attRef name="sdAOASpan">
						<content>0.336</content>
					</attRef>
					<attRef name="Max_logOralFreq">
						<content>3.436</content>
					</attRef>
					<attRef name="Min_logOralFreq">
						<content>1.973</content>
					</attRef>
					<attRef name="logOralFreqSpan">
						<content>1.463</content>
					</attRef>
					<attRef name="Max_logWrittenFreq">
						<content>3.678</content>
					</attRef>
					<attRef name="Min_logWrittenFreq">
						<content>2.137</content>
					</attRef>
					<attRef name="logWrittenFreqSpan">
						<content>1.541</content>
					</attRef>
					<attRef name="CorAoA">
						<content>-0.7841</content>
					</attRef>
				</param>
			</lg>
			<param name="AffectiveFeatures">
				<attRef name="Hap_Mean">
					<content>39.84</content>
				</attRef>
				<attRef name="Hap_SD">
					<content>12.73</content>
				</attRef>
				<attRef name="Ang_Mean">
					<content>19.37</content>
				</attRef>
				<attRef name="Ang_SD">
					<content>11.48</content>
				</attRef>
				<attRef name="Sad_Mean">
					<content>24.53</content>
				</attRef>
				<attRef name="Sad_SD">
					<content>13.4</content>
				</attRef>
				<attRef name="Fear_Mean">
					<content>26.27</content>
				</attRef>
				<attRef name="Fear_SD">
					<content>14.05</content>
				</attRef>
				<attRef name="Disg_Mean">
					<content>17.97</content>
				</attRef>
				<attRef name="Disg_SD">
					<content>9.9</content>
				</attRef>
				<attRef name="n_affective">
					<content>12</content>
				</attRef>
				<attRef name="ValenceMean">
					<content>196.97</content>
				</attRef>
				<attRef name="ValenceSD">
					<content>39.99</content>
				</attRef>
				<attRef name="ArousalMean">
					<content>182.66</content>
				</attRef>
				<attRef name="ArousalSD">
					<content>57.73</content>
				</attRef>
				<attRef name="n_v_a">
					<content>33</content>
				</attRef>
				<attRef name="Max_Aro">
					<content>7.9</content>
				</attRef>
				<attRef name="Min_Aro">
					<content>4.35</content>
				</attRef>
				<attRef name="ArousalSpan">
					<content>3.55</content>
				</attRef>
				<attRef name="Max_Val">
					<content>8.55</content>
				</attRef>
				<attRef name="Min_Val">
					<content>1.7</content>
				</attRef>
				<attRef name="ValenceSpan">
					<content>6.85</content>
				</attRef>
				<attRef name="CorAro">
					<content>-0.0833</content>
				</attRef>
				<attRef name="CorVal">
					<content>0.0683</content>
				</attRef>
				<attRef name="averageAoA">
					<content>167.1</content>
				</attRef>
				<attRef name="sdAOA">
					<content>58.32</content>
				</attRef>
				<attRef name="MinAoA">
					<content>54.67</content>
				</attRef>
				<attRef name="MaxAoA">
					<content>291.66</content>
				</attRef>
				<attRef name="OralFreq_Log">
					<content>85.78</content>
				</attRef>
				<attRef name="WrittenFreq_Log">
					<content>88.3</content>
				</attRef>
				<attRef name="n_aoa">
					<content>29</content>
				</attRef>
				<attRef name="Max_AoA">
					<content>9.3</content>
				</attRef>
				<attRef name="Min_AoA">
					<content>1.64</content>
				</attRef>
				<attRef name="AoASpan">
					<content>7.66</content>
				</attRef>
				<attRef name="Max_sdAOA">
					<content>2.654</content>
				</attRef>
				<attRef name="Min_sdAOA">
					<content>0.921</content>
				</attRef>
				<attRef name="sdAOASpan">
					<content>1.733</content>
				</attRef>
				<attRef name="Max_logOralFreq">
					<content>4.257</content>
				</attRef>
				<attRef name="Min_logOralFreq">
					<content>1.591</content>
				</attRef>
				<attRef name="logOralFreqSpan">
					<content>2.666</content>
				</attRef>
				<attRef name="Max_logWrittenFreq">
					<content>4.003</content>
				</attRef>
				<attRef name="Min_logWrittenFreq">
					<content>1.69</content>
				</attRef>
				<attRef name="logWrittenFreqSpan">
					<content>2.313</content>
				</attRef>
				<attRef name="CorAoA">
					<content>0.0824</content>
				</attRef>
			</param>
		</body>
	</text>
</TEI>