<?xml version="1.0" encoding="utf-8"?>
<TEI xmlns="http://www.tei-c.org/ns/1.0">
	<teiHeader>
		<fileDesc>
			<titleStmt about="disco:po_404n1541">
				<title property="dc:title">A la bandera del batallón de Ciudad Rodrigo</title>
				<author property="dc:creator" resource="disco:404n" corresp="#disco_404n">Pedro Antonio de Alarcón</author>
				<principal xml:id="prf">Pablo Ruiz Fabo</principal>
				<principal xml:id="heb">Helena Bermúdez Sabel</principal>
				<principal xml:id="jct">José Calvo Tello</principal>
				<principal xml:id="cimc">Clara Isabel Martínez Cantón</principal>
				<respStmt>
					<resp>Metrical annotation by</resp>
					<name xml:id="bnc">Borja Navarro Colorado</name>
				</respStmt>
			</titleStmt>
			<extent>
				<measure unit="sonnets">1</measure>
				<measure unit="tokens">96</measure>
				<measure unit="line">14</measure>
			</extent>
			<publicationStmt>
				<publisher>Diachronic Spanish Sonnet Corpus</publisher>
				<authority>POSTDATA Project</authority>
				<pubPlace>Madrid</pubPlace>
				<availability status="free">
					<p>The text is freely available</p>
				</availability>
				<date when="2017">2017</date>
				<idno type="#disco" xml:id="file_po_404n1541"></idno>
			</publicationStmt>
			<sourceDesc>
				<bibl type="digital-source">
					<hi rend="italics">Sonetos del siglo XIX</hi>
					<date when="2006">2006</date>
					<ref target="http://www.cervantesvirtual.com/nd/ark:/59851/bmc4q861"></ref>
					<ref target="http://www.cervantesvirtual.com/obra/sonetos-del-siglo-xix--0/"></ref>
Biblioteca Cervantes Virtual,  / editados por Ramón García González, , , .				</bibl>
			</sourceDesc>
		</fileDesc>
		<profileDesc>
			<langUsage>
				<language ident="es" about="disco:po_404n1541" property="dc:language" resource="dbpedia:Idioma_español">Spanish</language>
			</langUsage>
			<particDesc>
				<listPerson>
					<person xml:id="disco_404n" about="disco:404n" typeOf="foaf:Person">
						<idno cert="high" property="rdfs:seeAlso" resource="https://viaf.org/viaf/44294383"></idno>
						<persName type="short">Alarcón</persName>
						<persName type="full">
							<forename property="foaf:givenName">Pedro Antonio</forename>
							<nameLink>de</nameLink>
							<surname property="foaf:familyName">Alarcón</surname>
						</persName>
						<persName type="source" property="foaf:name">Pedro Antonio de Alarcón</persName>
						<sex property="foaf:gender" content="M"></sex>
						<birth>
							<location>
								<placeName>
									<settlement property="schema:birthPlace" inlist="">Guadix (Granada)</settlement>
									<country property="schema:birthPlace" inlist="">España</country>
									<bloc property="schema:birthPlace" inlist="">Europa</bloc>
								</placeName>
							</location>
							<date property="schema:birthDate" content="1833" cert="high"></date>
							<date type="century">19</date>
						</birth>
						<death>
							<location>
								<placeName>
									<settlement property="schema:deathPlace" inlist="">Madrid</settlement>
								</placeName>
							</location>
							<date property="schema:deathDate" content="1891" cert="high"></date>
							<date type="century">19</date>
						</death>
						<listBibl inlist="" rel="blterms:hasCreated" typeOf="schema:CreativeWork">
							<bibl resource="disco:s404n1541">
								<title property="dc:title">A la bandera del batallón de Ciudad Rodrigo</title>
								<title type="incipit" property="dc:alternative">¡Sombra y honor bajo tus pliegues dame,</title>
							</bibl>
						</listBibl>
					</person>
				</listPerson>
			</particDesc>
		</profileDesc>
		<encodingDesc>
			<listPrefixDef>
				<prefixDef ident="foaf" matchPattern="([A-Za-z]+)" replacementPattern="http://xmlns.com/foaf/0.1/$1"></prefixDef>
				<prefixDef ident="dc" matchPattern="([A-Za-z]+)" replacementPattern="http://purl.org/dc/terms/$1"></prefixDef>
				<prefixDef ident="schema" matchPattern="([A-Za-z]+)" replacementPattern="http://schema.org/$1"></prefixDef>
				<prefixDef ident="dbpedia" matchPattern="([A-Za-z]+(_[A-Za-z])*)" replacementPattern="http://es.dbpedia.org/page/"></prefixDef>
				<prefixDef ident="blterms" matchPattern="([A-Za-z]+)" replacementPattern="http://www.bl.uk/schemas/bibliographic/blterms#$1"></prefixDef>
				<prefixDef ident="rdfs" matchPattern="([A-Za-z]+)" replacementPattern="http://www.w3.org/2000/01/rdf-schema#$1"></prefixDef>
			</listPrefixDef>
			<metDecl type="met" pattern="((\+|\-)+)*">
				<metSym value="+">stressed syllable</metSym>
				<metSym value="-">unstressed syllable</metSym>
			</metDecl>
			<metDecl type="met">
				<p>
					<ref target="https://github.com/bncolorado/adsoScansionSystem">ADSO</ref>
The metrical patterns were extracted automatically using the 
                    tool.				</p>
			</metDecl>
			<metDecl type="enjamb">
				<p>
					<att>enjamb</att>
					<att>cert</att>
					<ref target="https://sites.google.com/site/spanishenjambment/">ANJA
                        (Automatic eNJambment Analysis)</ref>
					<ref target="https://sites.google.com/site/spanishenjambment/enjambment-types">documentation</ref>
					<ref target="https://sites.google.com/site/spanishenjambment/tei-certitude-values">report</ref>
The values of the  atributes were extracted automatically using
                    the  tool. For more information about the
                    types of enjambment as defined in this corpus, read the . In addition, a  was added to express the
                    degree of certainty concerning the characterisation of the enjambment. The following 
                     covers this feature in deep detail.				</p>
			</metDecl>
		</encodingDesc>
		<revisionDesc>
			<change when="2017-11-02" who="#prf">Initial TEI version</change>
			<change when="2017-11-27" who="#prf">Addition of metrical annotation</change>
			<change when="2017-11-27" who="#heb">Review of authors’ metadata</change>
			<change when="2017-12-01" who="#prf">Encoding of enjambment</change>
			<change when="2017-12-01" who="#heb">Publication of 19th, 18th and Golden Age version</change>
			<change when="2018-05-16" who="#heb">Revision of RDFa attributes</change>
		</revisionDesc>
	</teiHeader>
	<text>
		<front>
			<head>A la bandera del batallón de Ciudad Rodrigo</head>
		</front>
		<body>
			<lg n="1" type="cuarteto">
				<l n="1" met="+-+---+-++-">¡Sombra y honor bajo tus pliegues dame,</l>
				<l n="2" met="+--+-+---+-">santo pendón de Cristo y de Castilla!</l>
				<l n="3" met="-+-+-+---+-">Tu ley, que juro, hincada la rodilla,</l>
				<l n="4" met="---+-+-+-+-">en generoso ardor mi pecho inflame.</l>
				<param name="AffectiveFeatures">
					<attRef name="Hap_Mean">
						<content>11.19</content>
					</attRef>
					<attRef name="Hap_SD">
						<content>4.07</content>
					</attRef>
					<attRef name="Ang_Mean">
						<content>5.39</content>
					</attRef>
					<attRef name="Ang_SD">
						<content>2.93</content>
					</attRef>
					<attRef name="Sad_Mean">
						<content>5.6</content>
					</attRef>
					<attRef name="Sad_SD">
						<content>3.05</content>
					</attRef>
					<attRef name="Fear_Mean">
						<content>6.77</content>
					</attRef>
					<attRef name="Fear_SD">
						<content>3.63</content>
					</attRef>
					<attRef name="Disg_Mean">
						<content>4.7</content>
					</attRef>
					<attRef name="Disg_SD">
						<content>1.92</content>
					</attRef>
					<attRef name="n_affective">
						<content>4</content>
					</attRef>
					<attRef name="ValenceMean">
						<content>80.53</content>
					</attRef>
					<attRef name="ValenceSD">
						<content>20.11</content>
					</attRef>
					<attRef name="ArousalMean">
						<content>83.58</content>
					</attRef>
					<attRef name="ArousalSD">
						<content>25.29</content>
					</attRef>
					<attRef name="n_v_a">
						<content>16</content>
					</attRef>
					<attRef name="Max_Aro">
						<content>6.7</content>
					</attRef>
					<attRef name="Min_Aro">
						<content>3.88</content>
					</attRef>
					<attRef name="ArousalSpan">
						<content>2.82</content>
					</attRef>
					<attRef name="Max_Val">
						<content>7.6</content>
					</attRef>
					<attRef name="Min_Val">
						<content>2.4</content>
					</attRef>
					<attRef name="ValenceSpan">
						<content>5.2</content>
					</attRef>
					<attRef name="CorAro">
						<content>0.1575</content>
					</attRef>
					<attRef name="CorVal">
						<content>-0.1395</content>
					</attRef>
					<attRef name="averageAoA">
						<content>69.88</content>
					</attRef>
					<attRef name="sdAOA">
						<content>21.94</content>
					</attRef>
					<attRef name="MinAoA">
						<content>26.0</content>
					</attRef>
					<attRef name="MaxAoA">
						<content>109.0</content>
					</attRef>
					<attRef name="OralFreq_Log">
						<content>20.55</content>
					</attRef>
					<attRef name="WrittenFreq_Log">
						<content>24.23</content>
					</attRef>
					<attRef name="n_aoa">
						<content>11</content>
					</attRef>
					<attRef name="Max_AoA">
						<content>8.98</content>
					</attRef>
					<attRef name="Min_AoA">
						<content>3.62</content>
					</attRef>
					<attRef name="AoASpan">
						<content>5.36</content>
					</attRef>
					<attRef name="Max_sdAOA">
						<content>2.712</content>
					</attRef>
					<attRef name="Min_sdAOA">
						<content>1.596</content>
					</attRef>
					<attRef name="sdAOASpan">
						<content>1.116</content>
					</attRef>
					<attRef name="Max_logOralFreq">
						<content>2.919</content>
					</attRef>
					<attRef name="Min_logOralFreq">
						<content>0.903</content>
					</attRef>
					<attRef name="logOralFreqSpan">
						<content>2.016</content>
					</attRef>
					<attRef name="Max_logWrittenFreq">
						<content>2.859</content>
					</attRef>
					<attRef name="Min_logWrittenFreq">
						<content>1.519</content>
					</attRef>
					<attRef name="logWrittenFreqSpan">
						<content>1.34</content>
					</attRef>
					<attRef name="CorAoA">
						<content>-0.017</content>
					</attRef>
				</param>
			</lg>
			<lg n="2" type="cuarteto">
				<l n="5" met="++-+-----+-">No más estérilmente se derrame</l>
				<l n="6" met="-+-+-+-+-+-">mi vida en torpe amor y vil mancilla...</l>
				<l n="7" met="+-+--+---+-">Roja está de la patria la mejilla...</l>
				<l n="8" met="-+---+-+-+-">¡Despierte el corazón de su ocio infame!</l>
				<param name="AffectiveFeatures">
					<attRef name="Hap_Mean">
						<content>13.66</content>
					</attRef>
					<attRef name="Hap_SD">
						<content>3.88</content>
					</attRef>
					<attRef name="Ang_Mean">
						<content>6.66</content>
					</attRef>
					<attRef name="Ang_SD">
						<content>4.54</content>
					</attRef>
					<attRef name="Sad_Mean">
						<content>8.26</content>
					</attRef>
					<attRef name="Sad_SD">
						<content>4.96</content>
					</attRef>
					<attRef name="Fear_Mean">
						<content>8.3</content>
					</attRef>
					<attRef name="Fear_SD">
						<content>5.18</content>
					</attRef>
					<attRef name="Disg_Mean">
						<content>5.07</content>
					</attRef>
					<attRef name="Disg_SD">
						<content>3.04</content>
					</attRef>
					<attRef name="n_affective">
						<content>4</content>
					</attRef>
					<attRef name="ValenceMean">
						<content>57.58</content>
					</attRef>
					<attRef name="ValenceSD">
						<content>13.52</content>
					</attRef>
					<attRef name="ArousalMean">
						<content>59.5</content>
					</attRef>
					<attRef name="ArousalSD">
						<content>18.92</content>
					</attRef>
					<attRef name="n_v_a">
						<content>10</content>
					</attRef>
					<attRef name="Max_Aro">
						<content>6.6</content>
					</attRef>
					<attRef name="Min_Aro">
						<content>4.5</content>
					</attRef>
					<attRef name="ArousalSpan">
						<content>2.1</content>
					</attRef>
					<attRef name="Max_Val">
						<content>8.4</content>
					</attRef>
					<attRef name="Min_Val">
						<content>3.15</content>
					</attRef>
					<attRef name="ValenceSpan">
						<content>5.25</content>
					</attRef>
					<attRef name="CorAro">
						<content>-0.2016</content>
					</attRef>
					<attRef name="CorVal">
						<content>0.0359</content>
					</attRef>
					<attRef name="averageAoA">
						<content>47.58</content>
					</attRef>
					<attRef name="sdAOA">
						<content>16.47</content>
					</attRef>
					<attRef name="MinAoA">
						<content>17.0</content>
					</attRef>
					<attRef name="MaxAoA">
						<content>85.0</content>
					</attRef>
					<attRef name="OralFreq_Log">
						<content>16.22</content>
					</attRef>
					<attRef name="WrittenFreq_Log">
						<content>20.21</content>
					</attRef>
					<attRef name="n_aoa">
						<content>8</content>
					</attRef>
					<attRef name="Max_AoA">
						<content>9.56</content>
					</attRef>
					<attRef name="Min_AoA">
						<content>3.64</content>
					</attRef>
					<attRef name="AoASpan">
						<content>5.92</content>
					</attRef>
					<attRef name="Max_sdAOA">
						<content>2.819</content>
					</attRef>
					<attRef name="Min_sdAOA">
						<content>1.674</content>
					</attRef>
					<attRef name="sdAOASpan">
						<content>1.145</content>
					</attRef>
					<attRef name="Max_logOralFreq">
						<content>3.436</content>
					</attRef>
					<attRef name="Min_logOralFreq">
						<content>1.041</content>
					</attRef>
					<attRef name="logOralFreqSpan">
						<content>2.395</content>
					</attRef>
					<attRef name="Max_logWrittenFreq">
						<content>3.678</content>
					</attRef>
					<attRef name="Min_logWrittenFreq">
						<content>1.908</content>
					</attRef>
					<attRef name="logWrittenFreqSpan">
						<content>1.77</content>
					</attRef>
					<attRef name="CorAoA">
						<content>0.3392</content>
					</attRef>
				</param>
			</lg>
			<lg n="3" type="terceto">
				<l n="9" met="+-+--+---+-">De un naufragio entre lágrimas y errores</l>
				<l n="10" met="+--+---+-+-">salva mi fe, que combatida muere</l>
				<l n="11" met="---+-+-+-+-">por enemigo viento y mar contrario...</l>
				<param name="AffectiveFeatures">
					<attRef name="Hap_Mean">
						<content>8.53</content>
					</attRef>
					<attRef name="Hap_SD">
						<content>4.0</content>
					</attRef>
					<attRef name="Ang_Mean">
						<content>15.24</content>
					</attRef>
					<attRef name="Ang_SD">
						<content>7.51</content>
					</attRef>
					<attRef name="Sad_Mean">
						<content>19.6</content>
					</attRef>
					<attRef name="Sad_SD">
						<content>6.69</content>
					</attRef>
					<attRef name="Fear_Mean">
						<content>16.54</content>
					</attRef>
					<attRef name="Fear_SD">
						<content>7.29</content>
					</attRef>
					<attRef name="Disg_Mean">
						<content>10.8</content>
					</attRef>
					<attRef name="Disg_SD">
						<content>6.33</content>
					</attRef>
					<attRef name="n_affective">
						<content>6</content>
					</attRef>
					<attRef name="ValenceMean">
						<content>39.15</content>
					</attRef>
					<attRef name="ValenceSD">
						<content>16.9</content>
					</attRef>
					<attRef name="ArousalMean">
						<content>60.1</content>
					</attRef>
					<attRef name="ArousalSD">
						<content>18.75</content>
					</attRef>
					<attRef name="n_v_a">
						<content>10</content>
					</attRef>
					<attRef name="Max_Aro">
						<content>7.45</content>
					</attRef>
					<attRef name="Min_Aro">
						<content>2.9</content>
					</attRef>
					<attRef name="ArousalSpan">
						<content>4.55</content>
					</attRef>
					<attRef name="Max_Val">
						<content>8.05</content>
					</attRef>
					<attRef name="Min_Val">
						<content>1.7</content>
					</attRef>
					<attRef name="ValenceSpan">
						<content>6.35</content>
					</attRef>
					<attRef name="CorAro">
						<content>-0.2556</content>
					</attRef>
					<attRef name="CorVal">
						<content>0.4231</content>
					</attRef>
					<attRef name="averageAoA">
						<content>42.62</content>
					</attRef>
					<attRef name="sdAOA">
						<content>15.25</content>
					</attRef>
					<attRef name="MinAoA">
						<content>14.0</content>
					</attRef>
					<attRef name="MaxAoA">
						<content>79.0</content>
					</attRef>
					<attRef name="OralFreq_Log">
						<content>17.18</content>
					</attRef>
					<attRef name="WrittenFreq_Log">
						<content>19.63</content>
					</attRef>
					<attRef name="n_aoa">
						<content>8</content>
					</attRef>
					<attRef name="Max_AoA">
						<content>7.38</content>
					</attRef>
					<attRef name="Min_AoA">
						<content>3.1</content>
					</attRef>
					<attRef name="AoASpan">
						<content>4.28</content>
					</attRef>
					<attRef name="Max_sdAOA">
						<content>2.32</content>
					</attRef>
					<attRef name="Min_sdAOA">
						<content>1.409</content>
					</attRef>
					<attRef name="sdAOASpan">
						<content>0.911</content>
					</attRef>
					<attRef name="Max_logOralFreq">
						<content>2.49</content>
					</attRef>
					<attRef name="Min_logOralFreq">
						<content>1.519</content>
					</attRef>
					<attRef name="logOralFreqSpan">
						<content>0.971</content>
					</attRef>
					<attRef name="Max_logWrittenFreq">
						<content>2.937</content>
					</attRef>
					<attRef name="Min_logWrittenFreq">
						<content>1.6130000000000002</content>
					</attRef>
					<attRef name="logWrittenFreqSpan">
						<content>1.324</content>
					</attRef>
					<attRef name="CorAoA">
						<content>-0.0037</content>
					</attRef>
				</param>
			</lg>
			<lg n="4" type="terceto">
				<l n="12" met="+++--+---+-">Sé tú el manto que envuelva mis dolores,</l>
				<l n="13" met="-+---+---+-">mi tienda en el desierto; y si cayere</l>
				<l n="14" met="---+-++--+-">en la revuelta lid... ¡sé mi sudario!</l>
				<param name="AffectiveFeatures">
					<attRef name="Hap_Mean">
						<content>8.68</content>
					</attRef>
					<attRef name="Hap_SD">
						<content>4.77</content>
					</attRef>
					<attRef name="Ang_Mean">
						<content>9.3</content>
					</attRef>
					<attRef name="Ang_SD">
						<content>4.71</content>
					</attRef>
					<attRef name="Sad_Mean">
						<content>9.33</content>
					</attRef>
					<attRef name="Sad_SD">
						<content>4.09</content>
					</attRef>
					<attRef name="Fear_Mean">
						<content>10.32</content>
					</attRef>
					<attRef name="Fear_SD">
						<content>4.46</content>
					</attRef>
					<attRef name="Disg_Mean">
						<content>6.82</content>
					</attRef>
					<attRef name="Disg_SD">
						<content>4.41</content>
					</attRef>
					<attRef name="n_affective">
						<content>5</content>
					</attRef>
					<attRef name="ValenceMean">
						<content>51.8</content>
					</attRef>
					<attRef name="ValenceSD">
						<content>15.1</content>
					</attRef>
					<attRef name="ArousalMean">
						<content>54.45</content>
					</attRef>
					<attRef name="ArousalSD">
						<content>16.91</content>
					</attRef>
					<attRef name="n_v_a">
						<content>10</content>
					</attRef>
					<attRef name="Max_Aro">
						<content>8.25</content>
					</attRef>
					<attRef name="Min_Aro">
						<content>4.0</content>
					</attRef>
					<attRef name="ArousalSpan">
						<content>4.25</content>
					</attRef>
					<attRef name="Max_Val">
						<content>6.7</content>
					</attRef>
					<attRef name="Min_Val">
						<content>2.15</content>
					</attRef>
					<attRef name="ValenceSpan">
						<content>4.55</content>
					</attRef>
					<attRef name="CorAro">
						<content>0.2483</content>
					</attRef>
					<attRef name="CorVal">
						<content>-0.0507</content>
					</attRef>
					<attRef name="averageAoA">
						<content>56.64</content>
					</attRef>
					<attRef name="sdAOA">
						<content>20.25</content>
					</attRef>
					<attRef name="MinAoA">
						<content>17.0</content>
					</attRef>
					<attRef name="MaxAoA">
						<content>98.0</content>
					</attRef>
					<attRef name="OralFreq_Log">
						<content>23.99</content>
					</attRef>
					<attRef name="WrittenFreq_Log">
						<content>27.74</content>
					</attRef>
					<attRef name="n_aoa">
						<content>10</content>
					</attRef>
					<attRef name="Max_AoA">
						<content>8.14</content>
					</attRef>
					<attRef name="Min_AoA">
						<content>1.64</content>
					</attRef>
					<attRef name="AoASpan">
						<content>6.5</content>
					</attRef>
					<attRef name="Max_sdAOA">
						<content>2.688</content>
					</attRef>
					<attRef name="Min_sdAOA">
						<content>0.921</content>
					</attRef>
					<attRef name="sdAOASpan">
						<content>1.767</content>
					</attRef>
					<attRef name="Max_logOralFreq">
						<content>4.152</content>
					</attRef>
					<attRef name="Min_logOralFreq">
						<content>0.477</content>
					</attRef>
					<attRef name="logOralFreqSpan">
						<content>3.675</content>
					</attRef>
					<attRef name="Max_logWrittenFreq">
						<content>4.003</content>
					</attRef>
					<attRef name="Min_logWrittenFreq">
						<content>1.724</content>
					</attRef>
					<attRef name="logWrittenFreqSpan">
						<content>2.279</content>
					</attRef>
					<attRef name="CorAoA">
						<content>0.1129</content>
					</attRef>
				</param>
			</lg>
			<param name="AffectiveFeatures">
				<attRef name="Hap_Mean">
					<content>42.06</content>
				</attRef>
				<attRef name="Hap_SD">
					<content>16.72</content>
				</attRef>
				<attRef name="Ang_Mean">
					<content>36.58</content>
				</attRef>
				<attRef name="Ang_SD">
					<content>19.69</content>
				</attRef>
				<attRef name="Sad_Mean">
					<content>42.79</content>
				</attRef>
				<attRef name="Sad_SD">
					<content>18.79</content>
				</attRef>
				<attRef name="Fear_Mean">
					<content>41.94</content>
				</attRef>
				<attRef name="Fear_SD">
					<content>20.56</content>
				</attRef>
				<attRef name="Disg_Mean">
					<content>27.38</content>
				</attRef>
				<attRef name="Disg_SD">
					<content>15.7</content>
				</attRef>
				<attRef name="n_affective">
					<content>19</content>
				</attRef>
				<attRef name="ValenceMean">
					<content>229.06</content>
				</attRef>
				<attRef name="ValenceSD">
					<content>65.63</content>
				</attRef>
				<attRef name="ArousalMean">
					<content>257.63</content>
				</attRef>
				<attRef name="ArousalSD">
					<content>79.87</content>
				</attRef>
				<attRef name="n_v_a">
					<content>46</content>
				</attRef>
				<attRef name="Max_Aro">
					<content>8.25</content>
				</attRef>
				<attRef name="Min_Aro">
					<content>2.9</content>
				</attRef>
				<attRef name="ArousalSpan">
					<content>5.35</content>
				</attRef>
				<attRef name="Max_Val">
					<content>8.4</content>
				</attRef>
				<attRef name="Min_Val">
					<content>1.7</content>
				</attRef>
				<attRef name="ValenceSpan">
					<content>6.7</content>
				</attRef>
				<attRef name="CorAro">
					<content>0.1512</content>
				</attRef>
				<attRef name="CorVal">
					<content>-0.0712</content>
				</attRef>
				<attRef name="averageAoA">
					<content>216.72</content>
				</attRef>
				<attRef name="sdAOA">
					<content>73.91</content>
				</attRef>
				<attRef name="MinAoA">
					<content>74.0</content>
				</attRef>
				<attRef name="MaxAoA">
					<content>371.0</content>
				</attRef>
				<attRef name="OralFreq_Log">
					<content>77.96</content>
				</attRef>
				<attRef name="WrittenFreq_Log">
					<content>91.78</content>
				</attRef>
				<attRef name="n_aoa">
					<content>37</content>
				</attRef>
				<attRef name="Max_AoA">
					<content>9.56</content>
				</attRef>
				<attRef name="Min_AoA">
					<content>1.64</content>
				</attRef>
				<attRef name="AoASpan">
					<content>7.92</content>
				</attRef>
				<attRef name="Max_sdAOA">
					<content>2.819</content>
				</attRef>
				<attRef name="Min_sdAOA">
					<content>0.921</content>
				</attRef>
				<attRef name="sdAOASpan">
					<content>1.898</content>
				</attRef>
				<attRef name="Max_logOralFreq">
					<content>4.152</content>
				</attRef>
				<attRef name="Min_logOralFreq">
					<content>0.477</content>
				</attRef>
				<attRef name="logOralFreqSpan">
					<content>3.675</content>
				</attRef>
				<attRef name="Max_logWrittenFreq">
					<content>4.003</content>
				</attRef>
				<attRef name="Min_logWrittenFreq">
					<content>1.519</content>
				</attRef>
				<attRef name="logWrittenFreqSpan">
					<content>2.484</content>
				</attRef>
				<attRef name="CorAoA">
					<content>-0.1441</content>
				</attRef>
			</param>
		</body>
	</text>
</TEI>