<?xml version="1.0" encoding="utf-8"?>
<TEI xmlns="http://www.tei-c.org/ns/1.0">
	<teiHeader>
		<fileDesc>
			<titleStmt about="disco:po_079n0258">
				<title property="dc:title">A una niña muerta</title>
				<author property="dc:creator" resource="disco:079n" corresp="#disco_079n">Antonio Alcalde Valladares</author>
				<principal xml:id="prf">Pablo Ruiz Fabo</principal>
				<principal xml:id="heb">Helena Bermúdez Sabel</principal>
				<principal xml:id="jct">José Calvo Tello</principal>
				<principal xml:id="cimc">Clara Isabel Martínez Cantón</principal>
				<respStmt>
					<resp>Metrical annotation by</resp>
					<name xml:id="bnc">Borja Navarro Colorado</name>
				</respStmt>
			</titleStmt>
			<extent>
				<measure unit="sonnets">1</measure>
				<measure unit="tokens">90</measure>
				<measure unit="line">14</measure>
			</extent>
			<publicationStmt>
				<publisher>Diachronic Spanish Sonnet Corpus</publisher>
				<authority>POSTDATA Project</authority>
				<pubPlace>Madrid</pubPlace>
				<availability status="free">
					<p>The text is freely available</p>
				</availability>
				<date when="2017">2017</date>
				<idno type="#disco" xml:id="file_po_079n0258"></idno>
			</publicationStmt>
			<sourceDesc>
				<bibl type="digital-source">
					<hi rend="italics">Sonetos del siglo XIX</hi>
					<date when="2006">2006</date>
					<ref target="http://www.cervantesvirtual.com/nd/ark:/59851/bmc4q861"></ref>
					<ref target="http://www.cervantesvirtual.com/obra/sonetos-del-siglo-xix--0/"></ref>
Biblioteca Cervantes Virtual,  / editados por Ramón García González, , , .				</bibl>
			</sourceDesc>
		</fileDesc>
		<profileDesc>
			<langUsage>
				<language ident="es" about="disco:po_079n0258" property="dc:language" resource="dbpedia:Idioma_español">Spanish</language>
			</langUsage>
			<particDesc>
				<listPerson>
					<person xml:id="disco_079n" about="disco:079n" typeOf="foaf:Person">
						<idno cert="high" property="rdfs:seeAlso" resource="https://viaf.org/viaf/87214012"></idno>
						<persName type="short">Alcalde Valladares</persName>
						<persName type="full">
							<forename property="foaf:givenName">Antonio</forename>
							<surname property="foaf:familyName">Alcalde Valladares</surname>
						</persName>
						<persName type="source" property="foaf:name">Antonio Alcalde Valladares</persName>
						<sex property="foaf:gender" content="M"></sex>
						<birth>
							<location>
								<placeName>
									<settlement property="schema:birthPlace" inlist="">Baena (Córdoba)</settlement>
									<country property="schema:birthPlace" inlist="">España</country>
									<bloc property="schema:birthPlace" inlist="">Europa</bloc>
								</placeName>
							</location>
							<date property="schema:birthDate" content="1828" cert="high"></date>
							<date type="century">19</date>
						</birth>
						<death>
							<date property="schema:deathDate" content="1892" cert="low"></date>
							<date type="century">19</date>
						</death>
						<listBibl inlist="" rel="blterms:hasCreated" typeOf="schema:CreativeWork">
							<bibl resource="disco:s079n0258">
								<title property="dc:title">A una niña muerta</title>
								<title type="incipit" property="dc:alternative">Al venir a este valle de sonrojos,</title>
							</bibl>
						</listBibl>
					</person>
				</listPerson>
			</particDesc>
		</profileDesc>
		<encodingDesc>
			<listPrefixDef>
				<prefixDef ident="foaf" matchPattern="([A-Za-z]+)" replacementPattern="http://xmlns.com/foaf/0.1/$1"></prefixDef>
				<prefixDef ident="dc" matchPattern="([A-Za-z]+)" replacementPattern="http://purl.org/dc/terms/$1"></prefixDef>
				<prefixDef ident="schema" matchPattern="([A-Za-z]+)" replacementPattern="http://schema.org/$1"></prefixDef>
				<prefixDef ident="dbpedia" matchPattern="([A-Za-z]+(_[A-Za-z])*)" replacementPattern="http://es.dbpedia.org/page/"></prefixDef>
				<prefixDef ident="blterms" matchPattern="([A-Za-z]+)" replacementPattern="http://www.bl.uk/schemas/bibliographic/blterms#$1"></prefixDef>
				<prefixDef ident="rdfs" matchPattern="([A-Za-z]+)" replacementPattern="http://www.w3.org/2000/01/rdf-schema#$1"></prefixDef>
			</listPrefixDef>
			<metDecl type="met" pattern="((\+|\-)+)*">
				<metSym value="+">stressed syllable</metSym>
				<metSym value="-">unstressed syllable</metSym>
			</metDecl>
			<metDecl type="met">
				<p>
					<ref target="https://github.com/bncolorado/adsoScansionSystem">ADSO</ref>
The metrical patterns were extracted automatically using the 
                    tool.				</p>
			</metDecl>
			<metDecl type="enjamb">
				<p>
					<att>enjamb</att>
					<att>cert</att>
					<ref target="https://sites.google.com/site/spanishenjambment/">ANJA
                        (Automatic eNJambment Analysis)</ref>
					<ref target="https://sites.google.com/site/spanishenjambment/enjambment-types">documentation</ref>
					<ref target="https://sites.google.com/site/spanishenjambment/tei-certitude-values">report</ref>
The values of the  atributes were extracted automatically using
                    the  tool. For more information about the
                    types of enjambment as defined in this corpus, read the . In addition, a  was added to express the
                    degree of certainty concerning the characterisation of the enjambment. The following 
                     covers this feature in deep detail.				</p>
			</metDecl>
		</encodingDesc>
		<revisionDesc>
			<change when="2017-11-02" who="#prf">Initial TEI version</change>
			<change when="2017-11-27" who="#prf">Addition of metrical annotation</change>
			<change when="2017-11-27" who="#heb">Review of authors’ metadata</change>
			<change when="2017-12-01" who="#prf">Encoding of enjambment</change>
			<change when="2017-12-01" who="#heb">Publication of 19th, 18th and Golden Age version</change>
			<change when="2018-05-16" who="#heb">Revision of RDFa attributes</change>
		</revisionDesc>
	</teiHeader>
	<text>
		<front>
			<head>A una niña muerta</head>
		</front>
		<body>
			<lg n="1" type="cuarteto">
				<l n="1" met="--++-+---+-">Al venir a este valle de sonrojos,</l>
				<l n="2" met="-+-+---+-+-">en dicha estéril, en dolor fecundo,</l>
				<l n="3" met="-+---+---+-">sentiste en tu suspiro moribundo</l>
				<l n="4" met="-++--+---+-">punzarte el aguijón de sus abrojos.</l>
				<param name="AffectiveFeatures">
					<attRef name="Hap_Mean">
						<content>8.9</content>
					</attRef>
					<attRef name="Hap_SD">
						<content>3.81</content>
					</attRef>
					<attRef name="Ang_Mean">
						<content>7.21</content>
					</attRef>
					<attRef name="Ang_SD">
						<content>3.41</content>
					</attRef>
					<attRef name="Sad_Mean">
						<content>9.99</content>
					</attRef>
					<attRef name="Sad_SD">
						<content>3.15</content>
					</attRef>
					<attRef name="Fear_Mean">
						<content>9.5</content>
					</attRef>
					<attRef name="Fear_SD">
						<content>4.5</content>
					</attRef>
					<attRef name="Disg_Mean">
						<content>5.84</content>
					</attRef>
					<attRef name="Disg_SD">
						<content>2.87</content>
					</attRef>
					<attRef name="n_affective">
						<content>4</content>
					</attRef>
					<attRef name="ValenceMean">
						<content>35.05</content>
					</attRef>
					<attRef name="ValenceSD">
						<content>10.76</content>
					</attRef>
					<attRef name="ArousalMean">
						<content>44.05</content>
					</attRef>
					<attRef name="ArousalSD">
						<content>13.41</content>
					</attRef>
					<attRef name="n_v_a">
						<content>8</content>
					</attRef>
					<attRef name="Max_Aro">
						<content>8.25</content>
					</attRef>
					<attRef name="Min_Aro">
						<content>3.1</content>
					</attRef>
					<attRef name="ArousalSpan">
						<content>5.15</content>
					</attRef>
					<attRef name="Max_Val">
						<content>6.8</content>
					</attRef>
					<attRef name="Min_Val">
						<content>1.7</content>
					</attRef>
					<attRef name="ValenceSpan">
						<content>5.1</content>
					</attRef>
					<attRef name="CorAro">
						<content>0.3309</content>
					</attRef>
					<attRef name="CorVal">
						<content>-0.5726</content>
					</attRef>
					<attRef name="averageAoA">
						<content>32.95</content>
					</attRef>
					<attRef name="sdAOA">
						<content>11.75</content>
					</attRef>
					<attRef name="MinAoA">
						<content>8.0</content>
					</attRef>
					<attRef name="MaxAoA">
						<content>60.0</content>
					</attRef>
					<attRef name="OralFreq_Log">
						<content>12.03</content>
					</attRef>
					<attRef name="WrittenFreq_Log">
						<content>13.7</content>
					</attRef>
					<attRef name="n_aoa">
						<content>6</content>
					</attRef>
					<attRef name="Max_AoA">
						<content>7.58</content>
					</attRef>
					<attRef name="Min_AoA">
						<content>3.56</content>
					</attRef>
					<attRef name="AoASpan">
						<content>4.02</content>
					</attRef>
					<attRef name="Max_sdAOA">
						<content>2.411</content>
					</attRef>
					<attRef name="Min_sdAOA">
						<content>1.218</content>
					</attRef>
					<attRef name="sdAOASpan">
						<content>1.193</content>
					</attRef>
					<attRef name="Max_logOralFreq">
						<content>3.769</content>
					</attRef>
					<attRef name="Min_logOralFreq">
						<content>0.301</content>
					</attRef>
					<attRef name="logOralFreqSpan">
						<content>3.468</content>
					</attRef>
					<attRef name="Max_logWrittenFreq">
						<content>3.327</content>
					</attRef>
					<attRef name="Min_logWrittenFreq">
						<content>1.146</content>
					</attRef>
					<attRef name="logWrittenFreqSpan">
						<content>2.181</content>
					</attRef>
					<attRef name="CorAoA">
						<content>0.6338</content>
					</attRef>
				</param>
			</lg>
			<lg n="2" type="cuarteto">
				<l n="5" met="+--+---+-+-" enjamb="B-ex_subj_verb" cert="low">Ni una sonrisa de tus labios rojos</l>
				<l n="6" met="+--++--+-+-" enjamb="I-ex_subj_verb" cert="low">pude escaparse en tu pesar profundo,</l>
				<l n="7" met="--+--+-+-+-">y al llegar a las puertas de este mundo</l>
				<l n="8" met="-+---+-+-+-">cerraste con desdén los tristes ojos.</l>
				<param name="AffectiveFeatures">
					<attRef name="Hap_Mean">
						<content>11.09</content>
					</attRef>
					<attRef name="Hap_SD">
						<content>4.9</content>
					</attRef>
					<attRef name="Ang_Mean">
						<content>11.22</content>
					</attRef>
					<attRef name="Ang_SD">
						<content>6.73</content>
					</attRef>
					<attRef name="Sad_Mean">
						<content>13.91</content>
					</attRef>
					<attRef name="Sad_SD">
						<content>5.97</content>
					</attRef>
					<attRef name="Fear_Mean">
						<content>10.75</content>
					</attRef>
					<attRef name="Fear_SD">
						<content>6.62</content>
					</attRef>
					<attRef name="Disg_Mean">
						<content>8.94</content>
					</attRef>
					<attRef name="Disg_SD">
						<content>5.05</content>
					</attRef>
					<attRef name="n_affective">
						<content>6</content>
					</attRef>
					<attRef name="ValenceMean">
						<content>63.9</content>
					</attRef>
					<attRef name="ValenceSD">
						<content>15.43</content>
					</attRef>
					<attRef name="ArousalMean">
						<content>61.94</content>
					</attRef>
					<attRef name="ArousalSD">
						<content>21.79</content>
					</attRef>
					<attRef name="n_v_a">
						<content>12</content>
					</attRef>
					<attRef name="Max_Aro">
						<content>6.28</content>
					</attRef>
					<attRef name="Min_Aro">
						<content>4.3</content>
					</attRef>
					<attRef name="ArousalSpan">
						<content>1.98</content>
					</attRef>
					<attRef name="Max_Val">
						<content>7.75</content>
					</attRef>
					<attRef name="Min_Val">
						<content>2.1</content>
					</attRef>
					<attRef name="ValenceSpan">
						<content>5.65</content>
					</attRef>
					<attRef name="CorAro">
						<content>-0.2529</content>
					</attRef>
					<attRef name="CorVal">
						<content>-0.6098</content>
					</attRef>
					<attRef name="averageAoA">
						<content>57.1</content>
					</attRef>
					<attRef name="sdAOA">
						<content>21.75</content>
					</attRef>
					<attRef name="MinAoA">
						<content>15.0</content>
					</attRef>
					<attRef name="MaxAoA">
						<content>110.0</content>
					</attRef>
					<attRef name="OralFreq_Log">
						<content>nan</content>
					</attRef>
					<attRef name="WrittenFreq_Log">
						<content>30.43</content>
					</attRef>
					<attRef name="n_aoa">
						<content>12</content>
					</attRef>
					<attRef name="Max_AoA">
						<content>9.92</content>
					</attRef>
					<attRef name="Min_AoA">
						<content>2.64</content>
					</attRef>
					<attRef name="AoASpan">
						<content>7.28</content>
					</attRef>
					<attRef name="Max_sdAOA">
						<content>2.5</content>
					</attRef>
					<attRef name="Min_sdAOA">
						<content>1.174</content>
					</attRef>
					<attRef name="sdAOASpan">
						<content>1.326</content>
					</attRef>
					<attRef name="Max_logOralFreq">
						<content>3.429</content>
					</attRef>
					<attRef name="Min_logOralFreq">
						<content>0.903</content>
					</attRef>
					<attRef name="logOralFreqSpan">
						<content>2.526</content>
					</attRef>
					<attRef name="Max_logWrittenFreq">
						<content>3.5780000000000003</content>
					</attRef>
					<attRef name="Min_logWrittenFreq">
						<content>1.663</content>
					</attRef>
					<attRef name="logWrittenFreqSpan">
						<content>1.915</content>
					</attRef>
					<attRef name="CorAoA">
						<content>0.0959</content>
					</attRef>
				</param>
			</lg>
			<lg n="3" type="terceto">
				<l n="9" met="-+---+---+-" enjamb="B-cc_crossclause" cert="high">Pasaste como estrella desgajada</l>
				<l n="10" met="--+--+---+-" enjamb="I-cc_crossclause" cert="high">que, fugaz por la atmósfera cruzando,</l>
				<l n="11" met="+-++-+---+-">va a perderse en la bóveda azulada.</l>
				<param name="AffectiveFeatures">
					<attRef name="Hap_Mean">
						<content>2.87</content>
					</attRef>
					<attRef name="Hap_SD">
						<content>1.5</content>
					</attRef>
					<attRef name="Ang_Mean">
						<content>1.0</content>
					</attRef>
					<attRef name="Ang_SD">
						<content>0.0</content>
					</attRef>
					<attRef name="Sad_Mean">
						<content>1.17</content>
					</attRef>
					<attRef name="Sad_SD">
						<content>0.53</content>
					</attRef>
					<attRef name="Fear_Mean">
						<content>1.2</content>
					</attRef>
					<attRef name="Fear_SD">
						<content>0.61</content>
					</attRef>
					<attRef name="Disg_Mean">
						<content>1.0</content>
					</attRef>
					<attRef name="Disg_SD">
						<content>0.0</content>
					</attRef>
					<attRef name="n_affective">
						<content>1</content>
					</attRef>
					<attRef name="ValenceMean">
						<content>33.71</content>
					</attRef>
					<attRef name="ValenceSD">
						<content>6.19</content>
					</attRef>
					<attRef name="ArousalMean">
						<content>31.8</content>
					</attRef>
					<attRef name="ArousalSD">
						<content>8.55</content>
					</attRef>
					<attRef name="n_v_a">
						<content>6</content>
					</attRef>
					<attRef name="Max_Aro">
						<content>6.5</content>
					</attRef>
					<attRef name="Min_Aro">
						<content>4.35</content>
					</attRef>
					<attRef name="ArousalSpan">
						<content>2.15</content>
					</attRef>
					<attRef name="Max_Val">
						<content>7.35</content>
					</attRef>
					<attRef name="Min_Val">
						<content>5.0</content>
					</attRef>
					<attRef name="ValenceSpan">
						<content>2.35</content>
					</attRef>
					<attRef name="CorAro">
						<content>0.268</content>
					</attRef>
					<attRef name="CorVal">
						<content>-0.647</content>
					</attRef>
					<attRef name="averageAoA">
						<content>42.18</content>
					</attRef>
					<attRef name="sdAOA">
						<content>13.36</content>
					</attRef>
					<attRef name="MinAoA">
						<content>14.0</content>
					</attRef>
					<attRef name="MaxAoA">
						<content>74.0</content>
					</attRef>
					<attRef name="OralFreq_Log">
						<content>11.57</content>
					</attRef>
					<attRef name="WrittenFreq_Log">
						<content>15.27</content>
					</attRef>
					<attRef name="n_aoa">
						<content>7</content>
					</attRef>
					<attRef name="Max_AoA">
						<content>9.86</content>
					</attRef>
					<attRef name="Min_AoA">
						<content>3.48</content>
					</attRef>
					<attRef name="AoASpan">
						<content>6.38</content>
					</attRef>
					<attRef name="Max_sdAOA">
						<content>2.549</content>
					</attRef>
					<attRef name="Min_sdAOA">
						<content>1.457</content>
					</attRef>
					<attRef name="sdAOASpan">
						<content>1.092</content>
					</attRef>
					<attRef name="Max_logOralFreq">
						<content>3.27</content>
					</attRef>
					<attRef name="Min_logOralFreq">
						<content>0.778</content>
					</attRef>
					<attRef name="logOralFreqSpan">
						<content>2.492</content>
					</attRef>
					<attRef name="Max_logWrittenFreq">
						<content>3.029</content>
					</attRef>
					<attRef name="Min_logWrittenFreq">
						<content>1.477</content>
					</attRef>
					<attRef name="logWrittenFreqSpan">
						<content>1.552</content>
					</attRef>
					<attRef name="CorAoA">
						<content>0.0777</content>
					</attRef>
				</param>
			</lg>
			<lg n="4" type="terceto">
				<l n="12" met="+--+---+-+-">Y es que dijiste, en tu dolor pensando:</l>
				<l n="13" met="--+--++--+-">-Para siempre volver quiero a la nada,</l>
				<l n="14" met="-+-+---+-+-">que no nacer para vivir llorando.</l>
				<param name="AffectiveFeatures">
					<attRef name="Hap_Mean">
						<content>12.97</content>
					</attRef>
					<attRef name="Hap_SD">
						<content>3.9</content>
					</attRef>
					<attRef name="Ang_Mean">
						<content>7.1</content>
					</attRef>
					<attRef name="Ang_SD">
						<content>3.94</content>
					</attRef>
					<attRef name="Sad_Mean">
						<content>8.93</content>
					</attRef>
					<attRef name="Sad_SD">
						<content>4.27</content>
					</attRef>
					<attRef name="Fear_Mean">
						<content>9.66</content>
					</attRef>
					<attRef name="Fear_SD">
						<content>4.84</content>
					</attRef>
					<attRef name="Disg_Mean">
						<content>5.57</content>
					</attRef>
					<attRef name="Disg_SD">
						<content>3.0</content>
					</attRef>
					<attRef name="n_affective">
						<content>4</content>
					</attRef>
					<attRef name="ValenceMean">
						<content>55.15</content>
					</attRef>
					<attRef name="ValenceSD">
						<content>12.11</content>
					</attRef>
					<attRef name="ArousalMean">
						<content>52.6</content>
					</attRef>
					<attRef name="ArousalSD">
						<content>18.23</content>
					</attRef>
					<attRef name="n_v_a">
						<content>9</content>
					</attRef>
					<attRef name="Max_Aro">
						<content>8.25</content>
					</attRef>
					<attRef name="Min_Aro">
						<content>4.75</content>
					</attRef>
					<attRef name="ArousalSpan">
						<content>3.5</content>
					</attRef>
					<attRef name="Max_Val">
						<content>8.55</content>
					</attRef>
					<attRef name="Min_Val">
						<content>2.15</content>
					</attRef>
					<attRef name="ValenceSpan">
						<content>6.4</content>
					</attRef>
					<attRef name="CorAro">
						<content>0.0022</content>
					</attRef>
					<attRef name="CorVal">
						<content>0.1228</content>
					</attRef>
					<attRef name="averageAoA">
						<content>40.95</content>
					</attRef>
					<attRef name="sdAOA">
						<content>16.07</content>
					</attRef>
					<attRef name="MinAoA">
						<content>12.0</content>
					</attRef>
					<attRef name="MaxAoA">
						<content>82.0</content>
					</attRef>
					<attRef name="OralFreq_Log">
						<content>23.33</content>
					</attRef>
					<attRef name="WrittenFreq_Log">
						<content>25.35</content>
					</attRef>
					<attRef name="n_aoa">
						<content>9</content>
					</attRef>
					<attRef name="Max_AoA">
						<content>5.78</content>
					</attRef>
					<attRef name="Min_AoA">
						<content>2.84</content>
					</attRef>
					<attRef name="AoASpan">
						<content>2.94</content>
					</attRef>
					<attRef name="Max_sdAOA">
						<content>2.376</content>
					</attRef>
					<attRef name="Min_sdAOA">
						<content>1.218</content>
					</attRef>
					<attRef name="sdAOASpan">
						<content>1.158</content>
					</attRef>
					<attRef name="Max_logOralFreq">
						<content>3.769</content>
					</attRef>
					<attRef name="Min_logOralFreq">
						<content>1.748</content>
					</attRef>
					<attRef name="logOralFreqSpan">
						<content>2.021</content>
					</attRef>
					<attRef name="Max_logWrittenFreq">
						<content>3.685</content>
					</attRef>
					<attRef name="Min_logWrittenFreq">
						<content>2.09</content>
					</attRef>
					<attRef name="logWrittenFreqSpan">
						<content>1.595</content>
					</attRef>
					<attRef name="CorAoA">
						<content>-0.0829</content>
					</attRef>
				</param>
			</lg>
			<param name="AffectiveFeatures">
				<attRef name="Hap_Mean">
					<content>35.83</content>
				</attRef>
				<attRef name="Hap_SD">
					<content>14.11</content>
				</attRef>
				<attRef name="Ang_Mean">
					<content>26.53</content>
				</attRef>
				<attRef name="Ang_SD">
					<content>14.08</content>
				</attRef>
				<attRef name="Sad_Mean">
					<content>34.0</content>
				</attRef>
				<attRef name="Sad_SD">
					<content>13.92</content>
				</attRef>
				<attRef name="Fear_Mean">
					<content>31.11</content>
				</attRef>
				<attRef name="Fear_SD">
					<content>16.57</content>
				</attRef>
				<attRef name="Disg_Mean">
					<content>21.35</content>
				</attRef>
				<attRef name="Disg_SD">
					<content>10.92</content>
				</attRef>
				<attRef name="n_affective">
					<content>15</content>
				</attRef>
				<attRef name="ValenceMean">
					<content>187.81</content>
				</attRef>
				<attRef name="ValenceSD">
					<content>44.49</content>
				</attRef>
				<attRef name="ArousalMean">
					<content>190.39</content>
				</attRef>
				<attRef name="ArousalSD">
					<content>61.98</content>
				</attRef>
				<attRef name="n_v_a">
					<content>35</content>
				</attRef>
				<attRef name="Max_Aro">
					<content>8.25</content>
				</attRef>
				<attRef name="Min_Aro">
					<content>3.1</content>
				</attRef>
				<attRef name="ArousalSpan">
					<content>5.15</content>
				</attRef>
				<attRef name="Max_Val">
					<content>8.55</content>
				</attRef>
				<attRef name="Min_Val">
					<content>1.7</content>
				</attRef>
				<attRef name="ValenceSpan">
					<content>6.85</content>
				</attRef>
				<attRef name="CorAro">
					<content>0.1397</content>
				</attRef>
				<attRef name="CorVal">
					<content>0.2235</content>
				</attRef>
				<attRef name="averageAoA">
					<content>173.18</content>
				</attRef>
				<attRef name="sdAOA">
					<content>62.94</content>
				</attRef>
				<attRef name="MinAoA">
					<content>49.0</content>
				</attRef>
				<attRef name="MaxAoA">
					<content>326.0</content>
				</attRef>
				<attRef name="OralFreq_Log">
					<content>nan</content>
				</attRef>
				<attRef name="WrittenFreq_Log">
					<content>84.77</content>
				</attRef>
				<attRef name="n_aoa">
					<content>34</content>
				</attRef>
				<attRef name="Max_AoA">
					<content>9.92</content>
				</attRef>
				<attRef name="Min_AoA">
					<content>2.64</content>
				</attRef>
				<attRef name="AoASpan">
					<content>7.28</content>
				</attRef>
				<attRef name="Max_sdAOA">
					<content>2.549</content>
				</attRef>
				<attRef name="Min_sdAOA">
					<content>1.174</content>
				</attRef>
				<attRef name="sdAOASpan">
					<content>1.375</content>
				</attRef>
				<attRef name="Max_logOralFreq">
					<content>3.769</content>
				</attRef>
				<attRef name="Min_logOralFreq">
					<content>0.301</content>
				</attRef>
				<attRef name="logOralFreqSpan">
					<content>3.468</content>
				</attRef>
				<attRef name="Max_logWrittenFreq">
					<content>3.685</content>
				</attRef>
				<attRef name="Min_logWrittenFreq">
					<content>1.146</content>
				</attRef>
				<attRef name="logWrittenFreqSpan">
					<content>2.539</content>
				</attRef>
				<attRef name="CorAoA">
					<content>-0.0275</content>
				</attRef>
			</param>
		</body>
	</text>
</TEI>