<?xml version="1.0" encoding="utf-8"?>
<TEI xmlns="http://www.tei-c.org/ns/1.0">
	<teiHeader>
		<fileDesc>
			<titleStmt about="disco:po_079n0257">
				<title property="dc:title">A ellas</title>
				<author property="dc:creator" resource="disco:079n" corresp="#disco_079n">Antonio Alcalde Valladares</author>
				<principal xml:id="prf">Pablo Ruiz Fabo</principal>
				<principal xml:id="heb">Helena Bermúdez Sabel</principal>
				<principal xml:id="jct">José Calvo Tello</principal>
				<principal xml:id="cimc">Clara Isabel Martínez Cantón</principal>
				<respStmt>
					<resp>Metrical annotation by</resp>
					<name xml:id="bnc">Borja Navarro Colorado</name>
				</respStmt>
			</titleStmt>
			<extent>
				<measure unit="sonnets">1</measure>
				<measure unit="tokens">99</measure>
				<measure unit="line">14</measure>
			</extent>
			<publicationStmt>
				<publisher>Diachronic Spanish Sonnet Corpus</publisher>
				<authority>POSTDATA Project</authority>
				<pubPlace>Madrid</pubPlace>
				<availability status="free">
					<p>The text is freely available</p>
				</availability>
				<date when="2017">2017</date>
				<idno type="#disco" xml:id="file_po_079n0257"></idno>
			</publicationStmt>
			<sourceDesc>
				<bibl type="digital-source">
					<hi rend="italics">Sonetos del siglo XIX</hi>
					<date when="2006">2006</date>
					<ref target="http://www.cervantesvirtual.com/nd/ark:/59851/bmc4q861"></ref>
					<ref target="http://www.cervantesvirtual.com/obra/sonetos-del-siglo-xix--0/"></ref>
Biblioteca Cervantes Virtual,  / editados por Ramón García González, , , .				</bibl>
			</sourceDesc>
		</fileDesc>
		<profileDesc>
			<langUsage>
				<language ident="es" about="disco:po_079n0257" property="dc:language" resource="dbpedia:Idioma_español">Spanish</language>
			</langUsage>
			<particDesc>
				<listPerson>
					<person xml:id="disco_079n" about="disco:079n" typeOf="foaf:Person">
						<idno cert="high" property="rdfs:seeAlso" resource="https://viaf.org/viaf/87214012"></idno>
						<persName type="short">Alcalde Valladares</persName>
						<persName type="full">
							<forename property="foaf:givenName">Antonio</forename>
							<surname property="foaf:familyName">Alcalde Valladares</surname>
						</persName>
						<persName type="source" property="foaf:name">Antonio Alcalde Valladares</persName>
						<sex property="foaf:gender" content="M"></sex>
						<birth>
							<location>
								<placeName>
									<settlement property="schema:birthPlace" inlist="">Baena (Córdoba)</settlement>
									<country property="schema:birthPlace" inlist="">España</country>
									<bloc property="schema:birthPlace" inlist="">Europa</bloc>
								</placeName>
							</location>
							<date property="schema:birthDate" content="1828" cert="high"></date>
							<date type="century">19</date>
						</birth>
						<death>
							<date property="schema:deathDate" content="1892" cert="low"></date>
							<date type="century">19</date>
						</death>
						<listBibl inlist="" rel="blterms:hasCreated" typeOf="schema:CreativeWork">
							<bibl resource="disco:s079n0257">
								<title property="dc:title">A ellas</title>
								<title type="incipit" property="dc:alternative">Como se ven por el cristal del río</title>
							</bibl>
						</listBibl>
					</person>
				</listPerson>
			</particDesc>
		</profileDesc>
		<encodingDesc>
			<listPrefixDef>
				<prefixDef ident="foaf" matchPattern="([A-Za-z]+)" replacementPattern="http://xmlns.com/foaf/0.1/$1"></prefixDef>
				<prefixDef ident="dc" matchPattern="([A-Za-z]+)" replacementPattern="http://purl.org/dc/terms/$1"></prefixDef>
				<prefixDef ident="schema" matchPattern="([A-Za-z]+)" replacementPattern="http://schema.org/$1"></prefixDef>
				<prefixDef ident="dbpedia" matchPattern="([A-Za-z]+(_[A-Za-z])*)" replacementPattern="http://es.dbpedia.org/page/"></prefixDef>
				<prefixDef ident="blterms" matchPattern="([A-Za-z]+)" replacementPattern="http://www.bl.uk/schemas/bibliographic/blterms#$1"></prefixDef>
				<prefixDef ident="rdfs" matchPattern="([A-Za-z]+)" replacementPattern="http://www.w3.org/2000/01/rdf-schema#$1"></prefixDef>
			</listPrefixDef>
			<metDecl type="met" pattern="((\+|\-)+)*">
				<metSym value="+">stressed syllable</metSym>
				<metSym value="-">unstressed syllable</metSym>
			</metDecl>
			<metDecl type="met">
				<p>
					<ref target="https://github.com/bncolorado/adsoScansionSystem">ADSO</ref>
The metrical patterns were extracted automatically using the 
                    tool.				</p>
			</metDecl>
			<metDecl type="enjamb">
				<p>
					<att>enjamb</att>
					<att>cert</att>
					<ref target="https://sites.google.com/site/spanishenjambment/">ANJA
                        (Automatic eNJambment Analysis)</ref>
					<ref target="https://sites.google.com/site/spanishenjambment/enjambment-types">documentation</ref>
					<ref target="https://sites.google.com/site/spanishenjambment/tei-certitude-values">report</ref>
The values of the  atributes were extracted automatically using
                    the  tool. For more information about the
                    types of enjambment as defined in this corpus, read the . In addition, a  was added to express the
                    degree of certainty concerning the characterisation of the enjambment. The following 
                     covers this feature in deep detail.				</p>
			</metDecl>
		</encodingDesc>
		<revisionDesc>
			<change when="2017-11-02" who="#prf">Initial TEI version</change>
			<change when="2017-11-27" who="#prf">Addition of metrical annotation</change>
			<change when="2017-11-27" who="#heb">Review of authors’ metadata</change>
			<change when="2017-12-01" who="#prf">Encoding of enjambment</change>
			<change when="2017-12-01" who="#heb">Publication of 19th, 18th and Golden Age version</change>
			<change when="2018-05-16" who="#heb">Revision of RDFa attributes</change>
		</revisionDesc>
	</teiHeader>
	<text>
		<front>
			<head>A ellas</head>
		</front>
		<body>
			<lg n="1" type="cuarteto">
				<l n="1" met="---+---+-+-">Como se ven por el cristal del río</l>
				<l n="2" met="-+---+---+-">los granos de sus límpidas arenas,</l>
				<l n="3" met="---+-+---+-">como se ven también las azucenas</l>
				<l n="4" met="-----+---+-">a través de las gotas de rocío;</l>
				<param name="AffectiveFeatures">
					<attRef name="Hap_Mean">
						<content>6.84</content>
					</attRef>
					<attRef name="Hap_SD">
						<content>3.44</content>
					</attRef>
					<attRef name="Ang_Mean">
						<content>5.6</content>
					</attRef>
					<attRef name="Ang_SD">
						<content>2.8</content>
					</attRef>
					<attRef name="Sad_Mean">
						<content>6.03</content>
					</attRef>
					<attRef name="Sad_SD">
						<content>3.38</content>
					</attRef>
					<attRef name="Fear_Mean">
						<content>5.96</content>
					</attRef>
					<attRef name="Fear_SD">
						<content>3.27</content>
					</attRef>
					<attRef name="Disg_Mean">
						<content>6.66</content>
					</attRef>
					<attRef name="Disg_SD">
						<content>2.96</content>
					</attRef>
					<attRef name="n_affective">
						<content>4</content>
					</attRef>
					<attRef name="ValenceMean">
						<content>51.5</content>
					</attRef>
					<attRef name="ValenceSD">
						<content>11.36</content>
					</attRef>
					<attRef name="ArousalMean">
						<content>42.37</content>
					</attRef>
					<attRef name="ArousalSD">
						<content>13.5</content>
					</attRef>
					<attRef name="n_v_a">
						<content>9</content>
					</attRef>
					<attRef name="Max_Aro">
						<content>5.5</content>
					</attRef>
					<attRef name="Min_Aro">
						<content>3.55</content>
					</attRef>
					<attRef name="ArousalSpan">
						<content>1.95</content>
					</attRef>
					<attRef name="Max_Val">
						<content>6.75</content>
					</attRef>
					<attRef name="Min_Val">
						<content>2.95</content>
					</attRef>
					<attRef name="ValenceSpan">
						<content>3.8</content>
					</attRef>
					<attRef name="CorAro">
						<content>-0.4713</content>
					</attRef>
					<attRef name="CorVal">
						<content>0.141</content>
					</attRef>
					<attRef name="averageAoA">
						<content>39.23</content>
					</attRef>
					<attRef name="sdAOA">
						<content>12.79</content>
					</attRef>
					<attRef name="MinAoA">
						<content>14.0</content>
					</attRef>
					<attRef name="MaxAoA">
						<content>64.0</content>
					</attRef>
					<attRef name="OralFreq_Log">
						<content>nan</content>
					</attRef>
					<attRef name="WrittenFreq_Log">
						<content>15.99</content>
					</attRef>
					<attRef name="n_aoa">
						<content>7</content>
					</attRef>
					<attRef name="Max_AoA">
						<content>9.73</content>
					</attRef>
					<attRef name="Min_AoA">
						<content>2.72</content>
					</attRef>
					<attRef name="AoASpan">
						<content>7.01</content>
					</attRef>
					<attRef name="Max_sdAOA">
						<content>2.543</content>
					</attRef>
					<attRef name="Min_sdAOA">
						<content>1.443</content>
					</attRef>
					<attRef name="sdAOASpan">
						<content>1.1</content>
					</attRef>
					<attRef name="Max_logOralFreq">
						<content>3.724</content>
					</attRef>
					<attRef name="Min_logOralFreq">
						<content>1.568</content>
					</attRef>
					<attRef name="logOralFreqSpan">
						<content>2.156</content>
					</attRef>
					<attRef name="Max_logWrittenFreq">
						<content>3.405</content>
					</attRef>
					<attRef name="Min_logWrittenFreq">
						<content>1.041</content>
					</attRef>
					<attRef name="logWrittenFreqSpan">
						<content>2.364</content>
					</attRef>
					<attRef name="CorAoA">
						<content>0.6657</content>
					</attRef>
				</param>
			</lg>
			<lg n="2" type="cuarteto">
				<l n="5" met="---+---+-+-">como en las noches del quemado estío</l>
				<l n="6" met="---+-+---+-">tras de las nubes blancas y serenas</l>
				<l n="7" met="-+-+---+-+-">se ve la luna, ¡cual las almas buenas</l>
				<l n="8" met="-+-----+-+-">se ven detrás de su dolor impío!;</l>
				<param name="AffectiveFeatures">
					<attRef name="Hap_Mean">
						<content>13.0</content>
					</attRef>
					<attRef name="Hap_SD">
						<content>5.29</content>
					</attRef>
					<attRef name="Ang_Mean">
						<content>7.58</content>
					</attRef>
					<attRef name="Ang_SD">
						<content>3.14</content>
					</attRef>
					<attRef name="Sad_Mean">
						<content>9.63</content>
					</attRef>
					<attRef name="Sad_SD">
						<content>4.25</content>
					</attRef>
					<attRef name="Fear_Mean">
						<content>9.1</content>
					</attRef>
					<attRef name="Fear_SD">
						<content>3.89</content>
					</attRef>
					<attRef name="Disg_Mean">
						<content>6.24</content>
					</attRef>
					<attRef name="Disg_SD">
						<content>2.94</content>
					</attRef>
					<attRef name="n_affective">
						<content>5</content>
					</attRef>
					<attRef name="ValenceMean">
						<content>78.88</content>
					</attRef>
					<attRef name="ValenceSD">
						<content>19.77</content>
					</attRef>
					<attRef name="ArousalMean">
						<content>65.51</content>
					</attRef>
					<attRef name="ArousalSD">
						<content>24.85</content>
					</attRef>
					<attRef name="n_v_a">
						<content>14</content>
					</attRef>
					<attRef name="Max_Aro">
						<content>8.25</content>
					</attRef>
					<attRef name="Min_Aro">
						<content>2.75</content>
					</attRef>
					<attRef name="ArousalSpan">
						<content>5.5</content>
					</attRef>
					<attRef name="Max_Val">
						<content>7.65</content>
					</attRef>
					<attRef name="Min_Val">
						<content>2.15</content>
					</attRef>
					<attRef name="ValenceSpan">
						<content>5.5</content>
					</attRef>
					<attRef name="CorAro">
						<content>0.2374</content>
					</attRef>
					<attRef name="CorVal">
						<content>-0.0943</content>
					</attRef>
					<attRef name="averageAoA">
						<content>55.34</content>
					</attRef>
					<attRef name="sdAOA">
						<content>24.19</content>
					</attRef>
					<attRef name="MinAoA">
						<content>14.0</content>
					</attRef>
					<attRef name="MaxAoA">
						<content>117.0</content>
					</attRef>
					<attRef name="OralFreq_Log">
						<content>32.9</content>
					</attRef>
					<attRef name="WrittenFreq_Log">
						<content>34.97</content>
					</attRef>
					<attRef name="n_aoa">
						<content>13</content>
					</attRef>
					<attRef name="Max_AoA">
						<content>7.84</content>
					</attRef>
					<attRef name="Min_AoA">
						<content>2.72</content>
					</attRef>
					<attRef name="AoASpan">
						<content>5.12</content>
					</attRef>
					<attRef name="Max_sdAOA">
						<content>3.086</content>
					</attRef>
					<attRef name="Min_sdAOA">
						<content>1.278</content>
					</attRef>
					<attRef name="sdAOASpan">
						<content>1.808</content>
					</attRef>
					<attRef name="Max_logOralFreq">
						<content>4.136</content>
					</attRef>
					<attRef name="Min_logOralFreq">
						<content>1.146</content>
					</attRef>
					<attRef name="logOralFreqSpan">
						<content>2.99</content>
					</attRef>
					<attRef name="Max_logWrittenFreq">
						<content>3.405</content>
					</attRef>
					<attRef name="Min_logWrittenFreq">
						<content>1.6130000000000002</content>
					</attRef>
					<attRef name="logWrittenFreqSpan">
						<content>1.792</content>
					</attRef>
					<attRef name="CorAoA">
						<content>-0.1266</content>
					</attRef>
				</param>
			</lg>
			<lg n="3" type="terceto">
				<l n="9" met="---+---+-+-">como por medio a la verdad se mira</l>
				<l n="10" met="-+---+---+-">la fe del corazón, que sin enojos</l>
				<l n="11" met="---+---+-+-">en el fulgor de la virtud se inspira,</l>
				<param name="AffectiveFeatures">
					<attRef name="Hap_Mean">
						<content>14.29</content>
					</attRef>
					<attRef name="Hap_SD">
						<content>5.02</content>
					</attRef>
					<attRef name="Ang_Mean">
						<content>5.57</content>
					</attRef>
					<attRef name="Ang_SD">
						<content>2.99</content>
					</attRef>
					<attRef name="Sad_Mean">
						<content>6.29</content>
					</attRef>
					<attRef name="Sad_SD">
						<content>3.65</content>
					</attRef>
					<attRef name="Fear_Mean">
						<content>6.97</content>
					</attRef>
					<attRef name="Fear_SD">
						<content>3.88</content>
					</attRef>
					<attRef name="Disg_Mean">
						<content>5.07</content>
					</attRef>
					<attRef name="Disg_SD">
						<content>2.45</content>
					</attRef>
					<attRef name="n_affective">
						<content>4</content>
					</attRef>
					<attRef name="ValenceMean">
						<content>55.86</content>
					</attRef>
					<attRef name="ValenceSD">
						<content>11.82</content>
					</attRef>
					<attRef name="ArousalMean">
						<content>45.26</content>
					</attRef>
					<attRef name="ArousalSD">
						<content>16.57</content>
					</attRef>
					<attRef name="n_v_a">
						<content>9</content>
					</attRef>
					<attRef name="Max_Aro">
						<content>6.85</content>
					</attRef>
					<attRef name="Min_Aro">
						<content>4.05</content>
					</attRef>
					<attRef name="ArousalSpan">
						<content>2.8</content>
					</attRef>
					<attRef name="Max_Val">
						<content>7.93</content>
					</attRef>
					<attRef name="Min_Val">
						<content>3.05</content>
					</attRef>
					<attRef name="ValenceSpan">
						<content>4.88</content>
					</attRef>
					<attRef name="CorAro">
						<content>0.0943</content>
					</attRef>
					<attRef name="CorVal">
						<content>-0.0499</content>
					</attRef>
					<attRef name="averageAoA">
						<content>62.5</content>
					</attRef>
					<attRef name="sdAOA">
						<content>16.44</content>
					</attRef>
					<attRef name="MinAoA">
						<content>26.0</content>
					</attRef>
					<attRef name="MaxAoA">
						<content>94.0</content>
					</attRef>
					<attRef name="OralFreq_Log">
						<content>16.66</content>
					</attRef>
					<attRef name="WrittenFreq_Log">
						<content>20.81</content>
					</attRef>
					<attRef name="n_aoa">
						<content>9</content>
					</attRef>
					<attRef name="Max_AoA">
						<content>10.48</content>
					</attRef>
					<attRef name="Min_AoA">
						<content>2.52</content>
					</attRef>
					<attRef name="AoASpan">
						<content>7.96</content>
					</attRef>
					<attRef name="Max_sdAOA">
						<content>2.381</content>
					</attRef>
					<attRef name="Min_sdAOA">
						<content>1.111</content>
					</attRef>
					<attRef name="sdAOASpan">
						<content>1.27</content>
					</attRef>
					<attRef name="Max_logOralFreq">
						<content>3.571</content>
					</attRef>
					<attRef name="Min_logOralFreq">
						<content>0.477</content>
					</attRef>
					<attRef name="logOralFreqSpan">
						<content>3.094</content>
					</attRef>
					<attRef name="Max_logWrittenFreq">
						<content>3.242</content>
					</attRef>
					<attRef name="Min_logWrittenFreq">
						<content>1.279</content>
					</attRef>
					<attRef name="logWrittenFreqSpan">
						<content>1.963</content>
					</attRef>
					<attRef name="CorAoA">
						<content>0.6991</content>
					</attRef>
				</param>
			</lg>
			<lg n="4" type="terceto">
				<l n="12" met="-+-+---+-+-">así quisiera en mi aparente calma,</l>
				<l n="13" met="-----+---+-">a través de las niñas de tus ojos</l>
				<l n="14" met="-+---+---+-">mirar los sentimientos de tu alma.</l>
				<param name="AffectiveFeatures">
					<attRef name="Hap_Mean">
						<content>14.77</content>
					</attRef>
					<attRef name="Hap_SD">
						<content>5.03</content>
					</attRef>
					<attRef name="Ang_Mean">
						<content>7.1</content>
					</attRef>
					<attRef name="Ang_SD">
						<content>4.49</content>
					</attRef>
					<attRef name="Sad_Mean">
						<content>8.7</content>
					</attRef>
					<attRef name="Sad_SD">
						<content>4.43</content>
					</attRef>
					<attRef name="Fear_Mean">
						<content>8.73</content>
					</attRef>
					<attRef name="Fear_SD">
						<content>4.55</content>
					</attRef>
					<attRef name="Disg_Mean">
						<content>5.91</content>
					</attRef>
					<attRef name="Disg_SD">
						<content>3.53</content>
					</attRef>
					<attRef name="n_affective">
						<content>4</content>
					</attRef>
					<attRef name="ValenceMean">
						<content>65.11</content>
					</attRef>
					<attRef name="ValenceSD">
						<content>11.12</content>
					</attRef>
					<attRef name="ArousalMean">
						<content>47.14</content>
					</attRef>
					<attRef name="ArousalSD">
						<content>18.2</content>
					</attRef>
					<attRef name="n_v_a">
						<content>10</content>
					</attRef>
					<attRef name="Max_Aro">
						<content>6.1</content>
					</attRef>
					<attRef name="Min_Aro">
						<content>2.35</content>
					</attRef>
					<attRef name="ArousalSpan">
						<content>3.75</content>
					</attRef>
					<attRef name="Max_Val">
						<content>7.95</content>
					</attRef>
					<attRef name="Min_Val">
						<content>4.8</content>
					</attRef>
					<attRef name="ValenceSpan">
						<content>3.15</content>
					</attRef>
					<attRef name="CorAro">
						<content>0.1521</content>
					</attRef>
					<attRef name="CorVal">
						<content>0.292</content>
					</attRef>
					<attRef name="averageAoA">
						<content>48.83</content>
					</attRef>
					<attRef name="sdAOA">
						<content>17.63</content>
					</attRef>
					<attRef name="MinAoA">
						<content>14.0</content>
					</attRef>
					<attRef name="MaxAoA">
						<content>86.0</content>
					</attRef>
					<attRef name="OralFreq_Log">
						<content>21.78</content>
					</attRef>
					<attRef name="WrittenFreq_Log">
						<content>22.82</content>
					</attRef>
					<attRef name="n_aoa">
						<content>9</content>
					</attRef>
					<attRef name="Max_AoA">
						<content>9.73</content>
					</attRef>
					<attRef name="Min_AoA">
						<content>2.44</content>
					</attRef>
					<attRef name="AoASpan">
						<content>7.29</content>
					</attRef>
					<attRef name="Max_sdAOA">
						<content>2.401</content>
					</attRef>
					<attRef name="Min_sdAOA">
						<content>1.373</content>
					</attRef>
					<attRef name="sdAOASpan">
						<content>1.028</content>
					</attRef>
					<attRef name="Max_logOralFreq">
						<content>3.694</content>
					</attRef>
					<attRef name="Min_logOralFreq">
						<content>1.778</content>
					</attRef>
					<attRef name="logOralFreqSpan">
						<content>1.916</content>
					</attRef>
					<attRef name="Max_logWrittenFreq">
						<content>3.631</content>
					</attRef>
					<attRef name="Min_logWrittenFreq">
						<content>1.041</content>
					</attRef>
					<attRef name="logWrittenFreqSpan">
						<content>2.59</content>
					</attRef>
					<attRef name="CorAoA">
						<content>0.0618</content>
					</attRef>
				</param>
			</lg>
			<param name="AffectiveFeatures">
				<attRef name="Hap_Mean">
					<content>48.9</content>
				</attRef>
				<attRef name="Hap_SD">
					<content>18.78</content>
				</attRef>
				<attRef name="Ang_Mean">
					<content>25.85</content>
				</attRef>
				<attRef name="Ang_SD">
					<content>13.42</content>
				</attRef>
				<attRef name="Sad_Mean">
					<content>30.65</content>
				</attRef>
				<attRef name="Sad_SD">
					<content>15.71</content>
				</attRef>
				<attRef name="Fear_Mean">
					<content>30.76</content>
				</attRef>
				<attRef name="Fear_SD">
					<content>15.59</content>
				</attRef>
				<attRef name="Disg_Mean">
					<content>23.88</content>
				</attRef>
				<attRef name="Disg_SD">
					<content>11.88</content>
				</attRef>
				<attRef name="n_affective">
					<content>17</content>
				</attRef>
				<attRef name="ValenceMean">
					<content>251.35</content>
				</attRef>
				<attRef name="ValenceSD">
					<content>54.07</content>
				</attRef>
				<attRef name="ArousalMean">
					<content>200.28</content>
				</attRef>
				<attRef name="ArousalSD">
					<content>73.12</content>
				</attRef>
				<attRef name="n_v_a">
					<content>42</content>
				</attRef>
				<attRef name="Max_Aro">
					<content>8.25</content>
				</attRef>
				<attRef name="Min_Aro">
					<content>2.35</content>
				</attRef>
				<attRef name="ArousalSpan">
					<content>5.9</content>
				</attRef>
				<attRef name="Max_Val">
					<content>7.95</content>
				</attRef>
				<attRef name="Min_Val">
					<content>2.15</content>
				</attRef>
				<attRef name="ValenceSpan">
					<content>5.8</content>
				</attRef>
				<attRef name="CorAro">
					<content>0.065</content>
				</attRef>
				<attRef name="CorVal">
					<content>0.2252</content>
				</attRef>
				<attRef name="averageAoA">
					<content>205.9</content>
				</attRef>
				<attRef name="sdAOA">
					<content>71.03</content>
				</attRef>
				<attRef name="MinAoA">
					<content>68.0</content>
				</attRef>
				<attRef name="MaxAoA">
					<content>361.0</content>
				</attRef>
				<attRef name="OralFreq_Log">
					<content>nan</content>
				</attRef>
				<attRef name="WrittenFreq_Log">
					<content>94.6</content>
				</attRef>
				<attRef name="n_aoa">
					<content>38</content>
				</attRef>
				<attRef name="Max_AoA">
					<content>10.48</content>
				</attRef>
				<attRef name="Min_AoA">
					<content>2.44</content>
				</attRef>
				<attRef name="AoASpan">
					<content>8.04</content>
				</attRef>
				<attRef name="Max_sdAOA">
					<content>3.086</content>
				</attRef>
				<attRef name="Min_sdAOA">
					<content>1.111</content>
				</attRef>
				<attRef name="sdAOASpan">
					<content>1.975</content>
				</attRef>
				<attRef name="Max_logOralFreq">
					<content>4.136</content>
				</attRef>
				<attRef name="Min_logOralFreq">
					<content>0.477</content>
				</attRef>
				<attRef name="logOralFreqSpan">
					<content>3.659</content>
				</attRef>
				<attRef name="Max_logWrittenFreq">
					<content>3.631</content>
				</attRef>
				<attRef name="Min_logWrittenFreq">
					<content>1.041</content>
				</attRef>
				<attRef name="logWrittenFreqSpan">
					<content>2.59</content>
				</attRef>
				<attRef name="CorAoA">
					<content>0.1783</content>
				</attRef>
			</param>
		</body>
	</text>
</TEI>