<?xml version="1.0" encoding="utf-8"?>
<TEI xmlns="http://www.tei-c.org/ns/1.0">
	<teiHeader>
		<fileDesc>
			<titleStmt about="disco:po_317n1039">
				<title property="dc:title">Ante el cuadro «La rendición de Granada»</title>
				<author property="dc:creator" resource="disco:317n" corresp="#disco_317n">José María Alcalde Sánchez Toscano</author>
				<principal xml:id="prf">Pablo Ruiz Fabo</principal>
				<principal xml:id="heb">Helena Bermúdez Sabel</principal>
				<principal xml:id="jct">José Calvo Tello</principal>
				<principal xml:id="cimc">Clara Isabel Martínez Cantón</principal>
				<respStmt>
					<resp>Metrical annotation by</resp>
					<name xml:id="bnc">Borja Navarro Colorado</name>
				</respStmt>
			</titleStmt>
			<extent>
				<measure unit="sonnets">1</measure>
				<measure unit="tokens">84</measure>
				<measure unit="line">14</measure>
			</extent>
			<publicationStmt>
				<publisher>Diachronic Spanish Sonnet Corpus</publisher>
				<authority>POSTDATA Project</authority>
				<pubPlace>Madrid</pubPlace>
				<availability status="free">
					<p>The text is freely available</p>
				</availability>
				<date when="2017">2017</date>
				<idno type="#disco" xml:id="file_po_317n1039"></idno>
			</publicationStmt>
			<sourceDesc>
				<bibl type="digital-source">
					<hi rend="italics">Sonetos del siglo XIX</hi>
					<date when="2006">2006</date>
					<ref target="http://www.cervantesvirtual.com/nd/ark:/59851/bmc4q861"></ref>
					<ref target="http://www.cervantesvirtual.com/obra/sonetos-del-siglo-xix--0/"></ref>
Biblioteca Cervantes Virtual,  / editados por Ramón García González, , , .				</bibl>
			</sourceDesc>
		</fileDesc>
		<profileDesc>
			<langUsage>
				<language ident="es" about="disco:po_317n1039" property="dc:language" resource="dbpedia:Idioma_español">Spanish</language>
			</langUsage>
			<particDesc>
				<listPerson>
					<person xml:id="disco_317n" about="disco:317n" typeOf="foaf:Person">
						<persName type="short">Alcalde Sánchez Toscano</persName>
						<persName type="full">
							<forename property="foaf:givenName">José María</forename>
							<surname property="foaf:familyName">Alcalde Sánchez Toscano</surname>
						</persName>
						<persName type="source" property="foaf:name">José María Alcalde Sánchez
                  Toscano</persName>
						<sex property="foaf:gender" content="M"></sex>
						<birth>
							<location>
								<placeName>
									<settlement property="schema:birthPlace" inlist="">Córdoba</settlement>
									<country property="schema:birthPlace" inlist="">España</country>
									<bloc property="schema:birthPlace" inlist="">Europa</bloc>
								</placeName>
							</location>
							<date type="century">19</date>
						</birth>
						<death>
							<date type="century">19</date>
						</death>
						<listBibl inlist="" rel="blterms:hasCreated" typeOf="schema:CreativeWork">
							<bibl resource="disco:s317n1039">
								<title property="dc:title">Ante el cuadro «La rendición de Granada»</title>
								<title type="incipit" property="dc:alternative">En un alegre y anchuroso llano</title>
							</bibl>
						</listBibl>
					</person>
				</listPerson>
			</particDesc>
		</profileDesc>
		<encodingDesc>
			<listPrefixDef>
				<prefixDef ident="foaf" matchPattern="([A-Za-z]+)" replacementPattern="http://xmlns.com/foaf/0.1/$1"></prefixDef>
				<prefixDef ident="dc" matchPattern="([A-Za-z]+)" replacementPattern="http://purl.org/dc/terms/$1"></prefixDef>
				<prefixDef ident="schema" matchPattern="([A-Za-z]+)" replacementPattern="http://schema.org/$1"></prefixDef>
				<prefixDef ident="dbpedia" matchPattern="([A-Za-z]+(_[A-Za-z])*)" replacementPattern="http://es.dbpedia.org/page/"></prefixDef>
				<prefixDef ident="blterms" matchPattern="([A-Za-z]+)" replacementPattern="http://www.bl.uk/schemas/bibliographic/blterms#$1"></prefixDef>
				<prefixDef ident="rdfs" matchPattern="([A-Za-z]+)" replacementPattern="http://www.w3.org/2000/01/rdf-schema#$1"></prefixDef>
			</listPrefixDef>
			<metDecl type="met" pattern="((\+|\-)+)*">
				<metSym value="+">stressed syllable</metSym>
				<metSym value="-">unstressed syllable</metSym>
			</metDecl>
			<metDecl type="met">
				<p>
					<ref target="https://github.com/bncolorado/adsoScansionSystem">ADSO</ref>
The metrical patterns were extracted automatically using the 
                    tool.				</p>
			</metDecl>
			<metDecl type="enjamb">
				<p>
					<att>enjamb</att>
					<att>cert</att>
					<ref target="https://sites.google.com/site/spanishenjambment/">ANJA
                        (Automatic eNJambment Analysis)</ref>
					<ref target="https://sites.google.com/site/spanishenjambment/enjambment-types">documentation</ref>
					<ref target="https://sites.google.com/site/spanishenjambment/tei-certitude-values">report</ref>
The values of the  atributes were extracted automatically using
                    the  tool. For more information about the
                    types of enjambment as defined in this corpus, read the . In addition, a  was added to express the
                    degree of certainty concerning the characterisation of the enjambment. The following 
                     covers this feature in deep detail.				</p>
			</metDecl>
		</encodingDesc>
		<revisionDesc>
			<change when="2017-11-02" who="#prf">Initial TEI version</change>
			<change when="2017-11-27" who="#prf">Addition of metrical annotation</change>
			<change when="2017-11-27" who="#heb">Review of authors’ metadata</change>
			<change when="2017-12-01" who="#prf">Encoding of enjambment</change>
			<change when="2017-12-01" who="#heb">Publication of 19th, 18th and Golden Age version</change>
			<change when="2018-05-16" who="#heb">Revision of RDFa attributes</change>
		</revisionDesc>
	</teiHeader>
	<text>
		<front>
			<head>Ante el cuadro «La rendición de Granada»</head>
		</front>
		<body>
			<lg n="1" type="cuarteto">
				<l n="1" met="-+-+---+-+-" enjamb="B-pb_adj_prep" cert="low">En un alegre y anchuroso llano</l>
				<l n="2" met="-+---+---+-" enjamb="I-pb_adj_prep" cert="low">al pie de la muslímica Granada,</l>
				<l n="3" met="-+-+---+-+-">Boabdil entrega de su corte amada,</l>
				<l n="4" met="-+---+---+-">las llaves al Monarca castellano.</l>
				<param name="AffectiveFeatures">
					<attRef name="Hap_Mean">
						<content>15.65</content>
					</attRef>
					<attRef name="Hap_SD">
						<content>5.17</content>
					</attRef>
					<attRef name="Ang_Mean">
						<content>9.18</content>
					</attRef>
					<attRef name="Ang_SD">
						<content>5.07</content>
					</attRef>
					<attRef name="Sad_Mean">
						<content>9.39</content>
					</attRef>
					<attRef name="Sad_SD">
						<content>5.17</content>
					</attRef>
					<attRef name="Fear_Mean">
						<content>11.47</content>
					</attRef>
					<attRef name="Fear_SD">
						<content>6.07</content>
					</attRef>
					<attRef name="Disg_Mean">
						<content>8.46</content>
					</attRef>
					<attRef name="Disg_SD">
						<content>4.23</content>
					</attRef>
					<attRef name="n_affective">
						<content>6</content>
					</attRef>
					<attRef name="ValenceMean">
						<content>59.43</content>
					</attRef>
					<attRef name="ValenceSD">
						<content>13.47</content>
					</attRef>
					<attRef name="ArousalMean">
						<content>51.34</content>
					</attRef>
					<attRef name="ArousalSD">
						<content>17.85</content>
					</attRef>
					<attRef name="n_v_a">
						<content>10</content>
					</attRef>
					<attRef name="Max_Aro">
						<content>6.6</content>
					</attRef>
					<attRef name="Min_Aro">
						<content>4.05</content>
					</attRef>
					<attRef name="ArousalSpan">
						<content>2.55</content>
					</attRef>
					<attRef name="Max_Val">
						<content>8.7</content>
					</attRef>
					<attRef name="Min_Val">
						<content>3.9</content>
					</attRef>
					<attRef name="ValenceSpan">
						<content>4.8</content>
					</attRef>
					<attRef name="CorAro">
						<content>0.0498</content>
					</attRef>
					<attRef name="CorVal">
						<content>-0.1445</content>
					</attRef>
					<attRef name="averageAoA">
						<content>60.64</content>
					</attRef>
					<attRef name="sdAOA">
						<content>20.28</content>
					</attRef>
					<attRef name="MinAoA">
						<content>19.0</content>
					</attRef>
					<attRef name="MaxAoA">
						<content>99.0</content>
					</attRef>
					<attRef name="OralFreq_Log">
						<content>17.32</content>
					</attRef>
					<attRef name="WrittenFreq_Log">
						<content>21.64</content>
					</attRef>
					<attRef name="n_aoa">
						<content>10</content>
					</attRef>
					<attRef name="Max_AoA">
						<content>9.14</content>
					</attRef>
					<attRef name="Min_AoA">
						<content>2.42</content>
					</attRef>
					<attRef name="AoASpan">
						<content>6.72</content>
					</attRef>
					<attRef name="Max_sdAOA">
						<content>2.729</content>
					</attRef>
					<attRef name="Min_sdAOA">
						<content>1.326</content>
					</attRef>
					<attRef name="sdAOASpan">
						<content>1.403</content>
					</attRef>
					<attRef name="Max_logOralFreq">
						<content>2.32</content>
					</attRef>
					<attRef name="Min_logOralFreq">
						<content>1.079</content>
					</attRef>
					<attRef name="logOralFreqSpan">
						<content>1.241</content>
					</attRef>
					<attRef name="Max_logWrittenFreq">
						<content>2.872</content>
					</attRef>
					<attRef name="Min_logWrittenFreq">
						<content>1.6130000000000002</content>
					</attRef>
					<attRef name="logWrittenFreqSpan">
						<content>1.259</content>
					</attRef>
					<attRef name="CorAoA">
						<content>0.4295</content>
					</attRef>
				</param>
			</lg>
			<lg n="2" type="cuarteto">
				<l n="5" met="+--+-+---+-">Tal concibió tu genio soberano</l>
				<l n="6" met="+-+--+---+-" enjamb="B-ex_dobj_verb" cert="low">y hoy contempla la mente entusiasmada</l>
				<l n="7" met="+-+--+---+-" enjamb="B-ex_subj_verb I-ex_dobj_verb" cert="low low">una joya del Arte, que inspirada</l>
				<l n="8" met="-+-+---+-+-" enjamb="I-ex_subj_verb" cert="low">trazó en el lienzo tu divina mano.</l>
				<param name="AffectiveFeatures">
					<attRef name="Hap_Mean">
						<content>18.97</content>
					</attRef>
					<attRef name="Hap_SD">
						<content>8.12</content>
					</attRef>
					<attRef name="Ang_Mean">
						<content>8.01</content>
					</attRef>
					<attRef name="Ang_SD">
						<content>4.11</content>
					</attRef>
					<attRef name="Sad_Mean">
						<content>8.39</content>
					</attRef>
					<attRef name="Sad_SD">
						<content>4.85</content>
					</attRef>
					<attRef name="Fear_Mean">
						<content>9.1</content>
					</attRef>
					<attRef name="Fear_SD">
						<content>5.15</content>
					</attRef>
					<attRef name="Disg_Mean">
						<content>7.47</content>
					</attRef>
					<attRef name="Disg_SD">
						<content>3.94</content>
					</attRef>
					<attRef name="n_affective">
						<content>6</content>
					</attRef>
					<attRef name="ValenceMean">
						<content>83.67</content>
					</attRef>
					<attRef name="ValenceSD">
						<content>16.39</content>
					</attRef>
					<attRef name="ArousalMean">
						<content>62.81</content>
					</attRef>
					<attRef name="ArousalSD">
						<content>22.5</content>
					</attRef>
					<attRef name="n_v_a">
						<content>13</content>
					</attRef>
					<attRef name="Max_Aro">
						<content>5.6</content>
					</attRef>
					<attRef name="Min_Aro">
						<content>3.95</content>
					</attRef>
					<attRef name="ArousalSpan">
						<content>1.65</content>
					</attRef>
					<attRef name="Max_Val">
						<content>7.45</content>
					</attRef>
					<attRef name="Min_Val">
						<content>5.11</content>
					</attRef>
					<attRef name="ValenceSpan">
						<content>2.34</content>
					</attRef>
					<attRef name="CorAro">
						<content>-0.4599</content>
					</attRef>
					<attRef name="CorVal">
						<content>-0.0024</content>
					</attRef>
					<attRef name="averageAoA">
						<content>73.4</content>
					</attRef>
					<attRef name="sdAOA">
						<content>21.12</content>
					</attRef>
					<attRef name="MinAoA">
						<content>32.0</content>
					</attRef>
					<attRef name="MaxAoA">
						<content>113.0</content>
					</attRef>
					<attRef name="OralFreq_Log">
						<content>20.72</content>
					</attRef>
					<attRef name="WrittenFreq_Log">
						<content>25.62</content>
					</attRef>
					<attRef name="n_aoa">
						<content>11</content>
					</attRef>
					<attRef name="Max_AoA">
						<content>8.62</content>
					</attRef>
					<attRef name="Min_AoA">
						<content>2.22</content>
					</attRef>
					<attRef name="AoASpan">
						<content>6.4</content>
					</attRef>
					<attRef name="Max_sdAOA">
						<content>2.346</content>
					</attRef>
					<attRef name="Min_sdAOA">
						<content>1.234</content>
					</attRef>
					<attRef name="sdAOASpan">
						<content>1.112</content>
					</attRef>
					<attRef name="Max_logOralFreq">
						<content>3.536</content>
					</attRef>
					<attRef name="Min_logOralFreq">
						<content>0.301</content>
					</attRef>
					<attRef name="logOralFreqSpan">
						<content>3.235</content>
					</attRef>
					<attRef name="Max_logWrittenFreq">
						<content>3.369</content>
					</attRef>
					<attRef name="Min_logWrittenFreq">
						<content>1.279</content>
					</attRef>
					<attRef name="logWrittenFreqSpan">
						<content>2.09</content>
					</attRef>
					<attRef name="CorAoA">
						<content>0.0414</content>
					</attRef>
				</param>
			</lg>
			<lg n="3" type="terceto">
				<l n="9" met="---+-+---+-">Al admirar tu cuadro portentoso,</l>
				<l n="10" met="-+-+---+-+-">orgullo patrio mi cerebro inflama</l>
				<l n="11" met="-+---+---+-" enjamb="B-pb_noun_prep" cert="medium">y miro en el monarca victorioso</l>
				<param name="AffectiveFeatures">
					<attRef name="Hap_Mean">
						<content>8.84</content>
					</attRef>
					<attRef name="Hap_SD">
						<content>3.65</content>
					</attRef>
					<attRef name="Ang_Mean">
						<content>5.23</content>
					</attRef>
					<attRef name="Ang_SD">
						<content>2.57</content>
					</attRef>
					<attRef name="Sad_Mean">
						<content>5.33</content>
					</attRef>
					<attRef name="Sad_SD">
						<content>3.01</content>
					</attRef>
					<attRef name="Fear_Mean">
						<content>4.8</content>
					</attRef>
					<attRef name="Fear_SD">
						<content>2.65</content>
					</attRef>
					<attRef name="Disg_Mean">
						<content>4.4</content>
					</attRef>
					<attRef name="Disg_SD">
						<content>2.54</content>
					</attRef>
					<attRef name="n_affective">
						<content>3</content>
					</attRef>
					<attRef name="ValenceMean">
						<content>42.2</content>
					</attRef>
					<attRef name="ValenceSD">
						<content>10.22</content>
					</attRef>
					<attRef name="ArousalMean">
						<content>38.8</content>
					</attRef>
					<attRef name="ArousalSD">
						<content>12.36</content>
					</attRef>
					<attRef name="n_v_a">
						<content>7</content>
					</attRef>
					<attRef name="Max_Aro">
						<content>6.8</content>
					</attRef>
					<attRef name="Min_Aro">
						<content>4.2</content>
					</attRef>
					<attRef name="ArousalSpan">
						<content>2.6</content>
					</attRef>
					<attRef name="Max_Val">
						<content>7.3</content>
					</attRef>
					<attRef name="Min_Val">
						<content>4.5</content>
					</attRef>
					<attRef name="ValenceSpan">
						<content>2.8</content>
					</attRef>
					<attRef name="CorAro">
						<content>0.2389</content>
					</attRef>
					<attRef name="CorVal">
						<content>-0.0123</content>
					</attRef>
					<attRef name="averageAoA">
						<content>39.68</content>
					</attRef>
					<attRef name="sdAOA">
						<content>10.79</content>
					</attRef>
					<attRef name="MinAoA">
						<content>15.0</content>
					</attRef>
					<attRef name="MaxAoA">
						<content>58.0</content>
					</attRef>
					<attRef name="OralFreq_Log">
						<content>9.95</content>
					</attRef>
					<attRef name="WrittenFreq_Log">
						<content>13.52</content>
					</attRef>
					<attRef name="n_aoa">
						<content>6</content>
					</attRef>
					<attRef name="Max_AoA">
						<content>9.14</content>
					</attRef>
					<attRef name="Min_AoA">
						<content>2.52</content>
					</attRef>
					<attRef name="AoASpan">
						<content>6.62</content>
					</attRef>
					<attRef name="Max_sdAOA">
						<content>2.25</content>
					</attRef>
					<attRef name="Min_sdAOA">
						<content>1.446</content>
					</attRef>
					<attRef name="sdAOASpan">
						<content>0.804</content>
					</attRef>
					<attRef name="Max_logOralFreq">
						<content>2.19</content>
					</attRef>
					<attRef name="Min_logOralFreq">
						<content>0.954</content>
					</attRef>
					<attRef name="logOralFreqSpan">
						<content>1.236</content>
					</attRef>
					<attRef name="Max_logWrittenFreq">
						<content>2.684</content>
					</attRef>
					<attRef name="Min_logWrittenFreq">
						<content>1.462</content>
					</attRef>
					<attRef name="logWrittenFreqSpan">
						<content>1.222</content>
					</attRef>
					<attRef name="CorAoA">
						<content>-0.0759</content>
					</attRef>
				</param>
			</lg>
			<lg n="4" type="terceto">
				<l n="12" met="---+---+-+-" enjamb="I-pb_noun_prep" cert="medium">de su talento colosal la llama;</l>
				<l n="13" met="--+--+---+-">en el moro vencido, al envidioso</l>
				<l n="14" met="---+-+---+-">y en la ciudad, el templo de la fama.</l>
				<param name="AffectiveFeatures">
					<attRef name="Hap_Mean">
						<content>13.39</content>
					</attRef>
					<attRef name="Hap_SD">
						<content>5.5</content>
					</attRef>
					<attRef name="Ang_Mean">
						<content>8.62</content>
					</attRef>
					<attRef name="Ang_SD">
						<content>4.24</content>
					</attRef>
					<attRef name="Sad_Mean">
						<content>9.73</content>
					</attRef>
					<attRef name="Sad_SD">
						<content>4.51</content>
					</attRef>
					<attRef name="Fear_Mean">
						<content>10.08</content>
					</attRef>
					<attRef name="Fear_SD">
						<content>5.69</content>
					</attRef>
					<attRef name="Disg_Mean">
						<content>7.1</content>
					</attRef>
					<attRef name="Disg_SD">
						<content>3.46</content>
					</attRef>
					<attRef name="n_affective">
						<content>5</content>
					</attRef>
					<attRef name="ValenceMean">
						<content>50.08</content>
					</attRef>
					<attRef name="ValenceSD">
						<content>11.35</content>
					</attRef>
					<attRef name="ArousalMean">
						<content>51.98</content>
					</attRef>
					<attRef name="ArousalSD">
						<content>13.74</content>
					</attRef>
					<attRef name="n_v_a">
						<content>9</content>
					</attRef>
					<attRef name="Max_Aro">
						<content>6.7</content>
					</attRef>
					<attRef name="Min_Aro">
						<content>4.1</content>
					</attRef>
					<attRef name="ArousalSpan">
						<content>2.6</content>
					</attRef>
					<attRef name="Max_Val">
						<content>7.93</content>
					</attRef>
					<attRef name="Min_Val">
						<content>2.25</content>
					</attRef>
					<attRef name="ValenceSpan">
						<content>5.68</content>
					</attRef>
					<attRef name="CorAro">
						<content>-0.2761</content>
					</attRef>
					<attRef name="CorVal">
						<content>-0.3472</content>
					</attRef>
					<attRef name="averageAoA">
						<content>41.24</content>
					</attRef>
					<attRef name="sdAOA">
						<content>12.61</content>
					</attRef>
					<attRef name="MinAoA">
						<content>16.0</content>
					</attRef>
					<attRef name="MaxAoA">
						<content>63.0</content>
					</attRef>
					<attRef name="OralFreq_Log">
						<content>11.84</content>
					</attRef>
					<attRef name="WrittenFreq_Log">
						<content>14.08</content>
					</attRef>
					<attRef name="n_aoa">
						<content>6</content>
					</attRef>
					<attRef name="Max_AoA">
						<content>8.26</content>
					</attRef>
					<attRef name="Min_AoA">
						<content>4.36</content>
					</attRef>
					<attRef name="AoASpan">
						<content>3.9</content>
					</attRef>
					<attRef name="Max_sdAOA">
						<content>2.418</content>
					</attRef>
					<attRef name="Min_sdAOA">
						<content>1.804</content>
					</attRef>
					<attRef name="sdAOASpan">
						<content>0.614</content>
					</attRef>
					<attRef name="Max_logOralFreq">
						<content>2.86</content>
					</attRef>
					<attRef name="Min_logOralFreq">
						<content>1.447</content>
					</attRef>
					<attRef name="logOralFreqSpan">
						<content>1.413</content>
					</attRef>
					<attRef name="Max_logWrittenFreq">
						<content>3.182</content>
					</attRef>
					<attRef name="Min_logWrittenFreq">
						<content>1.914</content>
					</attRef>
					<attRef name="logWrittenFreqSpan">
						<content>1.268</content>
					</attRef>
					<attRef name="CorAoA">
						<content>0.1641</content>
					</attRef>
				</param>
			</lg>
			<param name="AffectiveFeatures">
				<attRef name="Hap_Mean">
					<content>56.85</content>
				</attRef>
				<attRef name="Hap_SD">
					<content>22.44</content>
				</attRef>
				<attRef name="Ang_Mean">
					<content>31.04</content>
				</attRef>
				<attRef name="Ang_SD">
					<content>15.98</content>
				</attRef>
				<attRef name="Sad_Mean">
					<content>32.84</content>
				</attRef>
				<attRef name="Sad_SD">
					<content>17.54</content>
				</attRef>
				<attRef name="Fear_Mean">
					<content>35.45</content>
				</attRef>
				<attRef name="Fear_SD">
					<content>19.56</content>
				</attRef>
				<attRef name="Disg_Mean">
					<content>27.42</content>
				</attRef>
				<attRef name="Disg_SD">
					<content>14.16</content>
				</attRef>
				<attRef name="n_affective">
					<content>20</content>
				</attRef>
				<attRef name="ValenceMean">
					<content>235.38</content>
				</attRef>
				<attRef name="ValenceSD">
					<content>51.43</content>
				</attRef>
				<attRef name="ArousalMean">
					<content>204.93</content>
				</attRef>
				<attRef name="ArousalSD">
					<content>66.45</content>
				</attRef>
				<attRef name="n_v_a">
					<content>39</content>
				</attRef>
				<attRef name="Max_Aro">
					<content>6.8</content>
				</attRef>
				<attRef name="Min_Aro">
					<content>3.95</content>
				</attRef>
				<attRef name="ArousalSpan">
					<content>2.85</content>
				</attRef>
				<attRef name="Max_Val">
					<content>8.7</content>
				</attRef>
				<attRef name="Min_Val">
					<content>2.25</content>
				</attRef>
				<attRef name="ValenceSpan">
					<content>6.45</content>
				</attRef>
				<attRef name="CorAro">
					<content>0.3192</content>
				</attRef>
				<attRef name="CorVal">
					<content>-0.1538</content>
				</attRef>
				<attRef name="averageAoA">
					<content>214.96</content>
				</attRef>
				<attRef name="sdAOA">
					<content>64.8</content>
				</attRef>
				<attRef name="MinAoA">
					<content>82.0</content>
				</attRef>
				<attRef name="MaxAoA">
					<content>333.0</content>
				</attRef>
				<attRef name="OralFreq_Log">
					<content>59.82</content>
				</attRef>
				<attRef name="WrittenFreq_Log">
					<content>74.87</content>
				</attRef>
				<attRef name="n_aoa">
					<content>33</content>
				</attRef>
				<attRef name="Max_AoA">
					<content>9.14</content>
				</attRef>
				<attRef name="Min_AoA">
					<content>2.22</content>
				</attRef>
				<attRef name="AoASpan">
					<content>6.92</content>
				</attRef>
				<attRef name="Max_sdAOA">
					<content>2.729</content>
				</attRef>
				<attRef name="Min_sdAOA">
					<content>1.234</content>
				</attRef>
				<attRef name="sdAOASpan">
					<content>1.495</content>
				</attRef>
				<attRef name="Max_logOralFreq">
					<content>3.536</content>
				</attRef>
				<attRef name="Min_logOralFreq">
					<content>0.301</content>
				</attRef>
				<attRef name="logOralFreqSpan">
					<content>3.235</content>
				</attRef>
				<attRef name="Max_logWrittenFreq">
					<content>3.369</content>
				</attRef>
				<attRef name="Min_logWrittenFreq">
					<content>1.279</content>
				</attRef>
				<attRef name="logWrittenFreqSpan">
					<content>2.09</content>
				</attRef>
				<attRef name="CorAoA">
					<content>0.1686</content>
				</attRef>
			</param>
		</body>
	</text>
</TEI>