<?xml version="1.0" encoding="utf-8"?>
<TEI xmlns="http://www.tei-c.org/ns/1.0">
	<teiHeader>
		<fileDesc>
			<titleStmt about="disco:po_373n1384">
				<title property="dc:title">La Virgen María</title>
				<author property="dc:creator" resource="disco:373n" corresp="#disco_373n">Clemente Althaus</author>
				<principal xml:id="prf">Pablo Ruiz Fabo</principal>
				<principal xml:id="heb">Helena Bermúdez Sabel</principal>
				<principal xml:id="jct">José Calvo Tello</principal>
				<principal xml:id="cimc">Clara Isabel Martínez Cantón</principal>
				<respStmt>
					<resp>Metrical annotation by</resp>
					<name xml:id="bnc">Borja Navarro Colorado</name>
				</respStmt>
			</titleStmt>
			<extent>
				<measure unit="sonnets">1</measure>
				<measure unit="tokens">90</measure>
				<measure unit="line">14</measure>
			</extent>
			<publicationStmt>
				<publisher>Diachronic Spanish Sonnet Corpus</publisher>
				<authority>POSTDATA Project</authority>
				<pubPlace>Madrid</pubPlace>
				<availability status="free">
					<p>The text is freely available</p>
				</availability>
				<date when="2017">2017</date>
				<idno type="#disco" xml:id="file_po_373n1384"></idno>
			</publicationStmt>
			<sourceDesc>
				<bibl type="digital-source">
					<hi rend="italics">Sonetos del siglo XIX</hi>
					<date when="2006">2006</date>
					<ref target="http://www.cervantesvirtual.com/nd/ark:/59851/bmc4q861"></ref>
					<ref target="http://www.cervantesvirtual.com/obra/sonetos-del-siglo-xix--0/"></ref>
Biblioteca Cervantes Virtual,  / editados por Ramón García González, , , .				</bibl>
			</sourceDesc>
		</fileDesc>
		<profileDesc>
			<langUsage>
				<language ident="es" about="disco:po_373n1384" property="dc:language" resource="dbpedia:Idioma_español">Spanish</language>
			</langUsage>
			<particDesc>
				<listPerson>
					<person xml:id="disco_373n" about="disco:373n" typeOf="foaf:Person">
						<idno cert="high" property="rdfs:seeAlso" resource="https://viaf.org/viaf/310561275"></idno>
						<persName type="short">Althaus</persName>
						<persName type="full">
							<forename property="foaf:givenName">Clemente</forename>
							<surname property="foaf:familyName">Althaus</surname>
						</persName>
						<persName type="source" property="foaf:name">Clemente Althaus</persName>
						<sex property="foaf:gender" content="M"></sex>
						<birth>
							<location>
								<placeName>
									<settlement property="schema:birthPlace" inlist="">Lima</settlement>
									<country property="schema:birthPlace" inlist="">Perú</country>
									<bloc property="schema:birthPlace" inlist="">América</bloc>
								</placeName>
							</location>
							<date property="schema:birthDate" content="1835" cert="high"></date>
							<date type="century">19</date>
						</birth>
						<death>
							<location>
								<placeName>
									<settlement property="schema:deathPlace" inlist="">París</settlement>
								</placeName>
							</location>
							<date property="schema:deathDate" content="1881" cert="high"></date>
							<date type="century">19</date>
						</death>
						<listBibl inlist="" rel="blterms:hasCreated" typeOf="schema:CreativeWork">
							<bibl resource="disco:s373n1384">
								<title property="dc:title">La Virgen María</title>
								<title type="incipit" property="dc:alternative">¿Qué digna lengua la alabanza entona</title>
							</bibl>
						</listBibl>
					</person>
				</listPerson>
			</particDesc>
		</profileDesc>
		<encodingDesc>
			<listPrefixDef>
				<prefixDef ident="foaf" matchPattern="([A-Za-z]+)" replacementPattern="http://xmlns.com/foaf/0.1/$1"></prefixDef>
				<prefixDef ident="dc" matchPattern="([A-Za-z]+)" replacementPattern="http://purl.org/dc/terms/$1"></prefixDef>
				<prefixDef ident="schema" matchPattern="([A-Za-z]+)" replacementPattern="http://schema.org/$1"></prefixDef>
				<prefixDef ident="dbpedia" matchPattern="([A-Za-z]+(_[A-Za-z])*)" replacementPattern="http://es.dbpedia.org/page/"></prefixDef>
				<prefixDef ident="blterms" matchPattern="([A-Za-z]+)" replacementPattern="http://www.bl.uk/schemas/bibliographic/blterms#$1"></prefixDef>
				<prefixDef ident="rdfs" matchPattern="([A-Za-z]+)" replacementPattern="http://www.w3.org/2000/01/rdf-schema#$1"></prefixDef>
			</listPrefixDef>
			<metDecl type="met" pattern="((\+|\-)+)*">
				<metSym value="+">stressed syllable</metSym>
				<metSym value="-">unstressed syllable</metSym>
			</metDecl>
			<metDecl type="met">
				<p>
					<ref target="https://github.com/bncolorado/adsoScansionSystem">ADSO</ref>
The metrical patterns were extracted automatically using the 
                    tool.				</p>
			</metDecl>
			<metDecl type="enjamb">
				<p>
					<att>enjamb</att>
					<att>cert</att>
					<ref target="https://sites.google.com/site/spanishenjambment/">ANJA
                        (Automatic eNJambment Analysis)</ref>
					<ref target="https://sites.google.com/site/spanishenjambment/enjambment-types">documentation</ref>
					<ref target="https://sites.google.com/site/spanishenjambment/tei-certitude-values">report</ref>
The values of the  atributes were extracted automatically using
                    the  tool. For more information about the
                    types of enjambment as defined in this corpus, read the . In addition, a  was added to express the
                    degree of certainty concerning the characterisation of the enjambment. The following 
                     covers this feature in deep detail.				</p>
			</metDecl>
		</encodingDesc>
		<revisionDesc>
			<change when="2017-11-02" who="#prf">Initial TEI version</change>
			<change when="2017-11-27" who="#prf">Addition of metrical annotation</change>
			<change when="2017-11-27" who="#heb">Review of authors’ metadata</change>
			<change when="2017-12-01" who="#prf">Encoding of enjambment</change>
			<change when="2017-12-01" who="#heb">Publication of 19th, 18th and Golden Age version</change>
			<change when="2018-05-16" who="#heb">Revision of RDFa attributes</change>
		</revisionDesc>
	</teiHeader>
	<text>
		<front>
			<head>La Virgen María</head>
		</front>
		<body>
			<lg n="1" type="cuarteto">
				<l n="1" met="++-+---+-+-" enjamb="B-pb_noun_prep" cert="medium">¿Qué digna lengua la alabanza entona</l>
				<l n="2" met="---+-+-+-+-" enjamb="I-pb_noun_prep" cert="medium">de la que, siendo madre, fue doncella?</l>
				<l n="3" met="-+-+---+-+-">La adora el ángel, y se mira en ella</l>
				<l n="4" met="+--+---+-+-">cada divina liberal Persona.</l>
				<param name="AffectiveFeatures">
					<attRef name="Hap_Mean">
						<content>5.87</content>
					</attRef>
					<attRef name="Hap_SD">
						<content>3.11</content>
					</attRef>
					<attRef name="Ang_Mean">
						<content>2.94</content>
					</attRef>
					<attRef name="Ang_SD">
						<content>2.0</content>
					</attRef>
					<attRef name="Sad_Mean">
						<content>3.5</content>
					</attRef>
					<attRef name="Sad_SD">
						<content>2.4</content>
					</attRef>
					<attRef name="Fear_Mean">
						<content>3.04</content>
					</attRef>
					<attRef name="Fear_SD">
						<content>1.7</content>
					</attRef>
					<attRef name="Disg_Mean">
						<content>3.1</content>
					</attRef>
					<attRef name="Disg_SD">
						<content>1.97</content>
					</attRef>
					<attRef name="n_affective">
						<content>2</content>
					</attRef>
					<attRef name="ValenceMean">
						<content>72.63</content>
					</attRef>
					<attRef name="ValenceSD">
						<content>14.27</content>
					</attRef>
					<attRef name="ArousalMean">
						<content>54.57</content>
					</attRef>
					<attRef name="ArousalSD">
						<content>18.81</content>
					</attRef>
					<attRef name="n_v_a">
						<content>11</content>
					</attRef>
					<attRef name="Max_Aro">
						<content>5.95</content>
					</attRef>
					<attRef name="Min_Aro">
						<content>3.8</content>
					</attRef>
					<attRef name="ArousalSpan">
						<content>2.15</content>
					</attRef>
					<attRef name="Max_Val">
						<content>8.4</content>
					</attRef>
					<attRef name="Min_Val">
						<content>5.32</content>
					</attRef>
					<attRef name="ValenceSpan">
						<content>3.08</content>
					</attRef>
					<attRef name="CorAro">
						<content>-0.1893</content>
					</attRef>
					<attRef name="CorVal">
						<content>0.156</content>
					</attRef>
					<attRef name="averageAoA">
						<content>53.88</content>
					</attRef>
					<attRef name="sdAOA">
						<content>18.96</content>
					</attRef>
					<attRef name="MinAoA">
						<content>18.0</content>
					</attRef>
					<attRef name="MaxAoA">
						<content>96.0</content>
					</attRef>
					<attRef name="OralFreq_Log">
						<content>24.5</content>
					</attRef>
					<attRef name="WrittenFreq_Log">
						<content>26.92</content>
					</attRef>
					<attRef name="n_aoa">
						<content>10</content>
					</attRef>
					<attRef name="Max_AoA">
						<content>9.42</content>
					</attRef>
					<attRef name="Min_AoA">
						<content>1.98</content>
					</attRef>
					<attRef name="AoASpan">
						<content>7.44</content>
					</attRef>
					<attRef name="Max_sdAOA">
						<content>2.386</content>
					</attRef>
					<attRef name="Min_sdAOA">
						<content>1.301</content>
					</attRef>
					<attRef name="sdAOASpan">
						<content>1.085</content>
					</attRef>
					<attRef name="Max_logOralFreq">
						<content>3.731</content>
					</attRef>
					<attRef name="Min_logOralFreq">
						<content>0.778</content>
					</attRef>
					<attRef name="logOralFreqSpan">
						<content>2.953</content>
					</attRef>
					<attRef name="Max_logWrittenFreq">
						<content>3.924</content>
					</attRef>
					<attRef name="Min_logWrittenFreq">
						<content>1.785</content>
					</attRef>
					<attRef name="logWrittenFreqSpan">
						<content>2.139</content>
					</attRef>
					<attRef name="CorAoA">
						<content>0.3364</content>
					</attRef>
				</param>
			</lg>
			<lg n="2" type="cuarteto">
				<l n="5" met="+-+--+---+-">Es diamante sin par de su corona</l>
				<l n="6" met="+-++---+-+-">cada más pura rutilante estrella;</l>
				<l n="7" met="+-+--+-+-+-">luna y sol su triunfante planta huella,</l>
				<l n="8" met="+-++---+-+-">y es el arco Iris su listada zona.</l>
				<param name="AffectiveFeatures">
					<attRef name="Hap_Mean">
						<content>22.73</content>
					</attRef>
					<attRef name="Hap_SD">
						<content>9.39</content>
					</attRef>
					<attRef name="Ang_Mean">
						<content>10.07</content>
					</attRef>
					<attRef name="Ang_SD">
						<content>4.36</content>
					</attRef>
					<attRef name="Sad_Mean">
						<content>9.83</content>
					</attRef>
					<attRef name="Sad_SD">
						<content>4.61</content>
					</attRef>
					<attRef name="Fear_Mean">
						<content>10.77</content>
					</attRef>
					<attRef name="Fear_SD">
						<content>5.4</content>
					</attRef>
					<attRef name="Disg_Mean">
						<content>9.27</content>
					</attRef>
					<attRef name="Disg_SD">
						<content>3.38</content>
					</attRef>
					<attRef name="n_affective">
						<content>8</content>
					</attRef>
					<attRef name="ValenceMean">
						<content>95.0</content>
					</attRef>
					<attRef name="ValenceSD">
						<content>17.08</content>
					</attRef>
					<attRef name="ArousalMean">
						<content>72.2</content>
					</attRef>
					<attRef name="ArousalSD">
						<content>24.88</content>
					</attRef>
					<attRef name="n_v_a">
						<content>15</content>
					</attRef>
					<attRef name="Max_Aro">
						<content>6.78</content>
					</attRef>
					<attRef name="Min_Aro">
						<content>2.95</content>
					</attRef>
					<attRef name="ArousalSpan">
						<content>3.83</content>
					</attRef>
					<attRef name="Max_Val">
						<content>7.65</content>
					</attRef>
					<attRef name="Min_Val">
						<content>5.2</content>
					</attRef>
					<attRef name="ValenceSpan">
						<content>2.45</content>
					</attRef>
					<attRef name="CorAro">
						<content>-0.2575</content>
					</attRef>
					<attRef name="CorVal">
						<content>-0.2838</content>
					</attRef>
					<attRef name="averageAoA">
						<content>84.01</content>
					</attRef>
					<attRef name="sdAOA">
						<content>27.16</content>
					</attRef>
					<attRef name="MinAoA">
						<content>32.0</content>
					</attRef>
					<attRef name="MaxAoA">
						<content>141.0</content>
					</attRef>
					<attRef name="OralFreq_Log">
						<content>27.16</content>
					</attRef>
					<attRef name="WrittenFreq_Log">
						<content>32.73</content>
					</attRef>
					<attRef name="n_aoa">
						<content>14</content>
					</attRef>
					<attRef name="Max_AoA">
						<content>8.74</content>
					</attRef>
					<attRef name="Min_AoA">
						<content>2.92</content>
					</attRef>
					<attRef name="AoASpan">
						<content>5.82</content>
					</attRef>
					<attRef name="Max_sdAOA">
						<content>2.418</content>
					</attRef>
					<attRef name="Min_sdAOA">
						<content>1.446</content>
					</attRef>
					<attRef name="sdAOASpan">
						<content>0.972</content>
					</attRef>
					<attRef name="Max_logOralFreq">
						<content>3.333</content>
					</attRef>
					<attRef name="Min_logOralFreq">
						<content>0.778</content>
					</attRef>
					<attRef name="logOralFreqSpan">
						<content>2.555</content>
					</attRef>
					<attRef name="Max_logWrittenFreq">
						<content>3.642</content>
					</attRef>
					<attRef name="Min_logWrittenFreq">
						<content>1.362</content>
					</attRef>
					<attRef name="logWrittenFreqSpan">
						<content>2.28</content>
					</attRef>
					<attRef name="CorAoA">
						<content>0.0909</content>
					</attRef>
				</param>
			</lg>
			<lg n="3" type="terceto">
				<l n="9" met="-+-++-+--+-" enjamb="B-cc_crossclause" cert="high">Alégrate y espera, estirpe humana</l>
				<l n="10" met="+--+-+---+-" enjamb="I-cc_crossclause" cert="high">que Ésta, del cielo reina poderosa,</l>
				<l n="11" met="--+--+---+-">de los nobles querubes soberana;</l>
				<param name="AffectiveFeatures">
					<attRef name="Hap_Mean">
						<content>6.52</content>
					</attRef>
					<attRef name="Hap_SD">
						<content>2.39</content>
					</attRef>
					<attRef name="Ang_Mean">
						<content>2.82</content>
					</attRef>
					<attRef name="Ang_SD">
						<content>1.47</content>
					</attRef>
					<attRef name="Sad_Mean">
						<content>3.34</content>
					</attRef>
					<attRef name="Sad_SD">
						<content>2.11</content>
					</attRef>
					<attRef name="Fear_Mean">
						<content>3.52</content>
					</attRef>
					<attRef name="Fear_SD">
						<content>2.37</content>
					</attRef>
					<attRef name="Disg_Mean">
						<content>2.76</content>
					</attRef>
					<attRef name="Disg_SD">
						<content>1.24</content>
					</attRef>
					<attRef name="n_affective">
						<content>2</content>
					</attRef>
					<attRef name="ValenceMean">
						<content>42.43</content>
					</attRef>
					<attRef name="ValenceSD">
						<content>11.45</content>
					</attRef>
					<attRef name="ArousalMean">
						<content>34.49</content>
					</attRef>
					<attRef name="ArousalSD">
						<content>12.35</content>
					</attRef>
					<attRef name="n_v_a">
						<content>7</content>
					</attRef>
					<attRef name="Max_Aro">
						<content>6.2</content>
					</attRef>
					<attRef name="Min_Aro">
						<content>2.95</content>
					</attRef>
					<attRef name="ArousalSpan">
						<content>3.25</content>
					</attRef>
					<attRef name="Max_Val">
						<content>7.68</content>
					</attRef>
					<attRef name="Min_Val">
						<content>3.75</content>
					</attRef>
					<attRef name="ValenceSpan">
						<content>3.93</content>
					</attRef>
					<attRef name="CorAro">
						<content>-0.1279</content>
					</attRef>
					<attRef name="CorVal">
						<content>0.6177</content>
					</attRef>
					<attRef name="averageAoA">
						<content>31.07</content>
					</attRef>
					<attRef name="sdAOA">
						<content>11.59</content>
					</attRef>
					<attRef name="MinAoA">
						<content>8.0</content>
					</attRef>
					<attRef name="MaxAoA">
						<content>59.0</content>
					</attRef>
					<attRef name="OralFreq_Log">
						<content>14.03</content>
					</attRef>
					<attRef name="WrittenFreq_Log">
						<content>16.66</content>
					</attRef>
					<attRef name="n_aoa">
						<content>6</content>
					</attRef>
					<attRef name="Max_AoA">
						<content>8.4</content>
					</attRef>
					<attRef name="Min_AoA">
						<content>3.58</content>
					</attRef>
					<attRef name="AoASpan">
						<content>4.82</content>
					</attRef>
					<attRef name="Max_sdAOA">
						<content>2.466</content>
					</attRef>
					<attRef name="Min_sdAOA">
						<content>1.412</content>
					</attRef>
					<attRef name="sdAOASpan">
						<content>1.054</content>
					</attRef>
					<attRef name="Max_logOralFreq">
						<content>3.875</content>
					</attRef>
					<attRef name="Min_logOralFreq">
						<content>1.491</content>
					</attRef>
					<attRef name="logOralFreqSpan">
						<content>2.384</content>
					</attRef>
					<attRef name="Max_logWrittenFreq">
						<content>3.888</content>
					</attRef>
					<attRef name="Min_logWrittenFreq">
						<content>2.097</content>
					</attRef>
					<attRef name="logWrittenFreqSpan">
						<content>1.791</content>
					</attRef>
					<attRef name="CorAoA">
						<content>0.4662</content>
					</attRef>
				</param>
			</lg>
			<lg n="4" type="terceto">
				<l n="12" met="+-+--+-+-+-">Esta, madre de Dios, de Dios esposa,</l>
				<l n="13" met="+--+-+---+-">no ángel, nació mujer y nuestra hermana,</l>
				<l n="14" met="--+--+-+-+-">y en rogar por nosotros no reposa.</l>
				<param name="AffectiveFeatures">
					<attRef name="Hap_Mean">
						<content>17.13</content>
					</attRef>
					<attRef name="Hap_SD">
						<content>8.88</content>
					</attRef>
					<attRef name="Ang_Mean">
						<content>8.07</content>
					</attRef>
					<attRef name="Ang_SD">
						<content>4.89</content>
					</attRef>
					<attRef name="Sad_Mean">
						<content>8.58</content>
					</attRef>
					<attRef name="Sad_SD">
						<content>5.66</content>
					</attRef>
					<attRef name="Fear_Mean">
						<content>8.18</content>
					</attRef>
					<attRef name="Fear_SD">
						<content>4.64</content>
					</attRef>
					<attRef name="Disg_Mean">
						<content>7.93</content>
					</attRef>
					<attRef name="Disg_SD">
						<content>4.59</content>
					</attRef>
					<attRef name="n_affective">
						<content>6</content>
					</attRef>
					<attRef name="ValenceMean">
						<content>56.81</content>
					</attRef>
					<attRef name="ValenceSD">
						<content>12.45</content>
					</attRef>
					<attRef name="ArousalMean">
						<content>43.45</content>
					</attRef>
					<attRef name="ArousalSD">
						<content>17.39</content>
					</attRef>
					<attRef name="n_v_a">
						<content>9</content>
					</attRef>
					<attRef name="Max_Aro">
						<content>5.9</content>
					</attRef>
					<attRef name="Min_Aro">
						<content>3.8</content>
					</attRef>
					<attRef name="ArousalSpan">
						<content>2.1</content>
					</attRef>
					<attRef name="Max_Val">
						<content>8.4</content>
					</attRef>
					<attRef name="Min_Val">
						<content>3.25</content>
					</attRef>
					<attRef name="ValenceSpan">
						<content>5.15</content>
					</attRef>
					<attRef name="CorAro">
						<content>0.5435</content>
					</attRef>
					<attRef name="CorVal">
						<content>-0.1156</content>
					</attRef>
					<attRef name="averageAoA">
						<content>32.0</content>
					</attRef>
					<attRef name="sdAOA">
						<content>12.54</content>
					</attRef>
					<attRef name="MinAoA">
						<content>10.0</content>
					</attRef>
					<attRef name="MaxAoA">
						<content>74.0</content>
					</attRef>
					<attRef name="OralFreq_Log">
						<content>21.16</content>
					</attRef>
					<attRef name="WrittenFreq_Log">
						<content>22.27</content>
					</attRef>
					<attRef name="n_aoa">
						<content>8</content>
					</attRef>
					<attRef name="Max_AoA">
						<content>5.24</content>
					</attRef>
					<attRef name="Min_AoA">
						<content>1.98</content>
					</attRef>
					<attRef name="AoASpan">
						<content>3.26</content>
					</attRef>
					<attRef name="Max_sdAOA">
						<content>2.13</content>
					</attRef>
					<attRef name="Min_sdAOA">
						<content>1.134</content>
					</attRef>
					<attRef name="sdAOASpan">
						<content>0.996</content>
					</attRef>
					<attRef name="Max_logOralFreq">
						<content>3.22</content>
					</attRef>
					<attRef name="Min_logOralFreq">
						<content>1.748</content>
					</attRef>
					<attRef name="logOralFreqSpan">
						<content>1.472</content>
					</attRef>
					<attRef name="Max_logWrittenFreq">
						<content>3.442</content>
					</attRef>
					<attRef name="Min_logWrittenFreq">
						<content>2.0</content>
					</attRef>
					<attRef name="logWrittenFreqSpan">
						<content>1.442</content>
					</attRef>
					<attRef name="CorAoA">
						<content>0.3703</content>
					</attRef>
				</param>
			</lg>
			<param name="AffectiveFeatures">
				<attRef name="Hap_Mean">
					<content>52.25</content>
				</attRef>
				<attRef name="Hap_SD">
					<content>23.77</content>
				</attRef>
				<attRef name="Ang_Mean">
					<content>23.9</content>
				</attRef>
				<attRef name="Ang_SD">
					<content>12.72</content>
				</attRef>
				<attRef name="Sad_Mean">
					<content>25.25</content>
				</attRef>
				<attRef name="Sad_SD">
					<content>14.78</content>
				</attRef>
				<attRef name="Fear_Mean">
					<content>25.51</content>
				</attRef>
				<attRef name="Fear_SD">
					<content>14.11</content>
				</attRef>
				<attRef name="Disg_Mean">
					<content>23.06</content>
				</attRef>
				<attRef name="Disg_SD">
					<content>11.18</content>
				</attRef>
				<attRef name="n_affective">
					<content>18</content>
				</attRef>
				<attRef name="ValenceMean">
					<content>266.87</content>
				</attRef>
				<attRef name="ValenceSD">
					<content>55.25</content>
				</attRef>
				<attRef name="ArousalMean">
					<content>204.71</content>
				</attRef>
				<attRef name="ArousalSD">
					<content>73.43</content>
				</attRef>
				<attRef name="n_v_a">
					<content>42</content>
				</attRef>
				<attRef name="Max_Aro">
					<content>6.78</content>
				</attRef>
				<attRef name="Min_Aro">
					<content>2.95</content>
				</attRef>
				<attRef name="ArousalSpan">
					<content>3.83</content>
				</attRef>
				<attRef name="Max_Val">
					<content>8.4</content>
				</attRef>
				<attRef name="Min_Val">
					<content>3.25</content>
				</attRef>
				<attRef name="ValenceSpan">
					<content>5.15</content>
				</attRef>
				<attRef name="CorAro">
					<content>-0.0703</content>
				</attRef>
				<attRef name="CorVal">
					<content>-0.1063</content>
				</attRef>
				<attRef name="averageAoA">
					<content>200.96</content>
				</attRef>
				<attRef name="sdAOA">
					<content>70.25</content>
				</attRef>
				<attRef name="MinAoA">
					<content>68.0</content>
				</attRef>
				<attRef name="MaxAoA">
					<content>370.0</content>
				</attRef>
				<attRef name="OralFreq_Log">
					<content>86.85</content>
				</attRef>
				<attRef name="WrittenFreq_Log">
					<content>98.56</content>
				</attRef>
				<attRef name="n_aoa">
					<content>38</content>
				</attRef>
				<attRef name="Max_AoA">
					<content>9.42</content>
				</attRef>
				<attRef name="Min_AoA">
					<content>1.98</content>
				</attRef>
				<attRef name="AoASpan">
					<content>7.44</content>
				</attRef>
				<attRef name="Max_sdAOA">
					<content>2.466</content>
				</attRef>
				<attRef name="Min_sdAOA">
					<content>1.134</content>
				</attRef>
				<attRef name="sdAOASpan">
					<content>1.332</content>
				</attRef>
				<attRef name="Max_logOralFreq">
					<content>3.875</content>
				</attRef>
				<attRef name="Min_logOralFreq">
					<content>0.778</content>
				</attRef>
				<attRef name="logOralFreqSpan">
					<content>3.097</content>
				</attRef>
				<attRef name="Max_logWrittenFreq">
					<content>3.924</content>
				</attRef>
				<attRef name="Min_logWrittenFreq">
					<content>1.362</content>
				</attRef>
				<attRef name="logWrittenFreqSpan">
					<content>2.562</content>
				</attRef>
				<attRef name="CorAoA">
					<content>-0.1952</content>
				</attRef>
			</param>
		</body>
	</text>
</TEI>