<?xml version="1.0" encoding="utf-8"?>
<TEI xmlns="http://www.tei-c.org/ns/1.0">
	<teiHeader>
		<fileDesc>
			<titleStmt about="disco:po_373n1405">
				<title property="dc:title">A Dios</title>
				<author property="dc:creator" resource="disco:373n" corresp="#disco_373n">Clemente Althaus</author>
				<principal xml:id="prf">Pablo Ruiz Fabo</principal>
				<principal xml:id="heb">Helena Bermúdez Sabel</principal>
				<principal xml:id="jct">José Calvo Tello</principal>
				<principal xml:id="cimc">Clara Isabel Martínez Cantón</principal>
				<respStmt>
					<resp>Metrical annotation by</resp>
					<name xml:id="bnc">Borja Navarro Colorado</name>
				</respStmt>
			</titleStmt>
			<extent>
				<measure unit="sonnets">1</measure>
				<measure unit="tokens">95</measure>
				<measure unit="line">14</measure>
			</extent>
			<publicationStmt>
				<publisher>Diachronic Spanish Sonnet Corpus</publisher>
				<authority>POSTDATA Project</authority>
				<pubPlace>Madrid</pubPlace>
				<availability status="free">
					<p>The text is freely available</p>
				</availability>
				<date when="2017">2017</date>
				<idno type="#disco" xml:id="file_po_373n1405"></idno>
			</publicationStmt>
			<sourceDesc>
				<bibl type="digital-source">
					<hi rend="italics">Sonetos del siglo XIX</hi>
					<date when="2006">2006</date>
					<ref target="http://www.cervantesvirtual.com/nd/ark:/59851/bmc4q861"></ref>
					<ref target="http://www.cervantesvirtual.com/obra/sonetos-del-siglo-xix--0/"></ref>
Biblioteca Cervantes Virtual,  / editados por Ramón García González, , , .				</bibl>
			</sourceDesc>
		</fileDesc>
		<profileDesc>
			<langUsage>
				<language ident="es" about="disco:po_373n1405" property="dc:language" resource="dbpedia:Idioma_español">Spanish</language>
			</langUsage>
			<particDesc>
				<listPerson>
					<person xml:id="disco_373n" about="disco:373n" typeOf="foaf:Person">
						<idno cert="high" property="rdfs:seeAlso" resource="https://viaf.org/viaf/310561275"></idno>
						<persName type="short">Althaus</persName>
						<persName type="full">
							<forename property="foaf:givenName">Clemente</forename>
							<surname property="foaf:familyName">Althaus</surname>
						</persName>
						<persName type="source" property="foaf:name">Clemente Althaus</persName>
						<sex property="foaf:gender" content="M"></sex>
						<birth>
							<location>
								<placeName>
									<settlement property="schema:birthPlace" inlist="">Lima</settlement>
									<country property="schema:birthPlace" inlist="">Perú</country>
									<bloc property="schema:birthPlace" inlist="">América</bloc>
								</placeName>
							</location>
							<date property="schema:birthDate" content="1835" cert="high"></date>
							<date type="century">19</date>
						</birth>
						<death>
							<location>
								<placeName>
									<settlement property="schema:deathPlace" inlist="">París</settlement>
								</placeName>
							</location>
							<date property="schema:deathDate" content="1881" cert="high"></date>
							<date type="century">19</date>
						</death>
						<listBibl inlist="" rel="blterms:hasCreated" typeOf="schema:CreativeWork">
							<bibl resource="disco:s373n1405">
								<title property="dc:title">A Dios</title>
								<title type="incipit" property="dc:alternative">Templa, Señor, tu rigurosa saña,</title>
							</bibl>
						</listBibl>
					</person>
				</listPerson>
			</particDesc>
		</profileDesc>
		<encodingDesc>
			<listPrefixDef>
				<prefixDef ident="foaf" matchPattern="([A-Za-z]+)" replacementPattern="http://xmlns.com/foaf/0.1/$1"></prefixDef>
				<prefixDef ident="dc" matchPattern="([A-Za-z]+)" replacementPattern="http://purl.org/dc/terms/$1"></prefixDef>
				<prefixDef ident="schema" matchPattern="([A-Za-z]+)" replacementPattern="http://schema.org/$1"></prefixDef>
				<prefixDef ident="dbpedia" matchPattern="([A-Za-z]+(_[A-Za-z])*)" replacementPattern="http://es.dbpedia.org/page/"></prefixDef>
				<prefixDef ident="blterms" matchPattern="([A-Za-z]+)" replacementPattern="http://www.bl.uk/schemas/bibliographic/blterms#$1"></prefixDef>
				<prefixDef ident="rdfs" matchPattern="([A-Za-z]+)" replacementPattern="http://www.w3.org/2000/01/rdf-schema#$1"></prefixDef>
			</listPrefixDef>
			<metDecl type="met" pattern="((\+|\-)+)*">
				<metSym value="+">stressed syllable</metSym>
				<metSym value="-">unstressed syllable</metSym>
			</metDecl>
			<metDecl type="met">
				<p>
					<ref target="https://github.com/bncolorado/adsoScansionSystem">ADSO</ref>
The metrical patterns were extracted automatically using the 
                    tool.				</p>
			</metDecl>
			<metDecl type="enjamb">
				<p>
					<att>enjamb</att>
					<att>cert</att>
					<ref target="https://sites.google.com/site/spanishenjambment/">ANJA
                        (Automatic eNJambment Analysis)</ref>
					<ref target="https://sites.google.com/site/spanishenjambment/enjambment-types">documentation</ref>
					<ref target="https://sites.google.com/site/spanishenjambment/tei-certitude-values">report</ref>
The values of the  atributes were extracted automatically using
                    the  tool. For more information about the
                    types of enjambment as defined in this corpus, read the . In addition, a  was added to express the
                    degree of certainty concerning the characterisation of the enjambment. The following 
                     covers this feature in deep detail.				</p>
			</metDecl>
		</encodingDesc>
		<revisionDesc>
			<change when="2017-11-02" who="#prf">Initial TEI version</change>
			<change when="2017-11-27" who="#prf">Addition of metrical annotation</change>
			<change when="2017-11-27" who="#heb">Review of authors’ metadata</change>
			<change when="2017-12-01" who="#prf">Encoding of enjambment</change>
			<change when="2017-12-01" who="#heb">Publication of 19th, 18th and Golden Age version</change>
			<change when="2018-05-16" who="#heb">Revision of RDFa attributes</change>
		</revisionDesc>
	</teiHeader>
	<text>
		<front>
			<head>A Dios</head>
		</front>
		<body>
			<lg n="1" type="cuarteto">
				<l n="1" met="+--+---+-+-">Templa, Señor, tu rigurosa saña,</l>
				<l n="2" met="--+--+-+-+-" enjamb="B-pb_verb_cprep" cert="medium">y a nosotros los ojos ya convierte</l>
				<l n="3" met="--+--++--+-" enjamb="B-ex_dobj_verb I-pb_verb_cprep" cert="low medium">de tu dulce piedad; mira a la Muerte</l>
				<l n="4" met="--+--+---+-" enjamb="I-ex_dobj_verb" cert="low">embotar en nosotros su guadaña.</l>
				<param name="AffectiveFeatures">
					<attRef name="Hap_Mean">
						<content>2.16</content>
					</attRef>
					<attRef name="Hap_SD">
						<content>0.55</content>
					</attRef>
					<attRef name="Ang_Mean">
						<content>4.43</content>
					</attRef>
					<attRef name="Ang_SD">
						<content>2.42</content>
					</attRef>
					<attRef name="Sad_Mean">
						<content>6.71</content>
					</attRef>
					<attRef name="Sad_SD">
						<content>2.16</content>
					</attRef>
					<attRef name="Fear_Mean">
						<content>7.4</content>
					</attRef>
					<attRef name="Fear_SD">
						<content>2.45</content>
					</attRef>
					<attRef name="Disg_Mean">
						<content>3.27</content>
					</attRef>
					<attRef name="Disg_SD">
						<content>2.24</content>
					</attRef>
					<attRef name="n_affective">
						<content>2</content>
					</attRef>
					<attRef name="ValenceMean">
						<content>47.41</content>
					</attRef>
					<attRef name="ValenceSD">
						<content>12.33</content>
					</attRef>
					<attRef name="ArousalMean">
						<content>49.59</content>
					</attRef>
					<attRef name="ArousalSD">
						<content>14.63</content>
					</attRef>
					<attRef name="n_v_a">
						<content>9</content>
					</attRef>
					<attRef name="Max_Aro">
						<content>7.93</content>
					</attRef>
					<attRef name="Min_Aro">
						<content>4.3</content>
					</attRef>
					<attRef name="ArousalSpan">
						<content>3.63</content>
					</attRef>
					<attRef name="Max_Val">
						<content>8.25</content>
					</attRef>
					<attRef name="Min_Val">
						<content>1.45</content>
					</attRef>
					<attRef name="ValenceSpan">
						<content>6.8</content>
					</attRef>
					<attRef name="CorAro">
						<content>0.4628</content>
					</attRef>
					<attRef name="CorVal">
						<content>-0.2838</content>
					</attRef>
					<attRef name="averageAoA">
						<content>26.88</content>
					</attRef>
					<attRef name="sdAOA">
						<content>11.52</content>
					</attRef>
					<attRef name="MinAoA">
						<content>10.0</content>
					</attRef>
					<attRef name="MaxAoA">
						<content>56.0</content>
					</attRef>
					<attRef name="OralFreq_Log">
						<content>14.32</content>
					</attRef>
					<attRef name="WrittenFreq_Log">
						<content>16.56</content>
					</attRef>
					<attRef name="n_aoa">
						<content>6</content>
					</attRef>
					<attRef name="Max_AoA">
						<content>7.34</content>
					</attRef>
					<attRef name="Min_AoA">
						<content>2.52</content>
					</attRef>
					<attRef name="AoASpan">
						<content>4.82</content>
					</attRef>
					<attRef name="Max_sdAOA">
						<content>2.234</content>
					</attRef>
					<attRef name="Min_sdAOA">
						<content>1.499</content>
					</attRef>
					<attRef name="sdAOASpan">
						<content>0.735</content>
					</attRef>
					<attRef name="Max_logOralFreq">
						<content>3.472</content>
					</attRef>
					<attRef name="Min_logOralFreq">
						<content>1.763</content>
					</attRef>
					<attRef name="logOralFreqSpan">
						<content>1.709</content>
					</attRef>
					<attRef name="Max_logWrittenFreq">
						<content>3.242</content>
					</attRef>
					<attRef name="Min_logWrittenFreq">
						<content>2.338</content>
					</attRef>
					<attRef name="logWrittenFreqSpan">
						<content>0.904</content>
					</attRef>
					<attRef name="CorAoA">
						<content>0.0234</content>
					</attRef>
				</param>
			</lg>
			<lg n="2" type="cuarteto">
				<l n="5" met="---+-+-+-+-" enjamb="B-ex_subj_verb" cert="low">Nuestro sepulcro cada aurora baña</l>
				<l n="6" met="-+-----+-+-" enjamb="I-ex_subj_verb" cert="low">el llanto nuestro, y sin cesar se vierte;</l>
				<l n="7" met="+--+-+-+-+-">ve a la peruana esposa, al joven fuerte</l>
				<l n="8" met="-+--+-+--+-">morir, y a la viuda en tierra extraña.</l>
				<param name="AffectiveFeatures">
					<attRef name="Hap_Mean">
						<content>17.26</content>
					</attRef>
					<attRef name="Hap_SD">
						<content>7.44</content>
					</attRef>
					<attRef name="Ang_Mean">
						<content>10.28</content>
					</attRef>
					<attRef name="Ang_SD">
						<content>5.51</content>
					</attRef>
					<attRef name="Sad_Mean">
						<content>15.15</content>
					</attRef>
					<attRef name="Sad_SD">
						<content>5.45</content>
					</attRef>
					<attRef name="Fear_Mean">
						<content>13.09</content>
					</attRef>
					<attRef name="Fear_SD">
						<content>6.84</content>
					</attRef>
					<attRef name="Disg_Mean">
						<content>9.04</content>
					</attRef>
					<attRef name="Disg_SD">
						<content>4.05</content>
					</attRef>
					<attRef name="n_affective">
						<content>7</content>
					</attRef>
					<attRef name="ValenceMean">
						<content>73.99</content>
					</attRef>
					<attRef name="ValenceSD">
						<content>19.35</content>
					</attRef>
					<attRef name="ArousalMean">
						<content>81.32</content>
					</attRef>
					<attRef name="ArousalSD">
						<content>24.7</content>
					</attRef>
					<attRef name="n_v_a">
						<content>15</content>
					</attRef>
					<attRef name="Max_Aro">
						<content>7.35</content>
					</attRef>
					<attRef name="Min_Aro">
						<content>3.95</content>
					</attRef>
					<attRef name="ArousalSpan">
						<content>3.4</content>
					</attRef>
					<attRef name="Max_Val">
						<content>7.98</content>
					</attRef>
					<attRef name="Min_Val">
						<content>1.7</content>
					</attRef>
					<attRef name="ValenceSpan">
						<content>6.28</content>
					</attRef>
					<attRef name="CorAro">
						<content>0.303</content>
					</attRef>
					<attRef name="CorVal">
						<content>-0.006</content>
					</attRef>
					<attRef name="averageAoA">
						<content>59.85</content>
					</attRef>
					<attRef name="sdAOA">
						<content>21.16</content>
					</attRef>
					<attRef name="MinAoA">
						<content>18.0</content>
					</attRef>
					<attRef name="MaxAoA">
						<content>110.0</content>
					</attRef>
					<attRef name="OralFreq_Log">
						<content>25.29</content>
					</attRef>
					<attRef name="WrittenFreq_Log">
						<content>29.65</content>
					</attRef>
					<attRef name="n_aoa">
						<content>11</content>
					</attRef>
					<attRef name="Max_AoA">
						<content>9.28</content>
					</attRef>
					<attRef name="Min_AoA">
						<content>2.72</content>
					</attRef>
					<attRef name="AoASpan">
						<content>6.56</content>
					</attRef>
					<attRef name="Max_sdAOA">
						<content>2.365</content>
					</attRef>
					<attRef name="Min_sdAOA">
						<content>1.388</content>
					</attRef>
					<attRef name="sdAOASpan">
						<content>0.977</content>
					</attRef>
					<attRef name="Max_logOralFreq">
						<content>3.724</content>
					</attRef>
					<attRef name="Min_logOralFreq">
						<content>1.204</content>
					</attRef>
					<attRef name="logOralFreqSpan">
						<content>2.52</content>
					</attRef>
					<attRef name="Max_logWrittenFreq">
						<content>3.642</content>
					</attRef>
					<attRef name="Min_logWrittenFreq">
						<content>1.477</content>
					</attRef>
					<attRef name="logWrittenFreqSpan">
						<content>2.165</content>
					</attRef>
					<attRef name="CorAoA">
						<content>-0.0941</content>
					</attRef>
				</param>
			</lg>
			<lg n="3" type="serventesio">
				<l n="9" met="-+---+-+-+-">Morir en apartado suelo ajeno,</l>
				<l n="10" met="--+--++--+-">desventura mayor que otra ninguna,</l>
				<l n="11" met="-+---+--++-">excusa a los que viven: oh Dios bueno,</l>
				<l n="12" met="--+----+-+-">tu piedad a los nuestros nos reúna,</l>
				<param name="AffectiveFeatures">
					<attRef name="Hap_Mean">
						<content>12.9</content>
					</attRef>
					<attRef name="Hap_SD">
						<content>4.03</content>
					</attRef>
					<attRef name="Ang_Mean">
						<content>8.57</content>
					</attRef>
					<attRef name="Ang_SD">
						<content>4.72</content>
					</attRef>
					<attRef name="Sad_Mean">
						<content>10.82</content>
					</attRef>
					<attRef name="Sad_SD">
						<content>4.99</content>
					</attRef>
					<attRef name="Fear_Mean">
						<content>10.22</content>
					</attRef>
					<attRef name="Fear_SD">
						<content>5.41</content>
					</attRef>
					<attRef name="Disg_Mean">
						<content>7.56</content>
					</attRef>
					<attRef name="Disg_SD">
						<content>4.34</content>
					</attRef>
					<attRef name="n_affective">
						<content>5</content>
					</attRef>
					<attRef name="ValenceMean">
						<content>57.7</content>
					</attRef>
					<attRef name="ValenceSD">
						<content>14.17</content>
					</attRef>
					<attRef name="ArousalMean">
						<content>63.05</content>
					</attRef>
					<attRef name="ArousalSD">
						<content>20.77</content>
					</attRef>
					<attRef name="n_v_a">
						<content>12</content>
					</attRef>
					<attRef name="Max_Aro">
						<content>7.35</content>
					</attRef>
					<attRef name="Min_Aro">
						<content>3.7</content>
					</attRef>
					<attRef name="ArousalSpan">
						<content>3.65</content>
					</attRef>
					<attRef name="Max_Val">
						<content>8.55</content>
					</attRef>
					<attRef name="Min_Val">
						<content>1.7</content>
					</attRef>
					<attRef name="ValenceSpan">
						<content>6.85</content>
					</attRef>
					<attRef name="CorAro">
						<content>-0.4924</content>
					</attRef>
					<attRef name="CorVal">
						<content>0.5339</content>
					</attRef>
					<attRef name="averageAoA">
						<content>44.93</content>
					</attRef>
					<attRef name="sdAOA">
						<content>15.22</content>
					</attRef>
					<attRef name="MinAoA">
						<content>16.0</content>
					</attRef>
					<attRef name="MaxAoA">
						<content>90.0</content>
					</attRef>
					<attRef name="OralFreq_Log">
						<content>24.1</content>
					</attRef>
					<attRef name="WrittenFreq_Log">
						<content>24.51</content>
					</attRef>
					<attRef name="n_aoa">
						<content>9</content>
					</attRef>
					<attRef name="Max_AoA">
						<content>8.06</content>
					</attRef>
					<attRef name="Min_AoA">
						<content>2.82</content>
					</attRef>
					<attRef name="AoASpan">
						<content>5.24</content>
					</attRef>
					<attRef name="Max_sdAOA">
						<content>2.376</content>
					</attRef>
					<attRef name="Min_sdAOA">
						<content>1.08</content>
					</attRef>
					<attRef name="sdAOASpan">
						<content>1.296</content>
					</attRef>
					<attRef name="Max_logOralFreq">
						<content>4.136</content>
					</attRef>
					<attRef name="Min_logOralFreq">
						<content>1.477</content>
					</attRef>
					<attRef name="logOralFreqSpan">
						<content>2.659</content>
					</attRef>
					<attRef name="Max_logWrittenFreq">
						<content>3.349</content>
					</attRef>
					<attRef name="Min_logWrittenFreq">
						<content>1.908</content>
					</attRef>
					<attRef name="logWrittenFreqSpan">
						<content>1.441</content>
					</attRef>
					<attRef name="CorAoA">
						<content>-0.2932</content>
					</attRef>
				</param>
			</lg>
			<lg n="4" type="pareado">
				<l n="13" met="-+-+---+-+-">y nos de tumba en su materno seno</l>
				<l n="14" met="-+-+--++-+-">la dulce tierra que nos dio la cuna.</l>
				<param name="AffectiveFeatures">
					<attRef name="Hap_Mean">
						<content>5.27</content>
					</attRef>
					<attRef name="Hap_SD">
						<content>2.85</content>
					</attRef>
					<attRef name="Ang_Mean">
						<content>4.47</content>
					</attRef>
					<attRef name="Ang_SD">
						<content>2.44</content>
					</attRef>
					<attRef name="Sad_Mean">
						<content>6.33</content>
					</attRef>
					<attRef name="Sad_SD">
						<content>2.67</content>
					</attRef>
					<attRef name="Fear_Mean">
						<content>5.94</content>
					</attRef>
					<attRef name="Fear_SD">
						<content>2.62</content>
					</attRef>
					<attRef name="Disg_Mean">
						<content>4.24</content>
					</attRef>
					<attRef name="Disg_SD">
						<content>2.28</content>
					</attRef>
					<attRef name="n_affective">
						<content>3</content>
					</attRef>
					<attRef name="ValenceMean">
						<content>36.48</content>
					</attRef>
					<attRef name="ValenceSD">
						<content>8.03</content>
					</attRef>
					<attRef name="ArousalMean">
						<content>27.95</content>
					</attRef>
					<attRef name="ArousalSD">
						<content>11.85</content>
					</attRef>
					<attRef name="n_v_a">
						<content>6</content>
					</attRef>
					<attRef name="Max_Aro">
						<content>6.1</content>
					</attRef>
					<attRef name="Min_Aro">
						<content>3.05</content>
					</attRef>
					<attRef name="ArousalSpan">
						<content>3.05</content>
					</attRef>
					<attRef name="Max_Val">
						<content>8.25</content>
					</attRef>
					<attRef name="Min_Val">
						<content>2.18</content>
					</attRef>
					<attRef name="ValenceSpan">
						<content>6.07</content>
					</attRef>
					<attRef name="CorAro">
						<content>-0.8742</content>
					</attRef>
					<attRef name="CorVal">
						<content>0.7359</content>
					</attRef>
					<attRef name="averageAoA">
						<content>28.3</content>
					</attRef>
					<attRef name="sdAOA">
						<content>10.99</content>
					</attRef>
					<attRef name="MinAoA">
						<content>10.0</content>
					</attRef>
					<attRef name="MaxAoA">
						<content>53.0</content>
					</attRef>
					<attRef name="OralFreq_Log">
						<content>11.99</content>
					</attRef>
					<attRef name="WrittenFreq_Log">
						<content>14.81</content>
					</attRef>
					<attRef name="n_aoa">
						<content>6</content>
					</attRef>
					<attRef name="Max_AoA">
						<content>8.94</content>
					</attRef>
					<attRef name="Min_AoA">
						<content>2.48</content>
					</attRef>
					<attRef name="AoASpan">
						<content>6.46</content>
					</attRef>
					<attRef name="Max_sdAOA">
						<content>2.234</content>
					</attRef>
					<attRef name="Min_sdAOA">
						<content>1.216</content>
					</attRef>
					<attRef name="sdAOASpan">
						<content>1.018</content>
					</attRef>
					<attRef name="Max_logOralFreq">
						<content>3.137</content>
					</attRef>
					<attRef name="Min_logOralFreq">
						<content>1.342</content>
					</attRef>
					<attRef name="logOralFreqSpan">
						<content>1.795</content>
					</attRef>
					<attRef name="Max_logWrittenFreq">
						<content>3.145</content>
					</attRef>
					<attRef name="Min_logWrittenFreq">
						<content>1.845</content>
					</attRef>
					<attRef name="logWrittenFreqSpan">
						<content>1.3</content>
					</attRef>
					<attRef name="CorAoA">
						<content>-0.7866</content>
					</attRef>
				</param>
			</lg>
			<param name="AffectiveFeatures">
				<attRef name="Hap_Mean">
					<content>37.59</content>
				</attRef>
				<attRef name="Hap_SD">
					<content>14.87</content>
				</attRef>
				<attRef name="Ang_Mean">
					<content>27.75</content>
				</attRef>
				<attRef name="Ang_SD">
					<content>15.09</content>
				</attRef>
				<attRef name="Sad_Mean">
					<content>39.01</content>
				</attRef>
				<attRef name="Sad_SD">
					<content>15.27</content>
				</attRef>
				<attRef name="Fear_Mean">
					<content>36.65</content>
				</attRef>
				<attRef name="Fear_SD">
					<content>17.32</content>
				</attRef>
				<attRef name="Disg_Mean">
					<content>24.11</content>
				</attRef>
				<attRef name="Disg_SD">
					<content>12.91</content>
				</attRef>
				<attRef name="n_affective">
					<content>17</content>
				</attRef>
				<attRef name="ValenceMean">
					<content>215.58</content>
				</attRef>
				<attRef name="ValenceSD">
					<content>53.88</content>
				</attRef>
				<attRef name="ArousalMean">
					<content>221.91</content>
				</attRef>
				<attRef name="ArousalSD">
					<content>71.95</content>
				</attRef>
				<attRef name="n_v_a">
					<content>42</content>
				</attRef>
				<attRef name="Max_Aro">
					<content>7.93</content>
				</attRef>
				<attRef name="Min_Aro">
					<content>3.05</content>
				</attRef>
				<attRef name="ArousalSpan">
					<content>4.88</content>
				</attRef>
				<attRef name="Max_Val">
					<content>8.55</content>
				</attRef>
				<attRef name="Min_Val">
					<content>1.45</content>
				</attRef>
				<attRef name="ValenceSpan">
					<content>7.1</content>
				</attRef>
				<attRef name="CorAro">
					<content>-0.2076</content>
				</attRef>
				<attRef name="CorVal">
					<content>0.1068</content>
				</attRef>
				<attRef name="averageAoA">
					<content>159.96</content>
				</attRef>
				<attRef name="sdAOA">
					<content>58.89</content>
				</attRef>
				<attRef name="MinAoA">
					<content>54.0</content>
				</attRef>
				<attRef name="MaxAoA">
					<content>309.0</content>
				</attRef>
				<attRef name="OralFreq_Log">
					<content>75.71</content>
				</attRef>
				<attRef name="WrittenFreq_Log">
					<content>85.54</content>
				</attRef>
				<attRef name="n_aoa">
					<content>32</content>
				</attRef>
				<attRef name="Max_AoA">
					<content>9.28</content>
				</attRef>
				<attRef name="Min_AoA">
					<content>2.48</content>
				</attRef>
				<attRef name="AoASpan">
					<content>6.8</content>
				</attRef>
				<attRef name="Max_sdAOA">
					<content>2.376</content>
				</attRef>
				<attRef name="Min_sdAOA">
					<content>1.08</content>
				</attRef>
				<attRef name="sdAOASpan">
					<content>1.296</content>
				</attRef>
				<attRef name="Max_logOralFreq">
					<content>4.136</content>
				</attRef>
				<attRef name="Min_logOralFreq">
					<content>1.204</content>
				</attRef>
				<attRef name="logOralFreqSpan">
					<content>2.932</content>
				</attRef>
				<attRef name="Max_logWrittenFreq">
					<content>3.642</content>
				</attRef>
				<attRef name="Min_logWrittenFreq">
					<content>1.477</content>
				</attRef>
				<attRef name="logWrittenFreqSpan">
					<content>2.165</content>
				</attRef>
				<attRef name="CorAoA">
					<content>-0.0483</content>
				</attRef>
			</param>
		</body>
	</text>
</TEI>