<?xml version="1.0" encoding="utf-8"?>
<TEI xmlns="http://www.tei-c.org/ns/1.0">
	<teiHeader>
		<fileDesc>
			<titleStmt about="disco:po_373n1398">
				<title property="dc:title">A un cóndor enjaulado</title>
				<author property="dc:creator" resource="disco:373n" corresp="#disco_373n">Clemente Althaus</author>
				<principal xml:id="prf">Pablo Ruiz Fabo</principal>
				<principal xml:id="heb">Helena Bermúdez Sabel</principal>
				<principal xml:id="jct">José Calvo Tello</principal>
				<principal xml:id="cimc">Clara Isabel Martínez Cantón</principal>
				<respStmt>
					<resp>Metrical annotation by</resp>
					<name xml:id="bnc">Borja Navarro Colorado</name>
				</respStmt>
			</titleStmt>
			<extent>
				<measure unit="sonnets">1</measure>
				<measure unit="tokens">92</measure>
				<measure unit="line">14</measure>
			</extent>
			<publicationStmt>
				<publisher>Diachronic Spanish Sonnet Corpus</publisher>
				<authority>POSTDATA Project</authority>
				<pubPlace>Madrid</pubPlace>
				<availability status="free">
					<p>The text is freely available</p>
				</availability>
				<date when="2017">2017</date>
				<idno type="#disco" xml:id="file_po_373n1398"></idno>
			</publicationStmt>
			<sourceDesc>
				<bibl type="digital-source">
					<hi rend="italics">Sonetos del siglo XIX</hi>
					<date when="2006">2006</date>
					<ref target="http://www.cervantesvirtual.com/nd/ark:/59851/bmc4q861"></ref>
					<ref target="http://www.cervantesvirtual.com/obra/sonetos-del-siglo-xix--0/"></ref>
Biblioteca Cervantes Virtual,  / editados por Ramón García González, , , .				</bibl>
			</sourceDesc>
		</fileDesc>
		<profileDesc>
			<langUsage>
				<language ident="es" about="disco:po_373n1398" property="dc:language" resource="dbpedia:Idioma_español">Spanish</language>
			</langUsage>
			<particDesc>
				<listPerson>
					<person xml:id="disco_373n" about="disco:373n" typeOf="foaf:Person">
						<idno cert="high" property="rdfs:seeAlso" resource="https://viaf.org/viaf/310561275"></idno>
						<persName type="short">Althaus</persName>
						<persName type="full">
							<forename property="foaf:givenName">Clemente</forename>
							<surname property="foaf:familyName">Althaus</surname>
						</persName>
						<persName type="source" property="foaf:name">Clemente Althaus</persName>
						<sex property="foaf:gender" content="M"></sex>
						<birth>
							<location>
								<placeName>
									<settlement property="schema:birthPlace" inlist="">Lima</settlement>
									<country property="schema:birthPlace" inlist="">Perú</country>
									<bloc property="schema:birthPlace" inlist="">América</bloc>
								</placeName>
							</location>
							<date property="schema:birthDate" content="1835" cert="high"></date>
							<date type="century">19</date>
						</birth>
						<death>
							<location>
								<placeName>
									<settlement property="schema:deathPlace" inlist="">París</settlement>
								</placeName>
							</location>
							<date property="schema:deathDate" content="1881" cert="high"></date>
							<date type="century">19</date>
						</death>
						<listBibl inlist="" rel="blterms:hasCreated" typeOf="schema:CreativeWork">
							<bibl resource="disco:s373n1398">
								<title property="dc:title">A un cóndor enjaulado</title>
								<title type="incipit" property="dc:alternative">Un tiempo, allá en el suelo americano,</title>
							</bibl>
						</listBibl>
					</person>
				</listPerson>
			</particDesc>
		</profileDesc>
		<encodingDesc>
			<listPrefixDef>
				<prefixDef ident="foaf" matchPattern="([A-Za-z]+)" replacementPattern="http://xmlns.com/foaf/0.1/$1"></prefixDef>
				<prefixDef ident="dc" matchPattern="([A-Za-z]+)" replacementPattern="http://purl.org/dc/terms/$1"></prefixDef>
				<prefixDef ident="schema" matchPattern="([A-Za-z]+)" replacementPattern="http://schema.org/$1"></prefixDef>
				<prefixDef ident="dbpedia" matchPattern="([A-Za-z]+(_[A-Za-z])*)" replacementPattern="http://es.dbpedia.org/page/"></prefixDef>
				<prefixDef ident="blterms" matchPattern="([A-Za-z]+)" replacementPattern="http://www.bl.uk/schemas/bibliographic/blterms#$1"></prefixDef>
				<prefixDef ident="rdfs" matchPattern="([A-Za-z]+)" replacementPattern="http://www.w3.org/2000/01/rdf-schema#$1"></prefixDef>
			</listPrefixDef>
			<metDecl type="met" pattern="((\+|\-)+)*">
				<metSym value="+">stressed syllable</metSym>
				<metSym value="-">unstressed syllable</metSym>
			</metDecl>
			<metDecl type="met">
				<p>
					<ref target="https://github.com/bncolorado/adsoScansionSystem">ADSO</ref>
The metrical patterns were extracted automatically using the 
                    tool.				</p>
			</metDecl>
			<metDecl type="enjamb">
				<p>
					<att>enjamb</att>
					<att>cert</att>
					<ref target="https://sites.google.com/site/spanishenjambment/">ANJA
                        (Automatic eNJambment Analysis)</ref>
					<ref target="https://sites.google.com/site/spanishenjambment/enjambment-types">documentation</ref>
					<ref target="https://sites.google.com/site/spanishenjambment/tei-certitude-values">report</ref>
The values of the  atributes were extracted automatically using
                    the  tool. For more information about the
                    types of enjambment as defined in this corpus, read the . In addition, a  was added to express the
                    degree of certainty concerning the characterisation of the enjambment. The following 
                     covers this feature in deep detail.				</p>
			</metDecl>
		</encodingDesc>
		<revisionDesc>
			<change when="2017-11-02" who="#prf">Initial TEI version</change>
			<change when="2017-11-27" who="#prf">Addition of metrical annotation</change>
			<change when="2017-11-27" who="#heb">Review of authors’ metadata</change>
			<change when="2017-12-01" who="#prf">Encoding of enjambment</change>
			<change when="2017-12-01" who="#heb">Publication of 19th, 18th and Golden Age version</change>
			<change when="2018-05-16" who="#heb">Revision of RDFa attributes</change>
		</revisionDesc>
	</teiHeader>
	<text>
		<front>
			<head>A un cóndor enjaulado</head>
		</front>
		<body>
			<lg n="1" type="cuarteto">
				<l n="1" met="++-+-+---+-">Un tiempo, allá en el suelo americano,</l>
				<l n="2" met="++-+---+-+-">rey te aclamó la voladora plebe,</l>
				<l n="3" met="---+--++-+-">y de los Andes la más alta nieve</l>
				<l n="4" met="-+-+---+-+-">atrás dejabas en tu vuelo ufano:</l>
				<param name="AffectiveFeatures">
					<attRef name="Hap_Mean">
						<content>7.73</content>
					</attRef>
					<attRef name="Hap_SD">
						<content>2.99</content>
					</attRef>
					<attRef name="Ang_Mean">
						<content>5.36</content>
					</attRef>
					<attRef name="Ang_SD">
						<content>2.51</content>
					</attRef>
					<attRef name="Sad_Mean">
						<content>5.34</content>
					</attRef>
					<attRef name="Sad_SD">
						<content>3.15</content>
					</attRef>
					<attRef name="Fear_Mean">
						<content>5.2</content>
					</attRef>
					<attRef name="Fear_SD">
						<content>3.25</content>
					</attRef>
					<attRef name="Disg_Mean">
						<content>4.76</content>
					</attRef>
					<attRef name="Disg_SD">
						<content>1.96</content>
					</attRef>
					<attRef name="n_affective">
						<content>3</content>
					</attRef>
					<attRef name="ValenceMean">
						<content>58.24</content>
					</attRef>
					<attRef name="ValenceSD">
						<content>14.77</content>
					</attRef>
					<attRef name="ArousalMean">
						<content>55.01</content>
					</attRef>
					<attRef name="ArousalSD">
						<content>18.98</content>
					</attRef>
					<attRef name="n_v_a">
						<content>11</content>
					</attRef>
					<attRef name="Max_Aro">
						<content>5.95</content>
					</attRef>
					<attRef name="Min_Aro">
						<content>3.9</content>
					</attRef>
					<attRef name="ArousalSpan">
						<content>2.05</content>
					</attRef>
					<attRef name="Max_Val">
						<content>7.23</content>
					</attRef>
					<attRef name="Min_Val">
						<content>3.3</content>
					</attRef>
					<attRef name="ValenceSpan">
						<content>3.93</content>
					</attRef>
					<attRef name="CorAro">
						<content>0.1181</content>
					</attRef>
					<attRef name="CorVal">
						<content>0.0369</content>
					</attRef>
					<attRef name="averageAoA">
						<content>51.24</content>
					</attRef>
					<attRef name="sdAOA">
						<content>20.37</content>
					</attRef>
					<attRef name="MinAoA">
						<content>14.0</content>
					</attRef>
					<attRef name="MaxAoA">
						<content>99.0</content>
					</attRef>
					<attRef name="OralFreq_Log">
						<content>26.67</content>
					</attRef>
					<attRef name="WrittenFreq_Log">
						<content>30.26</content>
					</attRef>
					<attRef name="n_aoa">
						<content>11</content>
					</attRef>
					<attRef name="Max_AoA">
						<content>8.04</content>
					</attRef>
					<attRef name="Min_AoA">
						<content>3.14</content>
					</attRef>
					<attRef name="AoASpan">
						<content>4.9</content>
					</attRef>
					<attRef name="Max_sdAOA">
						<content>2.27</content>
					</attRef>
					<attRef name="Min_sdAOA">
						<content>1.544</content>
					</attRef>
					<attRef name="sdAOASpan">
						<content>0.726</content>
					</attRef>
					<attRef name="Max_logOralFreq">
						<content>3.472</content>
					</attRef>
					<attRef name="Min_logOralFreq">
						<content>1.826</content>
					</attRef>
					<attRef name="logOralFreqSpan">
						<content>1.646</content>
					</attRef>
					<attRef name="Max_logWrittenFreq">
						<content>3.62</content>
					</attRef>
					<attRef name="Min_logWrittenFreq">
						<content>2.201</content>
					</attRef>
					<attRef name="logWrittenFreqSpan">
						<content>1.419</content>
					</attRef>
					<attRef name="CorAoA">
						<content>-0.0477</content>
					</attRef>
				</param>
			</lg>
			<lg n="2" type="cuarteto">
				<l n="5" met="--+--+-+-+-" enjamb="B-ex_subj_verb" cert="low">el espacio sin fin del aire vano</l>
				<l n="6" met="+--+---+-+-" enjamb="B-pb_adj_adv I-ex_subj_verb" cert="medium low">era tu imperio; mas en cárcel breve</l>
				<l n="7" met="++--+-+--+-" enjamb="B-ex_dobj_verb I-pb_adj_adv" cert="low medium">hoy en vano tus alas alza y mueve</l>
				<l n="8" met="-+-+-+---+-" enjamb="I-ex_dobj_verb" cert="low">tu no perdido instinto soberano.</l>
				<param name="AffectiveFeatures">
					<attRef name="Hap_Mean">
						<content>7.5</content>
					</attRef>
					<attRef name="Hap_SD">
						<content>3.61</content>
					</attRef>
					<attRef name="Ang_Mean">
						<content>7.5</content>
					</attRef>
					<attRef name="Ang_SD">
						<content>3.66</content>
					</attRef>
					<attRef name="Sad_Mean">
						<content>10.2</content>
					</attRef>
					<attRef name="Sad_SD">
						<content>3.55</content>
					</attRef>
					<attRef name="Fear_Mean">
						<content>10.97</content>
					</attRef>
					<attRef name="Fear_SD">
						<content>3.59</content>
					</attRef>
					<attRef name="Disg_Mean">
						<content>5.8</content>
					</attRef>
					<attRef name="Disg_SD">
						<content>3.42</content>
					</attRef>
					<attRef name="n_affective">
						<content>4</content>
					</attRef>
					<attRef name="ValenceMean">
						<content>74.54</content>
					</attRef>
					<attRef name="ValenceSD">
						<content>18.68</content>
					</attRef>
					<attRef name="ArousalMean">
						<content>78.18</content>
					</attRef>
					<attRef name="ArousalSD">
						<content>23.45</content>
					</attRef>
					<attRef name="n_v_a">
						<content>15</content>
					</attRef>
					<attRef name="Max_Aro">
						<content>6.95</content>
					</attRef>
					<attRef name="Min_Aro">
						<content>3.35</content>
					</attRef>
					<attRef name="ArousalSpan">
						<content>3.6</content>
					</attRef>
					<attRef name="Max_Val">
						<content>6.78</content>
					</attRef>
					<attRef name="Min_Val">
						<content>2.3</content>
					</attRef>
					<attRef name="ValenceSpan">
						<content>4.48</content>
					</attRef>
					<attRef name="CorAro">
						<content>0.325</content>
					</attRef>
					<attRef name="CorVal">
						<content>-0.0933</content>
					</attRef>
					<attRef name="averageAoA">
						<content>62.11</content>
					</attRef>
					<attRef name="sdAOA">
						<content>21.11</content>
					</attRef>
					<attRef name="MinAoA">
						<content>17.0</content>
					</attRef>
					<attRef name="MaxAoA">
						<content>109.33</content>
					</attRef>
					<attRef name="OralFreq_Log">
						<content>25.2</content>
					</attRef>
					<attRef name="WrittenFreq_Log">
						<content>29.16</content>
					</attRef>
					<attRef name="n_aoa">
						<content>11</content>
					</attRef>
					<attRef name="Max_AoA">
						<content>9.66</content>
					</attRef>
					<attRef name="Min_AoA">
						<content>3.4</content>
					</attRef>
					<attRef name="AoASpan">
						<content>6.26</content>
					</attRef>
					<attRef name="Max_sdAOA">
						<content>2.369</content>
					</attRef>
					<attRef name="Min_sdAOA">
						<content>1.398</content>
					</attRef>
					<attRef name="sdAOASpan">
						<content>0.971</content>
					</attRef>
					<attRef name="Max_logOralFreq">
						<content>3.536</content>
					</attRef>
					<attRef name="Min_logOralFreq">
						<content>1.38</content>
					</attRef>
					<attRef name="logOralFreqSpan">
						<content>2.156</content>
					</attRef>
					<attRef name="Max_logWrittenFreq">
						<content>3.369</content>
					</attRef>
					<attRef name="Min_logWrittenFreq">
						<content>1.968</content>
					</attRef>
					<attRef name="logWrittenFreqSpan">
						<content>1.401</content>
					</attRef>
					<attRef name="CorAoA">
						<content>0.161</content>
					</attRef>
				</param>
			</lg>
			<lg n="3" type="terceto">
				<l n="9" met="+--+++-+-+-">¡Cuánto, al mirarte, oh cóndor, me apiadas</l>
				<l n="10" met="+-+---+--+-">preso, y en suelo, como yo, extranjero!</l>
				<l n="11" met="-++--+---+-" enjamb="B-pb_noun_prep" cert="medium">Mas yo pronto a las playas adoradas</l>
				<param name="AffectiveFeatures">
					<attRef name="Hap_Mean">
						<content>5.7</content>
					</attRef>
					<attRef name="Hap_SD">
						<content>1.84</content>
					</attRef>
					<attRef name="Ang_Mean">
						<content>3.57</content>
					</attRef>
					<attRef name="Ang_SD">
						<content>1.61</content>
					</attRef>
					<attRef name="Sad_Mean">
						<content>4.27</content>
					</attRef>
					<attRef name="Sad_SD">
						<content>1.96</content>
					</attRef>
					<attRef name="Fear_Mean">
						<content>4.5</content>
					</attRef>
					<attRef name="Fear_SD">
						<content>2.21</content>
					</attRef>
					<attRef name="Disg_Mean">
						<content>3.03</content>
					</attRef>
					<attRef name="Disg_SD">
						<content>1.6</content>
					</attRef>
					<attRef name="n_affective">
						<content>2</content>
					</attRef>
					<attRef name="ValenceMean">
						<content>46.07</content>
					</attRef>
					<attRef name="ValenceSD">
						<content>9.47</content>
					</attRef>
					<attRef name="ArousalMean">
						<content>39.42</content>
					</attRef>
					<attRef name="ArousalSD">
						<content>13.51</content>
					</attRef>
					<attRef name="n_v_a">
						<content>8</content>
					</attRef>
					<attRef name="Max_Aro">
						<content>6.35</content>
					</attRef>
					<attRef name="Min_Aro">
						<content>3.23</content>
					</attRef>
					<attRef name="ArousalSpan">
						<content>3.12</content>
					</attRef>
					<attRef name="Max_Val">
						<content>8.03</content>
					</attRef>
					<attRef name="Min_Val">
						<content>3.5</content>
					</attRef>
					<attRef name="ValenceSpan">
						<content>4.53</content>
					</attRef>
					<attRef name="CorAro">
						<content>-0.4193</content>
					</attRef>
					<attRef name="CorVal">
						<content>0.682</content>
					</attRef>
					<attRef name="averageAoA">
						<content>36.29</content>
					</attRef>
					<attRef name="sdAOA">
						<content>13.48</content>
					</attRef>
					<attRef name="MinAoA">
						<content>12.0</content>
					</attRef>
					<attRef name="MaxAoA">
						<content>65.33</content>
					</attRef>
					<attRef name="OralFreq_Log">
						<content>15.87</content>
					</attRef>
					<attRef name="WrittenFreq_Log">
						<content>17.65</content>
					</attRef>
					<attRef name="n_aoa">
						<content>7</content>
					</attRef>
					<attRef name="Max_AoA">
						<content>6.98</content>
					</attRef>
					<attRef name="Min_AoA">
						<content>3.14</content>
					</attRef>
					<attRef name="AoASpan">
						<content>3.84</content>
					</attRef>
					<attRef name="Max_sdAOA">
						<content>2.29</content>
					</attRef>
					<attRef name="Min_sdAOA">
						<content>1.37</content>
					</attRef>
					<attRef name="sdAOASpan">
						<content>0.92</content>
					</attRef>
					<attRef name="Max_logOralFreq">
						<content>2.553</content>
					</attRef>
					<attRef name="Min_logOralFreq">
						<content>1.591</content>
					</attRef>
					<attRef name="logOralFreqSpan">
						<content>0.962</content>
					</attRef>
					<attRef name="Max_logWrittenFreq">
						<content>3.032666666666667</content>
					</attRef>
					<attRef name="Min_logWrittenFreq">
						<content>1.7990000000000002</content>
					</attRef>
					<attRef name="logWrittenFreqSpan">
						<content>1.2337</content>
					</attRef>
					<attRef name="CorAoA">
						<content>-0.0819</content>
					</attRef>
				</param>
			</lg>
			<lg n="4" type="terceto">
				<l n="12" met="--+--+-+-+-" enjamb="I-pb_noun_prep" cert="medium">de mi dulce Perú tornar espero,</l>
				<l n="13" met="-++--+---+-">y tú, blanco curioso a las miradas,</l>
				<l n="14" met="-+---+---+-">ausente morirás y prisionero.</l>
				<param name="AffectiveFeatures">
					<attRef name="Hap_Mean">
						<content>8.57</content>
					</attRef>
					<attRef name="Hap_SD">
						<content>3.28</content>
					</attRef>
					<attRef name="Ang_Mean">
						<content>8.98</content>
					</attRef>
					<attRef name="Ang_SD">
						<content>4.93</content>
					</attRef>
					<attRef name="Sad_Mean">
						<content>12.53</content>
					</attRef>
					<attRef name="Sad_SD">
						<content>4.9</content>
					</attRef>
					<attRef name="Fear_Mean">
						<content>13.2</content>
					</attRef>
					<attRef name="Fear_SD">
						<content>5.36</content>
					</attRef>
					<attRef name="Disg_Mean">
						<content>7.24</content>
					</attRef>
					<attRef name="Disg_SD">
						<content>3.79</content>
					</attRef>
					<attRef name="n_affective">
						<content>5</content>
					</attRef>
					<attRef name="ValenceMean">
						<content>45.33</content>
					</attRef>
					<attRef name="ValenceSD">
						<content>10.94</content>
					</attRef>
					<attRef name="ArousalMean">
						<content>46.88</content>
					</attRef>
					<attRef name="ArousalSD">
						<content>16.23</content>
					</attRef>
					<attRef name="n_v_a">
						<content>9</content>
					</attRef>
					<attRef name="Max_Aro">
						<content>7.35</content>
					</attRef>
					<attRef name="Min_Aro">
						<content>3.58</content>
					</attRef>
					<attRef name="ArousalSpan">
						<content>3.77</content>
					</attRef>
					<attRef name="Max_Val">
						<content>8.25</content>
					</attRef>
					<attRef name="Min_Val">
						<content>1.7</content>
					</attRef>
					<attRef name="ValenceSpan">
						<content>6.55</content>
					</attRef>
					<attRef name="CorAro">
						<content>0.5354</content>
					</attRef>
					<attRef name="CorVal">
						<content>-0.6566</content>
					</attRef>
					<attRef name="averageAoA">
						<content>50.21</content>
					</attRef>
					<attRef name="sdAOA">
						<content>15.84</content>
					</attRef>
					<attRef name="MinAoA">
						<content>20.0</content>
					</attRef>
					<attRef name="MaxAoA">
						<content>88.0</content>
					</attRef>
					<attRef name="OralFreq_Log">
						<content>15.06</content>
					</attRef>
					<attRef name="WrittenFreq_Log">
						<content>20.22</content>
					</attRef>
					<attRef name="n_aoa">
						<content>9</content>
					</attRef>
					<attRef name="Max_AoA">
						<content>8.5</content>
					</attRef>
					<attRef name="Min_AoA">
						<content>2.52</content>
					</attRef>
					<attRef name="AoASpan">
						<content>5.98</content>
					</attRef>
					<attRef name="Max_sdAOA">
						<content>2.234</content>
					</attRef>
					<attRef name="Min_sdAOA">
						<content>1.412</content>
					</attRef>
					<attRef name="sdAOASpan">
						<content>0.822</content>
					</attRef>
					<attRef name="Max_logOralFreq">
						<content>2.458</content>
					</attRef>
					<attRef name="Min_logOralFreq">
						<content>0.301</content>
					</attRef>
					<attRef name="logOralFreqSpan">
						<content>2.157</content>
					</attRef>
					<attRef name="Max_logWrittenFreq">
						<content>2.814</content>
					</attRef>
					<attRef name="Min_logWrittenFreq">
						<content>1.342</content>
					</attRef>
					<attRef name="logWrittenFreqSpan">
						<content>1.472</content>
					</attRef>
					<attRef name="CorAoA">
						<content>0.347</content>
					</attRef>
				</param>
			</lg>
			<param name="AffectiveFeatures">
				<attRef name="Hap_Mean">
					<content>29.5</content>
				</attRef>
				<attRef name="Hap_SD">
					<content>11.72</content>
				</attRef>
				<attRef name="Ang_Mean">
					<content>25.41</content>
				</attRef>
				<attRef name="Ang_SD">
					<content>12.71</content>
				</attRef>
				<attRef name="Sad_Mean">
					<content>32.34</content>
				</attRef>
				<attRef name="Sad_SD">
					<content>13.56</content>
				</attRef>
				<attRef name="Fear_Mean">
					<content>33.87</content>
				</attRef>
				<attRef name="Fear_SD">
					<content>14.41</content>
				</attRef>
				<attRef name="Disg_Mean">
					<content>20.83</content>
				</attRef>
				<attRef name="Disg_SD">
					<content>10.77</content>
				</attRef>
				<attRef name="n_affective">
					<content>14</content>
				</attRef>
				<attRef name="ValenceMean">
					<content>224.18</content>
				</attRef>
				<attRef name="ValenceSD">
					<content>53.86</content>
				</attRef>
				<attRef name="ArousalMean">
					<content>219.49</content>
				</attRef>
				<attRef name="ArousalSD">
					<content>72.17</content>
				</attRef>
				<attRef name="n_v_a">
					<content>43</content>
				</attRef>
				<attRef name="Max_Aro">
					<content>7.35</content>
				</attRef>
				<attRef name="Min_Aro">
					<content>3.23</content>
				</attRef>
				<attRef name="ArousalSpan">
					<content>4.12</content>
				</attRef>
				<attRef name="Max_Val">
					<content>8.25</content>
				</attRef>
				<attRef name="Min_Val">
					<content>1.7</content>
				</attRef>
				<attRef name="ValenceSpan">
					<content>6.55</content>
				</attRef>
				<attRef name="CorAro">
					<content>0.0798</content>
				</attRef>
				<attRef name="CorVal">
					<content>-0.0082</content>
				</attRef>
				<attRef name="averageAoA">
					<content>199.85</content>
				</attRef>
				<attRef name="sdAOA">
					<content>70.8</content>
				</attRef>
				<attRef name="MinAoA">
					<content>63.0</content>
				</attRef>
				<attRef name="MaxAoA">
					<content>361.66</content>
				</attRef>
				<attRef name="OralFreq_Log">
					<content>82.78</content>
				</attRef>
				<attRef name="WrittenFreq_Log">
					<content>97.29</content>
				</attRef>
				<attRef name="n_aoa">
					<content>38</content>
				</attRef>
				<attRef name="Max_AoA">
					<content>9.66</content>
				</attRef>
				<attRef name="Min_AoA">
					<content>2.52</content>
				</attRef>
				<attRef name="AoASpan">
					<content>7.14</content>
				</attRef>
				<attRef name="Max_sdAOA">
					<content>2.369</content>
				</attRef>
				<attRef name="Min_sdAOA">
					<content>1.37</content>
				</attRef>
				<attRef name="sdAOASpan">
					<content>0.999</content>
				</attRef>
				<attRef name="Max_logOralFreq">
					<content>3.536</content>
				</attRef>
				<attRef name="Min_logOralFreq">
					<content>0.301</content>
				</attRef>
				<attRef name="logOralFreqSpan">
					<content>3.235</content>
				</attRef>
				<attRef name="Max_logWrittenFreq">
					<content>3.62</content>
				</attRef>
				<attRef name="Min_logWrittenFreq">
					<content>1.342</content>
				</attRef>
				<attRef name="logWrittenFreqSpan">
					<content>2.278</content>
				</attRef>
				<attRef name="CorAoA">
					<content>0.1815</content>
				</attRef>
			</param>
		</body>
	</text>
</TEI>