<?xml version="1.0" encoding="utf-8"?>
<TEI xmlns="http://www.tei-c.org/ns/1.0">
	<teiHeader>
		<fileDesc>
			<titleStmt about="disco:po_373n1406">
				<title property="dc:title">A México</title>
				<author property="dc:creator" resource="disco:373n" corresp="#disco_373n">Clemente Althaus</author>
				<principal xml:id="prf">Pablo Ruiz Fabo</principal>
				<principal xml:id="heb">Helena Bermúdez Sabel</principal>
				<principal xml:id="jct">José Calvo Tello</principal>
				<principal xml:id="cimc">Clara Isabel Martínez Cantón</principal>
				<respStmt>
					<resp>Metrical annotation by</resp>
					<name xml:id="bnc">Borja Navarro Colorado</name>
				</respStmt>
			</titleStmt>
			<extent>
				<measure unit="sonnets">1</measure>
				<measure unit="tokens">91</measure>
				<measure unit="line">14</measure>
			</extent>
			<publicationStmt>
				<publisher>Diachronic Spanish Sonnet Corpus</publisher>
				<authority>POSTDATA Project</authority>
				<pubPlace>Madrid</pubPlace>
				<availability status="free">
					<p>The text is freely available</p>
				</availability>
				<date when="2017">2017</date>
				<idno type="#disco" xml:id="file_po_373n1406"></idno>
			</publicationStmt>
			<sourceDesc>
				<bibl type="digital-source">
					<hi rend="italics">Sonetos del siglo XIX</hi>
					<date when="2006">2006</date>
					<ref target="http://www.cervantesvirtual.com/nd/ark:/59851/bmc4q861"></ref>
					<ref target="http://www.cervantesvirtual.com/obra/sonetos-del-siglo-xix--0/"></ref>
Biblioteca Cervantes Virtual,  / editados por Ramón García González, , , .				</bibl>
			</sourceDesc>
		</fileDesc>
		<profileDesc>
			<langUsage>
				<language ident="es" about="disco:po_373n1406" property="dc:language" resource="dbpedia:Idioma_español">Spanish</language>
			</langUsage>
			<particDesc>
				<listPerson>
					<person xml:id="disco_373n" about="disco:373n" typeOf="foaf:Person">
						<idno cert="high" property="rdfs:seeAlso" resource="https://viaf.org/viaf/310561275"></idno>
						<persName type="short">Althaus</persName>
						<persName type="full">
							<forename property="foaf:givenName">Clemente</forename>
							<surname property="foaf:familyName">Althaus</surname>
						</persName>
						<persName type="source" property="foaf:name">Clemente Althaus</persName>
						<sex property="foaf:gender" content="M"></sex>
						<birth>
							<location>
								<placeName>
									<settlement property="schema:birthPlace" inlist="">Lima</settlement>
									<country property="schema:birthPlace" inlist="">Perú</country>
									<bloc property="schema:birthPlace" inlist="">América</bloc>
								</placeName>
							</location>
							<date property="schema:birthDate" content="1835" cert="high"></date>
							<date type="century">19</date>
						</birth>
						<death>
							<location>
								<placeName>
									<settlement property="schema:deathPlace" inlist="">París</settlement>
								</placeName>
							</location>
							<date property="schema:deathDate" content="1881" cert="high"></date>
							<date type="century">19</date>
						</death>
						<listBibl inlist="" rel="blterms:hasCreated" typeOf="schema:CreativeWork">
							<bibl resource="disco:s373n1406">
								<title property="dc:title">A México</title>
								<title type="incipit" property="dc:alternative">Desgraciada Nación, tan sólo rea</title>
							</bibl>
						</listBibl>
					</person>
				</listPerson>
			</particDesc>
		</profileDesc>
		<encodingDesc>
			<listPrefixDef>
				<prefixDef ident="foaf" matchPattern="([A-Za-z]+)" replacementPattern="http://xmlns.com/foaf/0.1/$1"></prefixDef>
				<prefixDef ident="dc" matchPattern="([A-Za-z]+)" replacementPattern="http://purl.org/dc/terms/$1"></prefixDef>
				<prefixDef ident="schema" matchPattern="([A-Za-z]+)" replacementPattern="http://schema.org/$1"></prefixDef>
				<prefixDef ident="dbpedia" matchPattern="([A-Za-z]+(_[A-Za-z])*)" replacementPattern="http://es.dbpedia.org/page/"></prefixDef>
				<prefixDef ident="blterms" matchPattern="([A-Za-z]+)" replacementPattern="http://www.bl.uk/schemas/bibliographic/blterms#$1"></prefixDef>
				<prefixDef ident="rdfs" matchPattern="([A-Za-z]+)" replacementPattern="http://www.w3.org/2000/01/rdf-schema#$1"></prefixDef>
			</listPrefixDef>
			<metDecl type="met" pattern="((\+|\-)+)*">
				<metSym value="+">stressed syllable</metSym>
				<metSym value="-">unstressed syllable</metSym>
			</metDecl>
			<metDecl type="met">
				<p>
					<ref target="https://github.com/bncolorado/adsoScansionSystem">ADSO</ref>
The metrical patterns were extracted automatically using the 
                    tool.				</p>
			</metDecl>
			<metDecl type="enjamb">
				<p>
					<att>enjamb</att>
					<att>cert</att>
					<ref target="https://sites.google.com/site/spanishenjambment/">ANJA
                        (Automatic eNJambment Analysis)</ref>
					<ref target="https://sites.google.com/site/spanishenjambment/enjambment-types">documentation</ref>
					<ref target="https://sites.google.com/site/spanishenjambment/tei-certitude-values">report</ref>
The values of the  atributes were extracted automatically using
                    the  tool. For more information about the
                    types of enjambment as defined in this corpus, read the . In addition, a  was added to express the
                    degree of certainty concerning the characterisation of the enjambment. The following 
                     covers this feature in deep detail.				</p>
			</metDecl>
		</encodingDesc>
		<revisionDesc>
			<change when="2017-11-02" who="#prf">Initial TEI version</change>
			<change when="2017-11-27" who="#prf">Addition of metrical annotation</change>
			<change when="2017-11-27" who="#heb">Review of authors’ metadata</change>
			<change when="2017-12-01" who="#prf">Encoding of enjambment</change>
			<change when="2017-12-01" who="#heb">Publication of 19th, 18th and Golden Age version</change>
			<change when="2018-05-16" who="#heb">Revision of RDFa attributes</change>
		</revisionDesc>
	</teiHeader>
	<text>
		<front>
			<head>A México</head>
		</front>
		<body>
			<lg n="1" type="cuarteto">
				<l n="1" met="-----+++-+-" enjamb="B-pb_noun_prep" cert="medium">Desgraciada Nación, tan sólo rea</l>
				<l n="2" met="-+-+-+---+-" enjamb="I-pb_noun_prep" cert="medium">de ser menor en armas y pujanza,</l>
				<l n="3" met="-----++--+-" enjamb="B-ex_subj_verb" cert="low">en cuya reconquista hoy hace alianza</l>
				<l n="4" met="--+--+---+-" enjamb="I-ex_subj_verb" cert="low">la codicia famélica europea:</l>
				<param name="AffectiveFeatures">
					<attRef name="Hap_Mean">
						<content>6.9</content>
					</attRef>
					<attRef name="Hap_SD">
						<content>2.99</content>
					</attRef>
					<attRef name="Ang_Mean">
						<content>5.97</content>
					</attRef>
					<attRef name="Ang_SD">
						<content>2.76</content>
					</attRef>
					<attRef name="Sad_Mean">
						<content>5.77</content>
					</attRef>
					<attRef name="Sad_SD">
						<content>3.16</content>
					</attRef>
					<attRef name="Fear_Mean">
						<content>5.53</content>
					</attRef>
					<attRef name="Fear_SD">
						<content>3.28</content>
					</attRef>
					<attRef name="Disg_Mean">
						<content>5.59</content>
					</attRef>
					<attRef name="Disg_SD">
						<content>2.62</content>
					</attRef>
					<attRef name="n_affective">
						<content>3</content>
					</attRef>
					<attRef name="ValenceMean">
						<content>69.44</content>
					</attRef>
					<attRef name="ValenceSD">
						<content>17.88</content>
					</attRef>
					<attRef name="ArousalMean">
						<content>77.79</content>
					</attRef>
					<attRef name="ArousalSD">
						<content>21.8</content>
					</attRef>
					<attRef name="n_v_a">
						<content>14</content>
					</attRef>
					<attRef name="Max_Aro">
						<content>6.85</content>
					</attRef>
					<attRef name="Min_Aro">
						<content>4.5</content>
					</attRef>
					<attRef name="ArousalSpan">
						<content>2.35</content>
					</attRef>
					<attRef name="Max_Val">
						<content>6.7</content>
					</attRef>
					<attRef name="Min_Val">
						<content>1.725</content>
					</attRef>
					<attRef name="ValenceSpan">
						<content>4.975</content>
					</attRef>
					<attRef name="CorAro">
						<content>0.2058</content>
					</attRef>
					<attRef name="CorVal">
						<content>0.3474</content>
					</attRef>
					<attRef name="averageAoA">
						<content>61.82</content>
					</attRef>
					<attRef name="sdAOA">
						<content>20.12</content>
					</attRef>
					<attRef name="MinAoA">
						<content>24.0</content>
					</attRef>
					<attRef name="MaxAoA">
						<content>104.0</content>
					</attRef>
					<attRef name="OralFreq_Log">
						<content>28.63</content>
					</attRef>
					<attRef name="WrittenFreq_Log">
						<content>30.53</content>
					</attRef>
					<attRef name="n_aoa">
						<content>10</content>
					</attRef>
					<attRef name="Max_AoA">
						<content>9.02</content>
					</attRef>
					<attRef name="Min_AoA">
						<content>3.4</content>
					</attRef>
					<attRef name="AoASpan">
						<content>5.62</content>
					</attRef>
					<attRef name="Max_sdAOA">
						<content>2.488</content>
					</attRef>
					<attRef name="Min_sdAOA">
						<content>1.698</content>
					</attRef>
					<attRef name="sdAOASpan">
						<content>0.79</content>
					</attRef>
					<attRef name="Max_logOralFreq">
						<content>3.731</content>
					</attRef>
					<attRef name="Min_logOralFreq">
						<content>2.029</content>
					</attRef>
					<attRef name="logOralFreqSpan">
						<content>1.702</content>
					</attRef>
					<attRef name="Max_logWrittenFreq">
						<content>3.924</content>
					</attRef>
					<attRef name="Min_logWrittenFreq">
						<content>1.944</content>
					</attRef>
					<attRef name="logWrittenFreqSpan">
						<content>1.98</content>
					</attRef>
					<attRef name="CorAoA">
						<content>0.109</content>
					</attRef>
				</param>
			</lg>
			<lg n="2" type="cuarteto">
				<l n="5" met="+--+---+-+-">no el universo sucumbir te vea,</l>
				<l n="6" met="++-+---+-+-">cual res cobarde, sin blandir la lanza;</l>
				<l n="7" met="---+-+---+-">y, aunque del triunfo falte la esperanza,</l>
				<l n="8" met="+--+---+-+-">entra en la cruda desigual pelea.</l>
				<param name="AffectiveFeatures">
					<attRef name="Hap_Mean">
						<content>11.3</content>
					</attRef>
					<attRef name="Hap_SD">
						<content>3.43</content>
					</attRef>
					<attRef name="Ang_Mean">
						<content>7.14</content>
					</attRef>
					<attRef name="Ang_SD">
						<content>3.73</content>
					</attRef>
					<attRef name="Sad_Mean">
						<content>6.97</content>
					</attRef>
					<attRef name="Sad_SD">
						<content>3.93</content>
					</attRef>
					<attRef name="Fear_Mean">
						<content>7.0</content>
					</attRef>
					<attRef name="Fear_SD">
						<content>3.56</content>
					</attRef>
					<attRef name="Disg_Mean">
						<content>5.16</content>
					</attRef>
					<attRef name="Disg_SD">
						<content>2.04</content>
					</attRef>
					<attRef name="n_affective">
						<content>4</content>
					</attRef>
					<attRef name="ValenceMean">
						<content>71.96</content>
					</attRef>
					<attRef name="ValenceSD">
						<content>18.67</content>
					</attRef>
					<attRef name="ArousalMean">
						<content>79.05</content>
					</attRef>
					<attRef name="ArousalSD">
						<content>24.35</content>
					</attRef>
					<attRef name="n_v_a">
						<content>14</content>
					</attRef>
					<attRef name="Max_Aro">
						<content>7.3</content>
					</attRef>
					<attRef name="Min_Aro">
						<content>3.9</content>
					</attRef>
					<attRef name="ArousalSpan">
						<content>3.4</content>
					</attRef>
					<attRef name="Max_Val">
						<content>8.0</content>
					</attRef>
					<attRef name="Min_Val">
						<content>2.53</content>
					</attRef>
					<attRef name="ValenceSpan">
						<content>5.47</content>
					</attRef>
					<attRef name="CorAro">
						<content>0.1457</content>
					</attRef>
					<attRef name="CorVal">
						<content>-0.1381</content>
					</attRef>
					<attRef name="averageAoA">
						<content>66.52</content>
					</attRef>
					<attRef name="sdAOA">
						<content>19.79</content>
					</attRef>
					<attRef name="MinAoA">
						<content>24.0</content>
					</attRef>
					<attRef name="MaxAoA">
						<content>111.0</content>
					</attRef>
					<attRef name="OralFreq_Log">
						<content>22.0</content>
					</attRef>
					<attRef name="WrittenFreq_Log">
						<content>25.9</content>
					</attRef>
					<attRef name="n_aoa">
						<content>11</content>
					</attRef>
					<attRef name="Max_AoA">
						<content>7.98</content>
					</attRef>
					<attRef name="Min_AoA">
						<content>2.72</content>
					</attRef>
					<attRef name="AoASpan">
						<content>5.26</content>
					</attRef>
					<attRef name="Max_sdAOA">
						<content>2.236</content>
					</attRef>
					<attRef name="Min_sdAOA">
						<content>1.425</content>
					</attRef>
					<attRef name="sdAOASpan">
						<content>0.811</content>
					</attRef>
					<attRef name="Max_logOralFreq">
						<content>3.724</content>
					</attRef>
					<attRef name="Min_logOralFreq">
						<content>0.778</content>
					</attRef>
					<attRef name="logOralFreqSpan">
						<content>2.946</content>
					</attRef>
					<attRef name="Max_logWrittenFreq">
						<content>3.649</content>
					</attRef>
					<attRef name="Min_logWrittenFreq">
						<content>1.505</content>
					</attRef>
					<attRef name="logWrittenFreqSpan">
						<content>2.144</content>
					</attRef>
					<attRef name="CorAoA">
						<content>0.0125</content>
					</attRef>
				</param>
			</lg>
			<lg n="3" type="terceto">
				<l n="9" met="+--+---+-+-">Cae a lo menos con honor y gloria,</l>
				<l n="10" met="---+-+-+-+-">y en el mayor conflicto nunca olvides</l>
				<l n="11" met="+-+--++--+-">que es la lucha el deber, no la victoria;</l>
				<param name="AffectiveFeatures">
					<attRef name="Hap_Mean">
						<content>13.93</content>
					</attRef>
					<attRef name="Hap_SD">
						<content>4.22</content>
					</attRef>
					<attRef name="Ang_Mean">
						<content>7.6</content>
					</attRef>
					<attRef name="Ang_SD">
						<content>3.46</content>
					</attRef>
					<attRef name="Sad_Mean">
						<content>6.07</content>
					</attRef>
					<attRef name="Sad_SD">
						<content>3.55</content>
					</attRef>
					<attRef name="Fear_Mean">
						<content>7.0</content>
					</attRef>
					<attRef name="Fear_SD">
						<content>3.62</content>
					</attRef>
					<attRef name="Disg_Mean">
						<content>4.8</content>
					</attRef>
					<attRef name="Disg_SD">
						<content>1.89</content>
					</attRef>
					<attRef name="n_affective">
						<content>4</content>
					</attRef>
					<attRef name="ValenceMean">
						<content>52.15</content>
					</attRef>
					<attRef name="ValenceSD">
						<content>15.23</content>
					</attRef>
					<attRef name="ArousalMean">
						<content>66.2</content>
					</attRef>
					<attRef name="ArousalSD">
						<content>18.71</content>
					</attRef>
					<attRef name="n_v_a">
						<content>11</content>
					</attRef>
					<attRef name="Max_Aro">
						<content>7.5</content>
					</attRef>
					<attRef name="Min_Aro">
						<content>4.65</content>
					</attRef>
					<attRef name="ArousalSpan">
						<content>2.85</content>
					</attRef>
					<attRef name="Max_Val">
						<content>7.5</content>
					</attRef>
					<attRef name="Min_Val">
						<content>2.55</content>
					</attRef>
					<attRef name="ValenceSpan">
						<content>4.95</content>
					</attRef>
					<attRef name="CorAro">
						<content>0.5903</content>
					</attRef>
					<attRef name="CorVal">
						<content>-0.0122</content>
					</attRef>
					<attRef name="averageAoA">
						<content>67.58</content>
					</attRef>
					<attRef name="sdAOA">
						<content>20.84</content>
					</attRef>
					<attRef name="MinAoA">
						<content>22.0</content>
					</attRef>
					<attRef name="MaxAoA">
						<content>110.0</content>
					</attRef>
					<attRef name="OralFreq_Log">
						<content>26.77</content>
					</attRef>
					<attRef name="WrittenFreq_Log">
						<content>30.32</content>
					</attRef>
					<attRef name="n_aoa">
						<content>11</content>
					</attRef>
					<attRef name="Max_AoA">
						<content>8.94</content>
					</attRef>
					<attRef name="Min_AoA">
						<content>3.22</content>
					</attRef>
					<attRef name="AoASpan">
						<content>5.72</content>
					</attRef>
					<attRef name="Max_sdAOA">
						<content>2.428</content>
					</attRef>
					<attRef name="Min_sdAOA">
						<content>1.466</content>
					</attRef>
					<attRef name="sdAOASpan">
						<content>0.962</content>
					</attRef>
					<attRef name="Max_logOralFreq">
						<content>3.529</content>
					</attRef>
					<attRef name="Min_logOralFreq">
						<content>1.602</content>
					</attRef>
					<attRef name="logOralFreqSpan">
						<content>1.927</content>
					</attRef>
					<attRef name="Max_logWrittenFreq">
						<content>3.509</content>
					</attRef>
					<attRef name="Min_logWrittenFreq">
						<content>2.274</content>
					</attRef>
					<attRef name="logWrittenFreqSpan">
						<content>1.235</content>
					</attRef>
					<attRef name="CorAoA">
						<content>0.2482</content>
					</attRef>
				</param>
			</lg>
			<lg n="4" type="terceto">
				<l n="12" met="---+----+-+-">mas, si defensa la patrimonio pides,</l>
				<l n="13" met="-+-+---+-+-" enjamb="B-ex_dobj_verb" cert="low">tal vez en ti renovará la Historia</l>
				<l n="14" met="---+---+-+-" enjamb="I-ex_dobj_verb" cert="low">de Salamina y Maratón las lides.</l>
				<param name="AffectiveFeatures">
					<attRef name="Hap_Mean">
						<content>4.4</content>
					</attRef>
					<attRef name="Hap_SD">
						<content>2.51</content>
					</attRef>
					<attRef name="Ang_Mean">
						<content>3.33</content>
					</attRef>
					<attRef name="Ang_SD">
						<content>2.01</content>
					</attRef>
					<attRef name="Sad_Mean">
						<content>3.27</content>
					</attRef>
					<attRef name="Sad_SD">
						<content>1.86</content>
					</attRef>
					<attRef name="Fear_Mean">
						<content>3.5</content>
					</attRef>
					<attRef name="Fear_SD">
						<content>1.96</content>
					</attRef>
					<attRef name="Disg_Mean">
						<content>2.74</content>
					</attRef>
					<attRef name="Disg_SD">
						<content>1.53</content>
					</attRef>
					<attRef name="n_affective">
						<content>2</content>
					</attRef>
					<attRef name="ValenceMean">
						<content>56.83</content>
					</attRef>
					<attRef name="ValenceSD">
						<content>12.33</content>
					</attRef>
					<attRef name="ArousalMean">
						<content>54.67</content>
					</attRef>
					<attRef name="ArousalSD">
						<content>13.25</content>
					</attRef>
					<attRef name="n_v_a">
						<content>10</content>
					</attRef>
					<attRef name="Max_Aro">
						<content>6.5</content>
					</attRef>
					<attRef name="Min_Aro">
						<content>4.65</content>
					</attRef>
					<attRef name="ArousalSpan">
						<content>1.85</content>
					</attRef>
					<attRef name="Max_Val">
						<content>6.75</content>
					</attRef>
					<attRef name="Min_Val">
						<content>4.0</content>
					</attRef>
					<attRef name="ValenceSpan">
						<content>2.75</content>
					</attRef>
					<attRef name="CorAro">
						<content>0.3889</content>
					</attRef>
					<attRef name="CorVal">
						<content>0.3685</content>
					</attRef>
					<attRef name="averageAoA">
						<content>66.83</content>
					</attRef>
					<attRef name="sdAOA">
						<content>19.35</content>
					</attRef>
					<attRef name="MinAoA">
						<content>27.0</content>
					</attRef>
					<attRef name="MaxAoA">
						<content>102.33</content>
					</attRef>
					<attRef name="OralFreq_Log">
						<content>26.82</content>
					</attRef>
					<attRef name="WrittenFreq_Log">
						<content>28.29</content>
					</attRef>
					<attRef name="n_aoa">
						<content>10</content>
					</attRef>
					<attRef name="Max_AoA">
						<content>10.48</content>
					</attRef>
					<attRef name="Min_AoA">
						<content>1.64</content>
					</attRef>
					<attRef name="AoASpan">
						<content>8.84</content>
					</attRef>
					<attRef name="Max_sdAOA">
						<content>2.814</content>
					</attRef>
					<attRef name="Min_sdAOA">
						<content>0.921</content>
					</attRef>
					<attRef name="sdAOASpan">
						<content>1.893</content>
					</attRef>
					<attRef name="Max_logOralFreq">
						<content>4.152</content>
					</attRef>
					<attRef name="Min_logOralFreq">
						<content>1.301</content>
					</attRef>
					<attRef name="logOralFreqSpan">
						<content>2.851</content>
					</attRef>
					<attRef name="Max_logWrittenFreq">
						<content>4.003</content>
					</attRef>
					<attRef name="Min_logWrittenFreq">
						<content>1.505</content>
					</attRef>
					<attRef name="logWrittenFreqSpan">
						<content>2.498</content>
					</attRef>
					<attRef name="CorAoA">
						<content>0.3293</content>
					</attRef>
				</param>
			</lg>
			<param name="AffectiveFeatures">
				<attRef name="Hap_Mean">
					<content>36.53</content>
				</attRef>
				<attRef name="Hap_SD">
					<content>13.15</content>
				</attRef>
				<attRef name="Ang_Mean">
					<content>24.04</content>
				</attRef>
				<attRef name="Ang_SD">
					<content>11.96</content>
				</attRef>
				<attRef name="Sad_Mean">
					<content>22.08</content>
				</attRef>
				<attRef name="Sad_SD">
					<content>12.5</content>
				</attRef>
				<attRef name="Fear_Mean">
					<content>23.03</content>
				</attRef>
				<attRef name="Fear_SD">
					<content>12.42</content>
				</attRef>
				<attRef name="Disg_Mean">
					<content>18.29</content>
				</attRef>
				<attRef name="Disg_SD">
					<content>8.08</content>
				</attRef>
				<attRef name="n_affective">
					<content>13</content>
				</attRef>
				<attRef name="ValenceMean">
					<content>250.38</content>
				</attRef>
				<attRef name="ValenceSD">
					<content>64.11</content>
				</attRef>
				<attRef name="ArousalMean">
					<content>277.71</content>
				</attRef>
				<attRef name="ArousalSD">
					<content>78.11</content>
				</attRef>
				<attRef name="n_v_a">
					<content>49</content>
				</attRef>
				<attRef name="Max_Aro">
					<content>7.5</content>
				</attRef>
				<attRef name="Min_Aro">
					<content>3.9</content>
				</attRef>
				<attRef name="ArousalSpan">
					<content>3.6</content>
				</attRef>
				<attRef name="Max_Val">
					<content>8.0</content>
				</attRef>
				<attRef name="Min_Val">
					<content>1.725</content>
				</attRef>
				<attRef name="ValenceSpan">
					<content>6.275</content>
				</attRef>
				<attRef name="CorAro">
					<content>0.1117</content>
				</attRef>
				<attRef name="CorVal">
					<content>0.1269</content>
				</attRef>
				<attRef name="averageAoA">
					<content>262.75</content>
				</attRef>
				<attRef name="sdAOA">
					<content>80.11</content>
				</attRef>
				<attRef name="MinAoA">
					<content>97.0</content>
				</attRef>
				<attRef name="MaxAoA">
					<content>427.33</content>
				</attRef>
				<attRef name="OralFreq_Log">
					<content>104.22</content>
				</attRef>
				<attRef name="WrittenFreq_Log">
					<content>115.05</content>
				</attRef>
				<attRef name="n_aoa">
					<content>42</content>
				</attRef>
				<attRef name="Max_AoA">
					<content>10.48</content>
				</attRef>
				<attRef name="Min_AoA">
					<content>1.64</content>
				</attRef>
				<attRef name="AoASpan">
					<content>8.84</content>
				</attRef>
				<attRef name="Max_sdAOA">
					<content>2.814</content>
				</attRef>
				<attRef name="Min_sdAOA">
					<content>0.921</content>
				</attRef>
				<attRef name="sdAOASpan">
					<content>1.893</content>
				</attRef>
				<attRef name="Max_logOralFreq">
					<content>4.152</content>
				</attRef>
				<attRef name="Min_logOralFreq">
					<content>0.778</content>
				</attRef>
				<attRef name="logOralFreqSpan">
					<content>3.374</content>
				</attRef>
				<attRef name="Max_logWrittenFreq">
					<content>4.003</content>
				</attRef>
				<attRef name="Min_logWrittenFreq">
					<content>1.505</content>
				</attRef>
				<attRef name="logWrittenFreqSpan">
					<content>2.498</content>
				</attRef>
				<attRef name="CorAoA">
					<content>0.1153</content>
				</attRef>
			</param>
		</body>
	</text>
</TEI>