<?xml version="1.0" encoding="utf-8"?>
<TEI xmlns="http://www.tei-c.org/ns/1.0">
	<teiHeader>
		<fileDesc>
			<titleStmt about="disco:po_373n1389">
				<title property="dc:title">A Elena</title>
				<author property="dc:creator" resource="disco:373n" corresp="#disco_373n">Clemente Althaus</author>
				<principal xml:id="prf">Pablo Ruiz Fabo</principal>
				<principal xml:id="heb">Helena Bermúdez Sabel</principal>
				<principal xml:id="jct">José Calvo Tello</principal>
				<principal xml:id="cimc">Clara Isabel Martínez Cantón</principal>
				<respStmt>
					<resp>Metrical annotation by</resp>
					<name xml:id="bnc">Borja Navarro Colorado</name>
				</respStmt>
			</titleStmt>
			<extent>
				<measure unit="sonnets">1</measure>
				<measure unit="tokens">88</measure>
				<measure unit="line">14</measure>
			</extent>
			<publicationStmt>
				<publisher>Diachronic Spanish Sonnet Corpus</publisher>
				<authority>POSTDATA Project</authority>
				<pubPlace>Madrid</pubPlace>
				<availability status="free">
					<p>The text is freely available</p>
				</availability>
				<date when="2017">2017</date>
				<idno type="#disco" xml:id="file_po_373n1389"></idno>
			</publicationStmt>
			<sourceDesc>
				<bibl type="digital-source">
					<hi rend="italics">Sonetos del siglo XIX</hi>
					<date when="2006">2006</date>
					<ref target="http://www.cervantesvirtual.com/nd/ark:/59851/bmc4q861"></ref>
					<ref target="http://www.cervantesvirtual.com/obra/sonetos-del-siglo-xix--0/"></ref>
Biblioteca Cervantes Virtual,  / editados por Ramón García González, , , .				</bibl>
			</sourceDesc>
		</fileDesc>
		<profileDesc>
			<langUsage>
				<language ident="es" about="disco:po_373n1389" property="dc:language" resource="dbpedia:Idioma_español">Spanish</language>
			</langUsage>
			<particDesc>
				<listPerson>
					<person xml:id="disco_373n" about="disco:373n" typeOf="foaf:Person">
						<idno cert="high" property="rdfs:seeAlso" resource="https://viaf.org/viaf/310561275"></idno>
						<persName type="short">Althaus</persName>
						<persName type="full">
							<forename property="foaf:givenName">Clemente</forename>
							<surname property="foaf:familyName">Althaus</surname>
						</persName>
						<persName type="source" property="foaf:name">Clemente Althaus</persName>
						<sex property="foaf:gender" content="M"></sex>
						<birth>
							<location>
								<placeName>
									<settlement property="schema:birthPlace" inlist="">Lima</settlement>
									<country property="schema:birthPlace" inlist="">Perú</country>
									<bloc property="schema:birthPlace" inlist="">América</bloc>
								</placeName>
							</location>
							<date property="schema:birthDate" content="1835" cert="high"></date>
							<date type="century">19</date>
						</birth>
						<death>
							<location>
								<placeName>
									<settlement property="schema:deathPlace" inlist="">París</settlement>
								</placeName>
							</location>
							<date property="schema:deathDate" content="1881" cert="high"></date>
							<date type="century">19</date>
						</death>
						<listBibl inlist="" rel="blterms:hasCreated" typeOf="schema:CreativeWork">
							<bibl resource="disco:s373n1389">
								<title property="dc:title">A Elena</title>
								<title type="incipit" property="dc:alternative">Contemplando callaba embelesado,</title>
							</bibl>
						</listBibl>
					</person>
				</listPerson>
			</particDesc>
		</profileDesc>
		<encodingDesc>
			<listPrefixDef>
				<prefixDef ident="foaf" matchPattern="([A-Za-z]+)" replacementPattern="http://xmlns.com/foaf/0.1/$1"></prefixDef>
				<prefixDef ident="dc" matchPattern="([A-Za-z]+)" replacementPattern="http://purl.org/dc/terms/$1"></prefixDef>
				<prefixDef ident="schema" matchPattern="([A-Za-z]+)" replacementPattern="http://schema.org/$1"></prefixDef>
				<prefixDef ident="dbpedia" matchPattern="([A-Za-z]+(_[A-Za-z])*)" replacementPattern="http://es.dbpedia.org/page/"></prefixDef>
				<prefixDef ident="blterms" matchPattern="([A-Za-z]+)" replacementPattern="http://www.bl.uk/schemas/bibliographic/blterms#$1"></prefixDef>
				<prefixDef ident="rdfs" matchPattern="([A-Za-z]+)" replacementPattern="http://www.w3.org/2000/01/rdf-schema#$1"></prefixDef>
			</listPrefixDef>
			<metDecl type="met" pattern="((\+|\-)+)*">
				<metSym value="+">stressed syllable</metSym>
				<metSym value="-">unstressed syllable</metSym>
			</metDecl>
			<metDecl type="met">
				<p>
					<ref target="https://github.com/bncolorado/adsoScansionSystem">ADSO</ref>
The metrical patterns were extracted automatically using the 
                    tool.				</p>
			</metDecl>
			<metDecl type="enjamb">
				<p>
					<att>enjamb</att>
					<att>cert</att>
					<ref target="https://sites.google.com/site/spanishenjambment/">ANJA
                        (Automatic eNJambment Analysis)</ref>
					<ref target="https://sites.google.com/site/spanishenjambment/enjambment-types">documentation</ref>
					<ref target="https://sites.google.com/site/spanishenjambment/tei-certitude-values">report</ref>
The values of the  atributes were extracted automatically using
                    the  tool. For more information about the
                    types of enjambment as defined in this corpus, read the . In addition, a  was added to express the
                    degree of certainty concerning the characterisation of the enjambment. The following 
                     covers this feature in deep detail.				</p>
			</metDecl>
		</encodingDesc>
		<revisionDesc>
			<change when="2017-11-02" who="#prf">Initial TEI version</change>
			<change when="2017-11-27" who="#prf">Addition of metrical annotation</change>
			<change when="2017-11-27" who="#heb">Review of authors’ metadata</change>
			<change when="2017-12-01" who="#prf">Encoding of enjambment</change>
			<change when="2017-12-01" who="#heb">Publication of 19th, 18th and Golden Age version</change>
			<change when="2018-05-16" who="#heb">Revision of RDFa attributes</change>
		</revisionDesc>
	</teiHeader>
	<text>
		<front>
			<head>A Elena</head>
		</front>
		<body>
			<lg n="1" type="cuarteto">
				<l n="1" met="--+--+---+-">Contemplando callaba embelesado,</l>
				<l n="2" met="-+---+-+-+-">feliz visitador, a dos doncellas,</l>
				<l n="3" met="++---+---+-">tan puras y graciosas como bellas,</l>
				<l n="4" met="-+-+---+-+-">y bellas ambas en el mismo grado:</l>
				<param name="AffectiveFeatures">
					<attRef name="Hap_Mean">
						<content>8.36</content>
					</attRef>
					<attRef name="Hap_SD">
						<content>2.78</content>
					</attRef>
					<attRef name="Ang_Mean">
						<content>4.0</content>
					</attRef>
					<attRef name="Ang_SD">
						<content>1.81</content>
					</attRef>
					<attRef name="Sad_Mean">
						<content>5.2</content>
					</attRef>
					<attRef name="Sad_SD">
						<content>2.65</content>
					</attRef>
					<attRef name="Fear_Mean">
						<content>5.13</content>
					</attRef>
					<attRef name="Fear_SD">
						<content>3.09</content>
					</attRef>
					<attRef name="Disg_Mean">
						<content>3.6</content>
					</attRef>
					<attRef name="Disg_SD">
						<content>1.25</content>
					</attRef>
					<attRef name="n_affective">
						<content>3</content>
					</attRef>
					<attRef name="ValenceMean">
						<content>66.82</content>
					</attRef>
					<attRef name="ValenceSD">
						<content>12.38</content>
					</attRef>
					<attRef name="ArousalMean">
						<content>55.42</content>
					</attRef>
					<attRef name="ArousalSD">
						<content>18.81</content>
					</attRef>
					<attRef name="n_v_a">
						<content>11</content>
					</attRef>
					<attRef name="Max_Aro">
						<content>5.84</content>
					</attRef>
					<attRef name="Min_Aro">
						<content>4.2</content>
					</attRef>
					<attRef name="ArousalSpan">
						<content>1.64</content>
					</attRef>
					<attRef name="Max_Val">
						<content>8.45</content>
					</attRef>
					<attRef name="Min_Val">
						<content>3.25</content>
					</attRef>
					<attRef name="ValenceSpan">
						<content>5.2</content>
					</attRef>
					<attRef name="CorAro">
						<content>0.2007</content>
					</attRef>
					<attRef name="CorVal">
						<content>-0.0349</content>
					</attRef>
					<attRef name="averageAoA">
						<content>77.2</content>
					</attRef>
					<attRef name="sdAOA">
						<content>24.89</content>
					</attRef>
					<attRef name="MinAoA">
						<content>29.0</content>
					</attRef>
					<attRef name="MaxAoA">
						<content>130.0</content>
					</attRef>
					<attRef name="OralFreq_Log">
						<content>27.83</content>
					</attRef>
					<attRef name="WrittenFreq_Log">
						<content>33.25</content>
					</attRef>
					<attRef name="n_aoa">
						<content>13</content>
					</attRef>
					<attRef name="Max_AoA">
						<content>8.54</content>
					</attRef>
					<attRef name="Min_AoA">
						<content>2.24</content>
					</attRef>
					<attRef name="AoASpan">
						<content>6.3</content>
					</attRef>
					<attRef name="Max_sdAOA">
						<content>2.488</content>
					</attRef>
					<attRef name="Min_sdAOA">
						<content>1.098</content>
					</attRef>
					<attRef name="sdAOASpan">
						<content>1.39</content>
					</attRef>
					<attRef name="Max_logOralFreq">
						<content>3.813</content>
					</attRef>
					<attRef name="Min_logOralFreq">
						<content>0.778</content>
					</attRef>
					<attRef name="logOralFreqSpan">
						<content>3.035</content>
					</attRef>
					<attRef name="Max_logWrittenFreq">
						<content>3.869</content>
					</attRef>
					<attRef name="Min_logWrittenFreq">
						<content>1.7080000000000002</content>
					</attRef>
					<attRef name="logWrittenFreqSpan">
						<content>2.161</content>
					</attRef>
					<attRef name="CorAoA">
						<content>0.2346</content>
					</attRef>
				</param>
			</lg>
			<lg n="2" type="cuarteto">
				<l n="5" met="--+--+---+-" enjamb="B-pb_adj_noun" cert="medium">mas, apenas llegaste, y el estrado</l>
				<l n="6" met="+-+--+---+-" enjamb="I-pb_adj_noun" cert="medium">alto asiento te diera en medio de ellas,</l>
				<l n="7" met="---+-+---+-">como ante el sol se apagan las estrellas,</l>
				<l n="8" met="-+---+---+-">así se oscurecieron a tu lado,</l>
				<param name="AffectiveFeatures">
					<attRef name="Hap_Mean">
						<content>7.97</content>
					</attRef>
					<attRef name="Hap_SD">
						<content>2.64</content>
					</attRef>
					<attRef name="Ang_Mean">
						<content>3.63</content>
					</attRef>
					<attRef name="Ang_SD">
						<content>1.7</content>
					</attRef>
					<attRef name="Sad_Mean">
						<content>4.04</content>
					</attRef>
					<attRef name="Sad_SD">
						<content>2.36</content>
					</attRef>
					<attRef name="Fear_Mean">
						<content>3.94</content>
					</attRef>
					<attRef name="Fear_SD">
						<content>2.24</content>
					</attRef>
					<attRef name="Disg_Mean">
						<content>3.63</content>
					</attRef>
					<attRef name="Disg_SD">
						<content>1.48</content>
					</attRef>
					<attRef name="n_affective">
						<content>3</content>
					</attRef>
					<attRef name="ValenceMean">
						<content>63.19</content>
					</attRef>
					<attRef name="ValenceSD">
						<content>12.37</content>
					</attRef>
					<attRef name="ArousalMean">
						<content>57.72</content>
					</attRef>
					<attRef name="ArousalSD">
						<content>19.96</content>
					</attRef>
					<attRef name="n_v_a">
						<content>12</content>
					</attRef>
					<attRef name="Max_Aro">
						<content>6.85</content>
					</attRef>
					<attRef name="Min_Aro">
						<content>3.6</content>
					</attRef>
					<attRef name="ArousalSpan">
						<content>3.25</content>
					</attRef>
					<attRef name="Max_Val">
						<content>7.4</content>
					</attRef>
					<attRef name="Min_Val">
						<content>3.2</content>
					</attRef>
					<attRef name="ValenceSpan">
						<content>4.2</content>
					</attRef>
					<attRef name="CorAro">
						<content>-0.1668</content>
					</attRef>
					<attRef name="CorVal">
						<content>-0.2996</content>
					</attRef>
					<attRef name="averageAoA">
						<content>52.53</content>
					</attRef>
					<attRef name="sdAOA">
						<content>20.42</content>
					</attRef>
					<attRef name="MinAoA">
						<content>15.0</content>
					</attRef>
					<attRef name="MaxAoA">
						<content>99.33</content>
					</attRef>
					<attRef name="OralFreq_Log">
						<content>27.33</content>
					</attRef>
					<attRef name="WrittenFreq_Log">
						<content>31.48</content>
					</attRef>
					<attRef name="n_aoa">
						<content>11</content>
					</attRef>
					<attRef name="Max_AoA">
						<content>7.78</content>
					</attRef>
					<attRef name="Min_AoA">
						<content>2.92</content>
					</attRef>
					<attRef name="AoASpan">
						<content>4.86</content>
					</attRef>
					<attRef name="Max_sdAOA">
						<content>2.304</content>
					</attRef>
					<attRef name="Min_sdAOA">
						<content>1.469</content>
					</attRef>
					<attRef name="sdAOASpan">
						<content>0.835</content>
					</attRef>
					<attRef name="Max_logOralFreq">
						<content>3.694</content>
					</attRef>
					<attRef name="Min_logOralFreq">
						<content>1.23</content>
					</attRef>
					<attRef name="logOralFreqSpan">
						<content>2.464</content>
					</attRef>
					<attRef name="Max_logWrittenFreq">
						<content>3.631</content>
					</attRef>
					<attRef name="Min_logWrittenFreq">
						<content>1.602</content>
					</attRef>
					<attRef name="logWrittenFreqSpan">
						<content>2.029</content>
					</attRef>
					<attRef name="CorAoA">
						<content>-0.5312</content>
					</attRef>
				</param>
			</lg>
			<lg n="3" type="terceto">
				<l n="9" met="---+-+-+-+-">que, como el mismo sol humanas teas,</l>
				<l n="10" met="-+++---+-+-">así tú, Elena, a las demás mujeres</l>
				<l n="11" met="+---++---+-">cubres con tu luz fúlgida y afeas.</l>
				<param name="AffectiveFeatures">
					<attRef name="Hap_Mean">
						<content>10.8</content>
					</attRef>
					<attRef name="Hap_SD">
						<content>3.35</content>
					</attRef>
					<attRef name="Ang_Mean">
						<content>3.87</content>
					</attRef>
					<attRef name="Ang_SD">
						<content>1.87</content>
					</attRef>
					<attRef name="Sad_Mean">
						<content>4.46</content>
					</attRef>
					<attRef name="Sad_SD">
						<content>2.56</content>
					</attRef>
					<attRef name="Fear_Mean">
						<content>4.4</content>
					</attRef>
					<attRef name="Fear_SD">
						<content>2.73</content>
					</attRef>
					<attRef name="Disg_Mean">
						<content>3.57</content>
					</attRef>
					<attRef name="Disg_SD">
						<content>1.42</content>
					</attRef>
					<attRef name="n_affective">
						<content>3</content>
					</attRef>
					<attRef name="ValenceMean">
						<content>55.79</content>
					</attRef>
					<attRef name="ValenceSD">
						<content>9.78</content>
					</attRef>
					<attRef name="ArousalMean">
						<content>41.57</content>
					</attRef>
					<attRef name="ArousalSD">
						<content>13.65</content>
					</attRef>
					<attRef name="n_v_a">
						<content>9</content>
					</attRef>
					<attRef name="Max_Aro">
						<content>5.15</content>
					</attRef>
					<attRef name="Min_Aro">
						<content>3.85</content>
					</attRef>
					<attRef name="ArousalSpan">
						<content>1.3</content>
					</attRef>
					<attRef name="Max_Val">
						<content>7.4</content>
					</attRef>
					<attRef name="Min_Val">
						<content>4.9</content>
					</attRef>
					<attRef name="ValenceSpan">
						<content>2.5</content>
					</attRef>
					<attRef name="CorAro">
						<content>0.2577</content>
					</attRef>
					<attRef name="CorVal">
						<content>0.0625</content>
					</attRef>
					<attRef name="averageAoA">
						<content>45.38</content>
					</attRef>
					<attRef name="sdAOA">
						<content>18.29</content>
					</attRef>
					<attRef name="MinAoA">
						<content>11.5</content>
					</attRef>
					<attRef name="MaxAoA">
						<content>84.0</content>
					</attRef>
					<attRef name="OralFreq_Log">
						<content>24.01</content>
					</attRef>
					<attRef name="WrittenFreq_Log">
						<content>27.0</content>
					</attRef>
					<attRef name="n_aoa">
						<content>9</content>
					</attRef>
					<attRef name="Max_AoA">
						<content>7.36</content>
					</attRef>
					<attRef name="Min_AoA">
						<content>2.92</content>
					</attRef>
					<attRef name="AoASpan">
						<content>4.44</content>
					</attRef>
					<attRef name="Max_sdAOA">
						<content>2.359</content>
					</attRef>
					<attRef name="Min_sdAOA">
						<content>1.469</content>
					</attRef>
					<attRef name="sdAOASpan">
						<content>0.89</content>
					</attRef>
					<attRef name="Max_logOralFreq">
						<content>3.694</content>
					</attRef>
					<attRef name="Min_logOralFreq">
						<content>1.3975</content>
					</attRef>
					<attRef name="logOralFreqSpan">
						<content>2.2965</content>
					</attRef>
					<attRef name="Max_logWrittenFreq">
						<content>3.631</content>
					</attRef>
					<attRef name="Min_logWrittenFreq">
						<content>1.996</content>
					</attRef>
					<attRef name="logWrittenFreqSpan">
						<content>1.635</content>
					</attRef>
					<attRef name="CorAoA">
						<content>0.0841</content>
					</attRef>
				</param>
			</lg>
			<lg n="4" type="terceto">
				<l n="12" met="+--+-+---+-">Cesan contigo varios pareceres,</l>
				<l n="13" met="---+---+++-">y aunque la sola en ignorarlo seas,</l>
				<l n="14" met="+--+---+-+-">tú la beldad de las beldades eres!</l>
				<param name="AffectiveFeatures">
					<attRef name="n_affective">
						<content>0</content>
					</attRef>
					<attRef name="ValenceMean">
						<content>23.15</content>
					</attRef>
					<attRef name="ValenceSD">
						<content>7.85</content>
					</attRef>
					<attRef name="ArousalMean">
						<content>19.59</content>
					</attRef>
					<attRef name="ArousalSD">
						<content>9.32</content>
					</attRef>
					<attRef name="n_v_a">
						<content>5</content>
					</attRef>
					<attRef name="Max_Aro">
						<content>5.5</content>
					</attRef>
					<attRef name="Min_Aro">
						<content>2.67</content>
					</attRef>
					<attRef name="ArousalSpan">
						<content>2.83</content>
					</attRef>
					<attRef name="Max_Val">
						<content>5.15</content>
					</attRef>
					<attRef name="Min_Val">
						<content>3.05</content>
					</attRef>
					<attRef name="ValenceSpan">
						<content>2.1</content>
					</attRef>
					<attRef name="CorAro">
						<content>-0.646</content>
					</attRef>
					<attRef name="CorVal">
						<content>-0.0694</content>
					</attRef>
					<attRef name="averageAoA">
						<content>28.31</content>
					</attRef>
					<attRef name="sdAOA">
						<content>9.18</content>
					</attRef>
					<attRef name="MinAoA">
						<content>11.0</content>
					</attRef>
					<attRef name="MaxAoA">
						<content>51.0</content>
					</attRef>
					<attRef name="OralFreq_Log">
						<content>12.77</content>
					</attRef>
					<attRef name="WrittenFreq_Log">
						<content>13.94</content>
					</attRef>
					<attRef name="n_aoa">
						<content>5</content>
					</attRef>
					<attRef name="Max_AoA">
						<content>6.7</content>
					</attRef>
					<attRef name="Min_AoA">
						<content>4.24</content>
					</attRef>
					<attRef name="AoASpan">
						<content>2.46</content>
					</attRef>
					<attRef name="Max_sdAOA">
						<content>2.263</content>
					</attRef>
					<attRef name="Min_sdAOA">
						<content>1.648</content>
					</attRef>
					<attRef name="sdAOASpan">
						<content>0.615</content>
					</attRef>
					<attRef name="Max_logOralFreq">
						<content>3.241</content>
					</attRef>
					<attRef name="Min_logOralFreq">
						<content>2.199</content>
					</attRef>
					<attRef name="logOralFreqSpan">
						<content>1.042</content>
					</attRef>
					<attRef name="Max_logWrittenFreq">
						<content>3.649</content>
					</attRef>
					<attRef name="Min_logWrittenFreq">
						<content>2.155</content>
					</attRef>
					<attRef name="logWrittenFreqSpan">
						<content>1.494</content>
					</attRef>
					<attRef name="CorAoA">
						<content>0.3391</content>
					</attRef>
				</param>
			</lg>
			<param name="AffectiveFeatures">
				<attRef name="Hap_Mean">
					<content>27.13</content>
				</attRef>
				<attRef name="Hap_SD">
					<content>8.77</content>
				</attRef>
				<attRef name="Ang_Mean">
					<content>11.5</content>
				</attRef>
				<attRef name="Ang_SD">
					<content>5.38</content>
				</attRef>
				<attRef name="Sad_Mean">
					<content>13.7</content>
				</attRef>
				<attRef name="Sad_SD">
					<content>7.57</content>
				</attRef>
				<attRef name="Fear_Mean">
					<content>13.47</content>
				</attRef>
				<attRef name="Fear_SD">
					<content>8.06</content>
				</attRef>
				<attRef name="Disg_Mean">
					<content>10.8</content>
				</attRef>
				<attRef name="Disg_SD">
					<content>4.15</content>
				</attRef>
				<attRef name="n_affective">
					<content>9</content>
				</attRef>
				<attRef name="ValenceMean">
					<content>208.95</content>
				</attRef>
				<attRef name="ValenceSD">
					<content>42.38</content>
				</attRef>
				<attRef name="ArousalMean">
					<content>174.3</content>
				</attRef>
				<attRef name="ArousalSD">
					<content>61.74</content>
				</attRef>
				<attRef name="n_v_a">
					<content>37</content>
				</attRef>
				<attRef name="Max_Aro">
					<content>6.85</content>
				</attRef>
				<attRef name="Min_Aro">
					<content>2.67</content>
				</attRef>
				<attRef name="ArousalSpan">
					<content>4.18</content>
				</attRef>
				<attRef name="Max_Val">
					<content>8.45</content>
				</attRef>
				<attRef name="Min_Val">
					<content>3.05</content>
				</attRef>
				<attRef name="ValenceSpan">
					<content>5.4</content>
				</attRef>
				<attRef name="CorAro">
					<content>-0.3928</content>
				</attRef>
				<attRef name="CorVal">
					<content>-0.2379</content>
				</attRef>
				<attRef name="averageAoA">
					<content>203.42</content>
				</attRef>
				<attRef name="sdAOA">
					<content>72.77</content>
				</attRef>
				<attRef name="MinAoA">
					<content>66.5</content>
				</attRef>
				<attRef name="MaxAoA">
					<content>364.33</content>
				</attRef>
				<attRef name="OralFreq_Log">
					<content>91.94</content>
				</attRef>
				<attRef name="WrittenFreq_Log">
					<content>105.68</content>
				</attRef>
				<attRef name="n_aoa">
					<content>38</content>
				</attRef>
				<attRef name="Max_AoA">
					<content>8.54</content>
				</attRef>
				<attRef name="Min_AoA">
					<content>2.24</content>
				</attRef>
				<attRef name="AoASpan">
					<content>6.3</content>
				</attRef>
				<attRef name="Max_sdAOA">
					<content>2.488</content>
				</attRef>
				<attRef name="Min_sdAOA">
					<content>1.098</content>
				</attRef>
				<attRef name="sdAOASpan">
					<content>1.39</content>
				</attRef>
				<attRef name="Max_logOralFreq">
					<content>3.813</content>
				</attRef>
				<attRef name="Min_logOralFreq">
					<content>0.778</content>
				</attRef>
				<attRef name="logOralFreqSpan">
					<content>3.035</content>
				</attRef>
				<attRef name="Max_logWrittenFreq">
					<content>3.869</content>
				</attRef>
				<attRef name="Min_logWrittenFreq">
					<content>1.602</content>
				</attRef>
				<attRef name="logWrittenFreqSpan">
					<content>2.267</content>
				</attRef>
				<attRef name="CorAoA">
					<content>-0.1393</content>
				</attRef>
			</param>
		</body>
	</text>
</TEI>