<?xml version="1.0" encoding="utf-8"?>
<TEI xmlns="http://www.tei-c.org/ns/1.0">
	<teiHeader>
		<fileDesc>
			<titleStmt about="disco:po_373n1412">
				<title property="dc:title">La tristeza</title>
				<author property="dc:creator" resource="disco:373n" corresp="#disco_373n">Clemente Althaus</author>
				<principal xml:id="prf">Pablo Ruiz Fabo</principal>
				<principal xml:id="heb">Helena Bermúdez Sabel</principal>
				<principal xml:id="jct">José Calvo Tello</principal>
				<principal xml:id="cimc">Clara Isabel Martínez Cantón</principal>
				<respStmt>
					<resp>Metrical annotation by</resp>
					<name xml:id="bnc">Borja Navarro Colorado</name>
				</respStmt>
			</titleStmt>
			<extent>
				<measure unit="sonnets">1</measure>
				<measure unit="tokens">91</measure>
				<measure unit="line">14</measure>
			</extent>
			<publicationStmt>
				<publisher>Diachronic Spanish Sonnet Corpus</publisher>
				<authority>POSTDATA Project</authority>
				<pubPlace>Madrid</pubPlace>
				<availability status="free">
					<p>The text is freely available</p>
				</availability>
				<date when="2017">2017</date>
				<idno type="#disco" xml:id="file_po_373n1412"></idno>
			</publicationStmt>
			<sourceDesc>
				<bibl type="digital-source">
					<hi rend="italics">Sonetos del siglo XIX</hi>
					<date when="2006">2006</date>
					<ref target="http://www.cervantesvirtual.com/nd/ark:/59851/bmc4q861"></ref>
					<ref target="http://www.cervantesvirtual.com/obra/sonetos-del-siglo-xix--0/"></ref>
Biblioteca Cervantes Virtual,  / editados por Ramón García González, , , .				</bibl>
			</sourceDesc>
		</fileDesc>
		<profileDesc>
			<langUsage>
				<language ident="es" about="disco:po_373n1412" property="dc:language" resource="dbpedia:Idioma_español">Spanish</language>
			</langUsage>
			<particDesc>
				<listPerson>
					<person xml:id="disco_373n" about="disco:373n" typeOf="foaf:Person">
						<idno cert="high" property="rdfs:seeAlso" resource="https://viaf.org/viaf/310561275"></idno>
						<persName type="short">Althaus</persName>
						<persName type="full">
							<forename property="foaf:givenName">Clemente</forename>
							<surname property="foaf:familyName">Althaus</surname>
						</persName>
						<persName type="source" property="foaf:name">Clemente Althaus</persName>
						<sex property="foaf:gender" content="M"></sex>
						<birth>
							<location>
								<placeName>
									<settlement property="schema:birthPlace" inlist="">Lima</settlement>
									<country property="schema:birthPlace" inlist="">Perú</country>
									<bloc property="schema:birthPlace" inlist="">América</bloc>
								</placeName>
							</location>
							<date property="schema:birthDate" content="1835" cert="high"></date>
							<date type="century">19</date>
						</birth>
						<death>
							<location>
								<placeName>
									<settlement property="schema:deathPlace" inlist="">París</settlement>
								</placeName>
							</location>
							<date property="schema:deathDate" content="1881" cert="high"></date>
							<date type="century">19</date>
						</death>
						<listBibl inlist="" rel="blterms:hasCreated" typeOf="schema:CreativeWork">
							<bibl resource="disco:s373n1412">
								<title property="dc:title">La tristeza</title>
								<title type="incipit" property="dc:alternative">¡Y será vana mi mortal porfía!</title>
							</bibl>
						</listBibl>
					</person>
				</listPerson>
			</particDesc>
		</profileDesc>
		<encodingDesc>
			<listPrefixDef>
				<prefixDef ident="foaf" matchPattern="([A-Za-z]+)" replacementPattern="http://xmlns.com/foaf/0.1/$1"></prefixDef>
				<prefixDef ident="dc" matchPattern="([A-Za-z]+)" replacementPattern="http://purl.org/dc/terms/$1"></prefixDef>
				<prefixDef ident="schema" matchPattern="([A-Za-z]+)" replacementPattern="http://schema.org/$1"></prefixDef>
				<prefixDef ident="dbpedia" matchPattern="([A-Za-z]+(_[A-Za-z])*)" replacementPattern="http://es.dbpedia.org/page/"></prefixDef>
				<prefixDef ident="blterms" matchPattern="([A-Za-z]+)" replacementPattern="http://www.bl.uk/schemas/bibliographic/blterms#$1"></prefixDef>
				<prefixDef ident="rdfs" matchPattern="([A-Za-z]+)" replacementPattern="http://www.w3.org/2000/01/rdf-schema#$1"></prefixDef>
			</listPrefixDef>
			<metDecl type="met" pattern="((\+|\-)+)*">
				<metSym value="+">stressed syllable</metSym>
				<metSym value="-">unstressed syllable</metSym>
			</metDecl>
			<metDecl type="met">
				<p>
					<ref target="https://github.com/bncolorado/adsoScansionSystem">ADSO</ref>
The metrical patterns were extracted automatically using the 
                    tool.				</p>
			</metDecl>
			<metDecl type="enjamb">
				<p>
					<att>enjamb</att>
					<att>cert</att>
					<ref target="https://sites.google.com/site/spanishenjambment/">ANJA
                        (Automatic eNJambment Analysis)</ref>
					<ref target="https://sites.google.com/site/spanishenjambment/enjambment-types">documentation</ref>
					<ref target="https://sites.google.com/site/spanishenjambment/tei-certitude-values">report</ref>
The values of the  atributes were extracted automatically using
                    the  tool. For more information about the
                    types of enjambment as defined in this corpus, read the . In addition, a  was added to express the
                    degree of certainty concerning the characterisation of the enjambment. The following 
                     covers this feature in deep detail.				</p>
			</metDecl>
		</encodingDesc>
		<revisionDesc>
			<change when="2017-11-02" who="#prf">Initial TEI version</change>
			<change when="2017-11-27" who="#prf">Addition of metrical annotation</change>
			<change when="2017-11-27" who="#heb">Review of authors’ metadata</change>
			<change when="2017-12-01" who="#prf">Encoding of enjambment</change>
			<change when="2017-12-01" who="#heb">Publication of 19th, 18th and Golden Age version</change>
			<change when="2018-05-16" who="#heb">Revision of RDFa attributes</change>
		</revisionDesc>
	</teiHeader>
	<text>
		<front>
			<head>La tristeza</head>
		</front>
		<body>
			<lg n="1" type="cuarteto">
				<l n="1" met="--++---+-+-">¡Y será vana mi mortal porfía!</l>
				<l n="2" met="+-+--+---+-" enjamb="B-pb_adj_adv" cert="medium">¡Y esta antigua tristeza roedora</l>
				<l n="3" met="-+-+-+-+-+-" enjamb="I-pb_adj_adv" cert="medium">jamás de tregua me dará una hora,</l>
				<l n="4" met="-+-+---+-+-">tras mí corriendo cual la sombra mía!</l>
				<param name="AffectiveFeatures">
					<attRef name="Hap_Mean">
						<content>4.27</content>
					</attRef>
					<attRef name="Hap_SD">
						<content>2.33</content>
					</attRef>
					<attRef name="Ang_Mean">
						<content>2.95</content>
					</attRef>
					<attRef name="Ang_SD">
						<content>1.74</content>
					</attRef>
					<attRef name="Sad_Mean">
						<content>3.49</content>
					</attRef>
					<attRef name="Sad_SD">
						<content>2.11</content>
					</attRef>
					<attRef name="Fear_Mean">
						<content>4.13</content>
					</attRef>
					<attRef name="Fear_SD">
						<content>2.18</content>
					</attRef>
					<attRef name="Disg_Mean">
						<content>2.41</content>
					</attRef>
					<attRef name="Disg_SD">
						<content>1.1</content>
					</attRef>
					<attRef name="n_affective">
						<content>2</content>
					</attRef>
					<attRef name="ValenceMean">
						<content>35.5</content>
					</attRef>
					<attRef name="ValenceSD">
						<content>12.08</content>
					</attRef>
					<attRef name="ArousalMean">
						<content>42.38</content>
					</attRef>
					<attRef name="ArousalSD">
						<content>14.99</content>
					</attRef>
					<attRef name="n_v_a">
						<content>8</content>
					</attRef>
					<attRef name="Max_Aro">
						<content>7.05</content>
					</attRef>
					<attRef name="Min_Aro">
						<content>3.6</content>
					</attRef>
					<attRef name="ArousalSpan">
						<content>3.45</content>
					</attRef>
					<attRef name="Max_Val">
						<content>6.65</content>
					</attRef>
					<attRef name="Min_Val">
						<content>1.8</content>
					</attRef>
					<attRef name="ValenceSpan">
						<content>4.85</content>
					</attRef>
					<attRef name="CorAro">
						<content>-0.1957</content>
					</attRef>
					<attRef name="CorVal">
						<content>0.712</content>
					</attRef>
					<attRef name="averageAoA">
						<content>57.94</content>
					</attRef>
					<attRef name="sdAOA">
						<content>19.63</content>
					</attRef>
					<attRef name="MinAoA">
						<content>17.0</content>
					</attRef>
					<attRef name="MaxAoA">
						<content>98.0</content>
					</attRef>
					<attRef name="OralFreq_Log">
						<content>21.06</content>
					</attRef>
					<attRef name="WrittenFreq_Log">
						<content>26.02</content>
					</attRef>
					<attRef name="n_aoa">
						<content>10</content>
					</attRef>
					<attRef name="Max_AoA">
						<content>9.7</content>
					</attRef>
					<attRef name="Min_AoA">
						<content>2.66</content>
					</attRef>
					<attRef name="AoASpan">
						<content>7.04</content>
					</attRef>
					<attRef name="Max_sdAOA">
						<content>2.789</content>
					</attRef>
					<attRef name="Min_sdAOA">
						<content>1.239</content>
					</attRef>
					<attRef name="sdAOASpan">
						<content>1.55</content>
					</attRef>
					<attRef name="Max_logOralFreq">
						<content>3.137</content>
					</attRef>
					<attRef name="Min_logOralFreq">
						<content>0.778</content>
					</attRef>
					<attRef name="logOralFreqSpan">
						<content>2.359</content>
					</attRef>
					<attRef name="Max_logWrittenFreq">
						<content>3.342</content>
					</attRef>
					<attRef name="Min_logWrittenFreq">
						<content>1.716</content>
					</attRef>
					<attRef name="logWrittenFreqSpan">
						<content>1.626</content>
					</attRef>
					<attRef name="CorAoA">
						<content>-0.5237</content>
					</attRef>
				</param>
			</lg>
			<lg n="2" type="cuarteto">
				<l n="5" met="---+-+---+-">¡Ay! de la zona tórrida a la fría,</l>
				<l n="6" met="-+-+---+-+-">del negro ocaso a la brillante aurora,</l>
				<l n="7" met="-+---+-+-+-">por cuanto con su luz el sol colora,</l>
				<l n="8" met="+-+--+---+-">me persigue su odiada compañía!</l>
				<param name="AffectiveFeatures">
					<attRef name="Hap_Mean">
						<content>18.45</content>
					</attRef>
					<attRef name="Hap_SD">
						<content>6.21</content>
					</attRef>
					<attRef name="Ang_Mean">
						<content>11.65</content>
					</attRef>
					<attRef name="Ang_SD">
						<content>4.92</content>
					</attRef>
					<attRef name="Sad_Mean">
						<content>13.78</content>
					</attRef>
					<attRef name="Sad_SD">
						<content>6.85</content>
					</attRef>
					<attRef name="Fear_Mean">
						<content>11.51</content>
					</attRef>
					<attRef name="Fear_SD">
						<content>6.46</content>
					</attRef>
					<attRef name="Disg_Mean">
						<content>9.03</content>
					</attRef>
					<attRef name="Disg_SD">
						<content>3.7</content>
					</attRef>
					<attRef name="n_affective">
						<content>7</content>
					</attRef>
					<attRef name="ValenceMean">
						<content>67.6</content>
					</attRef>
					<attRef name="ValenceSD">
						<content>15.72</content>
					</attRef>
					<attRef name="ArousalMean">
						<content>60.63</content>
					</attRef>
					<attRef name="ArousalSD">
						<content>20.09</content>
					</attRef>
					<attRef name="n_v_a">
						<content>12</content>
					</attRef>
					<attRef name="Max_Aro">
						<content>7.95</content>
					</attRef>
					<attRef name="Min_Aro">
						<content>3.35</content>
					</attRef>
					<attRef name="ArousalSpan">
						<content>4.6</content>
					</attRef>
					<attRef name="Max_Val">
						<content>7.4</content>
					</attRef>
					<attRef name="Min_Val">
						<content>2.08</content>
					</attRef>
					<attRef name="ValenceSpan">
						<content>5.32</content>
					</attRef>
					<attRef name="CorAro">
						<content>0.4123</content>
					</attRef>
					<attRef name="CorVal">
						<content>-0.03</content>
					</attRef>
					<attRef name="averageAoA">
						<content>66.82</content>
					</attRef>
					<attRef name="sdAOA">
						<content>22.52</content>
					</attRef>
					<attRef name="MinAoA">
						<content>21.0</content>
					</attRef>
					<attRef name="MaxAoA">
						<content>112.0</content>
					</attRef>
					<attRef name="OralFreq_Log">
						<content>23.36</content>
					</attRef>
					<attRef name="WrittenFreq_Log">
						<content>28.63</content>
					</attRef>
					<attRef name="n_aoa">
						<content>12</content>
					</attRef>
					<attRef name="Max_AoA">
						<content>9.88</content>
					</attRef>
					<attRef name="Min_AoA">
						<content>2.92</content>
					</attRef>
					<attRef name="AoASpan">
						<content>6.96</content>
					</attRef>
					<attRef name="Max_sdAOA">
						<content>2.344</content>
					</attRef>
					<attRef name="Min_sdAOA">
						<content>1.275</content>
					</attRef>
					<attRef name="sdAOASpan">
						<content>1.069</content>
					</attRef>
					<attRef name="Max_logOralFreq">
						<content>2.968</content>
					</attRef>
					<attRef name="Min_logOralFreq">
						<content>0.602</content>
					</attRef>
					<attRef name="logOralFreqSpan">
						<content>2.366</content>
					</attRef>
					<attRef name="Max_logWrittenFreq">
						<content>3.2</content>
					</attRef>
					<attRef name="Min_logWrittenFreq">
						<content>1.431</content>
					</attRef>
					<attRef name="logWrittenFreqSpan">
						<content>1.769</content>
					</attRef>
					<attRef name="CorAoA">
						<content>-0.0132</content>
					</attRef>
				</param>
			</lg>
			<lg n="3" type="terceto">
				<l n="9" met="+--+-+---+-" enjamb="B-cc_crossclause" cert="high">Fábula son las islas de Fortuna</l>
				<l n="10" met="-+-+-+---+-" enjamb="B-pb_adj_prep I-cc_crossclause" cert="low high">que ser fingió el antiguo devaneo</l>
				<l n="11" met="-----+-+-+-" enjamb="I-pb_adj_prep" cert="low">de la Felicidad morada y cuna.</l>
				<param name="AffectiveFeatures">
					<attRef name="n_affective">
						<content>0</content>
					</attRef>
					<attRef name="ValenceMean">
						<content>57.09</content>
					</attRef>
					<attRef name="ValenceSD">
						<content>11.51</content>
					</attRef>
					<attRef name="ArousalMean">
						<content>44.01</content>
					</attRef>
					<attRef name="ArousalSD">
						<content>18.31</content>
					</attRef>
					<attRef name="n_v_a">
						<content>9</content>
					</attRef>
					<attRef name="Max_Aro">
						<content>6.8</content>
					</attRef>
					<attRef name="Min_Aro">
						<content>3.05</content>
					</attRef>
					<attRef name="ArousalSpan">
						<content>3.75</content>
					</attRef>
					<attRef name="Max_Val">
						<content>8.4</content>
					</attRef>
					<attRef name="Min_Val">
						<content>2.95</content>
					</attRef>
					<attRef name="ValenceSpan">
						<content>5.45</content>
					</attRef>
					<attRef name="CorAro">
						<content>-0.5656</content>
					</attRef>
					<attRef name="CorVal">
						<content>0.027</content>
					</attRef>
					<attRef name="averageAoA">
						<content>49.71</content>
					</attRef>
					<attRef name="sdAOA">
						<content>15.97</content>
					</attRef>
					<attRef name="MinAoA">
						<content>18.0</content>
					</attRef>
					<attRef name="MaxAoA">
						<content>79.0</content>
					</attRef>
					<attRef name="OralFreq_Log">
						<content>14.23</content>
					</attRef>
					<attRef name="WrittenFreq_Log">
						<content>18.56</content>
					</attRef>
					<attRef name="n_aoa">
						<content>8</content>
					</attRef>
					<attRef name="Max_AoA">
						<content>8.32</content>
					</attRef>
					<attRef name="Min_AoA">
						<content>2.48</content>
					</attRef>
					<attRef name="AoASpan">
						<content>5.84</content>
					</attRef>
					<attRef name="Max_sdAOA">
						<content>2.403</content>
					</attRef>
					<attRef name="Min_sdAOA">
						<content>1.216</content>
					</attRef>
					<attRef name="sdAOASpan">
						<content>1.187</content>
					</attRef>
					<attRef name="Max_logOralFreq">
						<content>3.731</content>
					</attRef>
					<attRef name="Min_logOralFreq">
						<content>0.477</content>
					</attRef>
					<attRef name="logOralFreqSpan">
						<content>3.254</content>
					</attRef>
					<attRef name="Max_logWrittenFreq">
						<content>3.924</content>
					</attRef>
					<attRef name="Min_logWrittenFreq">
						<content>1.505</content>
					</attRef>
					<attRef name="logWrittenFreqSpan">
						<content>2.419</content>
					</attRef>
					<attRef name="CorAoA">
						<content>-0.5346</content>
					</attRef>
				</param>
			</lg>
			<lg n="4" type="terceto">
				<l n="12" met="-----+++++-">¡Dulce Felicidad! ya en ti no creo;</l>
				<l n="13" met="---+---+-+-">mas ¡ay de mí! sin esperanza alguna,</l>
				<l n="14" met="++-+-+---+-">te busco eternamente y te deseo!</l>
				<param name="AffectiveFeatures">
					<attRef name="Hap_Mean">
						<content>8.6</content>
					</attRef>
					<attRef name="Hap_SD">
						<content>1.81</content>
					</attRef>
					<attRef name="Ang_Mean">
						<content>2.2</content>
					</attRef>
					<attRef name="Ang_SD">
						<content>0.62</content>
					</attRef>
					<attRef name="Sad_Mean">
						<content>2.74</content>
					</attRef>
					<attRef name="Sad_SD">
						<content>1.48</content>
					</attRef>
					<attRef name="Fear_Mean">
						<content>3.07</content>
					</attRef>
					<attRef name="Fear_SD">
						<content>1.67</content>
					</attRef>
					<attRef name="Disg_Mean">
						<content>2.03</content>
					</attRef>
					<attRef name="Disg_SD">
						<content>0.18</content>
					</attRef>
					<attRef name="n_affective">
						<content>2</content>
					</attRef>
					<attRef name="ValenceMean">
						<content>49.32</content>
					</attRef>
					<attRef name="ValenceSD">
						<content>8.81</content>
					</attRef>
					<attRef name="ArousalMean">
						<content>34.12</content>
					</attRef>
					<attRef name="ArousalSD">
						<content>16.23</content>
					</attRef>
					<attRef name="n_v_a">
						<content>7</content>
					</attRef>
					<attRef name="Max_Aro">
						<content>5.7</content>
					</attRef>
					<attRef name="Min_Aro">
						<content>4.1</content>
					</attRef>
					<attRef name="ArousalSpan">
						<content>1.6</content>
					</attRef>
					<attRef name="Max_Val">
						<content>8.4</content>
					</attRef>
					<attRef name="Min_Val">
						<content>5.5</content>
					</attRef>
					<attRef name="ValenceSpan">
						<content>2.9</content>
					</attRef>
					<attRef name="CorAro">
						<content>0.2964</content>
					</attRef>
					<attRef name="CorVal">
						<content>-0.4027</content>
					</attRef>
					<attRef name="averageAoA">
						<content>42.41</content>
					</attRef>
					<attRef name="sdAOA">
						<content>14.89</content>
					</attRef>
					<attRef name="MinAoA">
						<content>14.0</content>
					</attRef>
					<attRef name="MaxAoA">
						<content>73.33</content>
					</attRef>
					<attRef name="OralFreq_Log">
						<content>15.15</content>
					</attRef>
					<attRef name="WrittenFreq_Log">
						<content>18.36</content>
					</attRef>
					<attRef name="n_aoa">
						<content>7</content>
					</attRef>
					<attRef name="Max_AoA">
						<content>7.94</content>
					</attRef>
					<attRef name="Min_AoA">
						<content>4.1</content>
					</attRef>
					<attRef name="AoASpan">
						<content>3.84</content>
					</attRef>
					<attRef name="Max_sdAOA">
						<content>2.754</content>
					</attRef>
					<attRef name="Min_sdAOA">
						<content>1.789</content>
					</attRef>
					<attRef name="sdAOASpan">
						<content>0.965</content>
					</attRef>
					<attRef name="Max_logOralFreq">
						<content>2.5223</content>
					</attRef>
					<attRef name="Min_logOralFreq">
						<content>1.763</content>
					</attRef>
					<attRef name="logOralFreqSpan">
						<content>0.7593</content>
					</attRef>
					<attRef name="Max_logWrittenFreq">
						<content>3.032666666666667</content>
					</attRef>
					<attRef name="Min_logWrittenFreq">
						<content>2.338</content>
					</attRef>
					<attRef name="logWrittenFreqSpan">
						<content>0.6947</content>
					</attRef>
					<attRef name="CorAoA">
						<content>0.5834</content>
					</attRef>
				</param>
			</lg>
			<param name="AffectiveFeatures">
				<attRef name="Hap_Mean">
					<content>31.32</content>
				</attRef>
				<attRef name="Hap_SD">
					<content>10.35</content>
				</attRef>
				<attRef name="Ang_Mean">
					<content>16.8</content>
				</attRef>
				<attRef name="Ang_SD">
					<content>7.28</content>
				</attRef>
				<attRef name="Sad_Mean">
					<content>20.01</content>
				</attRef>
				<attRef name="Sad_SD">
					<content>10.44</content>
				</attRef>
				<attRef name="Fear_Mean">
					<content>18.71</content>
				</attRef>
				<attRef name="Fear_SD">
					<content>10.31</content>
				</attRef>
				<attRef name="Disg_Mean">
					<content>13.47</content>
				</attRef>
				<attRef name="Disg_SD">
					<content>4.98</content>
				</attRef>
				<attRef name="n_affective">
					<content>11</content>
				</attRef>
				<attRef name="ValenceMean">
					<content>209.51</content>
				</attRef>
				<attRef name="ValenceSD">
					<content>48.12</content>
				</attRef>
				<attRef name="ArousalMean">
					<content>181.14</content>
				</attRef>
				<attRef name="ArousalSD">
					<content>69.62</content>
				</attRef>
				<attRef name="n_v_a">
					<content>36</content>
				</attRef>
				<attRef name="Max_Aro">
					<content>7.95</content>
				</attRef>
				<attRef name="Min_Aro">
					<content>3.05</content>
				</attRef>
				<attRef name="ArousalSpan">
					<content>4.9</content>
				</attRef>
				<attRef name="Max_Val">
					<content>8.4</content>
				</attRef>
				<attRef name="Min_Val">
					<content>1.8</content>
				</attRef>
				<attRef name="ValenceSpan">
					<content>6.6</content>
				</attRef>
				<attRef name="CorAro">
					<content>-0.1338</content>
				</attRef>
				<attRef name="CorVal">
					<content>0.5061</content>
				</attRef>
				<attRef name="averageAoA">
					<content>216.88</content>
				</attRef>
				<attRef name="sdAOA">
					<content>72.97</content>
				</attRef>
				<attRef name="MinAoA">
					<content>70.0</content>
				</attRef>
				<attRef name="MaxAoA">
					<content>362.33</content>
				</attRef>
				<attRef name="OralFreq_Log">
					<content>73.79</content>
				</attRef>
				<attRef name="WrittenFreq_Log">
					<content>91.56</content>
				</attRef>
				<attRef name="n_aoa">
					<content>37</content>
				</attRef>
				<attRef name="Max_AoA">
					<content>9.88</content>
				</attRef>
				<attRef name="Min_AoA">
					<content>2.48</content>
				</attRef>
				<attRef name="AoASpan">
					<content>7.4</content>
				</attRef>
				<attRef name="Max_sdAOA">
					<content>2.789</content>
				</attRef>
				<attRef name="Min_sdAOA">
					<content>1.216</content>
				</attRef>
				<attRef name="sdAOASpan">
					<content>1.573</content>
				</attRef>
				<attRef name="Max_logOralFreq">
					<content>3.731</content>
				</attRef>
				<attRef name="Min_logOralFreq">
					<content>0.477</content>
				</attRef>
				<attRef name="logOralFreqSpan">
					<content>3.254</content>
				</attRef>
				<attRef name="Max_logWrittenFreq">
					<content>3.924</content>
				</attRef>
				<attRef name="Min_logWrittenFreq">
					<content>1.431</content>
				</attRef>
				<attRef name="logWrittenFreqSpan">
					<content>2.493</content>
				</attRef>
				<attRef name="CorAoA">
					<content>0.0238</content>
				</attRef>
			</param>
		</body>
	</text>
</TEI>