<?xml version="1.0" encoding="utf-8"?>
<TEI xmlns="http://www.tei-c.org/ns/1.0">
	<teiHeader>
		<fileDesc>
			<titleStmt about="disco:po_373n1397">
				<title property="dc:title">A un ateo</title>
				<author property="dc:creator" resource="disco:373n" corresp="#disco_373n">Clemente Althaus</author>
				<principal xml:id="prf">Pablo Ruiz Fabo</principal>
				<principal xml:id="heb">Helena Bermúdez Sabel</principal>
				<principal xml:id="jct">José Calvo Tello</principal>
				<principal xml:id="cimc">Clara Isabel Martínez Cantón</principal>
				<respStmt>
					<resp>Metrical annotation by</resp>
					<name xml:id="bnc">Borja Navarro Colorado</name>
				</respStmt>
			</titleStmt>
			<extent>
				<measure unit="sonnets">1</measure>
				<measure unit="tokens">82</measure>
				<measure unit="line">14</measure>
			</extent>
			<publicationStmt>
				<publisher>Diachronic Spanish Sonnet Corpus</publisher>
				<authority>POSTDATA Project</authority>
				<pubPlace>Madrid</pubPlace>
				<availability status="free">
					<p>The text is freely available</p>
				</availability>
				<date when="2017">2017</date>
				<idno type="#disco" xml:id="file_po_373n1397"></idno>
			</publicationStmt>
			<sourceDesc>
				<bibl type="digital-source">
					<hi rend="italics">Sonetos del siglo XIX</hi>
					<date when="2006">2006</date>
					<ref target="http://www.cervantesvirtual.com/nd/ark:/59851/bmc4q861"></ref>
					<ref target="http://www.cervantesvirtual.com/obra/sonetos-del-siglo-xix--0/"></ref>
Biblioteca Cervantes Virtual,  / editados por Ramón García González, , , .				</bibl>
			</sourceDesc>
		</fileDesc>
		<profileDesc>
			<langUsage>
				<language ident="es" about="disco:po_373n1397" property="dc:language" resource="dbpedia:Idioma_español">Spanish</language>
			</langUsage>
			<particDesc>
				<listPerson>
					<person xml:id="disco_373n" about="disco:373n" typeOf="foaf:Person">
						<idno cert="high" property="rdfs:seeAlso" resource="https://viaf.org/viaf/310561275"></idno>
						<persName type="short">Althaus</persName>
						<persName type="full">
							<forename property="foaf:givenName">Clemente</forename>
							<surname property="foaf:familyName">Althaus</surname>
						</persName>
						<persName type="source" property="foaf:name">Clemente Althaus</persName>
						<sex property="foaf:gender" content="M"></sex>
						<birth>
							<location>
								<placeName>
									<settlement property="schema:birthPlace" inlist="">Lima</settlement>
									<country property="schema:birthPlace" inlist="">Perú</country>
									<bloc property="schema:birthPlace" inlist="">América</bloc>
								</placeName>
							</location>
							<date property="schema:birthDate" content="1835" cert="high"></date>
							<date type="century">19</date>
						</birth>
						<death>
							<location>
								<placeName>
									<settlement property="schema:deathPlace" inlist="">París</settlement>
								</placeName>
							</location>
							<date property="schema:deathDate" content="1881" cert="high"></date>
							<date type="century">19</date>
						</death>
						<listBibl inlist="" rel="blterms:hasCreated" typeOf="schema:CreativeWork">
							<bibl resource="disco:s373n1397">
								<title property="dc:title">A un ateo</title>
								<title type="incipit" property="dc:alternative">En vano esperas que la oscura nada,</title>
							</bibl>
						</listBibl>
					</person>
				</listPerson>
			</particDesc>
		</profileDesc>
		<encodingDesc>
			<listPrefixDef>
				<prefixDef ident="foaf" matchPattern="([A-Za-z]+)" replacementPattern="http://xmlns.com/foaf/0.1/$1"></prefixDef>
				<prefixDef ident="dc" matchPattern="([A-Za-z]+)" replacementPattern="http://purl.org/dc/terms/$1"></prefixDef>
				<prefixDef ident="schema" matchPattern="([A-Za-z]+)" replacementPattern="http://schema.org/$1"></prefixDef>
				<prefixDef ident="dbpedia" matchPattern="([A-Za-z]+(_[A-Za-z])*)" replacementPattern="http://es.dbpedia.org/page/"></prefixDef>
				<prefixDef ident="blterms" matchPattern="([A-Za-z]+)" replacementPattern="http://www.bl.uk/schemas/bibliographic/blterms#$1"></prefixDef>
				<prefixDef ident="rdfs" matchPattern="([A-Za-z]+)" replacementPattern="http://www.w3.org/2000/01/rdf-schema#$1"></prefixDef>
			</listPrefixDef>
			<metDecl type="met" pattern="((\+|\-)+)*">
				<metSym value="+">stressed syllable</metSym>
				<metSym value="-">unstressed syllable</metSym>
			</metDecl>
			<metDecl type="met">
				<p>
					<ref target="https://github.com/bncolorado/adsoScansionSystem">ADSO</ref>
The metrical patterns were extracted automatically using the 
                    tool.				</p>
			</metDecl>
			<metDecl type="enjamb">
				<p>
					<att>enjamb</att>
					<att>cert</att>
					<ref target="https://sites.google.com/site/spanishenjambment/">ANJA
                        (Automatic eNJambment Analysis)</ref>
					<ref target="https://sites.google.com/site/spanishenjambment/enjambment-types">documentation</ref>
					<ref target="https://sites.google.com/site/spanishenjambment/tei-certitude-values">report</ref>
The values of the  atributes were extracted automatically using
                    the  tool. For more information about the
                    types of enjambment as defined in this corpus, read the . In addition, a  was added to express the
                    degree of certainty concerning the characterisation of the enjambment. The following 
                     covers this feature in deep detail.				</p>
			</metDecl>
		</encodingDesc>
		<revisionDesc>
			<change when="2017-11-02" who="#prf">Initial TEI version</change>
			<change when="2017-11-27" who="#prf">Addition of metrical annotation</change>
			<change when="2017-11-27" who="#heb">Review of authors’ metadata</change>
			<change when="2017-12-01" who="#prf">Encoding of enjambment</change>
			<change when="2017-12-01" who="#heb">Publication of 19th, 18th and Golden Age version</change>
			<change when="2018-05-16" who="#heb">Revision of RDFa attributes</change>
		</revisionDesc>
	</teiHeader>
	<text>
		<front>
			<head>A un ateo</head>
		</front>
		<body>
			<lg n="1" type="cuarteto">
				<l n="1" met="-+-+---+-+-">En vano esperas que la oscura nada,</l>
				<l n="2" met="-+---+---+-">que invocas como madre compasiva,</l>
				<l n="3" met="-+---+-+-+-">entero en el sepulcro te reciba,</l>
				<l n="4" met="---+---+-+-">cuando termines la mortal jornada.</l>
				<param name="AffectiveFeatures">
					<attRef name="Hap_Mean">
						<content>1.13</content>
					</attRef>
					<attRef name="Hap_SD">
						<content>0.43</content>
					</attRef>
					<attRef name="Ang_Mean">
						<content>2.4</content>
					</attRef>
					<attRef name="Ang_SD">
						<content>1.43</content>
					</attRef>
					<attRef name="Sad_Mean">
						<content>3.2</content>
					</attRef>
					<attRef name="Sad_SD">
						<content>1.58</content>
					</attRef>
					<attRef name="Fear_Mean">
						<content>3.83</content>
					</attRef>
					<attRef name="Fear_SD">
						<content>1.23</content>
					</attRef>
					<attRef name="Disg_Mean">
						<content>1.53</content>
					</attRef>
					<attRef name="Disg_SD">
						<content>1.07</content>
					</attRef>
					<attRef name="n_affective">
						<content>1</content>
					</attRef>
					<attRef name="ValenceMean">
						<content>58.79</content>
					</attRef>
					<attRef name="ValenceSD">
						<content>15.35</content>
					</attRef>
					<attRef name="ArousalMean">
						<content>65.01</content>
					</attRef>
					<attRef name="ArousalSD">
						<content>22.23</content>
					</attRef>
					<attRef name="n_v_a">
						<content>12</content>
					</attRef>
					<attRef name="Max_Aro">
						<content>7.05</content>
					</attRef>
					<attRef name="Min_Aro">
						<content>3.45</content>
					</attRef>
					<attRef name="ArousalSpan">
						<content>3.6</content>
					</attRef>
					<attRef name="Max_Val">
						<content>8.4</content>
					</attRef>
					<attRef name="Min_Val">
						<content>1.7</content>
					</attRef>
					<attRef name="ValenceSpan">
						<content>6.7</content>
					</attRef>
					<attRef name="CorAro">
						<content>0.3283</content>
					</attRef>
					<attRef name="CorVal">
						<content>0.0409</content>
					</attRef>
					<attRef name="averageAoA">
						<content>43.65</content>
					</attRef>
					<attRef name="sdAOA">
						<content>14.14</content>
					</attRef>
					<attRef name="MinAoA">
						<content>14.0</content>
					</attRef>
					<attRef name="MaxAoA">
						<content>77.0</content>
					</attRef>
					<attRef name="OralFreq_Log">
						<content>17.85</content>
					</attRef>
					<attRef name="WrittenFreq_Log">
						<content>20.14</content>
					</attRef>
					<attRef name="n_aoa">
						<content>8</content>
					</attRef>
					<attRef name="Max_AoA">
						<content>8.18</content>
					</attRef>
					<attRef name="Min_AoA">
						<content>1.98</content>
					</attRef>
					<attRef name="AoASpan">
						<content>6.2</content>
					</attRef>
					<attRef name="Max_sdAOA">
						<content>2.226</content>
					</attRef>
					<attRef name="Min_sdAOA">
						<content>1.301</content>
					</attRef>
					<attRef name="sdAOASpan">
						<content>0.925</content>
					</attRef>
					<attRef name="Max_logOralFreq">
						<content>3.22</content>
					</attRef>
					<attRef name="Min_logOralFreq">
						<content>1.556</content>
					</attRef>
					<attRef name="logOralFreqSpan">
						<content>1.664</content>
					</attRef>
					<attRef name="Max_logWrittenFreq">
						<content>3.329</content>
					</attRef>
					<attRef name="Min_logWrittenFreq">
						<content>2.061</content>
					</attRef>
					<attRef name="logWrittenFreqSpan">
						<content>1.268</content>
					</attRef>
					<attRef name="CorAoA">
						<content>0.6927</content>
					</attRef>
				</param>
			</lg>
			<lg n="2" type="cuarteto">
				<l n="5" met="+++--+---+-">Te alienta alma inmortal que, de la helada</l>
				<l n="6" met="+----+---+-">carne donde reside fugitiva,</l>
				<l n="7" met="---+---+++-">maravillada de sentirse viva,</l>
				<l n="8" met="-+-+---+-+-">de ignoto mundo arrostrará la entrada.</l>
				<param name="AffectiveFeatures">
					<attRef name="Hap_Mean">
						<content>6.3</content>
					</attRef>
					<attRef name="Hap_SD">
						<content>2.56</content>
					</attRef>
					<attRef name="Ang_Mean">
						<content>3.54</content>
					</attRef>
					<attRef name="Ang_SD">
						<content>2.06</content>
					</attRef>
					<attRef name="Sad_Mean">
						<content>4.44</content>
					</attRef>
					<attRef name="Sad_SD">
						<content>2.33</content>
					</attRef>
					<attRef name="Fear_Mean">
						<content>4.1</content>
					</attRef>
					<attRef name="Fear_SD">
						<content>2.04</content>
					</attRef>
					<attRef name="Disg_Mean">
						<content>3.24</content>
					</attRef>
					<attRef name="Disg_SD">
						<content>1.81</content>
					</attRef>
					<attRef name="n_affective">
						<content>2</content>
					</attRef>
					<attRef name="ValenceMean">
						<content>53.98</content>
					</attRef>
					<attRef name="ValenceSD">
						<content>13.89</content>
					</attRef>
					<attRef name="ArousalMean">
						<content>46.15</content>
					</attRef>
					<attRef name="ArousalSD">
						<content>13.56</content>
					</attRef>
					<attRef name="n_v_a">
						<content>9</content>
					</attRef>
					<attRef name="Max_Aro">
						<content>6.2</content>
					</attRef>
					<attRef name="Min_Aro">
						<content>4.25</content>
					</attRef>
					<attRef name="ArousalSpan">
						<content>1.95</content>
					</attRef>
					<attRef name="Max_Val">
						<content>7.2</content>
					</attRef>
					<attRef name="Min_Val">
						<content>3.75</content>
					</attRef>
					<attRef name="ValenceSpan">
						<content>3.45</content>
					</attRef>
					<attRef name="CorAro">
						<content>0.04</content>
					</attRef>
					<attRef name="CorVal">
						<content>-0.3924</content>
					</attRef>
					<attRef name="averageAoA">
						<content>41.07</content>
					</attRef>
					<attRef name="sdAOA">
						<content>13.69</content>
					</attRef>
					<attRef name="MinAoA">
						<content>12.0</content>
					</attRef>
					<attRef name="MaxAoA">
						<content>71.0</content>
					</attRef>
					<attRef name="OralFreq_Log">
						<content>12.96</content>
					</attRef>
					<attRef name="WrittenFreq_Log">
						<content>16.38</content>
					</attRef>
					<attRef name="n_aoa">
						<content>7</content>
					</attRef>
					<attRef name="Max_AoA">
						<content>8.84</content>
					</attRef>
					<attRef name="Min_AoA">
						<content>2.88</content>
					</attRef>
					<attRef name="AoASpan">
						<content>5.96</content>
					</attRef>
					<attRef name="Max_sdAOA">
						<content>2.316</content>
					</attRef>
					<attRef name="Min_sdAOA">
						<content>1.365</content>
					</attRef>
					<attRef name="sdAOASpan">
						<content>0.951</content>
					</attRef>
					<attRef name="Max_logOralFreq">
						<content>3.429</content>
					</attRef>
					<attRef name="Min_logOralFreq">
						<content>0.477</content>
					</attRef>
					<attRef name="logOralFreqSpan">
						<content>2.952</content>
					</attRef>
					<attRef name="Max_logWrittenFreq">
						<content>3.5780000000000003</content>
					</attRef>
					<attRef name="Min_logWrittenFreq">
						<content>1.176</content>
					</attRef>
					<attRef name="logWrittenFreqSpan">
						<content>2.402</content>
					</attRef>
					<attRef name="CorAoA">
						<content>-0.2815</content>
					</attRef>
				</param>
			</lg>
			<lg n="3" type="terceto">
				<l n="9" met="+-+--+---+-">Ya su asombro y espantos imagino,</l>
				<l n="10" met="--+--+--++-">cuando, el fallo aguardando que la hiera,</l>
				<l n="11" met="-+-+---+-+-">se encuentre al pie del tribunal divino,</l>
				<param name="AffectiveFeatures">
					<attRef name="Hap_Mean">
						<content>2.34</content>
					</attRef>
					<attRef name="Hap_SD">
						<content>0.9</content>
					</attRef>
					<attRef name="Ang_Mean">
						<content>4.2</content>
					</attRef>
					<attRef name="Ang_SD">
						<content>2.66</content>
					</attRef>
					<attRef name="Sad_Mean">
						<content>5.8</content>
					</attRef>
					<attRef name="Sad_SD">
						<content>2.38</content>
					</attRef>
					<attRef name="Fear_Mean">
						<content>6.27</content>
					</attRef>
					<attRef name="Fear_SD">
						<content>2.29</content>
					</attRef>
					<attRef name="Disg_Mean">
						<content>4.16</content>
					</attRef>
					<attRef name="Disg_SD">
						<content>2.34</content>
					</attRef>
					<attRef name="n_affective">
						<content>2</content>
					</attRef>
					<attRef name="ValenceMean">
						<content>40.3</content>
					</attRef>
					<attRef name="ValenceSD">
						<content>11.52</content>
					</attRef>
					<attRef name="ArousalMean">
						<content>52.2</content>
					</attRef>
					<attRef name="ArousalSD">
						<content>14.28</content>
					</attRef>
					<attRef name="n_v_a">
						<content>9</content>
					</attRef>
					<attRef name="Max_Aro">
						<content>7.05</content>
					</attRef>
					<attRef name="Min_Aro">
						<content>4.2</content>
					</attRef>
					<attRef name="ArousalSpan">
						<content>2.85</content>
					</attRef>
					<attRef name="Max_Val">
						<content>7.1</content>
					</attRef>
					<attRef name="Min_Val">
						<content>1.85</content>
					</attRef>
					<attRef name="ValenceSpan">
						<content>5.25</content>
					</attRef>
					<attRef name="CorAro">
						<content>-0.6444</content>
					</attRef>
					<attRef name="CorVal">
						<content>0.0247</content>
					</attRef>
					<attRef name="averageAoA">
						<content>53.0</content>
					</attRef>
					<attRef name="sdAOA">
						<content>15.1</content>
					</attRef>
					<attRef name="MinAoA">
						<content>23.33</content>
					</attRef>
					<attRef name="MaxAoA">
						<content>82.33</content>
					</attRef>
					<attRef name="OralFreq_Log">
						<content>13.07</content>
					</attRef>
					<attRef name="WrittenFreq_Log">
						<content>16.82</content>
					</attRef>
					<attRef name="n_aoa">
						<content>8</content>
					</attRef>
					<attRef name="Max_AoA">
						<content>9.16</content>
					</attRef>
					<attRef name="Min_AoA">
						<content>2.42</content>
					</attRef>
					<attRef name="AoASpan">
						<content>6.74</content>
					</attRef>
					<attRef name="Max_sdAOA">
						<content>2.249</content>
					</attRef>
					<attRef name="Min_sdAOA">
						<content>1.326</content>
					</attRef>
					<attRef name="sdAOASpan">
						<content>0.923</content>
					</attRef>
					<attRef name="Max_logOralFreq">
						<content>2.498</content>
					</attRef>
					<attRef name="Min_logOralFreq">
						<content>0.477</content>
					</attRef>
					<attRef name="logOralFreqSpan">
						<content>2.021</content>
					</attRef>
					<attRef name="Max_logWrittenFreq">
						<content>2.872</content>
					</attRef>
					<attRef name="Min_logWrittenFreq">
						<content>1.69</content>
					</attRef>
					<attRef name="logWrittenFreqSpan">
						<content>1.182</content>
					</attRef>
					<attRef name="CorAoA">
						<content>-0.054</content>
					</attRef>
				</param>
			</lg>
			<lg n="4" type="terceto">
				<l n="12" met="--+--+-+-+-">y mirando del Dios la faz severa</l>
				<l n="13" met="---+-+---+-">a quien negó su ciego desatino,</l>
				<l n="14" met="-+---+--++-">exclame estremecida: ¡Verdad era!</l>
				<param name="AffectiveFeatures">
					<attRef name="Hap_Mean">
						<content>8.43</content>
					</attRef>
					<attRef name="Hap_SD">
						<content>3.6</content>
					</attRef>
					<attRef name="Ang_Mean">
						<content>5.98</content>
					</attRef>
					<attRef name="Ang_SD">
						<content>3.51</content>
					</attRef>
					<attRef name="Sad_Mean">
						<content>8.26</content>
					</attRef>
					<attRef name="Sad_SD">
						<content>3.69</content>
					</attRef>
					<attRef name="Fear_Mean">
						<content>7.55</content>
					</attRef>
					<attRef name="Fear_SD">
						<content>4.14</content>
					</attRef>
					<attRef name="Disg_Mean">
						<content>5.33</content>
					</attRef>
					<attRef name="Disg_SD">
						<content>2.87</content>
					</attRef>
					<attRef name="n_affective">
						<content>4</content>
					</attRef>
					<attRef name="ValenceMean">
						<content>49.28</content>
					</attRef>
					<attRef name="ValenceSD">
						<content>13.96</content>
					</attRef>
					<attRef name="ArousalMean">
						<content>54.55</content>
					</attRef>
					<attRef name="ArousalSD">
						<content>16.61</content>
					</attRef>
					<attRef name="n_v_a">
						<content>10</content>
					</attRef>
					<attRef name="Max_Aro">
						<content>6.5</content>
					</attRef>
					<attRef name="Min_Aro">
						<content>4.05</content>
					</attRef>
					<attRef name="ArousalSpan">
						<content>2.45</content>
					</attRef>
					<attRef name="Max_Val">
						<content>7.6</content>
					</attRef>
					<attRef name="Min_Val">
						<content>3.4</content>
					</attRef>
					<attRef name="ValenceSpan">
						<content>4.2</content>
					</attRef>
					<attRef name="CorAro">
						<content>0.2839</content>
					</attRef>
					<attRef name="CorVal">
						<content>-0.0321</content>
					</attRef>
					<attRef name="averageAoA">
						<content>32.36</content>
					</attRef>
					<attRef name="sdAOA">
						<content>10.48</content>
					</attRef>
					<attRef name="MinAoA">
						<content>10.0</content>
					</attRef>
					<attRef name="MaxAoA">
						<content>60.0</content>
					</attRef>
					<attRef name="OralFreq_Log">
						<content>12.45</content>
					</attRef>
					<attRef name="WrittenFreq_Log">
						<content>14.69</content>
					</attRef>
					<attRef name="n_aoa">
						<content>6</content>
					</attRef>
					<attRef name="Max_AoA">
						<content>9.84</content>
					</attRef>
					<attRef name="Min_AoA">
						<content>2.52</content>
					</attRef>
					<attRef name="AoASpan">
						<content>7.32</content>
					</attRef>
					<attRef name="Max_sdAOA">
						<content>2.621</content>
					</attRef>
					<attRef name="Min_sdAOA">
						<content>1.134</content>
					</attRef>
					<attRef name="sdAOASpan">
						<content>1.487</content>
					</attRef>
					<attRef name="Max_logOralFreq">
						<content>3.571</content>
					</attRef>
					<attRef name="Min_logOralFreq">
						<content>0.602</content>
					</attRef>
					<attRef name="logOralFreqSpan">
						<content>2.969</content>
					</attRef>
					<attRef name="Max_logWrittenFreq">
						<content>3.242</content>
					</attRef>
					<attRef name="Min_logWrittenFreq">
						<content>1.602</content>
					</attRef>
					<attRef name="logWrittenFreqSpan">
						<content>1.64</content>
					</attRef>
					<attRef name="CorAoA">
						<content>0.0789</content>
					</attRef>
				</param>
			</lg>
			<param name="AffectiveFeatures">
				<attRef name="Hap_Mean">
					<content>18.19</content>
				</attRef>
				<attRef name="Hap_SD">
					<content>7.48</content>
				</attRef>
				<attRef name="Ang_Mean">
					<content>16.12</content>
				</attRef>
				<attRef name="Ang_SD">
					<content>9.66</content>
				</attRef>
				<attRef name="Sad_Mean">
					<content>21.7</content>
				</attRef>
				<attRef name="Sad_SD">
					<content>9.98</content>
				</attRef>
				<attRef name="Fear_Mean">
					<content>21.75</content>
				</attRef>
				<attRef name="Fear_SD">
					<content>9.7</content>
				</attRef>
				<attRef name="Disg_Mean">
					<content>14.26</content>
				</attRef>
				<attRef name="Disg_SD">
					<content>8.09</content>
				</attRef>
				<attRef name="n_affective">
					<content>9</content>
				</attRef>
				<attRef name="ValenceMean">
					<content>202.35</content>
				</attRef>
				<attRef name="ValenceSD">
					<content>54.72</content>
				</attRef>
				<attRef name="ArousalMean">
					<content>217.91</content>
				</attRef>
				<attRef name="ArousalSD">
					<content>66.68</content>
				</attRef>
				<attRef name="n_v_a">
					<content>40</content>
				</attRef>
				<attRef name="Max_Aro">
					<content>7.05</content>
				</attRef>
				<attRef name="Min_Aro">
					<content>3.45</content>
				</attRef>
				<attRef name="ArousalSpan">
					<content>3.6</content>
				</attRef>
				<attRef name="Max_Val">
					<content>8.4</content>
				</attRef>
				<attRef name="Min_Val">
					<content>1.7</content>
				</attRef>
				<attRef name="ValenceSpan">
					<content>6.7</content>
				</attRef>
				<attRef name="CorAro">
					<content>0.1044</content>
				</attRef>
				<attRef name="CorVal">
					<content>-0.0885</content>
				</attRef>
				<attRef name="averageAoA">
					<content>170.08</content>
				</attRef>
				<attRef name="sdAOA">
					<content>53.42</content>
				</attRef>
				<attRef name="MinAoA">
					<content>59.33</content>
				</attRef>
				<attRef name="MaxAoA">
					<content>290.33</content>
				</attRef>
				<attRef name="OralFreq_Log">
					<content>56.33</content>
				</attRef>
				<attRef name="WrittenFreq_Log">
					<content>68.03</content>
				</attRef>
				<attRef name="n_aoa">
					<content>29</content>
				</attRef>
				<attRef name="Max_AoA">
					<content>9.84</content>
				</attRef>
				<attRef name="Min_AoA">
					<content>1.98</content>
				</attRef>
				<attRef name="AoASpan">
					<content>7.86</content>
				</attRef>
				<attRef name="Max_sdAOA">
					<content>2.621</content>
				</attRef>
				<attRef name="Min_sdAOA">
					<content>1.134</content>
				</attRef>
				<attRef name="sdAOASpan">
					<content>1.487</content>
				</attRef>
				<attRef name="Max_logOralFreq">
					<content>3.571</content>
				</attRef>
				<attRef name="Min_logOralFreq">
					<content>0.477</content>
				</attRef>
				<attRef name="logOralFreqSpan">
					<content>3.094</content>
				</attRef>
				<attRef name="Max_logWrittenFreq">
					<content>3.5780000000000003</content>
				</attRef>
				<attRef name="Min_logWrittenFreq">
					<content>1.176</content>
				</attRef>
				<attRef name="logWrittenFreqSpan">
					<content>2.402</content>
				</attRef>
				<attRef name="CorAoA">
					<content>0.0904</content>
				</attRef>
			</param>
		</body>
	</text>
</TEI>