<?xml version="1.0" encoding="utf-8"?>
<TEI xmlns="http://www.tei-c.org/ns/1.0">
	<teiHeader>
		<fileDesc>
			<titleStmt about="disco:po_373n1376">
				<title property="dc:title">Al Perú</title>
				<author property="dc:creator" resource="disco:373n" corresp="#disco_373n">Clemente Althaus</author>
				<principal xml:id="prf">Pablo Ruiz Fabo</principal>
				<principal xml:id="heb">Helena Bermúdez Sabel</principal>
				<principal xml:id="jct">José Calvo Tello</principal>
				<principal xml:id="cimc">Clara Isabel Martínez Cantón</principal>
				<respStmt>
					<resp>Metrical annotation by</resp>
					<name xml:id="bnc">Borja Navarro Colorado</name>
				</respStmt>
			</titleStmt>
			<extent>
				<measure unit="sonnets">1</measure>
				<measure unit="tokens">94</measure>
				<measure unit="line">14</measure>
			</extent>
			<publicationStmt>
				<publisher>Diachronic Spanish Sonnet Corpus</publisher>
				<authority>POSTDATA Project</authority>
				<pubPlace>Madrid</pubPlace>
				<availability status="free">
					<p>The text is freely available</p>
				</availability>
				<date when="2017">2017</date>
				<idno type="#disco" xml:id="file_po_373n1376"></idno>
			</publicationStmt>
			<sourceDesc>
				<bibl type="digital-source">
					<hi rend="italics">Sonetos del siglo XIX</hi>
					<date when="2006">2006</date>
					<ref target="http://www.cervantesvirtual.com/nd/ark:/59851/bmc4q861"></ref>
					<ref target="http://www.cervantesvirtual.com/obra/sonetos-del-siglo-xix--0/"></ref>
Biblioteca Cervantes Virtual,  / editados por Ramón García González, , , .				</bibl>
			</sourceDesc>
		</fileDesc>
		<profileDesc>
			<langUsage>
				<language ident="es" about="disco:po_373n1376" property="dc:language" resource="dbpedia:Idioma_español">Spanish</language>
			</langUsage>
			<particDesc>
				<listPerson>
					<person xml:id="disco_373n" about="disco:373n" typeOf="foaf:Person">
						<idno cert="high" property="rdfs:seeAlso" resource="https://viaf.org/viaf/310561275"></idno>
						<persName type="short">Althaus</persName>
						<persName type="full">
							<forename property="foaf:givenName">Clemente</forename>
							<surname property="foaf:familyName">Althaus</surname>
						</persName>
						<persName type="source" property="foaf:name">Clemente Althaus</persName>
						<sex property="foaf:gender" content="M"></sex>
						<birth>
							<location>
								<placeName>
									<settlement property="schema:birthPlace" inlist="">Lima</settlement>
									<country property="schema:birthPlace" inlist="">Perú</country>
									<bloc property="schema:birthPlace" inlist="">América</bloc>
								</placeName>
							</location>
							<date property="schema:birthDate" content="1835" cert="high"></date>
							<date type="century">19</date>
						</birth>
						<death>
							<location>
								<placeName>
									<settlement property="schema:deathPlace" inlist="">París</settlement>
								</placeName>
							</location>
							<date property="schema:deathDate" content="1881" cert="high"></date>
							<date type="century">19</date>
						</death>
						<listBibl inlist="" rel="blterms:hasCreated" typeOf="schema:CreativeWork">
							<bibl resource="disco:s373n1376">
								<title property="dc:title">Al Perú</title>
								<title type="incipit" property="dc:alternative">No tanto el rico abono te insolente</title>
							</bibl>
						</listBibl>
					</person>
				</listPerson>
			</particDesc>
		</profileDesc>
		<encodingDesc>
			<listPrefixDef>
				<prefixDef ident="foaf" matchPattern="([A-Za-z]+)" replacementPattern="http://xmlns.com/foaf/0.1/$1"></prefixDef>
				<prefixDef ident="dc" matchPattern="([A-Za-z]+)" replacementPattern="http://purl.org/dc/terms/$1"></prefixDef>
				<prefixDef ident="schema" matchPattern="([A-Za-z]+)" replacementPattern="http://schema.org/$1"></prefixDef>
				<prefixDef ident="dbpedia" matchPattern="([A-Za-z]+(_[A-Za-z])*)" replacementPattern="http://es.dbpedia.org/page/"></prefixDef>
				<prefixDef ident="blterms" matchPattern="([A-Za-z]+)" replacementPattern="http://www.bl.uk/schemas/bibliographic/blterms#$1"></prefixDef>
				<prefixDef ident="rdfs" matchPattern="([A-Za-z]+)" replacementPattern="http://www.w3.org/2000/01/rdf-schema#$1"></prefixDef>
			</listPrefixDef>
			<metDecl type="met" pattern="((\+|\-)+)*">
				<metSym value="+">stressed syllable</metSym>
				<metSym value="-">unstressed syllable</metSym>
			</metDecl>
			<metDecl type="met">
				<p>
					<ref target="https://github.com/bncolorado/adsoScansionSystem">ADSO</ref>
The metrical patterns were extracted automatically using the 
                    tool.				</p>
			</metDecl>
			<metDecl type="enjamb">
				<p>
					<att>enjamb</att>
					<att>cert</att>
					<ref target="https://sites.google.com/site/spanishenjambment/">ANJA
                        (Automatic eNJambment Analysis)</ref>
					<ref target="https://sites.google.com/site/spanishenjambment/enjambment-types">documentation</ref>
					<ref target="https://sites.google.com/site/spanishenjambment/tei-certitude-values">report</ref>
The values of the  atributes were extracted automatically using
                    the  tool. For more information about the
                    types of enjambment as defined in this corpus, read the . In addition, a  was added to express the
                    degree of certainty concerning the characterisation of the enjambment. The following 
                     covers this feature in deep detail.				</p>
			</metDecl>
		</encodingDesc>
		<revisionDesc>
			<change when="2017-11-02" who="#prf">Initial TEI version</change>
			<change when="2017-11-27" who="#prf">Addition of metrical annotation</change>
			<change when="2017-11-27" who="#heb">Review of authors’ metadata</change>
			<change when="2017-12-01" who="#prf">Encoding of enjambment</change>
			<change when="2017-12-01" who="#heb">Publication of 19th, 18th and Golden Age version</change>
			<change when="2018-05-16" who="#heb">Revision of RDFa attributes</change>
		</revisionDesc>
	</teiHeader>
	<text>
		<front>
			<head>Al Perú</head>
		</front>
		<body>
			<lg n="1" type="cuarteto">
				<l n="1" met="++-+-+-+-+-" enjamb="B-cc_crossclause" cert="high">No tanto el rico abono te insolente</l>
				<l n="2" met="++-+-+-+++-" enjamb="I-cc_crossclause" cert="high">que hoy tan famosa te hace cual ya el oro,</l>
				<l n="3" met="-+-+-+-+-+-">que no es eterno, oh patria, tal tesoro</l>
				<l n="4" met="--+--+---+-">y su fin aceleras imprudente.</l>
				<param name="AffectiveFeatures">
					<attRef name="Hap_Mean">
						<content>10.69</content>
					</attRef>
					<attRef name="Hap_SD">
						<content>4.19</content>
					</attRef>
					<attRef name="Ang_Mean">
						<content>7.27</content>
					</attRef>
					<attRef name="Ang_SD">
						<content>3.3</content>
					</attRef>
					<attRef name="Sad_Mean">
						<content>6.4</content>
					</attRef>
					<attRef name="Sad_SD">
						<content>3.5</content>
					</attRef>
					<attRef name="Fear_Mean">
						<content>6.41</content>
					</attRef>
					<attRef name="Fear_SD">
						<content>4.14</content>
					</attRef>
					<attRef name="Disg_Mean">
						<content>6.72</content>
					</attRef>
					<attRef name="Disg_SD">
						<content>2.9</content>
					</attRef>
					<attRef name="n_affective">
						<content>4</content>
					</attRef>
					<attRef name="ValenceMean">
						<content>77.29</content>
					</attRef>
					<attRef name="ValenceSD">
						<content>19.19</content>
					</attRef>
					<attRef name="ArousalMean">
						<content>79.17</content>
					</attRef>
					<attRef name="ArousalSD">
						<content>21.42</content>
					</attRef>
					<attRef name="n_v_a">
						<content>14</content>
					</attRef>
					<attRef name="Max_Aro">
						<content>7.1</content>
					</attRef>
					<attRef name="Min_Aro">
						<content>4.65</content>
					</attRef>
					<attRef name="ArousalSpan">
						<content>2.45</content>
					</attRef>
					<attRef name="Max_Val">
						<content>7.3</content>
					</attRef>
					<attRef name="Min_Val">
						<content>2.7</content>
					</attRef>
					<attRef name="ValenceSpan">
						<content>4.6</content>
					</attRef>
					<attRef name="CorAro">
						<content>0.3837</content>
					</attRef>
					<attRef name="CorVal">
						<content>-0.2663</content>
					</attRef>
					<attRef name="averageAoA">
						<content>74.3</content>
					</attRef>
					<attRef name="sdAOA">
						<content>23.75</content>
					</attRef>
					<attRef name="MinAoA">
						<content>26.0</content>
					</attRef>
					<attRef name="MaxAoA">
						<content>125.0</content>
					</attRef>
					<attRef name="OralFreq_Log">
						<content>nan</content>
					</attRef>
					<attRef name="WrittenFreq_Log">
						<content>30.44</content>
					</attRef>
					<attRef name="n_aoa">
						<content>12</content>
					</attRef>
					<attRef name="Max_AoA">
						<content>9.56</content>
					</attRef>
					<attRef name="Min_AoA">
						<content>3.4</content>
					</attRef>
					<attRef name="AoASpan">
						<content>6.16</content>
					</attRef>
					<attRef name="Max_sdAOA">
						<content>2.488</content>
					</attRef>
					<attRef name="Min_sdAOA">
						<content>1.698</content>
					</attRef>
					<attRef name="sdAOASpan">
						<content>0.79</content>
					</attRef>
					<attRef name="Max_logOralFreq">
						<content>3.684</content>
					</attRef>
					<attRef name="Min_logOralFreq">
						<content>1.176</content>
					</attRef>
					<attRef name="logOralFreqSpan">
						<content>2.508</content>
					</attRef>
					<attRef name="Max_logWrittenFreq">
						<content>3.783</content>
					</attRef>
					<attRef name="Min_logWrittenFreq">
						<content>1.041</content>
					</attRef>
					<attRef name="logWrittenFreqSpan">
						<content>2.742</content>
					</attRef>
					<attRef name="CorAoA">
						<content>0.0336</content>
					</attRef>
				</param>
			</lg>
			<lg n="2" type="cuarteto">
				<l n="5" met="-++--+-+-+-">De haberlo poseído vanamente</l>
				<l n="6" met="+--+-+---+-">te ha de quedar entonces el desdoro,</l>
				<l n="7" met="---+---+-+-" enjamb="B-pb_noun_prep" cert="medium">y la miseria y el inútil lloro</l>
				<l n="8" met="--+--+---+-" enjamb="I-pb_noun_prep" cert="medium">del que en hora tardía se arrepiente.</l>
				<param name="AffectiveFeatures">
					<attRef name="Hap_Mean">
						<content>2.34</content>
					</attRef>
					<attRef name="Hap_SD">
						<content>1.08</content>
					</attRef>
					<attRef name="Ang_Mean">
						<content>5.33</content>
					</attRef>
					<attRef name="Ang_SD">
						<content>2.87</content>
					</attRef>
					<attRef name="Sad_Mean">
						<content>7.1</content>
					</attRef>
					<attRef name="Sad_SD">
						<content>2.52</content>
					</attRef>
					<attRef name="Fear_Mean">
						<content>4.94</content>
					</attRef>
					<attRef name="Fear_SD">
						<content>2.92</content>
					</attRef>
					<attRef name="Disg_Mean">
						<content>3.77</content>
					</attRef>
					<attRef name="Disg_SD">
						<content>2.49</content>
					</attRef>
					<attRef name="n_affective">
						<content>2</content>
					</attRef>
					<attRef name="ValenceMean">
						<content>33.38</content>
					</attRef>
					<attRef name="ValenceSD">
						<content>9.78</content>
					</attRef>
					<attRef name="ArousalMean">
						<content>44.88</content>
					</attRef>
					<attRef name="ArousalSD">
						<content>12.97</content>
					</attRef>
					<attRef name="n_v_a">
						<content>8</content>
					</attRef>
					<attRef name="Max_Aro">
						<content>6.65</content>
					</attRef>
					<attRef name="Min_Aro">
						<content>4.6</content>
					</attRef>
					<attRef name="ArousalSpan">
						<content>2.05</content>
					</attRef>
					<attRef name="Max_Val">
						<content>7.05</content>
					</attRef>
					<attRef name="Min_Val">
						<content>2.0</content>
					</attRef>
					<attRef name="ValenceSpan">
						<content>5.05</content>
					</attRef>
					<attRef name="CorAro">
						<content>0.1527</content>
					</attRef>
					<attRef name="CorVal">
						<content>-0.5964</content>
					</attRef>
					<attRef name="averageAoA">
						<content>43.78</content>
					</attRef>
					<attRef name="sdAOA">
						<content>14.12</content>
					</attRef>
					<attRef name="MinAoA">
						<content>17.0</content>
					</attRef>
					<attRef name="MaxAoA">
						<content>71.0</content>
					</attRef>
					<attRef name="OralFreq_Log">
						<content>15.58</content>
					</attRef>
					<attRef name="WrittenFreq_Log">
						<content>17.93</content>
					</attRef>
					<attRef name="n_aoa">
						<content>7</content>
					</attRef>
					<attRef name="Max_AoA">
						<content>8.36</content>
					</attRef>
					<attRef name="Min_AoA">
						<content>2.84</content>
					</attRef>
					<attRef name="AoASpan">
						<content>5.52</content>
					</attRef>
					<attRef name="Max_sdAOA">
						<content>2.284</content>
					</attRef>
					<attRef name="Min_sdAOA">
						<content>1.476</content>
					</attRef>
					<attRef name="sdAOASpan">
						<content>0.808</content>
					</attRef>
					<attRef name="Max_logOralFreq">
						<content>3.809</content>
					</attRef>
					<attRef name="Min_logOralFreq">
						<content>1.146</content>
					</attRef>
					<attRef name="logOralFreqSpan">
						<content>2.663</content>
					</attRef>
					<attRef name="Max_logWrittenFreq">
						<content>3.485</content>
					</attRef>
					<attRef name="Min_logWrittenFreq">
						<content>1.968</content>
					</attRef>
					<attRef name="logWrittenFreqSpan">
						<content>1.517</content>
					</attRef>
					<attRef name="CorAoA">
						<content>-0.4781</content>
					</attRef>
				</param>
			</lg>
			<lg n="3" type="terceto">
				<l n="9" met="--++---+-+-">Que, aunque mil fuentes de riquezas tienes,</l>
				<l n="10" met="+--+---+-+-">todas por ésta tu confianza olvida,</l>
				<l n="11" met="--+--+-+-+-">con que justo será que luego penes:</l>
				<param name="AffectiveFeatures">
					<attRef name="Hap_Mean">
						<content>9.9</content>
					</attRef>
					<attRef name="Hap_SD">
						<content>3.94</content>
					</attRef>
					<attRef name="Ang_Mean">
						<content>4.23</content>
					</attRef>
					<attRef name="Ang_SD">
						<content>2.2</content>
					</attRef>
					<attRef name="Sad_Mean">
						<content>3.97</content>
					</attRef>
					<attRef name="Sad_SD">
						<content>1.94</content>
					</attRef>
					<attRef name="Fear_Mean">
						<content>4.66</content>
					</attRef>
					<attRef name="Fear_SD">
						<content>3.11</content>
					</attRef>
					<attRef name="Disg_Mean">
						<content>4.2</content>
					</attRef>
					<attRef name="Disg_SD">
						<content>2.67</content>
					</attRef>
					<attRef name="n_affective">
						<content>3</content>
					</attRef>
					<attRef name="ValenceMean">
						<content>56.33</content>
					</attRef>
					<attRef name="ValenceSD">
						<content>13.1</content>
					</attRef>
					<attRef name="ArousalMean">
						<content>46.83</content>
					</attRef>
					<attRef name="ArousalSD">
						<content>16.6</content>
					</attRef>
					<attRef name="n_v_a">
						<content>9</content>
					</attRef>
					<attRef name="Max_Aro">
						<content>7.28</content>
					</attRef>
					<attRef name="Min_Aro">
						<content>2.85</content>
					</attRef>
					<attRef name="ArousalSpan">
						<content>4.43</content>
					</attRef>
					<attRef name="Max_Val">
						<content>8.18</content>
					</attRef>
					<attRef name="Min_Val">
						<content>3.65</content>
					</attRef>
					<attRef name="ValenceSpan">
						<content>4.53</content>
					</attRef>
					<attRef name="CorAro">
						<content>0.1855</content>
					</attRef>
					<attRef name="CorVal">
						<content>-0.1883</content>
					</attRef>
					<attRef name="averageAoA">
						<content>66.06</content>
					</attRef>
					<attRef name="sdAOA">
						<content>21.14</content>
					</attRef>
					<attRef name="MinAoA">
						<content>23.0</content>
					</attRef>
					<attRef name="MaxAoA">
						<content>113.0</content>
					</attRef>
					<attRef name="OralFreq_Log">
						<content>29.75</content>
					</attRef>
					<attRef name="WrittenFreq_Log">
						<content>31.89</content>
					</attRef>
					<attRef name="n_aoa">
						<content>11</content>
					</attRef>
					<attRef name="Max_AoA">
						<content>8.3</content>
					</attRef>
					<attRef name="Min_AoA">
						<content>3.54</content>
					</attRef>
					<attRef name="AoASpan">
						<content>4.76</content>
					</attRef>
					<attRef name="Max_sdAOA">
						<content>2.27</content>
					</attRef>
					<attRef name="Min_sdAOA">
						<content>1.466</content>
					</attRef>
					<attRef name="sdAOASpan">
						<content>0.804</content>
					</attRef>
					<attRef name="Max_logOralFreq">
						<content>3.974</content>
					</attRef>
					<attRef name="Min_logOralFreq">
						<content>0.954</content>
					</attRef>
					<attRef name="logOralFreqSpan">
						<content>3.02</content>
					</attRef>
					<attRef name="Max_logWrittenFreq">
						<content>3.888</content>
					</attRef>
					<attRef name="Min_logWrittenFreq">
						<content>1.978</content>
					</attRef>
					<attRef name="logWrittenFreqSpan">
						<content>1.91</content>
					</attRef>
					<attRef name="CorAoA">
						<content>0.1189</content>
					</attRef>
				</param>
			</lg>
			<lg n="4" type="terceto">
				<l n="12" met="+--+---+++-" enjamb="B-pb_verb_cprep" cert="medium">Teme que cuenta el Creador te pida</l>
				<l n="13" met="-+-+---+-+-" enjamb="B-pb_noun_prep I-pb_verb_cprep" cert="medium medium">de tantos raros malogrados bienes</l>
				<l n="14" met="--+--+-+-+-" enjamb="I-pb_noun_prep" cert="medium">de que indigna la tierra te apellida.</l>
				<param name="AffectiveFeatures">
					<attRef name="Hap_Mean">
						<content>5.53</content>
					</attRef>
					<attRef name="Hap_SD">
						<content>3.2</content>
					</attRef>
					<attRef name="Ang_Mean">
						<content>4.53</content>
					</attRef>
					<attRef name="Ang_SD">
						<content>2.59</content>
					</attRef>
					<attRef name="Sad_Mean">
						<content>5.46</content>
					</attRef>
					<attRef name="Sad_SD">
						<content>3.16</content>
					</attRef>
					<attRef name="Fear_Mean">
						<content>6.83</content>
					</attRef>
					<attRef name="Fear_SD">
						<content>3.45</content>
					</attRef>
					<attRef name="Disg_Mean">
						<content>4.13</content>
					</attRef>
					<attRef name="Disg_SD">
						<content>2.31</content>
					</attRef>
					<attRef name="n_affective">
						<content>3</content>
					</attRef>
					<attRef name="ValenceMean">
						<content>52.4</content>
					</attRef>
					<attRef name="ValenceSD">
						<content>12.23</content>
					</attRef>
					<attRef name="ArousalMean">
						<content>53.7</content>
					</attRef>
					<attRef name="ArousalSD">
						<content>13.29</content>
					</attRef>
					<attRef name="n_v_a">
						<content>10</content>
					</attRef>
					<attRef name="Max_Aro">
						<content>7.2</content>
					</attRef>
					<attRef name="Min_Aro">
						<content>3.9</content>
					</attRef>
					<attRef name="ArousalSpan">
						<content>3.3</content>
					</attRef>
					<attRef name="Max_Val">
						<content>8.15</content>
					</attRef>
					<attRef name="Min_Val">
						<content>2.55</content>
					</attRef>
					<attRef name="ValenceSpan">
						<content>5.6</content>
					</attRef>
					<attRef name="CorAro">
						<content>-0.4859</content>
					</attRef>
					<attRef name="CorVal">
						<content>0.2442</content>
					</attRef>
					<attRef name="averageAoA">
						<content>36.88</content>
					</attRef>
					<attRef name="sdAOA">
						<content>15.87</content>
					</attRef>
					<attRef name="MinAoA">
						<content>11.0</content>
					</attRef>
					<attRef name="MaxAoA">
						<content>78.0</content>
					</attRef>
					<attRef name="OralFreq_Log">
						<content>19.94</content>
					</attRef>
					<attRef name="WrittenFreq_Log">
						<content>21.28</content>
					</attRef>
					<attRef name="n_aoa">
						<content>8</content>
					</attRef>
					<attRef name="Max_AoA">
						<content>6.7</content>
					</attRef>
					<attRef name="Min_AoA">
						<content>2.84</content>
					</attRef>
					<attRef name="AoASpan">
						<content>3.86</content>
					</attRef>
					<attRef name="Max_sdAOA">
						<content>2.393</content>
					</attRef>
					<attRef name="Min_sdAOA">
						<content>1.629</content>
					</attRef>
					<attRef name="sdAOASpan">
						<content>0.764</content>
					</attRef>
					<attRef name="Max_logOralFreq">
						<content>3.879</content>
					</attRef>
					<attRef name="Min_logOralFreq">
						<content>0.954</content>
					</attRef>
					<attRef name="logOralFreqSpan">
						<content>2.925</content>
					</attRef>
					<attRef name="Max_logWrittenFreq">
						<content>3.573</content>
					</attRef>
					<attRef name="Min_logWrittenFreq">
						<content>1.756</content>
					</attRef>
					<attRef name="logWrittenFreqSpan">
						<content>1.817</content>
					</attRef>
					<attRef name="CorAoA">
						<content>-0.747</content>
					</attRef>
				</param>
			</lg>
			<param name="AffectiveFeatures">
				<attRef name="Hap_Mean">
					<content>28.46</content>
				</attRef>
				<attRef name="Hap_SD">
					<content>12.41</content>
				</attRef>
				<attRef name="Ang_Mean">
					<content>21.36</content>
				</attRef>
				<attRef name="Ang_SD">
					<content>10.96</content>
				</attRef>
				<attRef name="Sad_Mean">
					<content>22.93</content>
				</attRef>
				<attRef name="Sad_SD">
					<content>11.12</content>
				</attRef>
				<attRef name="Fear_Mean">
					<content>22.84</content>
				</attRef>
				<attRef name="Fear_SD">
					<content>13.62</content>
				</attRef>
				<attRef name="Disg_Mean">
					<content>18.82</content>
				</attRef>
				<attRef name="Disg_SD">
					<content>10.37</content>
				</attRef>
				<attRef name="n_affective">
					<content>12</content>
				</attRef>
				<attRef name="ValenceMean">
					<content>219.4</content>
				</attRef>
				<attRef name="ValenceSD">
					<content>54.3</content>
				</attRef>
				<attRef name="ArousalMean">
					<content>224.58</content>
				</attRef>
				<attRef name="ArousalSD">
					<content>64.28</content>
				</attRef>
				<attRef name="n_v_a">
					<content>41</content>
				</attRef>
				<attRef name="Max_Aro">
					<content>7.28</content>
				</attRef>
				<attRef name="Min_Aro">
					<content>2.85</content>
				</attRef>
				<attRef name="ArousalSpan">
					<content>4.43</content>
				</attRef>
				<attRef name="Max_Val">
					<content>8.18</content>
				</attRef>
				<attRef name="Min_Val">
					<content>2.0</content>
				</attRef>
				<attRef name="ValenceSpan">
					<content>6.18</content>
				</attRef>
				<attRef name="CorAro">
					<content>-0.1343</content>
				</attRef>
				<attRef name="CorVal">
					<content>-0.0091</content>
				</attRef>
				<attRef name="averageAoA">
					<content>221.02</content>
				</attRef>
				<attRef name="sdAOA">
					<content>74.88</content>
				</attRef>
				<attRef name="MinAoA">
					<content>77.0</content>
				</attRef>
				<attRef name="MaxAoA">
					<content>387.0</content>
				</attRef>
				<attRef name="OralFreq_Log">
					<content>nan</content>
				</attRef>
				<attRef name="WrittenFreq_Log">
					<content>101.56</content>
				</attRef>
				<attRef name="n_aoa">
					<content>38</content>
				</attRef>
				<attRef name="Max_AoA">
					<content>9.56</content>
				</attRef>
				<attRef name="Min_AoA">
					<content>2.84</content>
				</attRef>
				<attRef name="AoASpan">
					<content>6.72</content>
				</attRef>
				<attRef name="Max_sdAOA">
					<content>2.488</content>
				</attRef>
				<attRef name="Min_sdAOA">
					<content>1.466</content>
				</attRef>
				<attRef name="sdAOASpan">
					<content>1.022</content>
				</attRef>
				<attRef name="Max_logOralFreq">
					<content>3.974</content>
				</attRef>
				<attRef name="Min_logOralFreq">
					<content>0.954</content>
				</attRef>
				<attRef name="logOralFreqSpan">
					<content>3.02</content>
				</attRef>
				<attRef name="Max_logWrittenFreq">
					<content>3.888</content>
				</attRef>
				<attRef name="Min_logWrittenFreq">
					<content>1.041</content>
				</attRef>
				<attRef name="logWrittenFreqSpan">
					<content>2.847</content>
				</attRef>
				<attRef name="CorAoA">
					<content>-0.2909</content>
				</attRef>
			</param>
		</body>
	</text>
</TEI>