<?xml version="1.0" encoding="utf-8"?>
<TEI xmlns="http://www.tei-c.org/ns/1.0">
	<teiHeader>
		<fileDesc>
			<titleStmt about="disco:po_307n1002">
				<title property="dc:title">Gloria y amor</title>
				<author property="dc:creator" resource="disco:307n" corresp="#disco_307n">José Amador de los Ríos</author>
				<principal xml:id="prf">Pablo Ruiz Fabo</principal>
				<principal xml:id="heb">Helena Bermúdez Sabel</principal>
				<principal xml:id="jct">José Calvo Tello</principal>
				<principal xml:id="cimc">Clara Isabel Martínez Cantón</principal>
				<respStmt>
					<resp>Metrical annotation by</resp>
					<name xml:id="bnc">Borja Navarro Colorado</name>
				</respStmt>
			</titleStmt>
			<extent>
				<measure unit="sonnets">1</measure>
				<measure unit="tokens">94</measure>
				<measure unit="line">14</measure>
			</extent>
			<publicationStmt>
				<publisher>Diachronic Spanish Sonnet Corpus</publisher>
				<authority>POSTDATA Project</authority>
				<pubPlace>Madrid</pubPlace>
				<availability status="free">
					<p>The text is freely available</p>
				</availability>
				<date when="2017">2017</date>
				<idno type="#disco" xml:id="file_po_307n1002"></idno>
			</publicationStmt>
			<sourceDesc>
				<bibl type="digital-source">
					<hi rend="italics">Sonetos del siglo XIX</hi>
					<date when="2006">2006</date>
					<ref target="http://www.cervantesvirtual.com/nd/ark:/59851/bmc4q861"></ref>
					<ref target="http://www.cervantesvirtual.com/obra/sonetos-del-siglo-xix--0/"></ref>
Biblioteca Cervantes Virtual,  / editados por Ramón García González, , , .				</bibl>
			</sourceDesc>
		</fileDesc>
		<profileDesc>
			<langUsage>
				<language ident="es" about="disco:po_307n1002" property="dc:language" resource="dbpedia:Idioma_español">Spanish</language>
			</langUsage>
			<particDesc>
				<listPerson>
					<person xml:id="disco_307n" about="disco:307n" typeOf="foaf:Person">
						<idno cert="high" property="rdfs:seeAlso" resource="https://viaf.org/viaf/2539806"></idno>
						<persName type="short">Amador de los Ríos</persName>
						<persName type="full">
							<forename property="foaf:givenName">José</forename>
							<surname property="foaf:familyName">Amador de los Ríos</surname>
						</persName>
						<persName type="source" property="foaf:name">José Amador de los Ríos</persName>
						<sex property="foaf:gender" content="M"></sex>
						<birth>
							<location>
								<placeName>
									<country property="schema:birthPlace" inlist="">España</country>
									<bloc property="schema:birthPlace" inlist="">Europa</bloc>
								</placeName>
							</location>
							<date type="century">19</date>
						</birth>
						<death>
							<date type="century">19</date>
						</death>
						<listBibl inlist="" rel="blterms:hasCreated" typeOf="schema:CreativeWork">
							<bibl resource="disco:s307n1002">
								<title property="dc:title">Gloria y amor</title>
								<title type="incipit" property="dc:alternative">En insaciable sed de amor y gloria,</title>
							</bibl>
						</listBibl>
					</person>
				</listPerson>
			</particDesc>
		</profileDesc>
		<encodingDesc>
			<listPrefixDef>
				<prefixDef ident="foaf" matchPattern="([A-Za-z]+)" replacementPattern="http://xmlns.com/foaf/0.1/$1"></prefixDef>
				<prefixDef ident="dc" matchPattern="([A-Za-z]+)" replacementPattern="http://purl.org/dc/terms/$1"></prefixDef>
				<prefixDef ident="schema" matchPattern="([A-Za-z]+)" replacementPattern="http://schema.org/$1"></prefixDef>
				<prefixDef ident="dbpedia" matchPattern="([A-Za-z]+(_[A-Za-z])*)" replacementPattern="http://es.dbpedia.org/page/"></prefixDef>
				<prefixDef ident="blterms" matchPattern="([A-Za-z]+)" replacementPattern="http://www.bl.uk/schemas/bibliographic/blterms#$1"></prefixDef>
				<prefixDef ident="rdfs" matchPattern="([A-Za-z]+)" replacementPattern="http://www.w3.org/2000/01/rdf-schema#$1"></prefixDef>
			</listPrefixDef>
			<metDecl type="met" pattern="((\+|\-)+)*">
				<metSym value="+">stressed syllable</metSym>
				<metSym value="-">unstressed syllable</metSym>
			</metDecl>
			<metDecl type="met">
				<p>
					<ref target="https://github.com/bncolorado/adsoScansionSystem">ADSO</ref>
The metrical patterns were extracted automatically using the 
                    tool.				</p>
			</metDecl>
			<metDecl type="enjamb">
				<p>
					<att>enjamb</att>
					<att>cert</att>
					<ref target="https://sites.google.com/site/spanishenjambment/">ANJA
                        (Automatic eNJambment Analysis)</ref>
					<ref target="https://sites.google.com/site/spanishenjambment/enjambment-types">documentation</ref>
					<ref target="https://sites.google.com/site/spanishenjambment/tei-certitude-values">report</ref>
The values of the  atributes were extracted automatically using
                    the  tool. For more information about the
                    types of enjambment as defined in this corpus, read the . In addition, a  was added to express the
                    degree of certainty concerning the characterisation of the enjambment. The following 
                     covers this feature in deep detail.				</p>
			</metDecl>
		</encodingDesc>
		<revisionDesc>
			<change when="2017-11-02" who="#prf">Initial TEI version</change>
			<change when="2017-11-27" who="#prf">Addition of metrical annotation</change>
			<change when="2017-11-27" who="#heb">Review of authors’ metadata</change>
			<change when="2017-12-01" who="#prf">Encoding of enjambment</change>
			<change when="2017-12-01" who="#heb">Publication of 19th, 18th and Golden Age version</change>
			<change when="2018-05-16" who="#heb">Revision of RDFa attributes</change>
		</revisionDesc>
	</teiHeader>
	<text>
		<front>
			<head>Gloria y amor</head>
		</front>
		<body>
			<lg n="1" type="cuarteto">
				<l n="1" met="---+-+-+-+-">En insaciable sed de amor y gloria,</l>
				<l n="2" met="-+-+---+-+-">ardió mi pecho en juventud florida;</l>
				<l n="3" met="-+-+-+---+-" enjamb="B-ex_subj_verb" cert="low">luché y la noble palma apetecida</l>
				<l n="4" met="+--+---+-+-" enjamb="I-ex_subj_verb" cert="low">puso en mis sienes la inmortal victoria.</l>
				<param name="AffectiveFeatures">
					<attRef name="Hap_Mean">
						<content>21.7</content>
					</attRef>
					<attRef name="Hap_SD">
						<content>5.87</content>
					</attRef>
					<attRef name="Ang_Mean">
						<content>8.33</content>
					</attRef>
					<attRef name="Ang_SD">
						<content>4.76</content>
					</attRef>
					<attRef name="Sad_Mean">
						<content>8.78</content>
					</attRef>
					<attRef name="Sad_SD">
						<content>4.97</content>
					</attRef>
					<attRef name="Fear_Mean">
						<content>9.3</content>
					</attRef>
					<attRef name="Fear_SD">
						<content>5.01</content>
					</attRef>
					<attRef name="Disg_Mean">
						<content>6.53</content>
					</attRef>
					<attRef name="Disg_SD">
						<content>1.74</content>
					</attRef>
					<attRef name="n_affective">
						<content>6</content>
					</attRef>
					<attRef name="ValenceMean">
						<content>92.8</content>
					</attRef>
					<attRef name="ValenceSD">
						<content>19.98</content>
					</attRef>
					<attRef name="ArousalMean">
						<content>84.18</content>
					</attRef>
					<attRef name="ArousalSD">
						<content>26.26</content>
					</attRef>
					<attRef name="n_v_a">
						<content>15</content>
					</attRef>
					<attRef name="Max_Aro">
						<content>7.5</content>
					</attRef>
					<attRef name="Min_Aro">
						<content>4.15</content>
					</attRef>
					<attRef name="ArousalSpan">
						<content>3.35</content>
					</attRef>
					<attRef name="Max_Val">
						<content>8.4</content>
					</attRef>
					<attRef name="Min_Val">
						<content>2.85</content>
					</attRef>
					<attRef name="ValenceSpan">
						<content>5.55</content>
					</attRef>
					<attRef name="CorAro">
						<content>-0.1641</content>
					</attRef>
					<attRef name="CorVal">
						<content>0.2014</content>
					</attRef>
					<attRef name="averageAoA">
						<content>82.83</content>
					</attRef>
					<attRef name="sdAOA">
						<content>27.2</content>
					</attRef>
					<attRef name="MinAoA">
						<content>23.0</content>
					</attRef>
					<attRef name="MaxAoA">
						<content>135.33</content>
					</attRef>
					<attRef name="OralFreq_Log">
						<content>23.56</content>
					</attRef>
					<attRef name="WrittenFreq_Log">
						<content>28.03</content>
					</attRef>
					<attRef name="n_aoa">
						<content>13</content>
					</attRef>
					<attRef name="Max_AoA">
						<content>9.32</content>
					</attRef>
					<attRef name="Min_AoA">
						<content>2.54</content>
					</attRef>
					<attRef name="AoASpan">
						<content>6.78</content>
					</attRef>
					<attRef name="Max_sdAOA">
						<content>2.819</content>
					</attRef>
					<attRef name="Min_sdAOA">
						<content>1.365</content>
					</attRef>
					<attRef name="sdAOASpan">
						<content>1.454</content>
					</attRef>
					<attRef name="Max_logOralFreq">
						<content>2.91</content>
					</attRef>
					<attRef name="Min_logOralFreq">
						<content>0.301</content>
					</attRef>
					<attRef name="logOralFreqSpan">
						<content>2.609</content>
					</attRef>
					<attRef name="Max_logWrittenFreq">
						<content>3.176</content>
					</attRef>
					<attRef name="Min_logWrittenFreq">
						<content>1.301</content>
					</attRef>
					<attRef name="logWrittenFreqSpan">
						<content>1.875</content>
					</attRef>
					<attRef name="CorAoA">
						<content>0.4266</content>
					</attRef>
				</param>
			</lg>
			<lg n="2" type="cuarteto">
				<l n="5" met="+-+----+-+-">Negra fue en cambio del amor la historia;</l>
				<l n="6" met="-+-+---+-+-">que el alma triste de su dardo herida,</l>
				<l n="7" met="+--+-+-+-+-">una esperanza y mil lloró perdida,</l>
				<l n="8" met="---+-+-+-+-">en vez del oro hallando vil escoria.</l>
				<param name="AffectiveFeatures">
					<attRef name="Hap_Mean">
						<content>25.83</content>
					</attRef>
					<attRef name="Hap_SD">
						<content>8.79</content>
					</attRef>
					<attRef name="Ang_Mean">
						<content>19.46</content>
					</attRef>
					<attRef name="Ang_SD">
						<content>11.2</content>
					</attRef>
					<attRef name="Sad_Mean">
						<content>25.71</content>
					</attRef>
					<attRef name="Sad_SD">
						<content>10.51</content>
					</attRef>
					<attRef name="Fear_Mean">
						<content>24.67</content>
					</attRef>
					<attRef name="Fear_SD">
						<content>10.89</content>
					</attRef>
					<attRef name="Disg_Mean">
						<content>16.41</content>
					</attRef>
					<attRef name="Disg_SD">
						<content>8.59</content>
					</attRef>
					<attRef name="n_affective">
						<content>11</content>
					</attRef>
					<attRef name="ValenceMean">
						<content>84.04</content>
					</attRef>
					<attRef name="ValenceSD">
						<content>21.02</content>
					</attRef>
					<attRef name="ArousalMean">
						<content>95.85</content>
					</attRef>
					<attRef name="ArousalSD">
						<content>31.08</content>
					</attRef>
					<attRef name="n_v_a">
						<content>17</content>
					</attRef>
					<attRef name="Max_Aro">
						<content>6.5</content>
					</attRef>
					<attRef name="Min_Aro">
						<content>4.5</content>
					</attRef>
					<attRef name="ArousalSpan">
						<content>2.0</content>
					</attRef>
					<attRef name="Max_Val">
						<content>8.4</content>
					</attRef>
					<attRef name="Min_Val">
						<content>1.85</content>
					</attRef>
					<attRef name="ValenceSpan">
						<content>6.55</content>
					</attRef>
					<attRef name="CorAro">
						<content>0.2399</content>
					</attRef>
					<attRef name="CorVal">
						<content>-0.3051</content>
					</attRef>
					<attRef name="averageAoA">
						<content>82.76</content>
					</attRef>
					<attRef name="sdAOA">
						<content>28.08</content>
					</attRef>
					<attRef name="MinAoA">
						<content>27.33</content>
					</attRef>
					<attRef name="MaxAoA">
						<content>142.33</content>
					</attRef>
					<attRef name="OralFreq_Log">
						<content>32.51</content>
					</attRef>
					<attRef name="WrittenFreq_Log">
						<content>37.16</content>
					</attRef>
					<attRef name="n_aoa">
						<content>14</content>
					</attRef>
					<attRef name="Max_AoA">
						<content>9.92</content>
					</attRef>
					<attRef name="Min_AoA">
						<content>2.84</content>
					</attRef>
					<attRef name="AoASpan">
						<content>7.08</content>
					</attRef>
					<attRef name="Max_sdAOA">
						<content>2.819</content>
					</attRef>
					<attRef name="Min_sdAOA">
						<content>1.449</content>
					</attRef>
					<attRef name="sdAOASpan">
						<content>1.37</content>
					</attRef>
					<attRef name="Max_logOralFreq">
						<content>3.51</content>
					</attRef>
					<attRef name="Min_logOralFreq">
						<content>0.301</content>
					</attRef>
					<attRef name="logOralFreqSpan">
						<content>3.209</content>
					</attRef>
					<attRef name="Max_logWrittenFreq">
						<content>3.62</content>
					</attRef>
					<attRef name="Min_logWrittenFreq">
						<content>0.845</content>
					</attRef>
					<attRef name="logWrittenFreqSpan">
						<content>2.775</content>
					</attRef>
					<attRef name="CorAoA">
						<content>0.2218</content>
					</attRef>
				</param>
			</lg>
			<lg n="3" type="terceto">
				<l n="9" met="-+-+---+-+-">La nieve empieza a coronar mi frente,</l>
				<l n="10" met="--+--+-+-+-">y encendido por ti, de amor abrigo</l>
				<l n="11" met="-----+-+-+-">dentro del corazón volcán rugiente.</l>
				<param name="AffectiveFeatures">
					<attRef name="Hap_Mean">
						<content>16.36</content>
					</attRef>
					<attRef name="Hap_SD">
						<content>4.96</content>
					</attRef>
					<attRef name="Ang_Mean">
						<content>7.29</content>
					</attRef>
					<attRef name="Ang_SD">
						<content>3.79</content>
					</attRef>
					<attRef name="Sad_Mean">
						<content>8.76</content>
					</attRef>
					<attRef name="Sad_SD">
						<content>5.37</content>
					</attRef>
					<attRef name="Fear_Mean">
						<content>10.84</content>
					</attRef>
					<attRef name="Fear_SD">
						<content>4.63</content>
					</attRef>
					<attRef name="Disg_Mean">
						<content>6.17</content>
					</attRef>
					<attRef name="Disg_SD">
						<content>2.47</content>
					</attRef>
					<attRef name="n_affective">
						<content>5</content>
					</attRef>
					<attRef name="ValenceMean">
						<content>64.43</content>
					</attRef>
					<attRef name="ValenceSD">
						<content>13.24</content>
					</attRef>
					<attRef name="ArousalMean">
						<content>54.71</content>
					</attRef>
					<attRef name="ArousalSD">
						<content>17.23</content>
					</attRef>
					<attRef name="n_v_a">
						<content>10</content>
					</attRef>
					<attRef name="Max_Aro">
						<content>6.85</content>
					</attRef>
					<attRef name="Min_Aro">
						<content>4.2</content>
					</attRef>
					<attRef name="ArousalSpan">
						<content>2.65</content>
					</attRef>
					<attRef name="Max_Val">
						<content>8.4</content>
					</attRef>
					<attRef name="Min_Val">
						<content>4.85</content>
					</attRef>
					<attRef name="ValenceSpan">
						<content>3.55</content>
					</attRef>
					<attRef name="CorAro">
						<content>0.349</content>
					</attRef>
					<attRef name="CorVal">
						<content>-0.2246</content>
					</attRef>
					<attRef name="averageAoA">
						<content>39.84</content>
					</attRef>
					<attRef name="sdAOA">
						<content>17.07</content>
					</attRef>
					<attRef name="MinAoA">
						<content>13.0</content>
					</attRef>
					<attRef name="MaxAoA">
						<content>80.0</content>
					</attRef>
					<attRef name="OralFreq_Log">
						<content>19.52</content>
					</attRef>
					<attRef name="WrittenFreq_Log">
						<content>22.02</content>
					</attRef>
					<attRef name="n_aoa">
						<content>9</content>
					</attRef>
					<attRef name="Max_AoA">
						<content>5.78</content>
					</attRef>
					<attRef name="Min_AoA">
						<content>3.58</content>
					</attRef>
					<attRef name="AoASpan">
						<content>2.2</content>
					</attRef>
					<attRef name="Max_sdAOA">
						<content>2.819</content>
					</attRef>
					<attRef name="Min_sdAOA">
						<content>1.458</content>
					</attRef>
					<attRef name="sdAOASpan">
						<content>1.361</content>
					</attRef>
					<attRef name="Max_logOralFreq">
						<content>3.221</content>
					</attRef>
					<attRef name="Min_logOralFreq">
						<content>1.146</content>
					</attRef>
					<attRef name="logOralFreqSpan">
						<content>2.075</content>
					</attRef>
					<attRef name="Max_logWrittenFreq">
						<content>3.176</content>
					</attRef>
					<attRef name="Min_logWrittenFreq">
						<content>1.505</content>
					</attRef>
					<attRef name="logWrittenFreqSpan">
						<content>1.671</content>
					</attRef>
					<attRef name="CorAoA">
						<content>0.4397</content>
					</attRef>
				</param>
			</lg>
			<lg n="4" type="terceto">
				<l n="12" met="+--+-++--+-">Gloria y amor gozar quiero contigo;</l>
				<l n="13" met="---+-+-+-+-">mas si la pura fe tu labio miente,</l>
				<l n="14" met="-+-+---+-+-">amor y gloria, cual Satán, maldigo.</l>
				<param name="AffectiveFeatures">
					<attRef name="Hap_Mean">
						<content>26.6</content>
					</attRef>
					<attRef name="Hap_SD">
						<content>5.91</content>
					</attRef>
					<attRef name="Ang_Mean">
						<content>12.59</content>
					</attRef>
					<attRef name="Ang_SD">
						<content>6.3</content>
					</attRef>
					<attRef name="Sad_Mean">
						<content>14.07</content>
					</attRef>
					<attRef name="Sad_SD">
						<content>7.34</content>
					</attRef>
					<attRef name="Fear_Mean">
						<content>14.03</content>
					</attRef>
					<attRef name="Fear_SD">
						<content>7.77</content>
					</attRef>
					<attRef name="Disg_Mean">
						<content>9.91</content>
					</attRef>
					<attRef name="Disg_SD">
						<content>3.93</content>
					</attRef>
					<attRef name="n_affective">
						<content>7</content>
					</attRef>
					<attRef name="ValenceMean">
						<content>73.74</content>
					</attRef>
					<attRef name="ValenceSD">
						<content>13.82</content>
					</attRef>
					<attRef name="ArousalMean">
						<content>61.02</content>
					</attRef>
					<attRef name="ArousalSD">
						<content>25.67</content>
					</attRef>
					<attRef name="n_v_a">
						<content>11</content>
					</attRef>
					<attRef name="Max_Aro">
						<content>6.75</content>
					</attRef>
					<attRef name="Min_Aro">
						<content>4.3</content>
					</attRef>
					<attRef name="ArousalSpan">
						<content>2.45</content>
					</attRef>
					<attRef name="Max_Val">
						<content>8.4</content>
					</attRef>
					<attRef name="Min_Val">
						<content>1.95</content>
					</attRef>
					<attRef name="ValenceSpan">
						<content>6.45</content>
					</attRef>
					<attRef name="CorAro">
						<content>-0.0835</content>
					</attRef>
					<attRef name="CorVal">
						<content>-0.3845</content>
					</attRef>
					<attRef name="averageAoA">
						<content>85.13</content>
					</attRef>
					<attRef name="sdAOA">
						<content>30.21</content>
					</attRef>
					<attRef name="MinAoA">
						<content>27.33</content>
					</attRef>
					<attRef name="MaxAoA">
						<content>144.0</content>
					</attRef>
					<attRef name="OralFreq_Log">
						<content>29.2</content>
					</attRef>
					<attRef name="WrittenFreq_Log">
						<content>33.76</content>
					</attRef>
					<attRef name="n_aoa">
						<content>14</content>
					</attRef>
					<attRef name="Max_AoA">
						<content>8.9</content>
					</attRef>
					<attRef name="Min_AoA">
						<content>1.64</content>
					</attRef>
					<attRef name="AoASpan">
						<content>7.26</content>
					</attRef>
					<attRef name="Max_sdAOA">
						<content>2.819</content>
					</attRef>
					<attRef name="Min_sdAOA">
						<content>0.921</content>
					</attRef>
					<attRef name="sdAOASpan">
						<content>1.898</content>
					</attRef>
					<attRef name="Max_logOralFreq">
						<content>4.152</content>
					</attRef>
					<attRef name="Min_logOralFreq">
						<content>0.903</content>
					</attRef>
					<attRef name="logOralFreqSpan">
						<content>3.249</content>
					</attRef>
					<attRef name="Max_logWrittenFreq">
						<content>4.003</content>
					</attRef>
					<attRef name="Min_logWrittenFreq">
						<content>0.845</content>
					</attRef>
					<attRef name="logWrittenFreqSpan">
						<content>3.158</content>
					</attRef>
					<attRef name="CorAoA">
						<content>0.1185</content>
					</attRef>
				</param>
			</lg>
			<param name="AffectiveFeatures">
				<attRef name="Hap_Mean">
					<content>90.48</content>
				</attRef>
				<attRef name="Hap_SD">
					<content>25.52</content>
				</attRef>
				<attRef name="Ang_Mean">
					<content>47.67</content>
				</attRef>
				<attRef name="Ang_SD">
					<content>26.05</content>
				</attRef>
				<attRef name="Sad_Mean">
					<content>57.32</content>
				</attRef>
				<attRef name="Sad_SD">
					<content>28.19</content>
				</attRef>
				<attRef name="Fear_Mean">
					<content>58.84</content>
				</attRef>
				<attRef name="Fear_SD">
					<content>28.3</content>
				</attRef>
				<attRef name="Disg_Mean">
					<content>39.01</content>
				</attRef>
				<attRef name="Disg_SD">
					<content>16.73</content>
				</attRef>
				<attRef name="n_affective">
					<content>29</content>
				</attRef>
				<attRef name="ValenceMean">
					<content>315.01</content>
				</attRef>
				<attRef name="ValenceSD">
					<content>68.06</content>
				</attRef>
				<attRef name="ArousalMean">
					<content>295.76</content>
				</attRef>
				<attRef name="ArousalSD">
					<content>100.24</content>
				</attRef>
				<attRef name="n_v_a">
					<content>53</content>
				</attRef>
				<attRef name="Max_Aro">
					<content>7.5</content>
				</attRef>
				<attRef name="Min_Aro">
					<content>4.15</content>
				</attRef>
				<attRef name="ArousalSpan">
					<content>3.35</content>
				</attRef>
				<attRef name="Max_Val">
					<content>8.4</content>
				</attRef>
				<attRef name="Min_Val">
					<content>1.85</content>
				</attRef>
				<attRef name="ValenceSpan">
					<content>6.55</content>
				</attRef>
				<attRef name="CorAro">
					<content>-0.037</content>
				</attRef>
				<attRef name="CorVal">
					<content>0.1037</content>
				</attRef>
				<attRef name="averageAoA">
					<content>290.57</content>
				</attRef>
				<attRef name="sdAOA">
					<content>102.55</content>
				</attRef>
				<attRef name="MinAoA">
					<content>90.66</content>
				</attRef>
				<attRef name="MaxAoA">
					<content>501.66</content>
				</attRef>
				<attRef name="OralFreq_Log">
					<content>104.79</content>
				</attRef>
				<attRef name="WrittenFreq_Log">
					<content>120.96</content>
				</attRef>
				<attRef name="n_aoa">
					<content>50</content>
				</attRef>
				<attRef name="Max_AoA">
					<content>9.92</content>
				</attRef>
				<attRef name="Min_AoA">
					<content>1.64</content>
				</attRef>
				<attRef name="AoASpan">
					<content>8.28</content>
				</attRef>
				<attRef name="Max_sdAOA">
					<content>2.819</content>
				</attRef>
				<attRef name="Min_sdAOA">
					<content>0.921</content>
				</attRef>
				<attRef name="sdAOASpan">
					<content>1.898</content>
				</attRef>
				<attRef name="Max_logOralFreq">
					<content>4.152</content>
				</attRef>
				<attRef name="Min_logOralFreq">
					<content>0.301</content>
				</attRef>
				<attRef name="logOralFreqSpan">
					<content>3.851</content>
				</attRef>
				<attRef name="Max_logWrittenFreq">
					<content>4.003</content>
				</attRef>
				<attRef name="Min_logWrittenFreq">
					<content>0.845</content>
				</attRef>
				<attRef name="logWrittenFreqSpan">
					<content>3.158</content>
				</attRef>
				<attRef name="CorAoA">
					<content>-0.059</content>
				</attRef>
			</param>
		</body>
	</text>
</TEI>