<?xml version="1.0" encoding="utf-8"?>
<TEI xmlns="http://www.tei-c.org/ns/1.0">
	<teiHeader>
		<fileDesc>
			<titleStmt about="disco:po_021g0038">
				<title property="dc:title">A la muerte del doctor Juan Pérez de Montalbán</title>
				<author property="dc:creator" resource="disco:021g" corresp="#disco_021g">Juan Francisco Andrés</author>
				<principal xml:id="prf">Pablo Ruiz Fabo</principal>
				<principal xml:id="heb">Helena Bermúdez Sabel</principal>
				<principal xml:id="jct">José Calvo Tello</principal>
				<principal xml:id="cimc">Clara Isabel Martínez Cantón</principal>
				<respStmt>
					<resp>Metrical annotation by</resp>
					<name xml:id="bnc">Borja Navarro Colorado</name>
				</respStmt>
			</titleStmt>
			<extent>
				<measure unit="sonnets">1</measure>
				<measure unit="tokens">84</measure>
				<measure unit="line">14</measure>
			</extent>
			<publicationStmt>
				<publisher>Diachronic Spanish Sonnet Corpus</publisher>
				<authority>POSTDATA Project</authority>
				<pubPlace>Madrid</pubPlace>
				<availability status="free">
					<p>The text is freely available</p>
				</availability>
				<date when="2017">2017</date>
				<idno type="#disco" xml:id="file_po_021g0038"></idno>
			</publicationStmt>
			<sourceDesc>
				<bibl type="digital-source">
					<hi rend="italics">Sonetos del siglo XV al XVII</hi>
					<date when="2006">2006</date>
					<ref target="http://www.cervantesvirtual.com/nd/ark:/59851/bmc2r439"></ref>
					<ref target="http://www.cervantesvirtual.com/obra/sonetos-del-siglo-xv-al-xvii--0/"></ref>
Biblioteca Cervantes Virtual,  / editados por Ramón García González, , , .				</bibl>
			</sourceDesc>
		</fileDesc>
		<profileDesc>
			<langUsage>
				<language ident="es" about="disco:po_021g0038" property="dc:language" resource="dbpedia:Idioma_español">Spanish</language>
			</langUsage>
			<particDesc>
				<listPerson>
					<person xml:id="disco_021g" about="disco:021g" typeOf="foaf:Person">
						<idno cert="high" property="rdfs:seeAlso" resource="https://viaf.org/viaf/59109710"></idno>
						<persName type="short">Andrés</persName>
						<persName type="full">
							<forename property="foaf:givenName">Juan Francisco</forename>
							<surname property="foaf:familyName">Andrés</surname>
						</persName>
						<persName type="source" property="foaf:name">Juan Francisco Andrés</persName>
						<sex property="foaf:gender" content="M"></sex>
						<birth>
							<location>
								<placeName>
									<settlement property="schema:birthPlace" inlist="">Aragón</settlement>
									<country property="schema:birthPlace" inlist="">España</country>
									<bloc property="schema:birthPlace" inlist="">Europa</bloc>
								</placeName>
							</location>
							<date type="century">17</date>
						</birth>
						<death>
							<date type="century">17</date>
						</death>
						<listBibl inlist="" rel="blterms:hasCreated" typeOf="schema:CreativeWork">
							<bibl resource="disco:s021g0038">
								<title property="dc:title">A la muerte del doctor Juan Pérez de Montalbán</title>
								<title type="incipit" property="dc:alternative">El Monte excelso que la blanca Aurora</title>
							</bibl>
						</listBibl>
					</person>
				</listPerson>
			</particDesc>
		</profileDesc>
		<encodingDesc>
			<listPrefixDef>
				<prefixDef ident="foaf" matchPattern="([A-Za-z]+)" replacementPattern="http://xmlns.com/foaf/0.1/$1"></prefixDef>
				<prefixDef ident="dc" matchPattern="([A-Za-z]+)" replacementPattern="http://purl.org/dc/terms/$1"></prefixDef>
				<prefixDef ident="schema" matchPattern="([A-Za-z]+)" replacementPattern="http://schema.org/$1"></prefixDef>
				<prefixDef ident="dbpedia" matchPattern="([A-Za-z]+(_[A-Za-z])*)" replacementPattern="http://es.dbpedia.org/page/"></prefixDef>
				<prefixDef ident="blterms" matchPattern="([A-Za-z]+)" replacementPattern="http://www.bl.uk/schemas/bibliographic/blterms#$1"></prefixDef>
				<prefixDef ident="rdfs" matchPattern="([A-Za-z]+)" replacementPattern="http://www.w3.org/2000/01/rdf-schema#$1"></prefixDef>
			</listPrefixDef>
			<metDecl type="met" pattern="((\+|\-)+)*">
				<metSym value="+">stressed syllable</metSym>
				<metSym value="-">unstressed syllable</metSym>
			</metDecl>
			<metDecl type="met">
				<p>
					<ref target="https://github.com/bncolorado/adsoScansionSystem">ADSO</ref>
The metrical patterns were extracted automatically using the 
                    tool.				</p>
			</metDecl>
			<metDecl type="enjamb">
				<p>
					<att>enjamb</att>
					<att>cert</att>
					<ref target="https://sites.google.com/site/spanishenjambment/">ANJA
                        (Automatic eNJambment Analysis)</ref>
					<ref target="https://sites.google.com/site/spanishenjambment/enjambment-types">documentation</ref>
					<ref target="https://sites.google.com/site/spanishenjambment/tei-certitude-values">report</ref>
The values of the  atributes were extracted automatically using
                    the  tool. For more information about the
                    types of enjambment as defined in this corpus, read the . In addition, a  was added to express the
                    degree of certainty concerning the characterisation of the enjambment. The following 
                     covers this feature in deep detail.				</p>
			</metDecl>
		</encodingDesc>
		<revisionDesc>
			<change when="2017-11-02" who="#prf">Initial TEI version</change>
			<change when="2017-11-27" who="#prf">Addition of metrical annotation</change>
			<change when="2017-11-27" who="#heb">Review of authors’ metadata</change>
			<change when="2017-12-01" who="#prf">Encoding of enjambment</change>
			<change when="2017-12-01" who="#heb">Publication of 19th, 18th and Golden Age version</change>
			<change when="2018-05-16" who="#heb">Revision of RDFa attributes</change>
		</revisionDesc>
	</teiHeader>
	<text>
		<front>
			<head>A la muerte del doctor Juan Pérez de Montalbán</head>
		</front>
		<body>
			<lg n="1" type="cuarteto">
				<l n="1" met="-+-+---+-+-" enjamb="B-ex_subj_verb" cert="low">El Monte excelso que la blanca Aurora</l>
				<l n="2" met="-+---+---+-" enjamb="I-ex_subj_verb" cert="low">con trémulos cambiantes argentaba,</l>
				<l n="3" met="---+-+---+-" enjamb="B-ex_dobj_verb" cert="low">cuya sublime cumbre dibujaba</l>
				<l n="4" met="-+-+---+-+-" enjamb="I-ex_dobj_verb" cert="low">los dos collados donde Apolo mora;</l>
				<param name="AffectiveFeatures">
					<attRef name="Hap_Mean">
						<content>6.0</content>
					</attRef>
					<attRef name="Hap_SD">
						<content>2.91</content>
					</attRef>
					<attRef name="Ang_Mean">
						<content>2.27</content>
					</attRef>
					<attRef name="Ang_SD">
						<content>1.06</content>
					</attRef>
					<attRef name="Sad_Mean">
						<content>2.6</content>
					</attRef>
					<attRef name="Sad_SD">
						<content>1.38</content>
					</attRef>
					<attRef name="Fear_Mean">
						<content>2.1</content>
					</attRef>
					<attRef name="Fear_SD">
						<content>0.43</content>
					</attRef>
					<attRef name="Disg_Mean">
						<content>2.33</content>
					</attRef>
					<attRef name="Disg_SD">
						<content>1.02</content>
					</attRef>
					<attRef name="n_affective">
						<content>2</content>
					</attRef>
					<attRef name="ValenceMean">
						<content>62.25</content>
					</attRef>
					<attRef name="ValenceSD">
						<content>12.27</content>
					</attRef>
					<attRef name="ArousalMean">
						<content>46.69</content>
					</attRef>
					<attRef name="ArousalSD">
						<content>15.49</content>
					</attRef>
					<attRef name="n_v_a">
						<content>10</content>
					</attRef>
					<attRef name="Max_Aro">
						<content>6.2</content>
					</attRef>
					<attRef name="Min_Aro">
						<content>2.85</content>
					</attRef>
					<attRef name="ArousalSpan">
						<content>3.35</content>
					</attRef>
					<attRef name="Max_Val">
						<content>7.55</content>
					</attRef>
					<attRef name="Min_Val">
						<content>4.5</content>
					</attRef>
					<attRef name="ValenceSpan">
						<content>3.05</content>
					</attRef>
					<attRef name="CorAro">
						<content>0.224</content>
					</attRef>
					<attRef name="CorVal">
						<content>-0.183</content>
					</attRef>
					<attRef name="averageAoA">
						<content>34.18</content>
					</attRef>
					<attRef name="sdAOA">
						<content>13.1</content>
					</attRef>
					<attRef name="MinAoA">
						<content>8.0</content>
					</attRef>
					<attRef name="MaxAoA">
						<content>71.0</content>
					</attRef>
					<attRef name="OralFreq_Log">
						<content>14.76</content>
					</attRef>
					<attRef name="WrittenFreq_Log">
						<content>15.65</content>
					</attRef>
					<attRef name="n_aoa">
						<content>7</content>
					</attRef>
					<attRef name="Max_AoA">
						<content>9.28</content>
					</attRef>
					<attRef name="Min_AoA">
						<content>2.24</content>
					</attRef>
					<attRef name="AoASpan">
						<content>7.04</content>
					</attRef>
					<attRef name="Max_sdAOA">
						<content>2.195</content>
					</attRef>
					<attRef name="Min_sdAOA">
						<content>1.098</content>
					</attRef>
					<attRef name="sdAOASpan">
						<content>1.097</content>
					</attRef>
					<attRef name="Max_logOralFreq">
						<content>3.813</content>
					</attRef>
					<attRef name="Min_logOralFreq">
						<content>1.204</content>
					</attRef>
					<attRef name="logOralFreqSpan">
						<content>2.609</content>
					</attRef>
					<attRef name="Max_logWrittenFreq">
						<content>3.869</content>
					</attRef>
					<attRef name="Min_logWrittenFreq">
						<content>1.38</content>
					</attRef>
					<attRef name="logWrittenFreqSpan">
						<content>2.489</content>
					</attRef>
					<attRef name="CorAoA">
						<content>-0.2535</content>
					</attRef>
				</param>
			</lg>
			<lg n="2" type="cuarteto">
				<l n="5" met="+--+---+-+-">fúnebre eclipse su esplendor desdora,</l>
				<l n="6" met="+--+-+---+-" enjamb="B-ex_dobj_verb" cert="low">tanto que cuantas plantas albergaba</l>
				<l n="7" met="-+---++--+-" enjamb="I-ex_dobj_verb" cert="low">oscura densidad las emboscaba,</l>
				<l n="8" met="-+-+---+-+-">hurtando a Febo la porción que ignora;</l>
				<param name="AffectiveFeatures">
					<attRef name="Hap_Mean">
						<content>3.23</content>
					</attRef>
					<attRef name="Hap_SD">
						<content>1.49</content>
					</attRef>
					<attRef name="Ang_Mean">
						<content>3.8</content>
					</attRef>
					<attRef name="Ang_SD">
						<content>2.29</content>
					</attRef>
					<attRef name="Sad_Mean">
						<content>4.57</content>
					</attRef>
					<attRef name="Sad_SD">
						<content>2.34</content>
					</attRef>
					<attRef name="Fear_Mean">
						<content>5.36</content>
					</attRef>
					<attRef name="Fear_SD">
						<content>2.09</content>
					</attRef>
					<attRef name="Disg_Mean">
						<content>2.93</content>
					</attRef>
					<attRef name="Disg_SD">
						<content>1.88</content>
					</attRef>
					<attRef name="n_affective">
						<content>2</content>
					</attRef>
					<attRef name="ValenceMean">
						<content>54.68</content>
					</attRef>
					<attRef name="ValenceSD">
						<content>12.83</content>
					</attRef>
					<attRef name="ArousalMean">
						<content>65.95</content>
					</attRef>
					<attRef name="ArousalSD">
						<content>19.43</content>
					</attRef>
					<attRef name="n_v_a">
						<content>12</content>
					</attRef>
					<attRef name="Max_Aro">
						<content>7.05</content>
					</attRef>
					<attRef name="Min_Aro">
						<content>4.05</content>
					</attRef>
					<attRef name="ArousalSpan">
						<content>3.0</content>
					</attRef>
					<attRef name="Max_Val">
						<content>6.9</content>
					</attRef>
					<attRef name="Min_Val">
						<content>1.45</content>
					</attRef>
					<attRef name="ValenceSpan">
						<content>5.45</content>
					</attRef>
					<attRef name="CorAro">
						<content>0.0541</content>
					</attRef>
					<attRef name="CorVal">
						<content>-0.2852</content>
					</attRef>
					<attRef name="averageAoA">
						<content>46.2</content>
					</attRef>
					<attRef name="sdAOA">
						<content>13.11</content>
					</attRef>
					<attRef name="MinAoA">
						<content>16.0</content>
					</attRef>
					<attRef name="MaxAoA">
						<content>69.0</content>
					</attRef>
					<attRef name="OralFreq_Log">
						<content>10.41</content>
					</attRef>
					<attRef name="WrittenFreq_Log">
						<content>14.42</content>
					</attRef>
					<attRef name="n_aoa">
						<content>7</content>
					</attRef>
					<attRef name="Max_AoA">
						<content>9.4</content>
					</attRef>
					<attRef name="Min_AoA">
						<content>3.94</content>
					</attRef>
					<attRef name="AoASpan">
						<content>5.46</content>
					</attRef>
					<attRef name="Max_sdAOA">
						<content>2.104</content>
					</attRef>
					<attRef name="Min_sdAOA">
						<content>1.61</content>
					</attRef>
					<attRef name="sdAOASpan">
						<content>0.494</content>
					</attRef>
					<attRef name="Max_logOralFreq">
						<content>2.968</content>
					</attRef>
					<attRef name="Min_logOralFreq">
						<content>0.778</content>
					</attRef>
					<attRef name="logOralFreqSpan">
						<content>2.19</content>
					</attRef>
					<attRef name="Max_logWrittenFreq">
						<content>2.9560000000000004</content>
					</attRef>
					<attRef name="Min_logWrittenFreq">
						<content>1.544</content>
					</attRef>
					<attRef name="logWrittenFreqSpan">
						<content>1.412</content>
					</attRef>
					<attRef name="CorAoA">
						<content>-0.0872</content>
					</attRef>
				</param>
			</lg>
			<lg n="3" type="terceto">
				<l n="9" met="--+--+-+-+-">pero en vano se oponen sombras frías</l>
				<l n="10" met="--+--+---+-">a empañar de su cima los verdores,</l>
				<l n="11" met="+--+-+---+-">si han de brillar amenas lozanías;</l>
				<param name="AffectiveFeatures">
					<attRef name="Hap_Mean">
						<content>1.33</content>
					</attRef>
					<attRef name="Hap_SD">
						<content>0.71</content>
					</attRef>
					<attRef name="Ang_Mean">
						<content>1.37</content>
					</attRef>
					<attRef name="Ang_SD">
						<content>0.76</content>
					</attRef>
					<attRef name="Sad_Mean">
						<content>2.63</content>
					</attRef>
					<attRef name="Sad_SD">
						<content>1.3</content>
					</attRef>
					<attRef name="Fear_Mean">
						<content>1.57</content>
					</attRef>
					<attRef name="Fear_SD">
						<content>0.86</content>
					</attRef>
					<attRef name="Disg_Mean">
						<content>1.33</content>
					</attRef>
					<attRef name="Disg_SD">
						<content>0.66</content>
					</attRef>
					<attRef name="n_affective">
						<content>1</content>
					</attRef>
					<attRef name="ValenceMean">
						<content>47.31</content>
					</attRef>
					<attRef name="ValenceSD">
						<content>10.51</content>
					</attRef>
					<attRef name="ArousalMean">
						<content>40.13</content>
					</attRef>
					<attRef name="ArousalSD">
						<content>11.72</content>
					</attRef>
					<attRef name="n_v_a">
						<content>8</content>
					</attRef>
					<attRef name="Max_Aro">
						<content>6.4</content>
					</attRef>
					<attRef name="Min_Aro">
						<content>3.32</content>
					</attRef>
					<attRef name="ArousalSpan">
						<content>3.08</content>
					</attRef>
					<attRef name="Max_Val">
						<content>8.05</content>
					</attRef>
					<attRef name="Min_Val">
						<content>3.75</content>
					</attRef>
					<attRef name="ValenceSpan">
						<content>4.3</content>
					</attRef>
					<attRef name="CorAro">
						<content>-0.4671</content>
					</attRef>
					<attRef name="CorVal">
						<content>0.7483</content>
					</attRef>
					<attRef name="averageAoA">
						<content>30.84</content>
					</attRef>
					<attRef name="sdAOA">
						<content>7.77</content>
					</attRef>
					<attRef name="MinAoA">
						<content>14.0</content>
					</attRef>
					<attRef name="MaxAoA">
						<content>45.0</content>
					</attRef>
					<attRef name="OralFreq_Log">
						<content>9.57</content>
					</attRef>
					<attRef name="WrittenFreq_Log">
						<content>11.73</content>
					</attRef>
					<attRef name="n_aoa">
						<content>5</content>
					</attRef>
					<attRef name="Max_AoA">
						<content>9.82</content>
					</attRef>
					<attRef name="Min_AoA">
						<content>1.64</content>
					</attRef>
					<attRef name="AoASpan">
						<content>8.18</content>
					</attRef>
					<attRef name="Max_sdAOA">
						<content>2.312</content>
					</attRef>
					<attRef name="Min_sdAOA">
						<content>0.921</content>
					</attRef>
					<attRef name="sdAOASpan">
						<content>1.391</content>
					</attRef>
					<attRef name="Max_logOralFreq">
						<content>4.152</content>
					</attRef>
					<attRef name="Min_logOralFreq">
						<content>1.041</content>
					</attRef>
					<attRef name="logOralFreqSpan">
						<content>3.111</content>
					</attRef>
					<attRef name="Max_logWrittenFreq">
						<content>4.003</content>
					</attRef>
					<attRef name="Min_logWrittenFreq">
						<content>1.041</content>
					</attRef>
					<attRef name="logWrittenFreqSpan">
						<content>2.962</content>
					</attRef>
					<attRef name="CorAoA">
						<content>0.0824</content>
					</attRef>
				</param>
			</lg>
			<lg n="4" type="terceto">
				<l n="12" met="-++--+---+-">y mal pueden ceder a los horrores,</l>
				<l n="13" met="-----+---+-" enjamb="B-pb_noun_prep" cert="medium">pues a pesar del tiempo, y de los días</l>
				<l n="14" met="---+---+-+-" enjamb="I-pb_noun_prep" cert="medium">de sus cenizas nacerán las flores.</l>
				<param name="AffectiveFeatures">
					<attRef name="Hap_Mean">
						<content>12.6</content>
					</attRef>
					<attRef name="Hap_SD">
						<content>6.28</content>
					</attRef>
					<attRef name="Ang_Mean">
						<content>10.57</content>
					</attRef>
					<attRef name="Ang_SD">
						<content>6.12</content>
					</attRef>
					<attRef name="Sad_Mean">
						<content>12.13</content>
					</attRef>
					<attRef name="Sad_SD">
						<content>6.83</content>
					</attRef>
					<attRef name="Fear_Mean">
						<content>13.77</content>
					</attRef>
					<attRef name="Fear_SD">
						<content>6.88</content>
					</attRef>
					<attRef name="Disg_Mean">
						<content>9.9</content>
					</attRef>
					<attRef name="Disg_SD">
						<content>5.6</content>
					</attRef>
					<attRef name="n_affective">
						<content>6</content>
					</attRef>
					<attRef name="ValenceMean">
						<content>55.99</content>
					</attRef>
					<attRef name="ValenceSD">
						<content>14.65</content>
					</attRef>
					<attRef name="ArousalMean">
						<content>60.48</content>
					</attRef>
					<attRef name="ArousalSD">
						<content>19.22</content>
					</attRef>
					<attRef name="n_v_a">
						<content>11</content>
					</attRef>
					<attRef name="Max_Aro">
						<content>7.4</content>
					</attRef>
					<attRef name="Min_Aro">
						<content>3.4</content>
					</attRef>
					<attRef name="ArousalSpan">
						<content>4.0</content>
					</attRef>
					<attRef name="Max_Val">
						<content>7.95</content>
					</attRef>
					<attRef name="Min_Val">
						<content>2.1</content>
					</attRef>
					<attRef name="ValenceSpan">
						<content>5.85</content>
					</attRef>
					<attRef name="CorAro">
						<content>-0.6231</content>
					</attRef>
					<attRef name="CorVal">
						<content>0.5156</content>
					</attRef>
					<attRef name="averageAoA">
						<content>60.38</content>
					</attRef>
					<attRef name="sdAOA">
						<content>22.49</content>
					</attRef>
					<attRef name="MinAoA">
						<content>20.0</content>
					</attRef>
					<attRef name="MaxAoA">
						<content>111.0</content>
					</attRef>
					<attRef name="OralFreq_Log">
						<content>28.03</content>
					</attRef>
					<attRef name="WrittenFreq_Log">
						<content>29.31</content>
					</attRef>
					<attRef name="n_aoa">
						<content>11</content>
					</attRef>
					<attRef name="Max_AoA">
						<content>8.84</content>
					</attRef>
					<attRef name="Min_AoA">
						<content>2.68</content>
					</attRef>
					<attRef name="AoASpan">
						<content>6.16</content>
					</attRef>
					<attRef name="Max_sdAOA">
						<content>2.5</content>
					</attRef>
					<attRef name="Min_sdAOA">
						<content>1.477</content>
					</attRef>
					<attRef name="sdAOASpan">
						<content>1.023</content>
					</attRef>
					<attRef name="Max_logOralFreq">
						<content>4.257</content>
					</attRef>
					<attRef name="Min_logOralFreq">
						<content>0.903</content>
					</attRef>
					<attRef name="logOralFreqSpan">
						<content>3.354</content>
					</attRef>
					<attRef name="Max_logWrittenFreq">
						<content>3.62</content>
					</attRef>
					<attRef name="Min_logWrittenFreq">
						<content>1.69</content>
					</attRef>
					<attRef name="logWrittenFreqSpan">
						<content>1.93</content>
					</attRef>
					<attRef name="CorAoA">
						<content>-0.3963</content>
					</attRef>
				</param>
			</lg>
			<param name="AffectiveFeatures">
				<attRef name="Hap_Mean">
					<content>23.16</content>
				</attRef>
				<attRef name="Hap_SD">
					<content>11.39</content>
				</attRef>
				<attRef name="Ang_Mean">
					<content>18.01</content>
				</attRef>
				<attRef name="Ang_SD">
					<content>10.23</content>
				</attRef>
				<attRef name="Sad_Mean">
					<content>21.93</content>
				</attRef>
				<attRef name="Sad_SD">
					<content>11.85</content>
				</attRef>
				<attRef name="Fear_Mean">
					<content>22.8</content>
				</attRef>
				<attRef name="Fear_SD">
					<content>10.26</content>
				</attRef>
				<attRef name="Disg_Mean">
					<content>16.49</content>
				</attRef>
				<attRef name="Disg_SD">
					<content>9.16</content>
				</attRef>
				<attRef name="n_affective">
					<content>11</content>
				</attRef>
				<attRef name="ValenceMean">
					<content>220.23</content>
				</attRef>
				<attRef name="ValenceSD">
					<content>50.26</content>
				</attRef>
				<attRef name="ArousalMean">
					<content>213.25</content>
				</attRef>
				<attRef name="ArousalSD">
					<content>65.86</content>
				</attRef>
				<attRef name="n_v_a">
					<content>41</content>
				</attRef>
				<attRef name="Max_Aro">
					<content>7.4</content>
				</attRef>
				<attRef name="Min_Aro">
					<content>2.85</content>
				</attRef>
				<attRef name="ArousalSpan">
					<content>4.55</content>
				</attRef>
				<attRef name="Max_Val">
					<content>8.05</content>
				</attRef>
				<attRef name="Min_Val">
					<content>1.45</content>
				</attRef>
				<attRef name="ValenceSpan">
					<content>6.6</content>
				</attRef>
				<attRef name="CorAro">
					<content>0.1652</content>
				</attRef>
				<attRef name="CorVal">
					<content>-0.095</content>
				</attRef>
				<attRef name="averageAoA">
					<content>171.6</content>
				</attRef>
				<attRef name="sdAOA">
					<content>56.46</content>
				</attRef>
				<attRef name="MinAoA">
					<content>58.0</content>
				</attRef>
				<attRef name="MaxAoA">
					<content>296.0</content>
				</attRef>
				<attRef name="OralFreq_Log">
					<content>62.79</content>
				</attRef>
				<attRef name="WrittenFreq_Log">
					<content>71.09</content>
				</attRef>
				<attRef name="n_aoa">
					<content>30</content>
				</attRef>
				<attRef name="Max_AoA">
					<content>9.82</content>
				</attRef>
				<attRef name="Min_AoA">
					<content>1.64</content>
				</attRef>
				<attRef name="AoASpan">
					<content>8.18</content>
				</attRef>
				<attRef name="Max_sdAOA">
					<content>2.5</content>
				</attRef>
				<attRef name="Min_sdAOA">
					<content>0.921</content>
				</attRef>
				<attRef name="sdAOASpan">
					<content>1.579</content>
				</attRef>
				<attRef name="Max_logOralFreq">
					<content>4.257</content>
				</attRef>
				<attRef name="Min_logOralFreq">
					<content>0.778</content>
				</attRef>
				<attRef name="logOralFreqSpan">
					<content>3.479</content>
				</attRef>
				<attRef name="Max_logWrittenFreq">
					<content>4.003</content>
				</attRef>
				<attRef name="Min_logWrittenFreq">
					<content>1.041</content>
				</attRef>
				<attRef name="logWrittenFreqSpan">
					<content>2.962</content>
				</attRef>
				<attRef name="CorAoA">
					<content>0.0057</content>
				</attRef>
			</param>
		</body>
	</text>
</TEI>