<?xml version="1.0" encoding="utf-8"?>
<TEI xmlns="http://www.tei-c.org/ns/1.0">
	<teiHeader>
		<fileDesc>
			<titleStmt about="disco:po_021g0040">
				<title property="dc:title">A Raimundo de Peñafort</title>
				<author property="dc:creator" resource="disco:021g" corresp="#disco_021g">Juan Francisco Andrés</author>
				<principal xml:id="prf">Pablo Ruiz Fabo</principal>
				<principal xml:id="heb">Helena Bermúdez Sabel</principal>
				<principal xml:id="jct">José Calvo Tello</principal>
				<principal xml:id="cimc">Clara Isabel Martínez Cantón</principal>
				<respStmt>
					<resp>Metrical annotation by</resp>
					<name xml:id="bnc">Borja Navarro Colorado</name>
				</respStmt>
			</titleStmt>
			<extent>
				<measure unit="sonnets">1</measure>
				<measure unit="tokens">92</measure>
				<measure unit="line">14</measure>
			</extent>
			<publicationStmt>
				<publisher>Diachronic Spanish Sonnet Corpus</publisher>
				<authority>POSTDATA Project</authority>
				<pubPlace>Madrid</pubPlace>
				<availability status="free">
					<p>The text is freely available</p>
				</availability>
				<date when="2017">2017</date>
				<idno type="#disco" xml:id="file_po_021g0040"></idno>
			</publicationStmt>
			<sourceDesc>
				<bibl type="digital-source">
					<hi rend="italics">Sonetos del siglo XV al XVII</hi>
					<date when="2006">2006</date>
					<ref target="http://www.cervantesvirtual.com/nd/ark:/59851/bmc2r439"></ref>
					<ref target="http://www.cervantesvirtual.com/obra/sonetos-del-siglo-xv-al-xvii--0/"></ref>
Biblioteca Cervantes Virtual,  / editados por Ramón García González, , , .				</bibl>
			</sourceDesc>
		</fileDesc>
		<profileDesc>
			<langUsage>
				<language ident="es" about="disco:po_021g0040" property="dc:language" resource="dbpedia:Idioma_español">Spanish</language>
			</langUsage>
			<particDesc>
				<listPerson>
					<person xml:id="disco_021g" about="disco:021g" typeOf="foaf:Person">
						<idno cert="high" property="rdfs:seeAlso" resource="https://viaf.org/viaf/59109710"></idno>
						<persName type="short">Andrés</persName>
						<persName type="full">
							<forename property="foaf:givenName">Juan Francisco</forename>
							<surname property="foaf:familyName">Andrés</surname>
						</persName>
						<persName type="source" property="foaf:name">Juan Francisco Andrés</persName>
						<sex property="foaf:gender" content="M"></sex>
						<birth>
							<location>
								<placeName>
									<settlement property="schema:birthPlace" inlist="">Aragón</settlement>
									<country property="schema:birthPlace" inlist="">España</country>
									<bloc property="schema:birthPlace" inlist="">Europa</bloc>
								</placeName>
							</location>
							<date type="century">17</date>
						</birth>
						<death>
							<date type="century">17</date>
						</death>
						<listBibl inlist="" rel="blterms:hasCreated" typeOf="schema:CreativeWork">
							<bibl resource="disco:s021g0040">
								<title property="dc:title">A Raimundo de Peñafort</title>
								<title type="incipit" property="dc:alternative">Peña fuerte es Raimundo en su apellido,</title>
							</bibl>
						</listBibl>
					</person>
				</listPerson>
			</particDesc>
		</profileDesc>
		<encodingDesc>
			<listPrefixDef>
				<prefixDef ident="foaf" matchPattern="([A-Za-z]+)" replacementPattern="http://xmlns.com/foaf/0.1/$1"></prefixDef>
				<prefixDef ident="dc" matchPattern="([A-Za-z]+)" replacementPattern="http://purl.org/dc/terms/$1"></prefixDef>
				<prefixDef ident="schema" matchPattern="([A-Za-z]+)" replacementPattern="http://schema.org/$1"></prefixDef>
				<prefixDef ident="dbpedia" matchPattern="([A-Za-z]+(_[A-Za-z])*)" replacementPattern="http://es.dbpedia.org/page/"></prefixDef>
				<prefixDef ident="blterms" matchPattern="([A-Za-z]+)" replacementPattern="http://www.bl.uk/schemas/bibliographic/blterms#$1"></prefixDef>
				<prefixDef ident="rdfs" matchPattern="([A-Za-z]+)" replacementPattern="http://www.w3.org/2000/01/rdf-schema#$1"></prefixDef>
			</listPrefixDef>
			<metDecl type="met" pattern="((\+|\-)+)*">
				<metSym value="+">stressed syllable</metSym>
				<metSym value="-">unstressed syllable</metSym>
			</metDecl>
			<metDecl type="met">
				<p>
					<ref target="https://github.com/bncolorado/adsoScansionSystem">ADSO</ref>
The metrical patterns were extracted automatically using the 
                    tool.				</p>
			</metDecl>
			<metDecl type="enjamb">
				<p>
					<att>enjamb</att>
					<att>cert</att>
					<ref target="https://sites.google.com/site/spanishenjambment/">ANJA
                        (Automatic eNJambment Analysis)</ref>
					<ref target="https://sites.google.com/site/spanishenjambment/enjambment-types">documentation</ref>
					<ref target="https://sites.google.com/site/spanishenjambment/tei-certitude-values">report</ref>
The values of the  atributes were extracted automatically using
                    the  tool. For more information about the
                    types of enjambment as defined in this corpus, read the . In addition, a  was added to express the
                    degree of certainty concerning the characterisation of the enjambment. The following 
                     covers this feature in deep detail.				</p>
			</metDecl>
		</encodingDesc>
		<revisionDesc>
			<change when="2017-11-02" who="#prf">Initial TEI version</change>
			<change when="2017-11-27" who="#prf">Addition of metrical annotation</change>
			<change when="2017-11-27" who="#heb">Review of authors’ metadata</change>
			<change when="2017-12-01" who="#prf">Encoding of enjambment</change>
			<change when="2017-12-01" who="#heb">Publication of 19th, 18th and Golden Age version</change>
			<change when="2018-05-16" who="#heb">Revision of RDFa attributes</change>
		</revisionDesc>
	</teiHeader>
	<text>
		<front>
			<head>A Raimundo de Peñafort</head>
		</front>
		<body>
			<lg n="1" type="cuarteto">
				<l n="1" met="+-++-+---+-">Peña fuerte es Raimundo en su apellido,</l>
				<l n="2" met="-+-+-+-+-+-">y rey del mundo el nombre le publica;</l>
				<l n="3" met="-+---+-+-+-">aquél su fortaleza santa explica,</l>
				<l n="4" met="+--+-++--+-">y éste cuanto hay mortal muestra rendido.</l>
				<param name="AffectiveFeatures">
					<attRef name="Hap_Mean">
						<content>11.86</content>
					</attRef>
					<attRef name="Hap_SD">
						<content>5.62</content>
					</attRef>
					<attRef name="Ang_Mean">
						<content>9.6</content>
					</attRef>
					<attRef name="Ang_SD">
						<content>4.79</content>
					</attRef>
					<attRef name="Sad_Mean">
						<content>9.1</content>
					</attRef>
					<attRef name="Sad_SD">
						<content>4.41</content>
					</attRef>
					<attRef name="Fear_Mean">
						<content>8.77</content>
					</attRef>
					<attRef name="Fear_SD">
						<content>4.68</content>
					</attRef>
					<attRef name="Disg_Mean">
						<content>9.2</content>
					</attRef>
					<attRef name="Disg_SD">
						<content>4.36</content>
					</attRef>
					<attRef name="n_affective">
						<content>6</content>
					</attRef>
					<attRef name="ValenceMean">
						<content>83.36</content>
					</attRef>
					<attRef name="ValenceSD">
						<content>19.57</content>
					</attRef>
					<attRef name="ArousalMean">
						<content>79.88</content>
					</attRef>
					<attRef name="ArousalSD">
						<content>21.83</content>
					</attRef>
					<attRef name="n_v_a">
						<content>15</content>
					</attRef>
					<attRef name="Max_Aro">
						<content>7.05</content>
					</attRef>
					<attRef name="Min_Aro">
						<content>4.45</content>
					</attRef>
					<attRef name="ArousalSpan">
						<content>2.6</content>
					</attRef>
					<attRef name="Max_Val">
						<content>7.2</content>
					</attRef>
					<attRef name="Min_Val">
						<content>2.05</content>
					</attRef>
					<attRef name="ValenceSpan">
						<content>5.15</content>
					</attRef>
					<attRef name="CorAro">
						<content>0.2632</content>
					</attRef>
					<attRef name="CorVal">
						<content>-0.3899</content>
					</attRef>
					<attRef name="averageAoA">
						<content>69.2</content>
					</attRef>
					<attRef name="sdAOA">
						<content>26.51</content>
					</attRef>
					<attRef name="MinAoA">
						<content>18.0</content>
					</attRef>
					<attRef name="MaxAoA">
						<content>127.0</content>
					</attRef>
					<attRef name="OralFreq_Log">
						<content>31.93</content>
					</attRef>
					<attRef name="WrittenFreq_Log">
						<content>35.71</content>
					</attRef>
					<attRef name="n_aoa">
						<content>13</content>
					</attRef>
					<attRef name="Max_AoA">
						<content>8.18</content>
					</attRef>
					<attRef name="Min_AoA">
						<content>3.0</content>
					</attRef>
					<attRef name="AoASpan">
						<content>5.18</content>
					</attRef>
					<attRef name="Max_sdAOA">
						<content>2.418</content>
					</attRef>
					<attRef name="Min_sdAOA">
						<content>1.747</content>
					</attRef>
					<attRef name="sdAOASpan">
						<content>0.671</content>
					</attRef>
					<attRef name="Max_logOralFreq">
						<content>3.875</content>
					</attRef>
					<attRef name="Min_logOralFreq">
						<content>1.362</content>
					</attRef>
					<attRef name="logOralFreqSpan">
						<content>2.513</content>
					</attRef>
					<attRef name="Max_logWrittenFreq">
						<content>3.888</content>
					</attRef>
					<attRef name="Min_logWrittenFreq">
						<content>1.903</content>
					</attRef>
					<attRef name="logWrittenFreqSpan">
						<content>1.985</content>
					</attRef>
					<attRef name="CorAoA">
						<content>0.542</content>
					</attRef>
				</param>
			</lg>
			<lg n="2" type="cuarteto">
				<l n="5" met="---+-+---+-">El elemento más embravecido,</l>
				<l n="6" met="+-+--+--++-">cuado el mato en las ondas su fe aplica,</l>
				<l n="7" met="-+-+-+-+-+-">el viento mansamente en él se implica,</l>
				<l n="8" met="--++-+---+-">hasta haberle en la playa conducido.</l>
				<param name="AffectiveFeatures">
					<attRef name="Hap_Mean">
						<content>4.3</content>
					</attRef>
					<attRef name="Hap_SD">
						<content>1.12</content>
					</attRef>
					<attRef name="Ang_Mean">
						<content>1.07</content>
					</attRef>
					<attRef name="Ang_SD">
						<content>0.25</content>
					</attRef>
					<attRef name="Sad_Mean">
						<content>1.5</content>
					</attRef>
					<attRef name="Sad_SD">
						<content>0.82</content>
					</attRef>
					<attRef name="Fear_Mean">
						<content>1.47</content>
					</attRef>
					<attRef name="Fear_SD">
						<content>0.86</content>
					</attRef>
					<attRef name="Disg_Mean">
						<content>1.23</content>
					</attRef>
					<attRef name="Disg_SD">
						<content>0.5</content>
					</attRef>
					<attRef name="n_affective">
						<content>1</content>
					</attRef>
					<attRef name="ValenceMean">
						<content>48.45</content>
					</attRef>
					<attRef name="ValenceSD">
						<content>12.86</content>
					</attRef>
					<attRef name="ArousalMean">
						<content>47.04</content>
					</attRef>
					<attRef name="ArousalSD">
						<content>15.31</content>
					</attRef>
					<attRef name="n_v_a">
						<content>9</content>
					</attRef>
					<attRef name="Max_Aro">
						<content>7.06</content>
					</attRef>
					<attRef name="Min_Aro">
						<content>3.23</content>
					</attRef>
					<attRef name="ArousalSpan">
						<content>3.83</content>
					</attRef>
					<attRef name="Max_Val">
						<content>8.03</content>
					</attRef>
					<attRef name="Min_Val">
						<content>2.37</content>
					</attRef>
					<attRef name="ValenceSpan">
						<content>5.66</content>
					</attRef>
					<attRef name="CorAro">
						<content>-0.1038</content>
					</attRef>
					<attRef name="CorVal">
						<content>0.6289</content>
					</attRef>
					<attRef name="averageAoA">
						<content>45.12</content>
					</attRef>
					<attRef name="sdAOA">
						<content>13.69</content>
					</attRef>
					<attRef name="MinAoA">
						<content>15.0</content>
					</attRef>
					<attRef name="MaxAoA">
						<content>69.0</content>
					</attRef>
					<attRef name="OralFreq_Log">
						<content>13.52</content>
					</attRef>
					<attRef name="WrittenFreq_Log">
						<content>15.59</content>
					</attRef>
					<attRef name="n_aoa">
						<content>7</content>
					</attRef>
					<attRef name="Max_AoA">
						<content>8.78</content>
					</attRef>
					<attRef name="Min_AoA">
						<content>3.2</content>
					</attRef>
					<attRef name="AoASpan">
						<content>5.58</content>
					</attRef>
					<attRef name="Max_sdAOA">
						<content>2.32</content>
					</attRef>
					<attRef name="Min_sdAOA">
						<content>1.37</content>
					</attRef>
					<attRef name="sdAOASpan">
						<content>0.95</content>
					</attRef>
					<attRef name="Max_logOralFreq">
						<content>2.267</content>
					</attRef>
					<attRef name="Min_logOralFreq">
						<content>1.146</content>
					</attRef>
					<attRef name="logOralFreqSpan">
						<content>1.121</content>
					</attRef>
					<attRef name="Max_logWrittenFreq">
						<content>2.5980000000000003</content>
					</attRef>
					<attRef name="Min_logWrittenFreq">
						<content>1.716</content>
					</attRef>
					<attRef name="logWrittenFreqSpan">
						<content>0.882</content>
					</attRef>
					<attRef name="CorAoA">
						<content>-0.7813</content>
					</attRef>
				</param>
			</lg>
			<lg n="3" type="terceto">
				<l n="9" met="-+-+-+---+-">Triunfó del mar airado y de los vientos,</l>
				<l n="10" met="-----+---+-">y cuando sus preceptos obedecen,</l>
				<l n="11" met="+-+--+---+-">muestra el mundo menor sus movimientos.</l>
				<param name="AffectiveFeatures">
					<attRef name="Hap_Mean">
						<content>11.16</content>
					</attRef>
					<attRef name="Hap_SD">
						<content>4.73</content>
					</attRef>
					<attRef name="Ang_Mean">
						<content>8.26</content>
					</attRef>
					<attRef name="Ang_SD">
						<content>4.04</content>
					</attRef>
					<attRef name="Sad_Mean">
						<content>9.18</content>
					</attRef>
					<attRef name="Sad_SD">
						<content>4.63</content>
					</attRef>
					<attRef name="Fear_Mean">
						<content>9.51</content>
					</attRef>
					<attRef name="Fear_SD">
						<content>5.19</content>
					</attRef>
					<attRef name="Disg_Mean">
						<content>8.61</content>
					</attRef>
					<attRef name="Disg_SD">
						<content>5.06</content>
					</attRef>
					<attRef name="n_affective">
						<content>5</content>
					</attRef>
					<attRef name="ValenceMean">
						<content>54.03</content>
					</attRef>
					<attRef name="ValenceSD">
						<content>12.49</content>
					</attRef>
					<attRef name="ArousalMean">
						<content>48.21</content>
					</attRef>
					<attRef name="ArousalSD">
						<content>13.67</content>
					</attRef>
					<attRef name="n_v_a">
						<content>9</content>
					</attRef>
					<attRef name="Max_Aro">
						<content>7.4</content>
					</attRef>
					<attRef name="Min_Aro">
						<content>2.9</content>
					</attRef>
					<attRef name="ArousalSpan">
						<content>4.5</content>
					</attRef>
					<attRef name="Max_Val">
						<content>8.05</content>
					</attRef>
					<attRef name="Min_Val">
						<content>4.22</content>
					</attRef>
					<attRef name="ValenceSpan">
						<content>3.83</content>
					</attRef>
					<attRef name="CorAro">
						<content>-0.0432</content>
					</attRef>
					<attRef name="CorVal">
						<content>-0.5099</content>
					</attRef>
					<attRef name="averageAoA">
						<content>33.86</content>
					</attRef>
					<attRef name="sdAOA">
						<content>13.32</content>
					</attRef>
					<attRef name="MinAoA">
						<content>10.0</content>
					</attRef>
					<attRef name="MaxAoA">
						<content>66.0</content>
					</attRef>
					<attRef name="OralFreq_Log">
						<content>15.23</content>
					</attRef>
					<attRef name="WrittenFreq_Log">
						<content>18.52</content>
					</attRef>
					<attRef name="n_aoa">
						<content>7</content>
					</attRef>
					<attRef name="Max_AoA">
						<content>6.2</content>
					</attRef>
					<attRef name="Min_AoA">
						<content>3.1</content>
					</attRef>
					<attRef name="AoASpan">
						<content>3.1</content>
					</attRef>
					<attRef name="Max_sdAOA">
						<content>2.129</content>
					</attRef>
					<attRef name="Min_sdAOA">
						<content>1.409</content>
					</attRef>
					<attRef name="sdAOASpan">
						<content>0.72</content>
					</attRef>
					<attRef name="Max_logOralFreq">
						<content>3.429</content>
					</attRef>
					<attRef name="Min_logOralFreq">
						<content>0.903</content>
					</attRef>
					<attRef name="logOralFreqSpan">
						<content>2.526</content>
					</attRef>
					<attRef name="Max_logWrittenFreq">
						<content>3.5780000000000003</content>
					</attRef>
					<attRef name="Min_logWrittenFreq">
						<content>1.643</content>
					</attRef>
					<attRef name="logWrittenFreqSpan">
						<content>1.935</content>
					</attRef>
					<attRef name="CorAoA">
						<content>0.8525</content>
					</attRef>
				</param>
			</lg>
			<lg n="4" type="terceto">
				<l n="12" met="-+-+---+-+-">En unos y otros los prodigios crecen,</l>
				<l n="13" met="-+---++--+-">pues penden de su voz dos elementos,</l>
				<l n="14" met="-+--+----+-">y lo hombres escuchan, y ensordecen.</l>
				<param name="AffectiveFeatures">
					<attRef name="Hap_Mean">
						<content>6.34</content>
					</attRef>
					<attRef name="Hap_SD">
						<content>2.53</content>
					</attRef>
					<attRef name="Ang_Mean">
						<content>2.67</content>
					</attRef>
					<attRef name="Ang_SD">
						<content>1.28</content>
					</attRef>
					<attRef name="Sad_Mean">
						<content>2.67</content>
					</attRef>
					<attRef name="Sad_SD">
						<content>1.42</content>
					</attRef>
					<attRef name="Fear_Mean">
						<content>2.93</content>
					</attRef>
					<attRef name="Fear_SD">
						<content>1.57</content>
					</attRef>
					<attRef name="Disg_Mean">
						<content>2.4</content>
					</attRef>
					<attRef name="Disg_SD">
						<content>0.96</content>
					</attRef>
					<attRef name="n_affective">
						<content>2</content>
					</attRef>
					<attRef name="ValenceMean">
						<content>54.97</content>
					</attRef>
					<attRef name="ValenceSD">
						<content>10.95</content>
					</attRef>
					<attRef name="ArousalMean">
						<content>47.02</content>
					</attRef>
					<attRef name="ArousalSD">
						<content>13.97</content>
					</attRef>
					<attRef name="n_v_a">
						<content>9</content>
					</attRef>
					<attRef name="Max_Aro">
						<content>6.45</content>
					</attRef>
					<attRef name="Min_Aro">
						<content>3.95</content>
					</attRef>
					<attRef name="ArousalSpan">
						<content>2.5</content>
					</attRef>
					<attRef name="Max_Val">
						<content>7.05</content>
					</attRef>
					<attRef name="Min_Val">
						<content>4.42</content>
					</attRef>
					<attRef name="ValenceSpan">
						<content>2.63</content>
					</attRef>
					<attRef name="CorAro">
						<content>-0.4826</content>
					</attRef>
					<attRef name="CorVal">
						<content>0.2273</content>
					</attRef>
					<attRef name="averageAoA">
						<content>28.54</content>
					</attRef>
					<attRef name="sdAOA">
						<content>11.22</content>
					</attRef>
					<attRef name="MinAoA">
						<content>10.0</content>
					</attRef>
					<attRef name="MaxAoA">
						<content>55.0</content>
					</attRef>
					<attRef name="OralFreq_Log">
						<content>18.46</content>
					</attRef>
					<attRef name="WrittenFreq_Log">
						<content>18.95</content>
					</attRef>
					<attRef name="n_aoa">
						<content>6</content>
					</attRef>
					<attRef name="Max_AoA">
						<content>8.78</content>
					</attRef>
					<attRef name="Min_AoA">
						<content>2.24</content>
					</attRef>
					<attRef name="AoASpan">
						<content>6.54</content>
					</attRef>
					<attRef name="Max_sdAOA">
						<content>2.303</content>
					</attRef>
					<attRef name="Min_sdAOA">
						<content>1.098</content>
					</attRef>
					<attRef name="sdAOASpan">
						<content>1.205</content>
					</attRef>
					<attRef name="Max_logOralFreq">
						<content>4.257</content>
					</attRef>
					<attRef name="Min_logOralFreq">
						<content>2.049</content>
					</attRef>
					<attRef name="logOralFreqSpan">
						<content>2.208</content>
					</attRef>
					<attRef name="Max_logWrittenFreq">
						<content>3.869</content>
					</attRef>
					<attRef name="Min_logWrittenFreq">
						<content>2.4</content>
					</attRef>
					<attRef name="logWrittenFreqSpan">
						<content>1.469</content>
					</attRef>
					<attRef name="CorAoA">
						<content>-0.0848</content>
					</attRef>
				</param>
			</lg>
			<param name="AffectiveFeatures">
				<attRef name="Hap_Mean">
					<content>33.66</content>
				</attRef>
				<attRef name="Hap_SD">
					<content>14.0</content>
				</attRef>
				<attRef name="Ang_Mean">
					<content>21.6</content>
				</attRef>
				<attRef name="Ang_SD">
					<content>10.36</content>
				</attRef>
				<attRef name="Sad_Mean">
					<content>22.45</content>
				</attRef>
				<attRef name="Sad_SD">
					<content>11.28</content>
				</attRef>
				<attRef name="Fear_Mean">
					<content>22.68</content>
				</attRef>
				<attRef name="Fear_SD">
					<content>12.3</content>
				</attRef>
				<attRef name="Disg_Mean">
					<content>21.43</content>
				</attRef>
				<attRef name="Disg_SD">
					<content>10.88</content>
				</attRef>
				<attRef name="n_affective">
					<content>14</content>
				</attRef>
				<attRef name="ValenceMean">
					<content>240.81</content>
				</attRef>
				<attRef name="ValenceSD">
					<content>55.87</content>
				</attRef>
				<attRef name="ArousalMean">
					<content>222.15</content>
				</attRef>
				<attRef name="ArousalSD">
					<content>64.78</content>
				</attRef>
				<attRef name="n_v_a">
					<content>42</content>
				</attRef>
				<attRef name="Max_Aro">
					<content>7.4</content>
				</attRef>
				<attRef name="Min_Aro">
					<content>2.9</content>
				</attRef>
				<attRef name="ArousalSpan">
					<content>4.5</content>
				</attRef>
				<attRef name="Max_Val">
					<content>8.05</content>
				</attRef>
				<attRef name="Min_Val">
					<content>2.05</content>
				</attRef>
				<attRef name="ValenceSpan">
					<content>6.0</content>
				</attRef>
				<attRef name="CorAro">
					<content>-0.0264</content>
				</attRef>
				<attRef name="CorVal">
					<content>0.1596</content>
				</attRef>
				<attRef name="averageAoA">
					<content>176.72</content>
				</attRef>
				<attRef name="sdAOA">
					<content>64.71</content>
				</attRef>
				<attRef name="MinAoA">
					<content>53.0</content>
				</attRef>
				<attRef name="MaxAoA">
					<content>317.0</content>
				</attRef>
				<attRef name="OralFreq_Log">
					<content>79.14</content>
				</attRef>
				<attRef name="WrittenFreq_Log">
					<content>88.76</content>
				</attRef>
				<attRef name="n_aoa">
					<content>33</content>
				</attRef>
				<attRef name="Max_AoA">
					<content>8.78</content>
				</attRef>
				<attRef name="Min_AoA">
					<content>2.24</content>
				</attRef>
				<attRef name="AoASpan">
					<content>6.54</content>
				</attRef>
				<attRef name="Max_sdAOA">
					<content>2.418</content>
				</attRef>
				<attRef name="Min_sdAOA">
					<content>1.098</content>
				</attRef>
				<attRef name="sdAOASpan">
					<content>1.32</content>
				</attRef>
				<attRef name="Max_logOralFreq">
					<content>4.257</content>
				</attRef>
				<attRef name="Min_logOralFreq">
					<content>0.903</content>
				</attRef>
				<attRef name="logOralFreqSpan">
					<content>3.354</content>
				</attRef>
				<attRef name="Max_logWrittenFreq">
					<content>3.888</content>
				</attRef>
				<attRef name="Min_logWrittenFreq">
					<content>1.643</content>
				</attRef>
				<attRef name="logWrittenFreqSpan">
					<content>2.245</content>
				</attRef>
				<attRef name="CorAoA">
					<content>-0.1118</content>
				</attRef>
			</param>
		</body>
	</text>
</TEI>