<?xml version="1.0" encoding="utf-8"?>
<TEI xmlns="http://www.tei-c.org/ns/1.0">
	<teiHeader>
		<fileDesc>
			<titleStmt about="disco:po_268n0866">
				<title property="dc:title">Soneto</title>
				<author property="dc:creator" resource="disco:268n" corresp="#disco_268n">Gabriel Araceli</author>
				<principal xml:id="prf">Pablo Ruiz Fabo</principal>
				<principal xml:id="heb">Helena Bermúdez Sabel</principal>
				<principal xml:id="jct">José Calvo Tello</principal>
				<principal xml:id="cimc">Clara Isabel Martínez Cantón</principal>
				<respStmt>
					<resp>Metrical annotation by</resp>
					<name xml:id="bnc">Borja Navarro Colorado</name>
				</respStmt>
			</titleStmt>
			<extent>
				<measure unit="sonnets">1</measure>
				<measure unit="tokens">96</measure>
				<measure unit="line">14</measure>
			</extent>
			<publicationStmt>
				<publisher>Diachronic Spanish Sonnet Corpus</publisher>
				<authority>POSTDATA Project</authority>
				<pubPlace>Madrid</pubPlace>
				<availability status="free">
					<p>The text is freely available</p>
				</availability>
				<date when="2017">2017</date>
				<idno type="#disco" xml:id="file_po_268n0866"></idno>
			</publicationStmt>
			<sourceDesc>
				<bibl type="digital-source">
					<hi rend="italics">Sonetos del siglo XIX</hi>
					<date when="2006">2006</date>
					<ref target="http://www.cervantesvirtual.com/nd/ark:/59851/bmc4q861"></ref>
					<ref target="http://www.cervantesvirtual.com/obra/sonetos-del-siglo-xix--0/"></ref>
Biblioteca Cervantes Virtual,  / editados por Ramón García González, , , .				</bibl>
			</sourceDesc>
		</fileDesc>
		<profileDesc>
			<langUsage>
				<language ident="es" about="disco:po_268n0866" property="dc:language" resource="dbpedia:Idioma_español">Spanish</language>
			</langUsage>
			<particDesc>
				<listPerson>
					<person xml:id="disco_268n" about="disco:268n" typeOf="foaf:Person">
						<idno cert="medium" property="rdfs:seeAlso" resource="https://viaf.org/viaf/87361243"></idno>
						<persName type="short">Araceli</persName>
						<persName type="full">
							<forename property="foaf:givenName">Gabriel</forename>
							<surname property="foaf:familyName">Araceli</surname>
						</persName>
						<persName type="source" property="foaf:name">Gabriel Araceli</persName>
						<sex property="foaf:gender" content="M"></sex>
						<birth>
							<location>
								<placeName>
									<country property="schema:birthPlace" inlist="">España</country>
									<bloc property="schema:birthPlace" inlist="">Europa</bloc>
								</placeName>
							</location>
							<date type="century">19</date>
						</birth>
						<death>
							<date type="century">19</date>
						</death>
						<listBibl inlist="" rel="blterms:hasCreated" typeOf="schema:CreativeWork">
							<bibl resource="disco:s268n0866">
								<title property="dc:title">Soneto</title>
								<title type="incipit" property="dc:alternative">Harto tiempo he callado, más no puedo.</title>
							</bibl>
						</listBibl>
					</person>
				</listPerson>
			</particDesc>
		</profileDesc>
		<encodingDesc>
			<listPrefixDef>
				<prefixDef ident="foaf" matchPattern="([A-Za-z]+)" replacementPattern="http://xmlns.com/foaf/0.1/$1"></prefixDef>
				<prefixDef ident="dc" matchPattern="([A-Za-z]+)" replacementPattern="http://purl.org/dc/terms/$1"></prefixDef>
				<prefixDef ident="schema" matchPattern="([A-Za-z]+)" replacementPattern="http://schema.org/$1"></prefixDef>
				<prefixDef ident="dbpedia" matchPattern="([A-Za-z]+(_[A-Za-z])*)" replacementPattern="http://es.dbpedia.org/page/"></prefixDef>
				<prefixDef ident="blterms" matchPattern="([A-Za-z]+)" replacementPattern="http://www.bl.uk/schemas/bibliographic/blterms#$1"></prefixDef>
				<prefixDef ident="rdfs" matchPattern="([A-Za-z]+)" replacementPattern="http://www.w3.org/2000/01/rdf-schema#$1"></prefixDef>
			</listPrefixDef>
			<metDecl type="met" pattern="((\+|\-)+)*">
				<metSym value="+">stressed syllable</metSym>
				<metSym value="-">unstressed syllable</metSym>
			</metDecl>
			<metDecl type="met">
				<p>
					<ref target="https://github.com/bncolorado/adsoScansionSystem">ADSO</ref>
The metrical patterns were extracted automatically using the 
                    tool.				</p>
			</metDecl>
			<metDecl type="enjamb">
				<p>
					<att>enjamb</att>
					<att>cert</att>
					<ref target="https://sites.google.com/site/spanishenjambment/">ANJA
                        (Automatic eNJambment Analysis)</ref>
					<ref target="https://sites.google.com/site/spanishenjambment/enjambment-types">documentation</ref>
					<ref target="https://sites.google.com/site/spanishenjambment/tei-certitude-values">report</ref>
The values of the  atributes were extracted automatically using
                    the  tool. For more information about the
                    types of enjambment as defined in this corpus, read the . In addition, a  was added to express the
                    degree of certainty concerning the characterisation of the enjambment. The following 
                     covers this feature in deep detail.				</p>
			</metDecl>
		</encodingDesc>
		<revisionDesc>
			<change when="2017-11-02" who="#prf">Initial TEI version</change>
			<change when="2017-11-27" who="#prf">Addition of metrical annotation</change>
			<change when="2017-11-27" who="#heb">Review of authors’ metadata</change>
			<change when="2017-12-01" who="#prf">Encoding of enjambment</change>
			<change when="2017-12-01" who="#heb">Publication of 19th, 18th and Golden Age version</change>
			<change when="2018-05-16" who="#heb">Revision of RDFa attributes</change>
		</revisionDesc>
	</teiHeader>
	<text>
		<front>
			<head>Soneto</head>
		</front>
		<body>
			<lg n="1" type="cuarteto">
				<l n="1" met="+-++-+-+++-">Harto tiempo he callado, más no puedo.</l>
				<l n="2" met="+--+---+++-">dardo mortal el corazón me hiere,</l>
				<l n="3" met="-----+-+++-">y, pues el moribundo hablarte quiere,</l>
				<l n="4" met="+--+---+-+-">yo resignado a su mandato cedo.</l>
				<param name="AffectiveFeatures">
					<attRef name="Hap_Mean">
						<content>18.79</content>
					</attRef>
					<attRef name="Hap_SD">
						<content>9.12</content>
					</attRef>
					<attRef name="Ang_Mean">
						<content>16.7</content>
					</attRef>
					<attRef name="Ang_SD">
						<content>10.55</content>
					</attRef>
					<attRef name="Sad_Mean">
						<content>20.66</content>
					</attRef>
					<attRef name="Sad_SD">
						<content>10.25</content>
					</attRef>
					<attRef name="Fear_Mean">
						<content>20.27</content>
					</attRef>
					<attRef name="Fear_SD">
						<content>10.68</content>
					</attRef>
					<attRef name="Disg_Mean">
						<content>14.53</content>
					</attRef>
					<attRef name="Disg_SD">
						<content>8.56</content>
					</attRef>
					<attRef name="n_affective">
						<content>9</content>
					</attRef>
					<attRef name="ValenceMean">
						<content>55.43</content>
					</attRef>
					<attRef name="ValenceSD">
						<content>15.99</content>
					</attRef>
					<attRef name="ArousalMean">
						<content>76.16</content>
					</attRef>
					<attRef name="ArousalSD">
						<content>22.56</content>
					</attRef>
					<attRef name="n_v_a">
						<content>13</content>
					</attRef>
					<attRef name="Max_Aro">
						<content>7.05</content>
					</attRef>
					<attRef name="Min_Aro">
						<content>4.35</content>
					</attRef>
					<attRef name="ArousalSpan">
						<content>2.7</content>
					</attRef>
					<attRef name="Max_Val">
						<content>7.95</content>
					</attRef>
					<attRef name="Min_Val">
						<content>1.7</content>
					</attRef>
					<attRef name="ValenceSpan">
						<content>6.25</content>
					</attRef>
					<attRef name="CorAro">
						<content>-0.0654</content>
					</attRef>
					<attRef name="CorVal">
						<content>0.0492</content>
					</attRef>
					<attRef name="averageAoA">
						<content>56.6</content>
					</attRef>
					<attRef name="sdAOA">
						<content>21.32</content>
					</attRef>
					<attRef name="MinAoA">
						<content>19.33</content>
					</attRef>
					<attRef name="MaxAoA">
						<content>105.33</content>
					</attRef>
					<attRef name="OralFreq_Log">
						<content>23.05</content>
					</attRef>
					<attRef name="WrittenFreq_Log">
						<content>25.85</content>
					</attRef>
					<attRef name="n_aoa">
						<content>10</content>
					</attRef>
					<attRef name="Max_AoA">
						<content>7.94</content>
					</attRef>
					<attRef name="Min_AoA">
						<content>3.98</content>
					</attRef>
					<attRef name="AoASpan">
						<content>3.96</content>
					</attRef>
					<attRef name="Max_sdAOA">
						<content>2.607</content>
					</attRef>
					<attRef name="Min_sdAOA">
						<content>1.832</content>
					</attRef>
					<attRef name="sdAOASpan">
						<content>0.775</content>
					</attRef>
					<attRef name="Max_logOralFreq">
						<content>4.257</content>
					</attRef>
					<attRef name="Min_logOralFreq">
						<content>1.362</content>
					</attRef>
					<attRef name="logOralFreqSpan">
						<content>2.895</content>
					</attRef>
					<attRef name="Max_logWrittenFreq">
						<content>3.62</content>
					</attRef>
					<attRef name="Min_logWrittenFreq">
						<content>1.785</content>
					</attRef>
					<attRef name="logWrittenFreqSpan">
						<content>1.835</content>
					</attRef>
					<attRef name="CorAoA">
						<content>-0.0344</content>
					</attRef>
				</param>
			</lg>
			<lg n="2" type="cuarteto">
				<l n="5" met="-+-+-+--++-">Escúchalo, por Dios... quedo, muy quedo.</l>
				<l n="6" met="---+++---+-">Ha de contarte el mal de que se muere;</l>
				<l n="7" met="-+-+-+-+-+-">acércate que el aire no se entere;</l>
				<l n="8" met="-+-+-+-+-+-">porque aun del aire mismo tengo miedo.</l>
				<param name="AffectiveFeatures">
					<attRef name="Hap_Mean">
						<content>9.81</content>
					</attRef>
					<attRef name="Hap_SD">
						<content>4.62</content>
					</attRef>
					<attRef name="Ang_Mean">
						<content>7.93</content>
					</attRef>
					<attRef name="Ang_SD">
						<content>4.67</content>
					</attRef>
					<attRef name="Sad_Mean">
						<content>10.69</content>
					</attRef>
					<attRef name="Sad_SD">
						<content>4.16</content>
					</attRef>
					<attRef name="Fear_Mean">
						<content>11.46</content>
					</attRef>
					<attRef name="Fear_SD">
						<content>4.52</content>
					</attRef>
					<attRef name="Disg_Mean">
						<content>7.6</content>
					</attRef>
					<attRef name="Disg_SD">
						<content>4.71</content>
					</attRef>
					<attRef name="n_affective">
						<content>5</content>
					</attRef>
					<attRef name="ValenceMean">
						<content>53.29</content>
					</attRef>
					<attRef name="ValenceSD">
						<content>16.26</content>
					</attRef>
					<attRef name="ArousalMean">
						<content>58.2</content>
					</attRef>
					<attRef name="ArousalSD">
						<content>17.75</content>
					</attRef>
					<attRef name="n_v_a">
						<content>11</content>
					</attRef>
					<attRef name="Max_Aro">
						<content>8.0</content>
					</attRef>
					<attRef name="Min_Aro">
						<content>3.35</content>
					</attRef>
					<attRef name="ArousalSpan">
						<content>4.65</content>
					</attRef>
					<attRef name="Max_Val">
						<content>6.78</content>
					</attRef>
					<attRef name="Min_Val">
						<content>1.7</content>
					</attRef>
					<attRef name="ValenceSpan">
						<content>5.08</content>
					</attRef>
					<attRef name="CorAro">
						<content>0.0737</content>
					</attRef>
					<attRef name="CorVal">
						<content>-0.0541</content>
					</attRef>
					<attRef name="averageAoA">
						<content>41.8</content>
					</attRef>
					<attRef name="sdAOA">
						<content>17.9</content>
					</attRef>
					<attRef name="MinAoA">
						<content>12.0</content>
					</attRef>
					<attRef name="MaxAoA">
						<content>95.0</content>
					</attRef>
					<attRef name="OralFreq_Log">
						<content>23.69</content>
					</attRef>
					<attRef name="WrittenFreq_Log">
						<content>25.08</content>
					</attRef>
					<attRef name="n_aoa">
						<content>9</content>
					</attRef>
					<attRef name="Max_AoA">
						<content>5.62</content>
					</attRef>
					<attRef name="Min_AoA">
						<content>3.5</content>
					</attRef>
					<attRef name="AoASpan">
						<content>2.12</content>
					</attRef>
					<attRef name="Max_sdAOA">
						<content>2.476</content>
					</attRef>
					<attRef name="Min_sdAOA">
						<content>1.134</content>
					</attRef>
					<attRef name="sdAOASpan">
						<content>1.342</content>
					</attRef>
					<attRef name="Max_logOralFreq">
						<content>3.446</content>
					</attRef>
					<attRef name="Min_logOralFreq">
						<content>2.149</content>
					</attRef>
					<attRef name="logOralFreqSpan">
						<content>1.297</content>
					</attRef>
					<attRef name="Max_logWrittenFreq">
						<content>3.606</content>
					</attRef>
					<attRef name="Min_logWrittenFreq">
						<content>1.7480000000000002</content>
					</attRef>
					<attRef name="logWrittenFreqSpan">
						<content>1.858</content>
					</attRef>
					<attRef name="CorAoA">
						<content>-0.2106</content>
					</attRef>
				</param>
			</lg>
			<lg n="3" type="terceto">
				<l n="9" met="+--+-+-+-+-" enjamb="B-pb_verb_chain" cert="high">Fija tu vista en mí... con ella, trata</l>
				<l n="10" met="-+-+---+-+-" enjamb="I-pb_verb_chain" cert="high">de dar valor al corazón cobarde</l>
				<l n="11" met="-++--+--++-">que ni aun sabe culpar a quien lo mata.</l>
				<param name="AffectiveFeatures">
					<attRef name="Hap_Mean">
						<content>7.46</content>
					</attRef>
					<attRef name="Hap_SD">
						<content>3.2</content>
					</attRef>
					<attRef name="Ang_Mean">
						<content>5.0</content>
					</attRef>
					<attRef name="Ang_SD">
						<content>3.0</content>
					</attRef>
					<attRef name="Sad_Mean">
						<content>5.69</content>
					</attRef>
					<attRef name="Sad_SD">
						<content>3.11</content>
					</attRef>
					<attRef name="Fear_Mean">
						<content>4.64</content>
					</attRef>
					<attRef name="Fear_SD">
						<content>2.43</content>
					</attRef>
					<attRef name="Disg_Mean">
						<content>4.37</content>
					</attRef>
					<attRef name="Disg_SD">
						<content>2.49</content>
					</attRef>
					<attRef name="n_affective">
						<content>3</content>
					</attRef>
					<attRef name="ValenceMean">
						<content>60.57</content>
					</attRef>
					<attRef name="ValenceSD">
						<content>15.17</content>
					</attRef>
					<attRef name="ArousalMean">
						<content>60.25</content>
					</attRef>
					<attRef name="ArousalSD">
						<content>18.59</content>
					</attRef>
					<attRef name="n_v_a">
						<content>11</content>
					</attRef>
					<attRef name="Max_Aro">
						<content>6.7</content>
					</attRef>
					<attRef name="Min_Aro">
						<content>4.25</content>
					</attRef>
					<attRef name="ArousalSpan">
						<content>2.45</content>
					</attRef>
					<attRef name="Max_Val">
						<content>7.85</content>
					</attRef>
					<attRef name="Min_Val">
						<content>2.2</content>
					</attRef>
					<attRef name="ValenceSpan">
						<content>5.65</content>
					</attRef>
					<attRef name="CorAro">
						<content>0.4121</content>
					</attRef>
					<attRef name="CorVal">
						<content>-0.4493</content>
					</attRef>
					<attRef name="averageAoA">
						<content>45.64</content>
					</attRef>
					<attRef name="sdAOA">
						<content>15.75</content>
					</attRef>
					<attRef name="MinAoA">
						<content>17.0</content>
					</attRef>
					<attRef name="MaxAoA">
						<content>82.0</content>
					</attRef>
					<attRef name="OralFreq_Log">
						<content>18.09</content>
					</attRef>
					<attRef name="WrittenFreq_Log">
						<content>19.72</content>
					</attRef>
					<attRef name="n_aoa">
						<content>8</content>
					</attRef>
					<attRef name="Max_AoA">
						<content>7.78</content>
					</attRef>
					<attRef name="Min_AoA">
						<content>3.0</content>
					</attRef>
					<attRef name="AoASpan">
						<content>4.78</content>
					</attRef>
					<attRef name="Max_sdAOA">
						<content>2.261</content>
					</attRef>
					<attRef name="Min_sdAOA">
						<content>1.518</content>
					</attRef>
					<attRef name="sdAOASpan">
						<content>0.743</content>
					</attRef>
					<attRef name="Max_logOralFreq">
						<content>3.137</content>
					</attRef>
					<attRef name="Min_logOralFreq">
						<content>1.38</content>
					</attRef>
					<attRef name="logOralFreqSpan">
						<content>1.757</content>
					</attRef>
					<attRef name="Max_logWrittenFreq">
						<content>3.145</content>
					</attRef>
					<attRef name="Min_logWrittenFreq">
						<content>1.591</content>
					</attRef>
					<attRef name="logWrittenFreqSpan">
						<content>1.554</content>
					</attRef>
					<attRef name="CorAoA">
						<content>0.0828</content>
					</attRef>
				</param>
			</lg>
			<lg n="4" type="terceto">
				<l n="12" met="+-+-+-+-+-">¿Lloras? Tiempo es aún... ¡Pueril alarde!</l>
				<l n="13" met="+-+--+-+-+-">Esa lágrima ayer, mujer ingrata,</l>
				<l n="14" met="++-+--++++-">lo hubiera hecho vivir. ¡Hoy es ya tarde!</l>
				<param name="AffectiveFeatures">
					<attRef name="Hap_Mean">
						<content>11.97</content>
					</attRef>
					<attRef name="Hap_SD">
						<content>5.47</content>
					</attRef>
					<attRef name="Ang_Mean">
						<content>6.56</content>
					</attRef>
					<attRef name="Ang_SD">
						<content>3.88</content>
					</attRef>
					<attRef name="Sad_Mean">
						<content>9.3</content>
					</attRef>
					<attRef name="Sad_SD">
						<content>4.4</content>
					</attRef>
					<attRef name="Fear_Mean">
						<content>7.83</content>
					</attRef>
					<attRef name="Fear_SD">
						<content>4.61</content>
					</attRef>
					<attRef name="Disg_Mean">
						<content>4.66</content>
					</attRef>
					<attRef name="Disg_SD">
						<content>2.17</content>
					</attRef>
					<attRef name="n_affective">
						<content>4</content>
					</attRef>
					<attRef name="ValenceMean">
						<content>62.04</content>
					</attRef>
					<attRef name="ValenceSD">
						<content>16.17</content>
					</attRef>
					<attRef name="ArousalMean">
						<content>65.21</content>
					</attRef>
					<attRef name="ArousalSD">
						<content>20.22</content>
					</attRef>
					<attRef name="n_v_a">
						<content>12</content>
					</attRef>
					<attRef name="Max_Aro">
						<content>6.55</content>
					</attRef>
					<attRef name="Min_Aro">
						<content>4.55</content>
					</attRef>
					<attRef name="ArousalSpan">
						<content>2.0</content>
					</attRef>
					<attRef name="Max_Val">
						<content>8.55</content>
					</attRef>
					<attRef name="Min_Val">
						<content>2.25</content>
					</attRef>
					<attRef name="ValenceSpan">
						<content>6.3</content>
					</attRef>
					<attRef name="CorAro">
						<content>0.2501</content>
					</attRef>
					<attRef name="CorVal">
						<content>0.3588</content>
					</attRef>
					<attRef name="averageAoA">
						<content>38.8</content>
					</attRef>
					<attRef name="sdAOA">
						<content>16.21</content>
					</attRef>
					<attRef name="MinAoA">
						<content>12.0</content>
					</attRef>
					<attRef name="MaxAoA">
						<content>82.0</content>
					</attRef>
					<attRef name="OralFreq_Log">
						<content>24.3</content>
					</attRef>
					<attRef name="WrittenFreq_Log">
						<content>25.27</content>
					</attRef>
					<attRef name="n_aoa">
						<content>9</content>
					</attRef>
					<attRef name="Max_AoA">
						<content>5.78</content>
					</attRef>
					<attRef name="Min_AoA">
						<content>2.84</content>
					</attRef>
					<attRef name="AoASpan">
						<content>2.94</content>
					</attRef>
					<attRef name="Max_sdAOA">
						<content>2.376</content>
					</attRef>
					<attRef name="Min_sdAOA">
						<content>1.476</content>
					</attRef>
					<attRef name="sdAOASpan">
						<content>0.9</content>
					</attRef>
					<attRef name="Max_logOralFreq">
						<content>3.684</content>
					</attRef>
					<attRef name="Min_logOralFreq">
						<content>1.415</content>
					</attRef>
					<attRef name="logOralFreqSpan">
						<content>2.269</content>
					</attRef>
					<attRef name="Max_logWrittenFreq">
						<content>3.62</content>
					</attRef>
					<attRef name="Min_logWrittenFreq">
						<content>1.3219999999999998</content>
					</attRef>
					<attRef name="logWrittenFreqSpan">
						<content>2.298</content>
					</attRef>
					<attRef name="CorAoA">
						<content>0.3904</content>
					</attRef>
				</param>
			</lg>
			<param name="AffectiveFeatures">
				<attRef name="Hap_Mean">
					<content>48.03</content>
				</attRef>
				<attRef name="Hap_SD">
					<content>22.41</content>
				</attRef>
				<attRef name="Ang_Mean">
					<content>36.19</content>
				</attRef>
				<attRef name="Ang_SD">
					<content>22.1</content>
				</attRef>
				<attRef name="Sad_Mean">
					<content>46.34</content>
				</attRef>
				<attRef name="Sad_SD">
					<content>21.92</content>
				</attRef>
				<attRef name="Fear_Mean">
					<content>44.2</content>
				</attRef>
				<attRef name="Fear_SD">
					<content>22.24</content>
				</attRef>
				<attRef name="Disg_Mean">
					<content>31.16</content>
				</attRef>
				<attRef name="Disg_SD">
					<content>17.93</content>
				</attRef>
				<attRef name="n_affective">
					<content>21</content>
				</attRef>
				<attRef name="ValenceMean">
					<content>231.33</content>
				</attRef>
				<attRef name="ValenceSD">
					<content>63.59</content>
				</attRef>
				<attRef name="ArousalMean">
					<content>259.82</content>
				</attRef>
				<attRef name="ArousalSD">
					<content>79.12</content>
				</attRef>
				<attRef name="n_v_a">
					<content>47</content>
				</attRef>
				<attRef name="Max_Aro">
					<content>8.0</content>
				</attRef>
				<attRef name="Min_Aro">
					<content>3.35</content>
				</attRef>
				<attRef name="ArousalSpan">
					<content>4.65</content>
				</attRef>
				<attRef name="Max_Val">
					<content>8.55</content>
				</attRef>
				<attRef name="Min_Val">
					<content>1.7</content>
				</attRef>
				<attRef name="ValenceSpan">
					<content>6.85</content>
				</attRef>
				<attRef name="CorAro">
					<content>-0.1087</content>
				</attRef>
				<attRef name="CorVal">
					<content>0.1999</content>
				</attRef>
				<attRef name="averageAoA">
					<content>182.84</content>
				</attRef>
				<attRef name="sdAOA">
					<content>71.19</content>
				</attRef>
				<attRef name="MinAoA">
					<content>60.33</content>
				</attRef>
				<attRef name="MaxAoA">
					<content>364.33</content>
				</attRef>
				<attRef name="OralFreq_Log">
					<content>89.12</content>
				</attRef>
				<attRef name="WrittenFreq_Log">
					<content>95.93</content>
				</attRef>
				<attRef name="n_aoa">
					<content>36</content>
				</attRef>
				<attRef name="Max_AoA">
					<content>7.94</content>
				</attRef>
				<attRef name="Min_AoA">
					<content>2.84</content>
				</attRef>
				<attRef name="AoASpan">
					<content>5.1</content>
				</attRef>
				<attRef name="Max_sdAOA">
					<content>2.607</content>
				</attRef>
				<attRef name="Min_sdAOA">
					<content>1.134</content>
				</attRef>
				<attRef name="sdAOASpan">
					<content>1.473</content>
				</attRef>
				<attRef name="Max_logOralFreq">
					<content>4.257</content>
				</attRef>
				<attRef name="Min_logOralFreq">
					<content>1.362</content>
				</attRef>
				<attRef name="logOralFreqSpan">
					<content>2.895</content>
				</attRef>
				<attRef name="Max_logWrittenFreq">
					<content>3.62</content>
				</attRef>
				<attRef name="Min_logWrittenFreq">
					<content>1.3219999999999998</content>
				</attRef>
				<attRef name="logWrittenFreqSpan">
					<content>2.298</content>
				</attRef>
				<attRef name="CorAoA">
					<content>-0.2583</content>
				</attRef>
			</param>
		</body>
	</text>
</TEI>