<?xml version="1.0" encoding="utf-8"?>
<TEI xmlns="http://www.tei-c.org/ns/1.0">
	<teiHeader>
		<fileDesc>
			<titleStmt about="disco:po_262g0544">
				<title property="dc:title">Al doctor Juan Pérez de Montalbán</title>
				<author property="dc:creator" resource="disco:262g" corresp="#disco_262g">Jacinto Aragón y Mendoza</author>
				<principal xml:id="prf">Pablo Ruiz Fabo</principal>
				<principal xml:id="heb">Helena Bermúdez Sabel</principal>
				<principal xml:id="jct">José Calvo Tello</principal>
				<principal xml:id="cimc">Clara Isabel Martínez Cantón</principal>
				<respStmt>
					<resp>Metrical annotation by</resp>
					<name xml:id="bnc">Borja Navarro Colorado</name>
				</respStmt>
			</titleStmt>
			<extent>
				<measure unit="sonnets">1</measure>
				<measure unit="tokens">78</measure>
				<measure unit="line">14</measure>
			</extent>
			<publicationStmt>
				<publisher>Diachronic Spanish Sonnet Corpus</publisher>
				<authority>POSTDATA Project</authority>
				<pubPlace>Madrid</pubPlace>
				<availability status="free">
					<p>The text is freely available</p>
				</availability>
				<date when="2017">2017</date>
				<idno type="#disco" xml:id="file_po_262g0544"></idno>
			</publicationStmt>
			<sourceDesc>
				<bibl type="digital-source">
					<hi rend="italics">Sonetos del siglo XV al XVII</hi>
					<date when="2006">2006</date>
					<ref target="http://www.cervantesvirtual.com/nd/ark:/59851/bmc2r439"></ref>
					<ref target="http://www.cervantesvirtual.com/obra/sonetos-del-siglo-xv-al-xvii--0/"></ref>
Biblioteca Cervantes Virtual,  / editados por Ramón García González, , , .				</bibl>
			</sourceDesc>
		</fileDesc>
		<profileDesc>
			<langUsage>
				<language ident="es" about="disco:po_262g0544" property="dc:language" resource="dbpedia:Idioma_español">Spanish</language>
			</langUsage>
			<particDesc>
				<listPerson>
					<person xml:id="disco_262g" about="disco:262g" typeOf="foaf:Person">
						<persName type="short">Aragón y Mendoza</persName>
						<persName type="full">
							<forename property="foaf:givenName">Jacinto</forename>
							<surname property="foaf:familyName">Aragón y Mendoza</surname>
						</persName>
						<persName type="source" property="foaf:name">Jacinto Aragón y Mendoza</persName>
						<sex property="foaf:gender" content="M"></sex>
						<birth>
							<location>
								<placeName>
									<country property="schema:birthPlace" inlist="">España</country>
									<bloc property="schema:birthPlace" inlist="">Europa</bloc>
								</placeName>
							</location>
							<date type="century">17</date>
						</birth>
						<death>
							<date type="century">17</date>
						</death>
						<listBibl inlist="" rel="blterms:hasCreated" typeOf="schema:CreativeWork">
							<bibl resource="disco:s262g0544">
								<title property="dc:title">Al doctor Juan Pérez de Montalbán</title>
								<title type="incipit" property="dc:alternative">Segundo Fénix que dejó engendrado</title>
							</bibl>
						</listBibl>
					</person>
				</listPerson>
			</particDesc>
		</profileDesc>
		<encodingDesc>
			<listPrefixDef>
				<prefixDef ident="foaf" matchPattern="([A-Za-z]+)" replacementPattern="http://xmlns.com/foaf/0.1/$1"></prefixDef>
				<prefixDef ident="dc" matchPattern="([A-Za-z]+)" replacementPattern="http://purl.org/dc/terms/$1"></prefixDef>
				<prefixDef ident="schema" matchPattern="([A-Za-z]+)" replacementPattern="http://schema.org/$1"></prefixDef>
				<prefixDef ident="dbpedia" matchPattern="([A-Za-z]+(_[A-Za-z])*)" replacementPattern="http://es.dbpedia.org/page/"></prefixDef>
				<prefixDef ident="blterms" matchPattern="([A-Za-z]+)" replacementPattern="http://www.bl.uk/schemas/bibliographic/blterms#$1"></prefixDef>
				<prefixDef ident="rdfs" matchPattern="([A-Za-z]+)" replacementPattern="http://www.w3.org/2000/01/rdf-schema#$1"></prefixDef>
			</listPrefixDef>
			<metDecl type="met" pattern="((\+|\-)+)*">
				<metSym value="+">stressed syllable</metSym>
				<metSym value="-">unstressed syllable</metSym>
			</metDecl>
			<metDecl type="met">
				<p>
					<ref target="https://github.com/bncolorado/adsoScansionSystem">ADSO</ref>
The metrical patterns were extracted automatically using the 
                    tool.				</p>
			</metDecl>
			<metDecl type="enjamb">
				<p>
					<att>enjamb</att>
					<att>cert</att>
					<ref target="https://sites.google.com/site/spanishenjambment/">ANJA
                        (Automatic eNJambment Analysis)</ref>
					<ref target="https://sites.google.com/site/spanishenjambment/enjambment-types">documentation</ref>
					<ref target="https://sites.google.com/site/spanishenjambment/tei-certitude-values">report</ref>
The values of the  atributes were extracted automatically using
                    the  tool. For more information about the
                    types of enjambment as defined in this corpus, read the . In addition, a  was added to express the
                    degree of certainty concerning the characterisation of the enjambment. The following 
                     covers this feature in deep detail.				</p>
			</metDecl>
		</encodingDesc>
		<revisionDesc>
			<change when="2017-11-02" who="#prf">Initial TEI version</change>
			<change when="2017-11-27" who="#prf">Addition of metrical annotation</change>
			<change when="2017-11-27" who="#heb">Review of authors’ metadata</change>
			<change when="2017-12-01" who="#prf">Encoding of enjambment</change>
			<change when="2017-12-01" who="#heb">Publication of 19th, 18th and Golden Age version</change>
			<change when="2018-05-16" who="#heb">Revision of RDFa attributes</change>
		</revisionDesc>
	</teiHeader>
	<text>
		<front>
			<head>Al doctor Juan Pérez de Montalbán</head>
		</front>
		<body>
			<lg n="1" type="cuarteto">
				<l n="1" met="---+---+-+-" enjamb="B-ex_dobj_verb" cert="low">Segundo Fénix que dejó engendrado</l>
				<l n="2" met="--+--+---+-" enjamb="I-ex_dobj_verb" cert="low">la ceniza de Lope esclarecida;</l>
				<l n="3" met="+-+--+-+-+-">tú que diste al Parnaso nueva vida,</l>
				<l n="4" met="+----+---+-">viendo el Sol de las Musas eclipsado.</l>
				<param name="AffectiveFeatures">
					<attRef name="Hap_Mean">
						<content>10.17</content>
					</attRef>
					<attRef name="Hap_SD">
						<content>2.21</content>
					</attRef>
					<attRef name="Ang_Mean">
						<content>4.43</content>
					</attRef>
					<attRef name="Ang_SD">
						<content>2.56</content>
					</attRef>
					<attRef name="Sad_Mean">
						<content>5.94</content>
					</attRef>
					<attRef name="Sad_SD">
						<content>3.12</content>
					</attRef>
					<attRef name="Fear_Mean">
						<content>5.4</content>
					</attRef>
					<attRef name="Fear_SD">
						<content>3.27</content>
					</attRef>
					<attRef name="Disg_Mean">
						<content>4.4</content>
					</attRef>
					<attRef name="Disg_SD">
						<content>2.2</content>
					</attRef>
					<attRef name="n_affective">
						<content>3</content>
					</attRef>
					<attRef name="ValenceMean">
						<content>63.63</content>
					</attRef>
					<attRef name="ValenceSD">
						<content>13.7</content>
					</attRef>
					<attRef name="ArousalMean">
						<content>57.86</content>
					</attRef>
					<attRef name="ArousalSD">
						<content>20.3</content>
					</attRef>
					<attRef name="n_v_a">
						<content>11</content>
					</attRef>
					<attRef name="Max_Aro">
						<content>6.6</content>
					</attRef>
					<attRef name="Min_Aro">
						<content>3.85</content>
					</attRef>
					<attRef name="ArousalSpan">
						<content>2.75</content>
					</attRef>
					<attRef name="Max_Val">
						<content>8.25</content>
					</attRef>
					<attRef name="Min_Val">
						<content>2.85</content>
					</attRef>
					<attRef name="ValenceSpan">
						<content>5.4</content>
					</attRef>
					<attRef name="CorAro">
						<content>-0.337</content>
					</attRef>
					<attRef name="CorVal">
						<content>0.6517</content>
					</attRef>
					<attRef name="averageAoA">
						<content>40.86</content>
					</attRef>
					<attRef name="sdAOA">
						<content>13.41</content>
					</attRef>
					<attRef name="MinAoA">
						<content>13.0</content>
					</attRef>
					<attRef name="MaxAoA">
						<content>72.5</content>
					</attRef>
					<attRef name="OralFreq_Log">
						<content>19.92</content>
					</attRef>
					<attRef name="WrittenFreq_Log">
						<content>22.25</content>
					</attRef>
					<attRef name="n_aoa">
						<content>8</content>
					</attRef>
					<attRef name="Max_AoA">
						<content>9.94</content>
					</attRef>
					<attRef name="Min_AoA">
						<content>2.72</content>
					</attRef>
					<attRef name="AoASpan">
						<content>7.22</content>
					</attRef>
					<attRef name="Max_sdAOA">
						<content>1.953</content>
					</attRef>
					<attRef name="Min_sdAOA">
						<content>1.443</content>
					</attRef>
					<attRef name="sdAOASpan">
						<content>0.51</content>
					</attRef>
					<attRef name="Max_logOralFreq">
						<content>3.724</content>
					</attRef>
					<attRef name="Min_logOralFreq">
						<content>0.845</content>
					</attRef>
					<attRef name="logOralFreqSpan">
						<content>2.879</content>
					</attRef>
					<attRef name="Max_logWrittenFreq">
						<content>3.678</content>
					</attRef>
					<attRef name="Min_logWrittenFreq">
						<content>1.531</content>
					</attRef>
					<attRef name="logWrittenFreqSpan">
						<content>2.147</content>
					</attRef>
					<attRef name="CorAoA">
						<content>0.0332</content>
					</attRef>
				</param>
			</lg>
			<lg n="2" type="cuarteto">
				<l n="5" met="+-+--++--+-" enjamb="B-ex_dobj_verb" cert="low">Ya en tu tránsito duro ha peligrado</l>
				<l n="6" met="-+--+----+-" enjamb="I-ex_dobj_verb" cert="low">la pompa del Teatro envanecida;</l>
				<l n="7" met="+----+---+-">tarde se mirará convalecida,</l>
				<l n="8" met="+--+-+---+-">de este desastre fúnebre del Hado.</l>
				<param name="AffectiveFeatures">
					<attRef name="Hap_Mean">
						<content>7.29</content>
					</attRef>
					<attRef name="Hap_SD">
						<content>3.13</content>
					</attRef>
					<attRef name="Ang_Mean">
						<content>8.13</content>
					</attRef>
					<attRef name="Ang_SD">
						<content>4.89</content>
					</attRef>
					<attRef name="Sad_Mean">
						<content>7.88</content>
					</attRef>
					<attRef name="Sad_SD">
						<content>4.08</content>
					</attRef>
					<attRef name="Fear_Mean">
						<content>7.98</content>
					</attRef>
					<attRef name="Fear_SD">
						<content>4.55</content>
					</attRef>
					<attRef name="Disg_Mean">
						<content>6.42</content>
					</attRef>
					<attRef name="Disg_SD">
						<content>4.12</content>
					</attRef>
					<attRef name="n_affective">
						<content>4</content>
					</attRef>
					<attRef name="ValenceMean">
						<content>40.33</content>
					</attRef>
					<attRef name="ValenceSD">
						<content>12.34</content>
					</attRef>
					<attRef name="ArousalMean">
						<content>54.33</content>
					</attRef>
					<attRef name="ArousalSD">
						<content>14.82</content>
					</attRef>
					<attRef name="n_v_a">
						<content>9</content>
					</attRef>
					<attRef name="Max_Aro">
						<content>7.95</content>
					</attRef>
					<attRef name="Min_Aro">
						<content>4.1</content>
					</attRef>
					<attRef name="ArousalSpan">
						<content>3.85</content>
					</attRef>
					<attRef name="Max_Val">
						<content>7.3</content>
					</attRef>
					<attRef name="Min_Val">
						<content>1.45</content>
					</attRef>
					<attRef name="ValenceSpan">
						<content>5.85</content>
					</attRef>
					<attRef name="CorAro">
						<content>0.1722</content>
					</attRef>
					<attRef name="CorVal">
						<content>-0.403</content>
					</attRef>
					<attRef name="averageAoA">
						<content>45.8</content>
					</attRef>
					<attRef name="sdAOA">
						<content>12.95</content>
					</attRef>
					<attRef name="MinAoA">
						<content>21.0</content>
					</attRef>
					<attRef name="MaxAoA">
						<content>71.0</content>
					</attRef>
					<attRef name="OralFreq_Log">
						<content>12.51</content>
					</attRef>
					<attRef name="WrittenFreq_Log">
						<content>14.43</content>
					</attRef>
					<attRef name="n_aoa">
						<content>7</content>
					</attRef>
					<attRef name="Max_AoA">
						<content>10.02</content>
					</attRef>
					<attRef name="Min_AoA">
						<content>2.52</content>
					</attRef>
					<attRef name="AoASpan">
						<content>7.5</content>
					</attRef>
					<attRef name="Max_sdAOA">
						<content>2.49</content>
					</attRef>
					<attRef name="Min_sdAOA">
						<content>1.152</content>
					</attRef>
					<attRef name="sdAOASpan">
						<content>1.338</content>
					</attRef>
					<attRef name="Max_logOralFreq">
						<content>2.593</content>
					</attRef>
					<attRef name="Min_logOralFreq">
						<content>0.778</content>
					</attRef>
					<attRef name="logOralFreqSpan">
						<content>1.815</content>
					</attRef>
					<attRef name="Max_logWrittenFreq">
						<content>2.582</content>
					</attRef>
					<attRef name="Min_logWrittenFreq">
						<content>1.3219999999999998</content>
					</attRef>
					<attRef name="logWrittenFreqSpan">
						<content>1.26</content>
					</attRef>
					<attRef name="CorAoA">
						<content>-0.169</content>
					</attRef>
				</param>
			</lg>
			<lg n="3" type="terceto">
				<l n="9" met="--+--+---+-">Madrugaron la Muerte, y la Fortuna</l>
				<l n="10" met="---++--+-+-" enjamb="B-ex_dobj_verb" cert="low">a disfrutarte, ensangrentando fiera</l>
				<l n="11" met="+--+-+---+-" enjamb="I-ex_dobj_verb" cert="low">una la Rueda, y otra la Guadaña.</l>
				<param name="AffectiveFeatures">
					<attRef name="Hap_Mean">
						<content>2.16</content>
					</attRef>
					<attRef name="Hap_SD">
						<content>0.55</content>
					</attRef>
					<attRef name="Ang_Mean">
						<content>4.43</content>
					</attRef>
					<attRef name="Ang_SD">
						<content>2.42</content>
					</attRef>
					<attRef name="Sad_Mean">
						<content>6.71</content>
					</attRef>
					<attRef name="Sad_SD">
						<content>2.16</content>
					</attRef>
					<attRef name="Fear_Mean">
						<content>7.4</content>
					</attRef>
					<attRef name="Fear_SD">
						<content>2.45</content>
					</attRef>
					<attRef name="Disg_Mean">
						<content>3.27</content>
					</attRef>
					<attRef name="Disg_SD">
						<content>2.24</content>
					</attRef>
					<attRef name="n_affective">
						<content>2</content>
					</attRef>
					<attRef name="ValenceMean">
						<content>22.31</content>
					</attRef>
					<attRef name="ValenceSD">
						<content>7.09</content>
					</attRef>
					<attRef name="ArousalMean">
						<content>33.66</content>
					</attRef>
					<attRef name="ArousalSD">
						<content>8.08</content>
					</attRef>
					<attRef name="n_v_a">
						<content>5</content>
					</attRef>
					<attRef name="Max_Aro">
						<content>7.93</content>
					</attRef>
					<attRef name="Min_Aro">
						<content>4.95</content>
					</attRef>
					<attRef name="ArousalSpan">
						<content>2.98</content>
					</attRef>
					<attRef name="Max_Val">
						<content>7.3</content>
					</attRef>
					<attRef name="Min_Val">
						<content>1.45</content>
					</attRef>
					<attRef name="ValenceSpan">
						<content>5.85</content>
					</attRef>
					<attRef name="CorAro">
						<content>-0.5869</content>
					</attRef>
					<attRef name="CorVal">
						<content>0.1291</content>
					</attRef>
					<attRef name="averageAoA">
						<content>27.3</content>
					</attRef>
					<attRef name="sdAOA">
						<content>8.05</content>
					</attRef>
					<attRef name="MinAoA">
						<content>9.0</content>
					</attRef>
					<attRef name="MaxAoA">
						<content>43.0</content>
					</attRef>
					<attRef name="OralFreq_Log">
						<content>6.17</content>
					</attRef>
					<attRef name="WrittenFreq_Log">
						<content>8.39</content>
					</attRef>
					<attRef name="n_aoa">
						<content>4</content>
					</attRef>
					<attRef name="Max_AoA">
						<content>8.12</content>
					</attRef>
					<attRef name="Min_AoA">
						<content>5.54</content>
					</attRef>
					<attRef name="AoASpan">
						<content>2.58</content>
					</attRef>
					<attRef name="Max_sdAOA">
						<content>2.144</content>
					</attRef>
					<attRef name="Min_sdAOA">
						<content>1.843</content>
					</attRef>
					<attRef name="sdAOASpan">
						<content>0.301</content>
					</attRef>
					<attRef name="Max_logOralFreq">
						<content>2.631</content>
					</attRef>
					<attRef name="Min_logOralFreq">
						<content>0.301</content>
					</attRef>
					<attRef name="logOralFreqSpan">
						<content>2.33</content>
					</attRef>
					<attRef name="Max_logWrittenFreq">
						<content>3.159</content>
					</attRef>
					<attRef name="Min_logWrittenFreq">
						<content>1.176</content>
					</attRef>
					<attRef name="logWrittenFreqSpan">
						<content>1.983</content>
					</attRef>
					<attRef name="CorAoA">
						<content>-0.0173</content>
					</attRef>
				</param>
			</lg>
			<lg n="4" type="terceto">
				<l n="12" met="+--+---+-+-">Juntas troncaron la mayor columna,</l>
				<l n="13" met="---+---+-+-">que sustentó la peregrina Esfera,</l>
				<l n="14" met="--+--+---+-">del mejor espectáculo de España.</l>
				<param name="AffectiveFeatures">
					<attRef name="Hap_Mean">
						<content>7.14</content>
					</attRef>
					<attRef name="Hap_SD">
						<content>2.4</content>
					</attRef>
					<attRef name="Ang_Mean">
						<content>3.6</content>
					</attRef>
					<attRef name="Ang_SD">
						<content>1.56</content>
					</attRef>
					<attRef name="Sad_Mean">
						<content>3.57</content>
					</attRef>
					<attRef name="Sad_SD">
						<content>1.52</content>
					</attRef>
					<attRef name="Fear_Mean">
						<content>4.73</content>
					</attRef>
					<attRef name="Fear_SD">
						<content>2.97</content>
					</attRef>
					<attRef name="Disg_Mean">
						<content>3.37</content>
					</attRef>
					<attRef name="Disg_SD">
						<content>1.25</content>
					</attRef>
					<attRef name="n_affective">
						<content>3</content>
					</attRef>
					<attRef name="ValenceMean">
						<content>49.8</content>
					</attRef>
					<attRef name="ValenceSD">
						<content>8.14</content>
					</attRef>
					<attRef name="ArousalMean">
						<content>40.53</content>
					</attRef>
					<attRef name="ArousalSD">
						<content>12.46</content>
					</attRef>
					<attRef name="n_v_a">
						<content>8</content>
					</attRef>
					<attRef name="Max_Aro">
						<content>5.95</content>
					</attRef>
					<attRef name="Min_Aro">
						<content>4.18</content>
					</attRef>
					<attRef name="ArousalSpan">
						<content>1.77</content>
					</attRef>
					<attRef name="Max_Val">
						<content>7.7</content>
					</attRef>
					<attRef name="Min_Val">
						<content>5.05</content>
					</attRef>
					<attRef name="ValenceSpan">
						<content>2.65</content>
					</attRef>
					<attRef name="CorAro">
						<content>0.0223</content>
					</attRef>
					<attRef name="CorVal">
						<content>0.5375</content>
					</attRef>
					<attRef name="averageAoA">
						<content>41.64</content>
					</attRef>
					<attRef name="sdAOA">
						<content>14.23</content>
					</attRef>
					<attRef name="MinAoA">
						<content>9.0</content>
					</attRef>
					<attRef name="MaxAoA">
						<content>73.0</content>
					</attRef>
					<attRef name="OralFreq_Log">
						<content>17.92</content>
					</attRef>
					<attRef name="WrittenFreq_Log">
						<content>18.31</content>
					</attRef>
					<attRef name="n_aoa">
						<content>7</content>
					</attRef>
					<attRef name="Max_AoA">
						<content>7.98</content>
					</attRef>
					<attRef name="Min_AoA">
						<content>4.1</content>
					</attRef>
					<attRef name="AoASpan">
						<content>3.88</content>
					</attRef>
					<attRef name="Max_sdAOA">
						<content>2.644</content>
					</attRef>
					<attRef name="Min_sdAOA">
						<content>1.267</content>
					</attRef>
					<attRef name="sdAOASpan">
						<content>1.377</content>
					</attRef>
					<attRef name="Max_logOralFreq">
						<content>3.548</content>
					</attRef>
					<attRef name="Min_logOralFreq">
						<content>1.58</content>
					</attRef>
					<attRef name="logOralFreqSpan">
						<content>1.968</content>
					</attRef>
					<attRef name="Max_logWrittenFreq">
						<content>3.423</content>
					</attRef>
					<attRef name="Min_logWrittenFreq">
						<content>1.38</content>
					</attRef>
					<attRef name="logWrittenFreqSpan">
						<content>2.043</content>
					</attRef>
					<attRef name="CorAoA">
						<content>0.2757</content>
					</attRef>
				</param>
			</lg>
			<param name="AffectiveFeatures">
				<attRef name="Hap_Mean">
					<content>26.76</content>
				</attRef>
				<attRef name="Hap_SD">
					<content>8.29</content>
				</attRef>
				<attRef name="Ang_Mean">
					<content>20.59</content>
				</attRef>
				<attRef name="Ang_SD">
					<content>11.43</content>
				</attRef>
				<attRef name="Sad_Mean">
					<content>24.1</content>
				</attRef>
				<attRef name="Sad_SD">
					<content>10.88</content>
				</attRef>
				<attRef name="Fear_Mean">
					<content>25.51</content>
				</attRef>
				<attRef name="Fear_SD">
					<content>13.24</content>
				</attRef>
				<attRef name="Disg_Mean">
					<content>17.46</content>
				</attRef>
				<attRef name="Disg_SD">
					<content>9.81</content>
				</attRef>
				<attRef name="n_affective">
					<content>12</content>
				</attRef>
				<attRef name="ValenceMean">
					<content>176.07</content>
				</attRef>
				<attRef name="ValenceSD">
					<content>41.27</content>
				</attRef>
				<attRef name="ArousalMean">
					<content>186.38</content>
				</attRef>
				<attRef name="ArousalSD">
					<content>55.66</content>
				</attRef>
				<attRef name="n_v_a">
					<content>33</content>
				</attRef>
				<attRef name="Max_Aro">
					<content>7.95</content>
				</attRef>
				<attRef name="Min_Aro">
					<content>3.85</content>
				</attRef>
				<attRef name="ArousalSpan">
					<content>4.1</content>
				</attRef>
				<attRef name="Max_Val">
					<content>8.25</content>
				</attRef>
				<attRef name="Min_Val">
					<content>1.45</content>
				</attRef>
				<attRef name="ValenceSpan">
					<content>6.8</content>
				</attRef>
				<attRef name="CorAro">
					<content>0.021</content>
				</attRef>
				<attRef name="CorVal">
					<content>0.085</content>
				</attRef>
				<attRef name="averageAoA">
					<content>155.6</content>
				</attRef>
				<attRef name="sdAOA">
					<content>48.64</content>
				</attRef>
				<attRef name="MinAoA">
					<content>52.0</content>
				</attRef>
				<attRef name="MaxAoA">
					<content>259.5</content>
				</attRef>
				<attRef name="OralFreq_Log">
					<content>56.52</content>
				</attRef>
				<attRef name="WrittenFreq_Log">
					<content>63.38</content>
				</attRef>
				<attRef name="n_aoa">
					<content>26</content>
				</attRef>
				<attRef name="Max_AoA">
					<content>10.02</content>
				</attRef>
				<attRef name="Min_AoA">
					<content>2.52</content>
				</attRef>
				<attRef name="AoASpan">
					<content>7.5</content>
				</attRef>
				<attRef name="Max_sdAOA">
					<content>2.644</content>
				</attRef>
				<attRef name="Min_sdAOA">
					<content>1.152</content>
				</attRef>
				<attRef name="sdAOASpan">
					<content>1.492</content>
				</attRef>
				<attRef name="Max_logOralFreq">
					<content>3.724</content>
				</attRef>
				<attRef name="Min_logOralFreq">
					<content>0.301</content>
				</attRef>
				<attRef name="logOralFreqSpan">
					<content>3.423</content>
				</attRef>
				<attRef name="Max_logWrittenFreq">
					<content>3.678</content>
				</attRef>
				<attRef name="Min_logWrittenFreq">
					<content>1.176</content>
				</attRef>
				<attRef name="logWrittenFreqSpan">
					<content>2.502</content>
				</attRef>
				<attRef name="CorAoA">
					<content>0.1719</content>
				</attRef>
			</param>
		</body>
	</text>
</TEI>