<?xml version="1.0" encoding="utf-8"?>
<TEI xmlns="http://www.tei-c.org/ns/1.0">
	<teiHeader>
		<fileDesc>
			<titleStmt about="disco:po_681n2451">
				<title property="dc:title">La mañana en el sitio</title>
				<author property="dc:creator" resource="disco:681n" corresp="#disco_681n">Joaquín Nicolás Aramburu</author>
				<principal xml:id="prf">Pablo Ruiz Fabo</principal>
				<principal xml:id="heb">Helena Bermúdez Sabel</principal>
				<principal xml:id="jct">José Calvo Tello</principal>
				<principal xml:id="cimc">Clara Isabel Martínez Cantón</principal>
				<respStmt>
					<resp>Metrical annotation by</resp>
					<name xml:id="bnc">Borja Navarro Colorado</name>
				</respStmt>
			</titleStmt>
			<extent>
				<measure unit="sonnets">1</measure>
				<measure unit="tokens">98</measure>
				<measure unit="line">14</measure>
			</extent>
			<publicationStmt>
				<publisher>Diachronic Spanish Sonnet Corpus</publisher>
				<authority>POSTDATA Project</authority>
				<pubPlace>Madrid</pubPlace>
				<availability status="free">
					<p>The text is freely available</p>
				</availability>
				<date when="2017">2017</date>
				<idno type="#disco" xml:id="file_po_681n2451"></idno>
			</publicationStmt>
			<sourceDesc>
				<bibl type="digital-source">
					<hi rend="italics">Sonetos del siglo XIX</hi>
					<date when="2006">2006</date>
					<ref target="http://www.cervantesvirtual.com/nd/ark:/59851/bmc4q861"></ref>
					<ref target="http://www.cervantesvirtual.com/obra/sonetos-del-siglo-xix--0/"></ref>
Biblioteca Cervantes Virtual,  / editados por Ramón García González, , , .				</bibl>
			</sourceDesc>
		</fileDesc>
		<profileDesc>
			<langUsage>
				<language ident="es" about="disco:po_681n2451" property="dc:language" resource="dbpedia:Idioma_español">Spanish</language>
			</langUsage>
			<particDesc>
				<listPerson>
					<person xml:id="disco_681n" about="disco:681n" typeOf="foaf:Person">
						<idno cert="high" property="rdfs:seeAlso" resource="https://viaf.org/viaf/62148570749424312955"></idno>
						<persName type="short">Aramburu</persName>
						<persName type="full">
							<forename property="foaf:givenName">Joaquín Nicolás</forename>
							<surname property="foaf:familyName">Aramburu</surname>
						</persName>
						<persName type="source" property="foaf:name">Joaquín Nicolás Aramburu</persName>
						<sex property="foaf:gender" content="M"></sex>
						<birth>
							<location>
								<placeName>
									<country property="schema:birthPlace" inlist="">Cuba</country>
									<bloc property="schema:birthPlace" inlist="">América</bloc>
								</placeName>
							</location>
							<date property="schema:birthDate" content="1855" cert="high"></date>
							<date type="century">19</date>
						</birth>
						<death>
							<location>
								<placeName>
									<settlement property="schema:deathPlace" inlist="">La Habana</settlement>
								</placeName>
							</location>
							<date property="schema:deathDate" content="1923" cert="high"></date>
							<date type="century">20</date>
						</death>
						<listBibl inlist="" rel="blterms:hasCreated" typeOf="schema:CreativeWork">
							<bibl resource="disco:s681n2451">
								<title property="dc:title">La mañana en el sitio</title>
								<title type="incipit" property="dc:alternative">Ya la primera luz de la mañana</title>
							</bibl>
						</listBibl>
					</person>
				</listPerson>
			</particDesc>
		</profileDesc>
		<encodingDesc>
			<listPrefixDef>
				<prefixDef ident="foaf" matchPattern="([A-Za-z]+)" replacementPattern="http://xmlns.com/foaf/0.1/$1"></prefixDef>
				<prefixDef ident="dc" matchPattern="([A-Za-z]+)" replacementPattern="http://purl.org/dc/terms/$1"></prefixDef>
				<prefixDef ident="schema" matchPattern="([A-Za-z]+)" replacementPattern="http://schema.org/$1"></prefixDef>
				<prefixDef ident="dbpedia" matchPattern="([A-Za-z]+(_[A-Za-z])*)" replacementPattern="http://es.dbpedia.org/page/"></prefixDef>
				<prefixDef ident="blterms" matchPattern="([A-Za-z]+)" replacementPattern="http://www.bl.uk/schemas/bibliographic/blterms#$1"></prefixDef>
				<prefixDef ident="rdfs" matchPattern="([A-Za-z]+)" replacementPattern="http://www.w3.org/2000/01/rdf-schema#$1"></prefixDef>
			</listPrefixDef>
			<metDecl type="met" pattern="((\+|\-)+)*">
				<metSym value="+">stressed syllable</metSym>
				<metSym value="-">unstressed syllable</metSym>
			</metDecl>
			<metDecl type="met">
				<p>
					<ref target="https://github.com/bncolorado/adsoScansionSystem">ADSO</ref>
The metrical patterns were extracted automatically using the 
                    tool.				</p>
			</metDecl>
			<metDecl type="enjamb">
				<p>
					<att>enjamb</att>
					<att>cert</att>
					<ref target="https://sites.google.com/site/spanishenjambment/">ANJA
                        (Automatic eNJambment Analysis)</ref>
					<ref target="https://sites.google.com/site/spanishenjambment/enjambment-types">documentation</ref>
					<ref target="https://sites.google.com/site/spanishenjambment/tei-certitude-values">report</ref>
The values of the  atributes were extracted automatically using
                    the  tool. For more information about the
                    types of enjambment as defined in this corpus, read the . In addition, a  was added to express the
                    degree of certainty concerning the characterisation of the enjambment. The following 
                     covers this feature in deep detail.				</p>
			</metDecl>
		</encodingDesc>
		<revisionDesc>
			<change when="2017-11-02" who="#prf">Initial TEI version</change>
			<change when="2017-11-27" who="#prf">Addition of metrical annotation</change>
			<change when="2017-11-27" who="#heb">Review of authors’ metadata</change>
			<change when="2017-12-01" who="#prf">Encoding of enjambment</change>
			<change when="2017-12-01" who="#heb">Publication of 19th, 18th and Golden Age version</change>
			<change when="2018-05-16" who="#heb">Revision of RDFa attributes</change>
		</revisionDesc>
	</teiHeader>
	<text>
		<front>
			<head>La mañana en el sitio</head>
		</front>
		<body>
			<lg n="1" type="cuarteto">
				<l n="1" met="+--+-+---+-">Ya la primera luz de la mañana</l>
				<l n="2" met="+--+-+---+-">baña el altivo monte y la colina</l>
				<l n="3" met="--+--+---+-" enjamb="B-ex_subj_verb" cert="low">y, cual níveo celaje, la neblina</l>
				<l n="4" met="---+-+---+-" enjamb="I-ex_subj_verb" cert="low">se reconcentra y flota en la sabana.</l>
				<param name="AffectiveFeatures">
					<attRef name="n_affective">
						<content>0</content>
					</attRef>
					<attRef name="ValenceMean">
						<content>55.73</content>
					</attRef>
					<attRef name="ValenceSD">
						<content>13.13</content>
					</attRef>
					<attRef name="ArousalMean">
						<content>40.68</content>
					</attRef>
					<attRef name="ArousalSD">
						<content>17.04</content>
					</attRef>
					<attRef name="n_v_a">
						<content>9</content>
					</attRef>
					<attRef name="Max_Aro">
						<content>5.94</content>
					</attRef>
					<attRef name="Min_Aro">
						<content>2.85</content>
					</attRef>
					<attRef name="ArousalSpan">
						<content>3.09</content>
					</attRef>
					<attRef name="Max_Val">
						<content>7.45</content>
					</attRef>
					<attRef name="Min_Val">
						<content>4.53</content>
					</attRef>
					<attRef name="ValenceSpan">
						<content>2.92</content>
					</attRef>
					<attRef name="CorAro">
						<content>-0.2609</content>
					</attRef>
					<attRef name="CorVal">
						<content>-0.2322</content>
					</attRef>
					<attRef name="averageAoA">
						<content>37.7</content>
					</attRef>
					<attRef name="sdAOA">
						<content>13.19</content>
					</attRef>
					<attRef name="MinAoA">
						<content>12.0</content>
					</attRef>
					<attRef name="MaxAoA">
						<content>68.0</content>
					</attRef>
					<attRef name="OralFreq_Log">
						<content>13.53</content>
					</attRef>
					<attRef name="WrittenFreq_Log">
						<content>16.54</content>
					</attRef>
					<attRef name="n_aoa">
						<content>7</content>
					</attRef>
					<attRef name="Max_AoA">
						<content>7.88</content>
					</attRef>
					<attRef name="Min_AoA">
						<content>3.18</content>
					</attRef>
					<attRef name="AoASpan">
						<content>4.7</content>
					</attRef>
					<attRef name="Max_sdAOA">
						<content>2.496</content>
					</attRef>
					<attRef name="Min_sdAOA">
						<content>1.403</content>
					</attRef>
					<attRef name="sdAOASpan">
						<content>1.093</content>
					</attRef>
					<attRef name="Max_logOralFreq">
						<content>3.256</content>
					</attRef>
					<attRef name="Min_logOralFreq">
						<content>0.477</content>
					</attRef>
					<attRef name="logOralFreqSpan">
						<content>2.779</content>
					</attRef>
					<attRef name="Max_logWrittenFreq">
						<content>3.2</content>
					</attRef>
					<attRef name="Min_logWrittenFreq">
						<content>1.398</content>
					</attRef>
					<attRef name="logWrittenFreqSpan">
						<content>1.802</content>
					</attRef>
					<attRef name="CorAoA">
						<content>0.8842</content>
					</attRef>
				</param>
			</lg>
			<lg n="2" type="cuarteto">
				<l n="5" met="--+--+-+-+-">Por el techo, de verde palma cana,</l>
				<l n="6" met="-+-+-+---+-">se filtra el humo azul de la cocina;</l>
				<l n="7" met="+----+---+-">pica, con sus polluelos, la gallina</l>
				<l n="8" met="-+-+-+-+-+-">el maíz que un muchacho le desgrana.</l>
				<param name="AffectiveFeatures">
					<attRef name="Hap_Mean">
						<content>14.0</content>
					</attRef>
					<attRef name="Hap_SD">
						<content>7.03</content>
					</attRef>
					<attRef name="Ang_Mean">
						<content>7.41</content>
					</attRef>
					<attRef name="Ang_SD">
						<content>3.61</content>
					</attRef>
					<attRef name="Sad_Mean">
						<content>7.6</content>
					</attRef>
					<attRef name="Sad_SD">
						<content>3.9</content>
					</attRef>
					<attRef name="Fear_Mean">
						<content>8.37</content>
					</attRef>
					<attRef name="Fear_SD">
						<content>4.73</content>
					</attRef>
					<attRef name="Disg_Mean">
						<content>8.24</content>
					</attRef>
					<attRef name="Disg_SD">
						<content>4.33</content>
					</attRef>
					<attRef name="n_affective">
						<content>6</content>
					</attRef>
					<attRef name="ValenceMean">
						<content>61.83</content>
					</attRef>
					<attRef name="ValenceSD">
						<content>14.79</content>
					</attRef>
					<attRef name="ArousalMean">
						<content>53.26</content>
					</attRef>
					<attRef name="ArousalSD">
						<content>16.87</content>
					</attRef>
					<attRef name="n_v_a">
						<content>11</content>
					</attRef>
					<attRef name="Max_Aro">
						<content>6.4</content>
					</attRef>
					<attRef name="Min_Aro">
						<content>3.8</content>
					</attRef>
					<attRef name="ArousalSpan">
						<content>2.6</content>
					</attRef>
					<attRef name="Max_Val">
						<content>7.15</content>
					</attRef>
					<attRef name="Min_Val">
						<content>3.7</content>
					</attRef>
					<attRef name="ValenceSpan">
						<content>3.45</content>
					</attRef>
					<attRef name="CorAro">
						<content>0.2203</content>
					</attRef>
					<attRef name="CorVal">
						<content>-0.0827</content>
					</attRef>
					<attRef name="averageAoA">
						<content>33.32</content>
					</attRef>
					<attRef name="sdAOA">
						<content>15.1</content>
					</attRef>
					<attRef name="MinAoA">
						<content>10.0</content>
					</attRef>
					<attRef name="MaxAoA">
						<content>78.33</content>
					</attRef>
					<attRef name="OralFreq_Log">
						<content>15.56</content>
					</attRef>
					<attRef name="WrittenFreq_Log">
						<content>19.14</content>
					</attRef>
					<attRef name="n_aoa">
						<content>9</content>
					</attRef>
					<attRef name="Max_AoA">
						<content>5.38</content>
					</attRef>
					<attRef name="Min_AoA">
						<content>2.78</content>
					</attRef>
					<attRef name="AoASpan">
						<content>2.6</content>
					</attRef>
					<attRef name="Max_sdAOA">
						<content>2.165</content>
					</attRef>
					<attRef name="Min_sdAOA">
						<content>1.112</content>
					</attRef>
					<attRef name="sdAOASpan">
						<content>1.053</content>
					</attRef>
					<attRef name="Max_logOralFreq">
						<content>2.312</content>
					</attRef>
					<attRef name="Min_logOralFreq">
						<content>1.204</content>
					</attRef>
					<attRef name="logOralFreqSpan">
						<content>1.108</content>
					</attRef>
					<attRef name="Max_logWrittenFreq">
						<content>2.615</content>
					</attRef>
					<attRef name="Min_logWrittenFreq">
						<content>1.301</content>
					</attRef>
					<attRef name="logWrittenFreqSpan">
						<content>1.314</content>
					</attRef>
					<attRef name="CorAoA">
						<content>0.2675</content>
					</attRef>
				</param>
			</lg>
			<lg n="3" type="terceto">
				<l n="9" met="-+-+-+---+-" enjamb="B-cc_crossclause" cert="high">Relincha el potro; zumba la colmena</l>
				<l n="10" met="-+---+---+-" enjamb="I-cc_crossclause" cert="high">que sale en pos del néctar de las flores;</l>
				<l n="11" met="+--+---+-+-">cerca del surco, de impaciencia llena,</l>
				<param name="AffectiveFeatures">
					<attRef name="Hap_Mean">
						<content>6.04</content>
					</attRef>
					<attRef name="Hap_SD">
						<content>2.26</content>
					</attRef>
					<attRef name="Ang_Mean">
						<content>2.1</content>
					</attRef>
					<attRef name="Ang_SD">
						<content>0.31</content>
					</attRef>
					<attRef name="Sad_Mean">
						<content>2.46</content>
					</attRef>
					<attRef name="Sad_SD">
						<content>1.04</content>
					</attRef>
					<attRef name="Fear_Mean">
						<content>2.2</content>
					</attRef>
					<attRef name="Fear_SD">
						<content>0.64</content>
					</attRef>
					<attRef name="Disg_Mean">
						<content>2.13</content>
					</attRef>
					<attRef name="Disg_SD">
						<content>0.43</content>
					</attRef>
					<attRef name="n_affective">
						<content>2</content>
					</attRef>
					<attRef name="ValenceMean">
						<content>55.94</content>
					</attRef>
					<attRef name="ValenceSD">
						<content>11.9</content>
					</attRef>
					<attRef name="ArousalMean">
						<content>53.48</content>
					</attRef>
					<attRef name="ArousalSD">
						<content>15.02</content>
					</attRef>
					<attRef name="n_v_a">
						<content>10</content>
					</attRef>
					<attRef name="Max_Aro">
						<content>6.7</content>
					</attRef>
					<attRef name="Min_Aro">
						<content>3.4</content>
					</attRef>
					<attRef name="ArousalSpan">
						<content>3.3</content>
					</attRef>
					<attRef name="Max_Val">
						<content>7.4</content>
					</attRef>
					<attRef name="Min_Val">
						<content>3.45</content>
					</attRef>
					<attRef name="ValenceSpan">
						<content>3.95</content>
					</attRef>
					<attRef name="CorAro">
						<content>-0.1855</content>
					</attRef>
					<attRef name="CorVal">
						<content>-0.3133</content>
					</attRef>
					<attRef name="averageAoA">
						<content>55.48</content>
					</attRef>
					<attRef name="sdAOA">
						<content>17.65</content>
					</attRef>
					<attRef name="MinAoA">
						<content>22.0</content>
					</attRef>
					<attRef name="MaxAoA">
						<content>90.0</content>
					</attRef>
					<attRef name="OralFreq_Log">
						<content>nan</content>
					</attRef>
					<attRef name="WrittenFreq_Log">
						<content>17.29</content>
					</attRef>
					<attRef name="n_aoa">
						<content>9</content>
					</attRef>
					<attRef name="Max_AoA">
						<content>8.96</content>
					</attRef>
					<attRef name="Min_AoA">
						<content>2.68</content>
					</attRef>
					<attRef name="AoASpan">
						<content>6.28</content>
					</attRef>
					<attRef name="Max_sdAOA">
						<content>2.327</content>
					</attRef>
					<attRef name="Min_sdAOA">
						<content>1.477</content>
					</attRef>
					<attRef name="sdAOASpan">
						<content>0.85</content>
					</attRef>
					<attRef name="Max_logOralFreq">
						<content>2.886</content>
					</attRef>
					<attRef name="Min_logOralFreq">
						<content>0.699</content>
					</attRef>
					<attRef name="logOralFreqSpan">
						<content>2.187</content>
					</attRef>
					<attRef name="Max_logWrittenFreq">
						<content>2.979</content>
					</attRef>
					<attRef name="Min_logWrittenFreq">
						<content>1.0</content>
					</attRef>
					<attRef name="logWrittenFreqSpan">
						<content>1.979</content>
					</attRef>
					<attRef name="CorAoA">
						<content>-0.0078</content>
					</attRef>
				</param>
			</lg>
			<lg n="4" type="terceto">
				<l n="12" met="-+-+-+---+-">la yunta está de toros bramadores</l>
				<l n="13" met="--+--+---+-">y el guajiro a la puerta de la choza,</l>
				<l n="14" met="-+-+---+-+-">bebiendo a sorbos el café, se goza.</l>
				<param name="AffectiveFeatures">
					<attRef name="Hap_Mean">
						<content>10.37</content>
					</attRef>
					<attRef name="Hap_SD">
						<content>4.06</content>
					</attRef>
					<attRef name="Ang_Mean">
						<content>6.2</content>
					</attRef>
					<attRef name="Ang_SD">
						<content>3.86</content>
					</attRef>
					<attRef name="Sad_Mean">
						<content>6.63</content>
					</attRef>
					<attRef name="Sad_SD">
						<content>4.14</content>
					</attRef>
					<attRef name="Fear_Mean">
						<content>6.7</content>
					</attRef>
					<attRef name="Fear_SD">
						<content>3.67</content>
					</attRef>
					<attRef name="Disg_Mean">
						<content>5.4</content>
					</attRef>
					<attRef name="Disg_SD">
						<content>3.0</content>
					</attRef>
					<attRef name="n_affective">
						<content>4</content>
					</attRef>
					<attRef name="ValenceMean">
						<content>38.42</content>
					</attRef>
					<attRef name="ValenceSD">
						<content>7.68</content>
					</attRef>
					<attRef name="ArousalMean">
						<content>39.25</content>
					</attRef>
					<attRef name="ArousalSD">
						<content>12.36</content>
					</attRef>
					<attRef name="n_v_a">
						<content>7</content>
					</attRef>
					<attRef name="Max_Aro">
						<content>6.75</content>
					</attRef>
					<attRef name="Min_Aro">
						<content>4.55</content>
					</attRef>
					<attRef name="ArousalSpan">
						<content>2.2</content>
					</attRef>
					<attRef name="Max_Val">
						<content>8.25</content>
					</attRef>
					<attRef name="Min_Val">
						<content>3.1</content>
					</attRef>
					<attRef name="ValenceSpan">
						<content>5.15</content>
					</attRef>
					<attRef name="CorAro">
						<content>0.3648</content>
					</attRef>
					<attRef name="CorVal">
						<content>0.7341</content>
					</attRef>
					<attRef name="averageAoA">
						<content>32.16</content>
					</attRef>
					<attRef name="sdAOA">
						<content>11.47</content>
					</attRef>
					<attRef name="MinAoA">
						<content>11.0</content>
					</attRef>
					<attRef name="MaxAoA">
						<content>54.0</content>
					</attRef>
					<attRef name="OralFreq_Log">
						<content>nan</content>
					</attRef>
					<attRef name="WrittenFreq_Log">
						<content>12.96</content>
					</attRef>
					<attRef name="n_aoa">
						<content>6</content>
					</attRef>
					<attRef name="Max_AoA">
						<content>8.425</content>
					</attRef>
					<attRef name="Min_AoA">
						<content>2.2</content>
					</attRef>
					<attRef name="AoASpan">
						<content>6.225</content>
					</attRef>
					<attRef name="Max_sdAOA">
						<content>2.5885</content>
					</attRef>
					<attRef name="Min_sdAOA">
						<content>1.174</content>
					</attRef>
					<attRef name="sdAOASpan">
						<content>1.4145</content>
					</attRef>
					<attRef name="Max_logOralFreq">
						<content>2.648</content>
					</attRef>
					<attRef name="Min_logOralFreq">
						<content>0.991</content>
					</attRef>
					<attRef name="logOralFreqSpan">
						<content>1.657</content>
					</attRef>
					<attRef name="Max_logWrittenFreq">
						<content>3.193</content>
					</attRef>
					<attRef name="Min_logWrittenFreq">
						<content>1.23</content>
					</attRef>
					<attRef name="logWrittenFreqSpan">
						<content>1.963</content>
					</attRef>
					<attRef name="CorAoA">
						<content>0.2914</content>
					</attRef>
				</param>
			</lg>
			<param name="AffectiveFeatures">
				<attRef name="Hap_Mean">
					<content>30.41</content>
				</attRef>
				<attRef name="Hap_SD">
					<content>13.35</content>
				</attRef>
				<attRef name="Ang_Mean">
					<content>15.71</content>
				</attRef>
				<attRef name="Ang_SD">
					<content>7.78</content>
				</attRef>
				<attRef name="Sad_Mean">
					<content>16.69</content>
				</attRef>
				<attRef name="Sad_SD">
					<content>9.08</content>
				</attRef>
				<attRef name="Fear_Mean">
					<content>17.27</content>
				</attRef>
				<attRef name="Fear_SD">
					<content>9.04</content>
				</attRef>
				<attRef name="Disg_Mean">
					<content>15.77</content>
				</attRef>
				<attRef name="Disg_SD">
					<content>7.76</content>
				</attRef>
				<attRef name="n_affective">
					<content>12</content>
				</attRef>
				<attRef name="ValenceMean">
					<content>211.92</content>
				</attRef>
				<attRef name="ValenceSD">
					<content>47.5</content>
				</attRef>
				<attRef name="ArousalMean">
					<content>186.67</content>
				</attRef>
				<attRef name="ArousalSD">
					<content>61.29</content>
				</attRef>
				<attRef name="n_v_a">
					<content>37</content>
				</attRef>
				<attRef name="Max_Aro">
					<content>6.75</content>
				</attRef>
				<attRef name="Min_Aro">
					<content>2.85</content>
				</attRef>
				<attRef name="ArousalSpan">
					<content>3.9</content>
				</attRef>
				<attRef name="Max_Val">
					<content>8.25</content>
				</attRef>
				<attRef name="Min_Val">
					<content>3.1</content>
				</attRef>
				<attRef name="ValenceSpan">
					<content>5.15</content>
				</attRef>
				<attRef name="CorAro">
					<content>0.4201</content>
				</attRef>
				<attRef name="CorVal">
					<content>-0.1982</content>
				</attRef>
				<attRef name="averageAoA">
					<content>158.67</content>
				</attRef>
				<attRef name="sdAOA">
					<content>57.42</content>
				</attRef>
				<attRef name="MinAoA">
					<content>55.0</content>
				</attRef>
				<attRef name="MaxAoA">
					<content>290.33</content>
				</attRef>
				<attRef name="OralFreq_Log">
					<content>nan</content>
				</attRef>
				<attRef name="WrittenFreq_Log">
					<content>65.9</content>
				</attRef>
				<attRef name="n_aoa">
					<content>31</content>
				</attRef>
				<attRef name="Max_AoA">
					<content>8.96</content>
				</attRef>
				<attRef name="Min_AoA">
					<content>2.2</content>
				</attRef>
				<attRef name="AoASpan">
					<content>6.76</content>
				</attRef>
				<attRef name="Max_sdAOA">
					<content>2.5885</content>
				</attRef>
				<attRef name="Min_sdAOA">
					<content>1.112</content>
				</attRef>
				<attRef name="sdAOASpan">
					<content>1.4765</content>
				</attRef>
				<attRef name="Max_logOralFreq">
					<content>3.256</content>
				</attRef>
				<attRef name="Min_logOralFreq">
					<content>0.477</content>
				</attRef>
				<attRef name="logOralFreqSpan">
					<content>2.779</content>
				</attRef>
				<attRef name="Max_logWrittenFreq">
					<content>3.2</content>
				</attRef>
				<attRef name="Min_logWrittenFreq">
					<content>1.0</content>
				</attRef>
				<attRef name="logWrittenFreqSpan">
					<content>2.2</content>
				</attRef>
				<attRef name="CorAoA">
					<content>0.2268</content>
				</attRef>
			</param>
		</body>
	</text>
</TEI>