<?xml version="1.0" encoding="utf-8"?>
<TEI xmlns="http://www.tei-c.org/ns/1.0">
	<teiHeader>
		<fileDesc>
			<titleStmt about="disco:po_611n2269">
				<title property="dc:title">Rosaura</title>
				<author property="dc:creator" resource="disco:611n" corresp="#disco_611n">Alejandro Arango y Escando</author>
				<principal xml:id="prf">Pablo Ruiz Fabo</principal>
				<principal xml:id="heb">Helena Bermúdez Sabel</principal>
				<principal xml:id="jct">José Calvo Tello</principal>
				<principal xml:id="cimc">Clara Isabel Martínez Cantón</principal>
				<respStmt>
					<resp>Metrical annotation by</resp>
					<name xml:id="bnc">Borja Navarro Colorado</name>
				</respStmt>
			</titleStmt>
			<extent>
				<measure unit="sonnets">1</measure>
				<measure unit="tokens">91</measure>
				<measure unit="line">14</measure>
			</extent>
			<publicationStmt>
				<publisher>Diachronic Spanish Sonnet Corpus</publisher>
				<authority>POSTDATA Project</authority>
				<pubPlace>Madrid</pubPlace>
				<availability status="free">
					<p>The text is freely available</p>
				</availability>
				<date when="2017">2017</date>
				<idno type="#disco" xml:id="file_po_611n2269"></idno>
			</publicationStmt>
			<sourceDesc>
				<bibl type="digital-source">
					<hi rend="italics">Sonetos del siglo XIX</hi>
					<date when="2006">2006</date>
					<ref target="http://www.cervantesvirtual.com/nd/ark:/59851/bmc4q861"></ref>
					<ref target="http://www.cervantesvirtual.com/obra/sonetos-del-siglo-xix--0/"></ref>
Biblioteca Cervantes Virtual,  / editados por Ramón García González, , , .				</bibl>
			</sourceDesc>
		</fileDesc>
		<profileDesc>
			<langUsage>
				<language ident="es" about="disco:po_611n2269" property="dc:language" resource="dbpedia:Idioma_español">Spanish</language>
			</langUsage>
			<particDesc>
				<listPerson>
					<person xml:id="disco_611n" about="disco:611n" typeOf="foaf:Person">
						<idno cert="low" property="rdfs:seeAlso" resource="https://viaf.org/viaf/89023109"></idno>
						<persName type="short">Arango y Escando</persName>
						<persName type="full">
							<forename property="foaf:givenName">Alejandro</forename>
							<surname property="foaf:familyName">Arango y Escando</surname>
						</persName>
						<persName type="source" property="foaf:name">Alejandro Arango y Escando</persName>
						<sex property="foaf:gender" content="M"></sex>
						<birth>
							<location>
								<placeName>
									<settlement property="schema:birthPlace" inlist="">Puebla</settlement>
									<country property="schema:birthPlace" inlist="">México</country>
									<bloc property="schema:birthPlace" inlist="">América</bloc>
								</placeName>
							</location>
							<date property="schema:birthDate" content="1821" cert="high"></date>
							<date type="century">19</date>
						</birth>
						<death>
							<location>
								<placeName>
									<settlement property="schema:deathPlace" inlist="">México</settlement>
								</placeName>
							</location>
							<date property="schema:deathDate" content="1876" cert="high"></date>
							<date type="century">19</date>
						</death>
						<listBibl inlist="" rel="blterms:hasCreated" typeOf="schema:CreativeWork">
							<bibl resource="disco:s611n2269">
								<title property="dc:title">Rosaura</title>
								<title type="incipit" property="dc:alternative">Risueña, ufana, sobre el césped blanco,</title>
							</bibl>
						</listBibl>
					</person>
				</listPerson>
			</particDesc>
		</profileDesc>
		<encodingDesc>
			<listPrefixDef>
				<prefixDef ident="foaf" matchPattern="([A-Za-z]+)" replacementPattern="http://xmlns.com/foaf/0.1/$1"></prefixDef>
				<prefixDef ident="dc" matchPattern="([A-Za-z]+)" replacementPattern="http://purl.org/dc/terms/$1"></prefixDef>
				<prefixDef ident="schema" matchPattern="([A-Za-z]+)" replacementPattern="http://schema.org/$1"></prefixDef>
				<prefixDef ident="dbpedia" matchPattern="([A-Za-z]+(_[A-Za-z])*)" replacementPattern="http://es.dbpedia.org/page/"></prefixDef>
				<prefixDef ident="blterms" matchPattern="([A-Za-z]+)" replacementPattern="http://www.bl.uk/schemas/bibliographic/blterms#$1"></prefixDef>
				<prefixDef ident="rdfs" matchPattern="([A-Za-z]+)" replacementPattern="http://www.w3.org/2000/01/rdf-schema#$1"></prefixDef>
			</listPrefixDef>
			<metDecl type="met" pattern="((\+|\-)+)*">
				<metSym value="+">stressed syllable</metSym>
				<metSym value="-">unstressed syllable</metSym>
			</metDecl>
			<metDecl type="met">
				<p>
					<ref target="https://github.com/bncolorado/adsoScansionSystem">ADSO</ref>
The metrical patterns were extracted automatically using the 
                    tool.				</p>
			</metDecl>
			<metDecl type="enjamb">
				<p>
					<att>enjamb</att>
					<att>cert</att>
					<ref target="https://sites.google.com/site/spanishenjambment/">ANJA
                        (Automatic eNJambment Analysis)</ref>
					<ref target="https://sites.google.com/site/spanishenjambment/enjambment-types">documentation</ref>
					<ref target="https://sites.google.com/site/spanishenjambment/tei-certitude-values">report</ref>
The values of the  atributes were extracted automatically using
                    the  tool. For more information about the
                    types of enjambment as defined in this corpus, read the . In addition, a  was added to express the
                    degree of certainty concerning the characterisation of the enjambment. The following 
                     covers this feature in deep detail.				</p>
			</metDecl>
		</encodingDesc>
		<revisionDesc>
			<change when="2017-11-02" who="#prf">Initial TEI version</change>
			<change when="2017-11-27" who="#prf">Addition of metrical annotation</change>
			<change when="2017-11-27" who="#heb">Review of authors’ metadata</change>
			<change when="2017-12-01" who="#prf">Encoding of enjambment</change>
			<change when="2017-12-01" who="#heb">Publication of 19th, 18th and Golden Age version</change>
			<change when="2018-05-16" who="#heb">Revision of RDFa attributes</change>
		</revisionDesc>
	</teiHeader>
	<text>
		<front>
			<head>Rosaura</head>
		</front>
		<body>
			<lg n="1" type="cuarteto">
				<l n="1" met="-+-+---+-+-">Risueña, ufana, sobre el césped blanco,</l>
				<l n="2" met="---+-+---+-">de abril en tarde plácida y serena</l>
				<l n="3" met="-+-+---+-+-">está Rosaura en la floresta amena,</l>
				<l n="4" met="-+-+---+-+-">al son de alegre tamboril bailando.</l>
				<param name="AffectiveFeatures">
					<attRef name="Hap_Mean">
						<content>10.9</content>
					</attRef>
					<attRef name="Hap_SD">
						<content>3.06</content>
					</attRef>
					<attRef name="Ang_Mean">
						<content>3.3</content>
					</attRef>
					<attRef name="Ang_SD">
						<content>1.04</content>
					</attRef>
					<attRef name="Sad_Mean">
						<content>3.53</content>
					</attRef>
					<attRef name="Sad_SD">
						<content>1.38</content>
					</attRef>
					<attRef name="Fear_Mean">
						<content>3.43</content>
					</attRef>
					<attRef name="Fear_SD">
						<content>1.21</content>
					</attRef>
					<attRef name="Disg_Mean">
						<content>3.43</content>
					</attRef>
					<attRef name="Disg_SD">
						<content>1.11</content>
					</attRef>
					<attRef name="n_affective">
						<content>3</content>
					</attRef>
					<attRef name="ValenceMean">
						<content>64.33</content>
					</attRef>
					<attRef name="ValenceSD">
						<content>12.18</content>
					</attRef>
					<attRef name="ArousalMean">
						<content>47.11</content>
					</attRef>
					<attRef name="ArousalSD">
						<content>18.9</content>
					</attRef>
					<attRef name="n_v_a">
						<content>10</content>
					</attRef>
					<attRef name="Max_Aro">
						<content>6.7</content>
					</attRef>
					<attRef name="Min_Aro">
						<content>3.1</content>
					</attRef>
					<attRef name="ArousalSpan">
						<content>3.6</content>
					</attRef>
					<attRef name="Max_Val">
						<content>8.5</content>
					</attRef>
					<attRef name="Min_Val">
						<content>3.15</content>
					</attRef>
					<attRef name="ValenceSpan">
						<content>5.35</content>
					</attRef>
					<attRef name="CorAro">
						<content>0.4649</content>
					</attRef>
					<attRef name="CorVal">
						<content>0.2619</content>
					</attRef>
					<attRef name="averageAoA">
						<content>38.1</content>
					</attRef>
					<attRef name="sdAOA">
						<content>12.16</content>
					</attRef>
					<attRef name="MinAoA">
						<content>16.0</content>
					</attRef>
					<attRef name="MaxAoA">
						<content>68.0</content>
					</attRef>
					<attRef name="OralFreq_Log">
						<content>12.04</content>
					</attRef>
					<attRef name="WrittenFreq_Log">
						<content>13.48</content>
					</attRef>
					<attRef name="n_aoa">
						<content>7</content>
					</attRef>
					<attRef name="Max_AoA">
						<content>9.82</content>
					</attRef>
					<attRef name="Min_AoA">
						<content>3.08</content>
					</attRef>
					<attRef name="AoASpan">
						<content>6.74</content>
					</attRef>
					<attRef name="Max_sdAOA">
						<content>2.434</content>
					</attRef>
					<attRef name="Min_sdAOA">
						<content>1.426</content>
					</attRef>
					<attRef name="sdAOASpan">
						<content>1.008</content>
					</attRef>
					<attRef name="Max_logOralFreq">
						<content>2.458</content>
					</attRef>
					<attRef name="Min_logOralFreq">
						<content>1.041</content>
					</attRef>
					<attRef name="logOralFreqSpan">
						<content>1.417</content>
					</attRef>
					<attRef name="Max_logWrittenFreq">
						<content>2.814</content>
					</attRef>
					<attRef name="Min_logWrittenFreq">
						<content>1.041</content>
					</attRef>
					<attRef name="logWrittenFreqSpan">
						<content>1.773</content>
					</attRef>
					<attRef name="CorAoA">
						<content>0.2631</content>
					</attRef>
				</param>
			</lg>
			<lg n="2" type="cuarteto">
				<l n="5" met="+--+---+-+-">Rosas, jazmines, a su paso echando,</l>
				<l n="6" met="-+-+---+-+-">aplaude el pueblo y la comarca atruena,</l>
				<l n="7" met="-+-+---+-+-">y va la vida de donaire llena,</l>
				<l n="8" met="+--+---+-+-">rosas, jazmines, a su paso hollando.</l>
				<param name="AffectiveFeatures">
					<attRef name="Hap_Mean">
						<content>8.58</content>
					</attRef>
					<attRef name="Hap_SD">
						<content>2.99</content>
					</attRef>
					<attRef name="Ang_Mean">
						<content>4.9</content>
					</attRef>
					<attRef name="Ang_SD">
						<content>3.32</content>
					</attRef>
					<attRef name="Sad_Mean">
						<content>5.91</content>
					</attRef>
					<attRef name="Sad_SD">
						<content>3.41</content>
					</attRef>
					<attRef name="Fear_Mean">
						<content>5.6</content>
					</attRef>
					<attRef name="Fear_SD">
						<content>3.51</content>
					</attRef>
					<attRef name="Disg_Mean">
						<content>4.19</content>
					</attRef>
					<attRef name="Disg_SD">
						<content>2.43</content>
					</attRef>
					<attRef name="n_affective">
						<content>3</content>
					</attRef>
					<attRef name="ValenceMean">
						<content>86.9</content>
					</attRef>
					<attRef name="ValenceSD">
						<content>18.09</content>
					</attRef>
					<attRef name="ArousalMean">
						<content>66.69</content>
					</attRef>
					<attRef name="ArousalSD">
						<content>22.37</content>
					</attRef>
					<attRef name="n_v_a">
						<content>14</content>
					</attRef>
					<attRef name="Max_Aro">
						<content>7.0</content>
					</attRef>
					<attRef name="Min_Aro">
						<content>3.15</content>
					</attRef>
					<attRef name="ArousalSpan">
						<content>3.85</content>
					</attRef>
					<attRef name="Max_Val">
						<content>8.25</content>
					</attRef>
					<attRef name="Min_Val">
						<content>4.35</content>
					</attRef>
					<attRef name="ValenceSpan">
						<content>3.9</content>
					</attRef>
					<attRef name="CorAro">
						<content>0.0054</content>
					</attRef>
					<attRef name="CorVal">
						<content>-0.0297</content>
					</attRef>
					<attRef name="averageAoA">
						<content>63.62</content>
					</attRef>
					<attRef name="sdAOA">
						<content>23.22</content>
					</attRef>
					<attRef name="MinAoA">
						<content>18.0</content>
					</attRef>
					<attRef name="MaxAoA">
						<content>116.0</content>
					</attRef>
					<attRef name="OralFreq_Log">
						<content>nan</content>
					</attRef>
					<attRef name="WrittenFreq_Log">
						<content>30.0</content>
					</attRef>
					<attRef name="n_aoa">
						<content>12</content>
					</attRef>
					<attRef name="Max_AoA">
						<content>9.5</content>
					</attRef>
					<attRef name="Min_AoA">
						<content>3.66</content>
					</attRef>
					<attRef name="AoASpan">
						<content>5.84</content>
					</attRef>
					<attRef name="Max_sdAOA">
						<content>2.369</content>
					</attRef>
					<attRef name="Min_sdAOA">
						<content>1.493</content>
					</attRef>
					<attRef name="sdAOASpan">
						<content>0.876</content>
					</attRef>
					<attRef name="Max_logOralFreq">
						<content>3.436</content>
					</attRef>
					<attRef name="Min_logOralFreq">
						<content>1.114</content>
					</attRef>
					<attRef name="logOralFreqSpan">
						<content>2.322</content>
					</attRef>
					<attRef name="Max_logWrittenFreq">
						<content>3.678</content>
					</attRef>
					<attRef name="Min_logWrittenFreq">
						<content>1.279</content>
					</attRef>
					<attRef name="logWrittenFreqSpan">
						<content>2.399</content>
					</attRef>
					<attRef name="CorAoA">
						<content>-0.0502</content>
					</attRef>
				</param>
			</lg>
			<lg n="3" type="terceto">
				<l n="9" met="---+---+-+-">Pero ¿y mañana? al despuntar la aurora</l>
				<l n="10" met="-++--+---+-">y no bien aparezca su lucero,</l>
				<l n="11" met="-+++---+-+-">tendrá ya dueño que en el alma adora.</l>
				<param name="AffectiveFeatures">
					<attRef name="Hap_Mean">
						<content>6.27</content>
					</attRef>
					<attRef name="Hap_SD">
						<content>2.67</content>
					</attRef>
					<attRef name="Ang_Mean">
						<content>2.67</content>
					</attRef>
					<attRef name="Ang_SD">
						<content>1.41</content>
					</attRef>
					<attRef name="Sad_Mean">
						<content>3.47</content>
					</attRef>
					<attRef name="Sad_SD">
						<content>2.23</content>
					</attRef>
					<attRef name="Fear_Mean">
						<content>2.97</content>
					</attRef>
					<attRef name="Fear_SD">
						<content>1.13</content>
					</attRef>
					<attRef name="Disg_Mean">
						<content>2.3</content>
					</attRef>
					<attRef name="Disg_SD">
						<content>0.92</content>
					</attRef>
					<attRef name="n_affective">
						<content>2</content>
					</attRef>
					<attRef name="ValenceMean">
						<content>50.53</content>
					</attRef>
					<attRef name="ValenceSD">
						<content>9.95</content>
					</attRef>
					<attRef name="ArousalMean">
						<content>37.5</content>
					</attRef>
					<attRef name="ArousalSD">
						<content>13.73</content>
					</attRef>
					<attRef name="n_v_a">
						<content>8</content>
					</attRef>
					<attRef name="Max_Aro">
						<content>5.8</content>
					</attRef>
					<attRef name="Min_Aro">
						<content>3.5</content>
					</attRef>
					<attRef name="ArousalSpan">
						<content>2.3</content>
					</attRef>
					<attRef name="Max_Val">
						<content>8.15</content>
					</attRef>
					<attRef name="Min_Val">
						<content>4.65</content>
					</attRef>
					<attRef name="ValenceSpan">
						<content>3.5</content>
					</attRef>
					<attRef name="CorAro">
						<content>-0.1635</content>
					</attRef>
					<attRef name="CorVal">
						<content>-0.271</content>
					</attRef>
					<attRef name="averageAoA">
						<content>34.58</content>
					</attRef>
					<attRef name="sdAOA">
						<content>11.94</content>
					</attRef>
					<attRef name="MinAoA">
						<content>8.0</content>
					</attRef>
					<attRef name="MaxAoA">
						<content>59.0</content>
					</attRef>
					<attRef name="OralFreq_Log">
						<content>14.64</content>
					</attRef>
					<attRef name="WrittenFreq_Log">
						<content>15.96</content>
					</attRef>
					<attRef name="n_aoa">
						<content>6</content>
					</attRef>
					<attRef name="Max_AoA">
						<content>9.28</content>
					</attRef>
					<attRef name="Min_AoA">
						<content>2.84</content>
					</attRef>
					<attRef name="AoASpan">
						<content>6.44</content>
					</attRef>
					<attRef name="Max_sdAOA">
						<content>2.316</content>
					</attRef>
					<attRef name="Min_sdAOA">
						<content>1.403</content>
					</attRef>
					<attRef name="sdAOASpan">
						<content>0.913</content>
					</attRef>
					<attRef name="Max_logOralFreq">
						<content>3.879</content>
					</attRef>
					<attRef name="Min_logOralFreq">
						<content>1.204</content>
					</attRef>
					<attRef name="logOralFreqSpan">
						<content>2.675</content>
					</attRef>
					<attRef name="Max_logWrittenFreq">
						<content>3.573</content>
					</attRef>
					<attRef name="Min_logWrittenFreq">
						<content>1.477</content>
					</attRef>
					<attRef name="logWrittenFreqSpan">
						<content>2.096</content>
					</attRef>
					<attRef name="CorAoA">
						<content>0.2809</content>
					</attRef>
				</param>
			</lg>
			<lg n="4" type="terceto">
				<l n="12" met="--+---++-+-">Y si dice su señor: «No quiero»,</l>
				<l n="13" met="-+-+---+-+-">por más que gima la gentil pastora,</l>
				<l n="14" met="-++----+-+-">será este su bailar postrero.</l>
				<param name="AffectiveFeatures">
					<attRef name="Hap_Mean">
						<content>13.0</content>
					</attRef>
					<attRef name="Hap_SD">
						<content>5.68</content>
					</attRef>
					<attRef name="Ang_Mean">
						<content>6.0</content>
					</attRef>
					<attRef name="Ang_SD">
						<content>3.88</content>
					</attRef>
					<attRef name="Sad_Mean">
						<content>6.54</content>
					</attRef>
					<attRef name="Sad_SD">
						<content>3.69</content>
					</attRef>
					<attRef name="Fear_Mean">
						<content>6.9</content>
					</attRef>
					<attRef name="Fear_SD">
						<content>4.03</content>
					</attRef>
					<attRef name="Disg_Mean">
						<content>5.73</content>
					</attRef>
					<attRef name="Disg_SD">
						<content>3.48</content>
					</attRef>
					<attRef name="n_affective">
						<content>4</content>
					</attRef>
					<attRef name="ValenceMean">
						<content>45.35</content>
					</attRef>
					<attRef name="ValenceSD">
						<content>9.35</content>
					</attRef>
					<attRef name="ArousalMean">
						<content>38.0</content>
					</attRef>
					<attRef name="ArousalSD">
						<content>11.2</content>
					</attRef>
					<attRef name="n_v_a">
						<content>7</content>
					</attRef>
					<attRef name="Max_Aro">
						<content>7.25</content>
					</attRef>
					<attRef name="Min_Aro">
						<content>4.0</content>
					</attRef>
					<attRef name="ArousalSpan">
						<content>3.25</content>
					</attRef>
					<attRef name="Max_Val">
						<content>7.95</content>
					</attRef>
					<attRef name="Min_Val">
						<content>5.3</content>
					</attRef>
					<attRef name="ValenceSpan">
						<content>2.65</content>
					</attRef>
					<attRef name="CorAro">
						<content>0.0373</content>
					</attRef>
					<attRef name="CorVal">
						<content>0.2547</content>
					</attRef>
					<attRef name="averageAoA">
						<content>23.95</content>
					</attRef>
					<attRef name="sdAOA">
						<content>10.71</content>
					</attRef>
					<attRef name="MinAoA">
						<content>6.0</content>
					</attRef>
					<attRef name="MaxAoA">
						<content>54.0</content>
					</attRef>
					<attRef name="OralFreq_Log">
						<content>17.04</content>
					</attRef>
					<attRef name="WrittenFreq_Log">
						<content>16.85</content>
					</attRef>
					<attRef name="n_aoa">
						<content>6</content>
					</attRef>
					<attRef name="Max_AoA">
						<content>5.04</content>
					</attRef>
					<attRef name="Min_AoA">
						<content>1.64</content>
					</attRef>
					<attRef name="AoASpan">
						<content>3.4</content>
					</attRef>
					<attRef name="Max_sdAOA">
						<content>2.434</content>
					</attRef>
					<attRef name="Min_sdAOA">
						<content>0.921</content>
					</attRef>
					<attRef name="sdAOASpan">
						<content>1.513</content>
					</attRef>
					<attRef name="Max_logOralFreq">
						<content>4.152</content>
					</attRef>
					<attRef name="Min_logOralFreq">
						<content>1.519</content>
					</attRef>
					<attRef name="logOralFreqSpan">
						<content>2.633</content>
					</attRef>
					<attRef name="Max_logWrittenFreq">
						<content>4.003</content>
					</attRef>
					<attRef name="Min_logWrittenFreq">
						<content>1.7480000000000002</content>
					</attRef>
					<attRef name="logWrittenFreqSpan">
						<content>2.255</content>
					</attRef>
					<attRef name="CorAoA">
						<content>0.6412</content>
					</attRef>
				</param>
			</lg>
			<param name="AffectiveFeatures">
				<attRef name="Hap_Mean">
					<content>38.75</content>
				</attRef>
				<attRef name="Hap_SD">
					<content>14.4</content>
				</attRef>
				<attRef name="Ang_Mean">
					<content>16.87</content>
				</attRef>
				<attRef name="Ang_SD">
					<content>9.65</content>
				</attRef>
				<attRef name="Sad_Mean">
					<content>19.45</content>
				</attRef>
				<attRef name="Sad_SD">
					<content>10.71</content>
				</attRef>
				<attRef name="Fear_Mean">
					<content>18.9</content>
				</attRef>
				<attRef name="Fear_SD">
					<content>9.88</content>
				</attRef>
				<attRef name="Disg_Mean">
					<content>15.65</content>
				</attRef>
				<attRef name="Disg_SD">
					<content>7.94</content>
				</attRef>
				<attRef name="n_affective">
					<content>12</content>
				</attRef>
				<attRef name="ValenceMean">
					<content>247.11</content>
				</attRef>
				<attRef name="ValenceSD">
					<content>49.57</content>
				</attRef>
				<attRef name="ArousalMean">
					<content>189.3</content>
				</attRef>
				<attRef name="ArousalSD">
					<content>66.2</content>
				</attRef>
				<attRef name="n_v_a">
					<content>39</content>
				</attRef>
				<attRef name="Max_Aro">
					<content>7.25</content>
				</attRef>
				<attRef name="Min_Aro">
					<content>3.1</content>
				</attRef>
				<attRef name="ArousalSpan">
					<content>4.15</content>
				</attRef>
				<attRef name="Max_Val">
					<content>8.5</content>
				</attRef>
				<attRef name="Min_Val">
					<content>3.15</content>
				</attRef>
				<attRef name="ValenceSpan">
					<content>5.35</content>
				</attRef>
				<attRef name="CorAro">
					<content>0.1859</content>
				</attRef>
				<attRef name="CorVal">
					<content>0.0302</content>
				</attRef>
				<attRef name="averageAoA">
					<content>160.25</content>
				</attRef>
				<attRef name="sdAOA">
					<content>58.03</content>
				</attRef>
				<attRef name="MinAoA">
					<content>48.0</content>
				</attRef>
				<attRef name="MaxAoA">
					<content>297.0</content>
				</attRef>
				<attRef name="OralFreq_Log">
					<content>nan</content>
				</attRef>
				<attRef name="WrittenFreq_Log">
					<content>76.3</content>
				</attRef>
				<attRef name="n_aoa">
					<content>31</content>
				</attRef>
				<attRef name="Max_AoA">
					<content>9.82</content>
				</attRef>
				<attRef name="Min_AoA">
					<content>1.64</content>
				</attRef>
				<attRef name="AoASpan">
					<content>8.18</content>
				</attRef>
				<attRef name="Max_sdAOA">
					<content>2.434</content>
				</attRef>
				<attRef name="Min_sdAOA">
					<content>0.921</content>
				</attRef>
				<attRef name="sdAOASpan">
					<content>1.513</content>
				</attRef>
				<attRef name="Max_logOralFreq">
					<content>4.152</content>
				</attRef>
				<attRef name="Min_logOralFreq">
					<content>1.041</content>
				</attRef>
				<attRef name="logOralFreqSpan">
					<content>3.111</content>
				</attRef>
				<attRef name="Max_logWrittenFreq">
					<content>4.003</content>
				</attRef>
				<attRef name="Min_logWrittenFreq">
					<content>1.041</content>
				</attRef>
				<attRef name="logWrittenFreqSpan">
					<content>2.962</content>
				</attRef>
				<attRef name="CorAoA">
					<content>-0.1332</content>
				</attRef>
			</param>
		</body>
	</text>
</TEI>