<?xml version="1.0" encoding="utf-8"?>
<TEI xmlns="http://www.tei-c.org/ns/1.0">
	<teiHeader>
		<fileDesc>
			<titleStmt about="disco:po_524n1947">
				<title property="dc:title">Presentida</title>
				<author property="dc:creator" resource="disco:524n" corresp="#disco_524n">Rafael G. Argilagos</author>
				<principal xml:id="prf">Pablo Ruiz Fabo</principal>
				<principal xml:id="heb">Helena Bermúdez Sabel</principal>
				<principal xml:id="jct">José Calvo Tello</principal>
				<principal xml:id="cimc">Clara Isabel Martínez Cantón</principal>
				<respStmt>
					<resp>Metrical annotation by</resp>
					<name xml:id="bnc">Borja Navarro Colorado</name>
				</respStmt>
			</titleStmt>
			<extent>
				<measure unit="sonnets">1</measure>
				<measure unit="tokens">127</measure>
				<measure unit="line">14</measure>
			</extent>
			<publicationStmt>
				<publisher>Diachronic Spanish Sonnet Corpus</publisher>
				<authority>POSTDATA Project</authority>
				<pubPlace>Madrid</pubPlace>
				<availability status="free">
					<p>The text is freely available</p>
				</availability>
				<date when="2017">2017</date>
				<idno type="#disco" xml:id="file_po_524n1947"></idno>
			</publicationStmt>
			<sourceDesc>
				<bibl type="digital-source">
					<hi rend="italics">Sonetos del siglo XIX</hi>
					<date when="2006">2006</date>
					<ref target="http://www.cervantesvirtual.com/nd/ark:/59851/bmc4q861"></ref>
					<ref target="http://www.cervantesvirtual.com/obra/sonetos-del-siglo-xix--0/"></ref>
Biblioteca Cervantes Virtual,  / editados por Ramón García González, , , .				</bibl>
			</sourceDesc>
		</fileDesc>
		<profileDesc>
			<langUsage>
				<language ident="es" about="disco:po_524n1947" property="dc:language" resource="dbpedia:Idioma_español">Spanish</language>
			</langUsage>
			<particDesc>
				<listPerson>
					<person xml:id="disco_524n" about="disco:524n" typeOf="foaf:Person">
						<idno cert="high" property="rdfs:seeAlso" resource="https://viaf.org/viaf/280747996"></idno>
						<persName type="short">Argilagos</persName>
						<persName type="full">
							<forename property="foaf:givenName">Rafael G.</forename>
							<surname property="foaf:familyName">Argilagos</surname>
						</persName>
						<persName type="source" property="foaf:name">Rafael G. Argilagos</persName>
						<sex property="foaf:gender" content="M"></sex>
						<birth>
							<location>
								<placeName>
									<country property="schema:birthPlace" inlist="">Cuba</country>
									<bloc property="schema:birthPlace" inlist="">América</bloc>
								</placeName>
							</location>
							<date type="century">19</date>
						</birth>
						<death>
							<date type="century">20</date>
						</death>
						<listBibl inlist="" rel="blterms:hasCreated" typeOf="schema:CreativeWork">
							<bibl resource="disco:s524n1947">
								<title property="dc:title">Presentida</title>
								<title type="incipit" property="dc:alternative">Yo he querido en mis ensueños con frenéticos desvelos</title>
							</bibl>
						</listBibl>
					</person>
				</listPerson>
			</particDesc>
		</profileDesc>
		<encodingDesc>
			<listPrefixDef>
				<prefixDef ident="foaf" matchPattern="([A-Za-z]+)" replacementPattern="http://xmlns.com/foaf/0.1/$1"></prefixDef>
				<prefixDef ident="dc" matchPattern="([A-Za-z]+)" replacementPattern="http://purl.org/dc/terms/$1"></prefixDef>
				<prefixDef ident="schema" matchPattern="([A-Za-z]+)" replacementPattern="http://schema.org/$1"></prefixDef>
				<prefixDef ident="dbpedia" matchPattern="([A-Za-z]+(_[A-Za-z])*)" replacementPattern="http://es.dbpedia.org/page/"></prefixDef>
				<prefixDef ident="blterms" matchPattern="([A-Za-z]+)" replacementPattern="http://www.bl.uk/schemas/bibliographic/blterms#$1"></prefixDef>
				<prefixDef ident="rdfs" matchPattern="([A-Za-z]+)" replacementPattern="http://www.w3.org/2000/01/rdf-schema#$1"></prefixDef>
			</listPrefixDef>
			<metDecl type="met" pattern="((\+|\-)+)*">
				<metSym value="+">stressed syllable</metSym>
				<metSym value="-">unstressed syllable</metSym>
			</metDecl>
			<metDecl type="met">
				<p>
					<ref target="https://github.com/bncolorado/adsoScansionSystem">ADSO</ref>
The metrical patterns were extracted automatically using the 
                    tool.				</p>
			</metDecl>
			<metDecl type="enjamb">
				<p>
					<att>enjamb</att>
					<att>cert</att>
					<ref target="https://sites.google.com/site/spanishenjambment/">ANJA
                        (Automatic eNJambment Analysis)</ref>
					<ref target="https://sites.google.com/site/spanishenjambment/enjambment-types">documentation</ref>
					<ref target="https://sites.google.com/site/spanishenjambment/tei-certitude-values">report</ref>
The values of the  atributes were extracted automatically using
                    the  tool. For more information about the
                    types of enjambment as defined in this corpus, read the . In addition, a  was added to express the
                    degree of certainty concerning the characterisation of the enjambment. The following 
                     covers this feature in deep detail.				</p>
			</metDecl>
		</encodingDesc>
		<revisionDesc>
			<change when="2017-11-02" who="#prf">Initial TEI version</change>
			<change when="2017-11-27" who="#prf">Addition of metrical annotation</change>
			<change when="2017-11-27" who="#heb">Review of authors’ metadata</change>
			<change when="2017-12-01" who="#prf">Encoding of enjambment</change>
			<change when="2017-12-01" who="#heb">Publication of 19th, 18th and Golden Age version</change>
			<change when="2018-05-16" who="#heb">Revision of RDFa attributes</change>
		</revisionDesc>
	</teiHeader>
	<text>
		<front>
			<head>Presentida</head>
		</front>
		<body>
			<lg n="1" type="cuarteto">
				<l n="1" met="+-+---+---+---+-" enjamb="B-ex_dobj_verb" cert="low">Yo he querido en mis ensueños con frenéticos desvelos</l>
				<l n="2" met="+-+---+---+---+-" enjamb="I-ex_dobj_verb" cert="low">una bella presentida de simbólica hermosura,</l>
				<l n="3" met="+-+---+-+-+---+-" enjamb="B-pb_noun_prep" cert="medium">y he gozado sus caricias y he gozado la ventura</l>
				<l n="4" met="--++--+---+---+-" enjamb="I-pb_noun_prep" cert="medium">de ofrendarle los tributos de mis próceros anhelos.</l>
				<param name="AffectiveFeatures">
					<attRef name="Hap_Mean">
						<content>18.86</content>
					</attRef>
					<attRef name="Hap_SD">
						<content>5.32</content>
					</attRef>
					<attRef name="Ang_Mean">
						<content>7.84</content>
					</attRef>
					<attRef name="Ang_SD">
						<content>4.9</content>
					</attRef>
					<attRef name="Sad_Mean">
						<content>10.07</content>
					</attRef>
					<attRef name="Sad_SD">
						<content>4.92</content>
					</attRef>
					<attRef name="Fear_Mean">
						<content>8.9</content>
					</attRef>
					<attRef name="Fear_SD">
						<content>4.53</content>
					</attRef>
					<attRef name="Disg_Mean">
						<content>6.77</content>
					</attRef>
					<attRef name="Disg_SD">
						<content>3.71</content>
					</attRef>
					<attRef name="n_affective">
						<content>5</content>
					</attRef>
					<attRef name="ValenceMean">
						<content>75.36</content>
					</attRef>
					<attRef name="ValenceSD">
						<content>13.99</content>
					</attRef>
					<attRef name="ArousalMean">
						<content>60.08</content>
					</attRef>
					<attRef name="ArousalSD">
						<content>23.57</content>
					</attRef>
					<attRef name="n_v_a">
						<content>11</content>
					</attRef>
					<attRef name="Max_Aro">
						<content>6.95</content>
					</attRef>
					<attRef name="Min_Aro">
						<content>3.4</content>
					</attRef>
					<attRef name="ArousalSpan">
						<content>3.55</content>
					</attRef>
					<attRef name="Max_Val">
						<content>8.5</content>
					</attRef>
					<attRef name="Min_Val">
						<content>3.98</content>
					</attRef>
					<attRef name="ValenceSpan">
						<content>4.52</content>
					</attRef>
					<attRef name="CorAro">
						<content>0.0266</content>
					</attRef>
					<attRef name="CorVal">
						<content>-0.2734</content>
					</attRef>
					<attRef name="averageAoA">
						<content>78.84</content>
					</attRef>
					<attRef name="sdAOA">
						<content>20.26</content>
					</attRef>
					<attRef name="MinAoA">
						<content>25.0</content>
					</attRef>
					<attRef name="MaxAoA">
						<content>109.0</content>
					</attRef>
					<attRef name="OralFreq_Log">
						<content>9.49</content>
					</attRef>
					<attRef name="WrittenFreq_Log">
						<content>17.79</content>
					</attRef>
					<attRef name="n_aoa">
						<content>10</content>
					</attRef>
					<attRef name="Max_AoA">
						<content>10.46</content>
					</attRef>
					<attRef name="Min_AoA">
						<content>3.98</content>
					</attRef>
					<attRef name="AoASpan">
						<content>6.48</content>
					</attRef>
					<attRef name="Max_sdAOA">
						<content>2.5885</content>
					</attRef>
					<attRef name="Min_sdAOA">
						<content>1.198</content>
					</attRef>
					<attRef name="sdAOASpan">
						<content>1.3905</content>
					</attRef>
					<attRef name="Max_logOralFreq">
						<content>2.061</content>
					</attRef>
					<attRef name="Min_logOralFreq">
						<content>0.477</content>
					</attRef>
					<attRef name="logOralFreqSpan">
						<content>1.584</content>
					</attRef>
					<attRef name="Max_logWrittenFreq">
						<content>2.471</content>
					</attRef>
					<attRef name="Min_logWrittenFreq">
						<content>1.342</content>
					</attRef>
					<attRef name="logWrittenFreqSpan">
						<content>1.129</content>
					</attRef>
					<attRef name="CorAoA">
						<content>0.6232</content>
					</attRef>
				</param>
			</lg>
			<lg n="2" type="cuarteto">
				<l n="5" met="+++---+---+---+-">Aun me embriagan las delicias de sus besos turbadores</l>
				<l n="6" met="--+---+---+---+-">y el perfume de su cuerpo y el perfume de sus rizos,</l>
				<l n="7" met="+++---+-+++---+-">aun me abrasan sus abrazos, aun me abisman sus hechizos,</l>
				<l n="8" met="--+---+---+---+-">y los mágicos reflejos de sus ojos soñadores.</l>
				<param name="AffectiveFeatures">
					<attRef name="Hap_Mean">
						<content>18.6</content>
					</attRef>
					<attRef name="Hap_SD">
						<content>6.34</content>
					</attRef>
					<attRef name="Ang_Mean">
						<content>7.19</content>
					</attRef>
					<attRef name="Ang_SD">
						<content>3.24</content>
					</attRef>
					<attRef name="Sad_Mean">
						<content>8.4</content>
					</attRef>
					<attRef name="Sad_SD">
						<content>5.09</content>
					</attRef>
					<attRef name="Fear_Mean">
						<content>8.26</content>
					</attRef>
					<attRef name="Fear_SD">
						<content>4.24</content>
					</attRef>
					<attRef name="Disg_Mean">
						<content>7.69</content>
					</attRef>
					<attRef name="Disg_SD">
						<content>3.83</content>
					</attRef>
					<attRef name="n_affective">
						<content>6</content>
					</attRef>
					<attRef name="ValenceMean">
						<content>95.76</content>
					</attRef>
					<attRef name="ValenceSD">
						<content>15.83</content>
					</attRef>
					<attRef name="ArousalMean">
						<content>69.68</content>
					</attRef>
					<attRef name="ArousalSD">
						<content>27.84</content>
					</attRef>
					<attRef name="n_v_a">
						<content>14</content>
					</attRef>
					<attRef name="Max_Aro">
						<content>6.88</content>
					</attRef>
					<attRef name="Min_Aro">
						<content>4.0</content>
					</attRef>
					<attRef name="ArousalSpan">
						<content>2.88</content>
					</attRef>
					<attRef name="Max_Val">
						<content>8.5</content>
					</attRef>
					<attRef name="Min_Val">
						<content>5.64</content>
					</attRef>
					<attRef name="ValenceSpan">
						<content>2.86</content>
					</attRef>
					<attRef name="CorAro">
						<content>-0.078</content>
					</attRef>
					<attRef name="CorVal">
						<content>-0.0592</content>
					</attRef>
					<attRef name="averageAoA">
						<content>56.58</content>
					</attRef>
					<attRef name="sdAOA">
						<content>21.7</content>
					</attRef>
					<attRef name="MinAoA">
						<content>19.0</content>
					</attRef>
					<attRef name="MaxAoA">
						<content>102.0</content>
					</attRef>
					<attRef name="OralFreq_Log">
						<content>16.72</content>
					</attRef>
					<attRef name="WrittenFreq_Log">
						<content>22.58</content>
					</attRef>
					<attRef name="n_aoa">
						<content>11</content>
					</attRef>
					<attRef name="Max_AoA">
						<content>7.92</content>
					</attRef>
					<attRef name="Min_AoA">
						<content>2.5</content>
					</attRef>
					<attRef name="AoASpan">
						<content>5.42</content>
					</attRef>
					<attRef name="Max_sdAOA">
						<content>2.449</content>
					</attRef>
					<attRef name="Min_sdAOA">
						<content>1.394</content>
					</attRef>
					<attRef name="sdAOASpan">
						<content>1.055</content>
					</attRef>
					<attRef name="Max_logOralFreq">
						<content>2.529</content>
					</attRef>
					<attRef name="Min_logOralFreq">
						<content>0.477</content>
					</attRef>
					<attRef name="logOralFreqSpan">
						<content>2.052</content>
					</attRef>
					<attRef name="Max_logWrittenFreq">
						<content>3.284</content>
					</attRef>
					<attRef name="Min_logWrittenFreq">
						<content>1.38</content>
					</attRef>
					<attRef name="logWrittenFreqSpan">
						<content>1.904</content>
					</attRef>
					<attRef name="CorAoA">
						<content>-0.0965</content>
					</attRef>
				</param>
			</lg>
			<lg n="3" type="terceto">
				<l n="9" met="+-+---+---+---+-">Aun reviven en mis ansias sus ternuras pasionales</l>
				<l n="10" met="-++-+-+---+---+-">y la evoco en todas partes con fervores inmortales</l>
				<l n="11" met="-++---+--+---+-">porque es ella la que adoro en mis puras ilusiones.</l>
				<param name="AffectiveFeatures">
					<attRef name="Hap_Mean">
						<content>7.6</content>
					</attRef>
					<attRef name="Hap_SD">
						<content>2.46</content>
					</attRef>
					<attRef name="Ang_Mean">
						<content>2.57</content>
					</attRef>
					<attRef name="Ang_SD">
						<content>1.4</content>
					</attRef>
					<attRef name="Sad_Mean">
						<content>2.97</content>
					</attRef>
					<attRef name="Sad_SD">
						<content>1.59</content>
					</attRef>
					<attRef name="Fear_Mean">
						<content>6.1</content>
					</attRef>
					<attRef name="Fear_SD">
						<content>2.51</content>
					</attRef>
					<attRef name="Disg_Mean">
						<content>3.66</content>
					</attRef>
					<attRef name="Disg_SD">
						<content>2.37</content>
					</attRef>
					<attRef name="n_affective">
						<content>2</content>
					</attRef>
					<attRef name="ValenceMean">
						<content>67.29</content>
					</attRef>
					<attRef name="ValenceSD">
						<content>13.09</content>
					</attRef>
					<attRef name="ArousalMean">
						<content>62.54</content>
					</attRef>
					<attRef name="ArousalSD">
						<content>17.21</content>
					</attRef>
					<attRef name="n_v_a">
						<content>11</content>
					</attRef>
					<attRef name="Max_Aro">
						<content>7.6</content>
					</attRef>
					<attRef name="Min_Aro">
						<content>2.8</content>
					</attRef>
					<attRef name="ArousalSpan">
						<content>4.8</content>
					</attRef>
					<attRef name="Max_Val">
						<content>8.05</content>
					</attRef>
					<attRef name="Min_Val">
						<content>3.5</content>
					</attRef>
					<attRef name="ValenceSpan">
						<content>4.55</content>
					</attRef>
					<attRef name="CorAro">
						<content>0.0709</content>
					</attRef>
					<attRef name="CorVal">
						<content>-0.0746</content>
					</attRef>
					<attRef name="averageAoA">
						<content>48.47</content>
					</attRef>
					<attRef name="sdAOA">
						<content>15.0</content>
					</attRef>
					<attRef name="MinAoA">
						<content>13.0</content>
					</attRef>
					<attRef name="MaxAoA">
						<content>75.0</content>
					</attRef>
					<attRef name="OralFreq_Log">
						<content>12.6</content>
					</attRef>
					<attRef name="WrittenFreq_Log">
						<content>15.46</content>
					</attRef>
					<attRef name="n_aoa">
						<content>7</content>
					</attRef>
					<attRef name="Max_AoA">
						<content>9.46</content>
					</attRef>
					<attRef name="Min_AoA">
						<content>3.54</content>
					</attRef>
					<attRef name="AoASpan">
						<content>5.92</content>
					</attRef>
					<attRef name="Max_sdAOA">
						<content>2.93</content>
					</attRef>
					<attRef name="Min_sdAOA">
						<content>1.365</content>
					</attRef>
					<attRef name="sdAOASpan">
						<content>1.565</content>
					</attRef>
					<attRef name="Max_logOralFreq">
						<content>3.974</content>
					</attRef>
					<attRef name="Min_logOralFreq">
						<content>0.699</content>
					</attRef>
					<attRef name="logOralFreqSpan">
						<content>3.275</content>
					</attRef>
					<attRef name="Max_logWrittenFreq">
						<content>3.888</content>
					</attRef>
					<attRef name="Min_logWrittenFreq">
						<content>1.602</content>
					</attRef>
					<attRef name="logWrittenFreqSpan">
						<content>2.286</content>
					</attRef>
					<attRef name="CorAoA">
						<content>-0.1771</content>
					</attRef>
				</param>
			</lg>
			<lg n="4" type="terceto">
				<l n="12" met="--+---+-+-+---+-">Y mi bella presentida, musa egregia en mis cantares,</l>
				<l n="13" met="+-----+-+-+---+-">cual si fuera de mi vida sombra infausta de pesares,</l>
				<l n="14" met="+-+---+---+---+-">nunca llega a los dominios de mis locas ambiciones.</l>
				<param name="AffectiveFeatures">
					<attRef name="Hap_Mean">
						<content>8.53</content>
					</attRef>
					<attRef name="Hap_SD">
						<content>4.22</content>
					</attRef>
					<attRef name="Ang_Mean">
						<content>6.66</content>
					</attRef>
					<attRef name="Ang_SD">
						<content>4.71</content>
					</attRef>
					<attRef name="Sad_Mean">
						<content>9.0</content>
					</attRef>
					<attRef name="Sad_SD">
						<content>5.48</content>
					</attRef>
					<attRef name="Fear_Mean">
						<content>9.37</content>
					</attRef>
					<attRef name="Fear_SD">
						<content>5.65</content>
					</attRef>
					<attRef name="Disg_Mean">
						<content>5.27</content>
					</attRef>
					<attRef name="Disg_SD">
						<content>3.27</content>
					</attRef>
					<attRef name="n_affective">
						<content>4</content>
					</attRef>
					<attRef name="ValenceMean">
						<content>55.68</content>
					</attRef>
					<attRef name="ValenceSD">
						<content>14.93</content>
					</attRef>
					<attRef name="ArousalMean">
						<content>56.73</content>
					</attRef>
					<attRef name="ArousalSD">
						<content>19.44</content>
					</attRef>
					<attRef name="n_v_a">
						<content>10</content>
					</attRef>
					<attRef name="Max_Aro">
						<content>6.7</content>
					</attRef>
					<attRef name="Min_Aro">
						<content>4.7</content>
					</attRef>
					<attRef name="ArousalSpan">
						<content>2.0</content>
					</attRef>
					<attRef name="Max_Val">
						<content>8.25</content>
					</attRef>
					<attRef name="Min_Val">
						<content>3.15</content>
					</attRef>
					<attRef name="ValenceSpan">
						<content>5.1</content>
					</attRef>
					<attRef name="CorAro">
						<content>0.2542</content>
					</attRef>
					<attRef name="CorVal">
						<content>-0.7479</content>
					</attRef>
					<attRef name="averageAoA">
						<content>58.9</content>
					</attRef>
					<attRef name="sdAOA">
						<content>19.75</content>
					</attRef>
					<attRef name="MinAoA">
						<content>17.0</content>
					</attRef>
					<attRef name="MaxAoA">
						<content>102.0</content>
					</attRef>
					<attRef name="OralFreq_Log">
						<content>26.51</content>
					</attRef>
					<attRef name="WrittenFreq_Log">
						<content>29.48</content>
					</attRef>
					<attRef name="n_aoa">
						<content>11</content>
					</attRef>
					<attRef name="Max_AoA">
						<content>9.94</content>
					</attRef>
					<attRef name="Min_AoA">
						<content>1.64</content>
					</attRef>
					<attRef name="AoASpan">
						<content>8.3</content>
					</attRef>
					<attRef name="Max_sdAOA">
						<content>2.5</content>
					</attRef>
					<attRef name="Min_sdAOA">
						<content>0.921</content>
					</attRef>
					<attRef name="sdAOASpan">
						<content>1.579</content>
					</attRef>
					<attRef name="Max_logOralFreq">
						<content>4.152</content>
					</attRef>
					<attRef name="Min_logOralFreq">
						<content>0.845</content>
					</attRef>
					<attRef name="logOralFreqSpan">
						<content>3.307</content>
					</attRef>
					<attRef name="Max_logWrittenFreq">
						<content>4.003</content>
					</attRef>
					<attRef name="Min_logWrittenFreq">
						<content>1.531</content>
					</attRef>
					<attRef name="logWrittenFreqSpan">
						<content>2.472</content>
					</attRef>
					<attRef name="CorAoA">
						<content>0.0378</content>
					</attRef>
				</param>
			</lg>
			<param name="AffectiveFeatures">
				<attRef name="Hap_Mean">
					<content>53.59</content>
				</attRef>
				<attRef name="Hap_SD">
					<content>18.34</content>
				</attRef>
				<attRef name="Ang_Mean">
					<content>24.26</content>
				</attRef>
				<attRef name="Ang_SD">
					<content>14.25</content>
				</attRef>
				<attRef name="Sad_Mean">
					<content>30.44</content>
				</attRef>
				<attRef name="Sad_SD">
					<content>17.08</content>
				</attRef>
				<attRef name="Fear_Mean">
					<content>32.63</content>
				</attRef>
				<attRef name="Fear_SD">
					<content>16.93</content>
				</attRef>
				<attRef name="Disg_Mean">
					<content>23.39</content>
				</attRef>
				<attRef name="Disg_SD">
					<content>13.18</content>
				</attRef>
				<attRef name="n_affective">
					<content>17</content>
				</attRef>
				<attRef name="ValenceMean">
					<content>294.09</content>
				</attRef>
				<attRef name="ValenceSD">
					<content>57.84</content>
				</attRef>
				<attRef name="ArousalMean">
					<content>249.03</content>
				</attRef>
				<attRef name="ArousalSD">
					<content>88.06</content>
				</attRef>
				<attRef name="n_v_a">
					<content>46</content>
				</attRef>
				<attRef name="Max_Aro">
					<content>7.6</content>
				</attRef>
				<attRef name="Min_Aro">
					<content>2.8</content>
				</attRef>
				<attRef name="ArousalSpan">
					<content>4.8</content>
				</attRef>
				<attRef name="Max_Val">
					<content>8.5</content>
				</attRef>
				<attRef name="Min_Val">
					<content>3.15</content>
				</attRef>
				<attRef name="ValenceSpan">
					<content>5.35</content>
				</attRef>
				<attRef name="CorAro">
					<content>0.1466</content>
				</attRef>
				<attRef name="CorVal">
					<content>-0.3823</content>
				</attRef>
				<attRef name="averageAoA">
					<content>242.79</content>
				</attRef>
				<attRef name="sdAOA">
					<content>76.69</content>
				</attRef>
				<attRef name="MinAoA">
					<content>74.0</content>
				</attRef>
				<attRef name="MaxAoA">
					<content>388.0</content>
				</attRef>
				<attRef name="OralFreq_Log">
					<content>65.31</content>
				</attRef>
				<attRef name="WrittenFreq_Log">
					<content>85.32</content>
				</attRef>
				<attRef name="n_aoa">
					<content>39</content>
				</attRef>
				<attRef name="Max_AoA">
					<content>10.46</content>
				</attRef>
				<attRef name="Min_AoA">
					<content>1.64</content>
				</attRef>
				<attRef name="AoASpan">
					<content>8.82</content>
				</attRef>
				<attRef name="Max_sdAOA">
					<content>2.93</content>
				</attRef>
				<attRef name="Min_sdAOA">
					<content>0.921</content>
				</attRef>
				<attRef name="sdAOASpan">
					<content>2.009</content>
				</attRef>
				<attRef name="Max_logOralFreq">
					<content>4.152</content>
				</attRef>
				<attRef name="Min_logOralFreq">
					<content>0.477</content>
				</attRef>
				<attRef name="logOralFreqSpan">
					<content>3.675</content>
				</attRef>
				<attRef name="Max_logWrittenFreq">
					<content>4.003</content>
				</attRef>
				<attRef name="Min_logWrittenFreq">
					<content>1.342</content>
				</attRef>
				<attRef name="logWrittenFreqSpan">
					<content>2.661</content>
				</attRef>
				<attRef name="CorAoA">
					<content>-0.2559</content>
				</attRef>
			</param>
		</body>
	</text>
</TEI>