<?xml version="1.0" encoding="utf-8"?>
<TEI xmlns="http://www.tei-c.org/ns/1.0">
	<teiHeader>
		<fileDesc>
			<titleStmt about="disco:po_313g0680">
				<title property="dc:title">- XXXVII -</title>
				<author property="dc:creator" resource="disco:313g" corresp="#disco_313g">Juan de Arguijo</author>
				<principal xml:id="prf">Pablo Ruiz Fabo</principal>
				<principal xml:id="heb">Helena Bermúdez Sabel</principal>
				<principal xml:id="jct">José Calvo Tello</principal>
				<principal xml:id="cimc">Clara Isabel Martínez Cantón</principal>
				<respStmt>
					<resp>Metrical annotation by</resp>
					<name xml:id="bnc">Borja Navarro Colorado</name>
				</respStmt>
			</titleStmt>
			<extent>
				<measure unit="sonnets">1</measure>
				<measure unit="tokens">95</measure>
				<measure unit="line">14</measure>
			</extent>
			<publicationStmt>
				<publisher>Diachronic Spanish Sonnet Corpus</publisher>
				<authority>POSTDATA Project</authority>
				<pubPlace>Madrid</pubPlace>
				<availability status="free">
					<p>The text is freely available</p>
				</availability>
				<date when="2017">2017</date>
				<idno type="#disco" xml:id="file_po_313g0680"></idno>
			</publicationStmt>
			<sourceDesc>
				<bibl type="digital-source">
					<hi rend="italics">Sonetos del siglo XV al XVII</hi>
					<date when="2006">2006</date>
					<ref target="http://www.cervantesvirtual.com/nd/ark:/59851/bmc2r439"></ref>
					<ref target="http://www.cervantesvirtual.com/obra/sonetos-del-siglo-xv-al-xvii--0/"></ref>
Biblioteca Cervantes Virtual,  / editados por Ramón García González, , , .				</bibl>
			</sourceDesc>
		</fileDesc>
		<profileDesc>
			<langUsage>
				<language ident="es" about="disco:po_313g0680" property="dc:language" resource="dbpedia:Idioma_español">Spanish</language>
			</langUsage>
			<particDesc>
				<listPerson>
					<person xml:id="disco_313g" about="disco:313g" typeOf="foaf:Person">
						<idno cert="high" property="rdfs:seeAlso" resource="https://viaf.org/viaf/121956947"></idno>
						<persName type="short">Arguijo</persName>
						<persName type="full">
							<forename property="foaf:givenName">Juan</forename>
							<nameLink>de</nameLink>
							<surname property="foaf:familyName">Arguijo</surname>
						</persName>
						<persName type="source" property="foaf:name">Juan de Arguijo</persName>
						<sex property="foaf:gender" content="M"></sex>
						<birth>
							<location>
								<placeName>
									<settlement property="schema:birthPlace" inlist="">Sevilla</settlement>
									<country property="schema:birthPlace" inlist="">España</country>
									<bloc property="schema:birthPlace" inlist="">Europa</bloc>
								</placeName>
							</location>
							<date property="schema:birthDate" content="1560" cert="high"></date>
							<date type="century">16</date>
						</birth>
						<death>
							<location>
								<placeName>
									<settlement property="schema:deathPlace" inlist="">Sevilla</settlement>
								</placeName>
							</location>
							<date property="schema:deathDate" content="1623" cert="high"></date>
							<date type="century">17</date>
						</death>
						<listBibl inlist="" rel="blterms:hasCreated" typeOf="schema:CreativeWork">
							<bibl resource="disco:s313g0680">
								<title property="dc:title">- XXXVII -</title>
								<title type="incipit" property="dc:alternative">Sube gimiendo con mortal fatiga</title>
							</bibl>
						</listBibl>
					</person>
				</listPerson>
			</particDesc>
		</profileDesc>
		<encodingDesc>
			<listPrefixDef>
				<prefixDef ident="foaf" matchPattern="([A-Za-z]+)" replacementPattern="http://xmlns.com/foaf/0.1/$1"></prefixDef>
				<prefixDef ident="dc" matchPattern="([A-Za-z]+)" replacementPattern="http://purl.org/dc/terms/$1"></prefixDef>
				<prefixDef ident="schema" matchPattern="([A-Za-z]+)" replacementPattern="http://schema.org/$1"></prefixDef>
				<prefixDef ident="dbpedia" matchPattern="([A-Za-z]+(_[A-Za-z])*)" replacementPattern="http://es.dbpedia.org/page/"></prefixDef>
				<prefixDef ident="blterms" matchPattern="([A-Za-z]+)" replacementPattern="http://www.bl.uk/schemas/bibliographic/blterms#$1"></prefixDef>
				<prefixDef ident="rdfs" matchPattern="([A-Za-z]+)" replacementPattern="http://www.w3.org/2000/01/rdf-schema#$1"></prefixDef>
			</listPrefixDef>
			<metDecl type="met" pattern="((\+|\-)+)*">
				<metSym value="+">stressed syllable</metSym>
				<metSym value="-">unstressed syllable</metSym>
			</metDecl>
			<metDecl type="met">
				<p>
					<ref target="https://github.com/bncolorado/adsoScansionSystem">ADSO</ref>
The metrical patterns were extracted automatically using the 
                    tool.				</p>
			</metDecl>
			<metDecl type="enjamb">
				<p>
					<att>enjamb</att>
					<att>cert</att>
					<ref target="https://sites.google.com/site/spanishenjambment/">ANJA
                        (Automatic eNJambment Analysis)</ref>
					<ref target="https://sites.google.com/site/spanishenjambment/enjambment-types">documentation</ref>
					<ref target="https://sites.google.com/site/spanishenjambment/tei-certitude-values">report</ref>
The values of the  atributes were extracted automatically using
                    the  tool. For more information about the
                    types of enjambment as defined in this corpus, read the . In addition, a  was added to express the
                    degree of certainty concerning the characterisation of the enjambment. The following 
                     covers this feature in deep detail.				</p>
			</metDecl>
		</encodingDesc>
		<revisionDesc>
			<change when="2017-11-02" who="#prf">Initial TEI version</change>
			<change when="2017-11-27" who="#prf">Addition of metrical annotation</change>
			<change when="2017-11-27" who="#heb">Review of authors’ metadata</change>
			<change when="2017-12-01" who="#prf">Encoding of enjambment</change>
			<change when="2017-12-01" who="#heb">Publication of 19th, 18th and Golden Age version</change>
			<change when="2018-05-16" who="#heb">Revision of RDFa attributes</change>
		</revisionDesc>
	</teiHeader>
	<text>
		<front>
			<head>- XXXVII -</head>
		</front>
		<body>
			<lg n="1" type="cuarteto">
				<l n="1" met="+--+---+-+-" enjamb="B-ex_dobj_verb" cert="low">Sube gimiendo con mortal fatiga</l>
				<l n="2" met="-+-+---+-+-" enjamb="B-ex_dobj_verb I-ex_dobj_verb" cert="low low">el grave peso que en sus hombros lleva</l>
				<l n="3" met="-+-+-+---+-" enjamb="B-pb_verb_chain I-ex_dobj_verb" cert="high low">Sisifo al alto monte, y cuando prueba</l>
				<l n="4" met="-+-+--++-+-" enjamb="I-pb_verb_chain" cert="high">pisar la cumbre, a mayor mal se obliga.</l>
				<param name="AffectiveFeatures">
					<attRef name="Hap_Mean">
						<content>5.07</content>
					</attRef>
					<attRef name="Hap_SD">
						<content>2.05</content>
					</attRef>
					<attRef name="Ang_Mean">
						<content>6.17</content>
					</attRef>
					<attRef name="Ang_SD">
						<content>3.51</content>
					</attRef>
					<attRef name="Sad_Mean">
						<content>7.97</content>
					</attRef>
					<attRef name="Sad_SD">
						<content>3.14</content>
					</attRef>
					<attRef name="Fear_Mean">
						<content>7.23</content>
					</attRef>
					<attRef name="Fear_SD">
						<content>2.78</content>
					</attRef>
					<attRef name="Disg_Mean">
						<content>4.63</content>
					</attRef>
					<attRef name="Disg_SD">
						<content>2.67</content>
					</attRef>
					<attRef name="n_affective">
						<content>3</content>
					</attRef>
					<attRef name="ValenceMean">
						<content>68.68</content>
					</attRef>
					<attRef name="ValenceSD">
						<content>19.14</content>
					</attRef>
					<attRef name="ArousalMean">
						<content>88.68</content>
					</attRef>
					<attRef name="ArousalSD">
						<content>21.7</content>
					</attRef>
					<attRef name="n_v_a">
						<content>15</content>
					</attRef>
					<attRef name="Max_Aro">
						<content>7.4</content>
					</attRef>
					<attRef name="Min_Aro">
						<content>2.85</content>
					</attRef>
					<attRef name="ArousalSpan">
						<content>4.55</content>
					</attRef>
					<attRef name="Max_Val">
						<content>7.45</content>
					</attRef>
					<attRef name="Min_Val">
						<content>2.05</content>
					</attRef>
					<attRef name="ValenceSpan">
						<content>5.4</content>
					</attRef>
					<attRef name="CorAro">
						<content>-0.0431</content>
					</attRef>
					<attRef name="CorVal">
						<content>-0.0193</content>
					</attRef>
					<attRef name="averageAoA">
						<content>74.03</content>
					</attRef>
					<attRef name="sdAOA">
						<content>26.28</content>
					</attRef>
					<attRef name="MinAoA">
						<content>21.5</content>
					</attRef>
					<attRef name="MaxAoA">
						<content>134.0</content>
					</attRef>
					<attRef name="OralFreq_Log">
						<content>29.59</content>
					</attRef>
					<attRef name="WrittenFreq_Log">
						<content>34.4</content>
					</attRef>
					<attRef name="n_aoa">
						<content>14</content>
					</attRef>
					<attRef name="Max_AoA">
						<content>7.94</content>
					</attRef>
					<attRef name="Min_AoA">
						<content>3.44</content>
					</attRef>
					<attRef name="AoASpan">
						<content>4.5</content>
					</attRef>
					<attRef name="Max_sdAOA">
						<content>2.476</content>
					</attRef>
					<attRef name="Min_sdAOA">
						<content>1.519</content>
					</attRef>
					<attRef name="sdAOASpan">
						<content>0.957</content>
					</attRef>
					<attRef name="Max_logOralFreq">
						<content>3.186</content>
					</attRef>
					<attRef name="Min_logOralFreq">
						<content>0.5395</content>
					</attRef>
					<attRef name="logOralFreqSpan">
						<content>2.6465</content>
					</attRef>
					<attRef name="Max_logWrittenFreq">
						<content>3.349</content>
					</attRef>
					<attRef name="Min_logWrittenFreq">
						<content>1.5675</content>
					</attRef>
					<attRef name="logWrittenFreqSpan">
						<content>1.7815</content>
					</attRef>
					<attRef name="CorAoA">
						<content>-0.3582</content>
					</attRef>
				</param>
			</lg>
			<lg n="2" type="cuarteto">
				<l n="5" met="++--+----+-" enjamb="B-pb_adj_noun" cert="medium">Cae el fiero peñasco, y la enemiga</l>
				<l n="6" met="+-+-+--+-+-" enjamb="I-pb_adj_noun" cert="medium">suerte cruel su duro afán renueva;</l>
				<l n="7" met="++-+---+-+-">vuelve otra vez a la difícil prueba,</l>
				<l n="8" met="-----+-+-+-">sin que de su trabajo el fin consiga.</l>
				<param name="AffectiveFeatures">
					<attRef name="Hap_Mean">
						<content>3.64</content>
					</attRef>
					<attRef name="Hap_SD">
						<content>1.73</content>
					</attRef>
					<attRef name="Ang_Mean">
						<content>9.43</content>
					</attRef>
					<attRef name="Ang_SD">
						<content>3.84</content>
					</attRef>
					<attRef name="Sad_Mean">
						<content>7.54</content>
					</attRef>
					<attRef name="Sad_SD">
						<content>3.77</content>
					</attRef>
					<attRef name="Fear_Mean">
						<content>7.73</content>
					</attRef>
					<attRef name="Fear_SD">
						<content>3.8</content>
					</attRef>
					<attRef name="Disg_Mean">
						<content>7.43</content>
					</attRef>
					<attRef name="Disg_SD">
						<content>3.96</content>
					</attRef>
					<attRef name="n_affective">
						<content>3</content>
					</attRef>
					<attRef name="ValenceMean">
						<content>80.65</content>
					</attRef>
					<attRef name="ValenceSD">
						<content>23.16</content>
					</attRef>
					<attRef name="ArousalMean">
						<content>98.92</content>
					</attRef>
					<attRef name="ArousalSD">
						<content>24.91</content>
					</attRef>
					<attRef name="n_v_a">
						<content>16</content>
					</attRef>
					<attRef name="Max_Aro">
						<content>7.45</content>
					</attRef>
					<attRef name="Min_Aro">
						<content>4.75</content>
					</attRef>
					<attRef name="ArousalSpan">
						<content>2.7</content>
					</attRef>
					<attRef name="Max_Val">
						<content>7.85</content>
					</attRef>
					<attRef name="Min_Val">
						<content>2.23</content>
					</attRef>
					<attRef name="ValenceSpan">
						<content>5.62</content>
					</attRef>
					<attRef name="CorAro">
						<content>-0.3966</content>
					</attRef>
					<attRef name="CorVal">
						<content>0.3006</content>
					</attRef>
					<attRef name="averageAoA">
						<content>84.7</content>
					</attRef>
					<attRef name="sdAOA">
						<content>28.2</content>
					</attRef>
					<attRef name="MinAoA">
						<content>31.0</content>
					</attRef>
					<attRef name="MaxAoA">
						<content>142.0</content>
					</attRef>
					<attRef name="OralFreq_Log">
						<content>32.59</content>
					</attRef>
					<attRef name="WrittenFreq_Log">
						<content>36.4</content>
					</attRef>
					<attRef name="n_aoa">
						<content>14</content>
					</attRef>
					<attRef name="Max_AoA">
						<content>9.34</content>
					</attRef>
					<attRef name="Min_AoA">
						<content>3.22</content>
					</attRef>
					<attRef name="AoASpan">
						<content>6.12</content>
					</attRef>
					<attRef name="Max_sdAOA">
						<content>2.814</content>
					</attRef>
					<attRef name="Min_sdAOA">
						<content>1.447</content>
					</attRef>
					<attRef name="sdAOASpan">
						<content>1.367</content>
					</attRef>
					<attRef name="Max_logOralFreq">
						<content>3.51</content>
					</attRef>
					<attRef name="Min_logOralFreq">
						<content>0.301</content>
					</attRef>
					<attRef name="logOralFreqSpan">
						<content>3.209</content>
					</attRef>
					<attRef name="Max_logWrittenFreq">
						<content>3.62</content>
					</attRef>
					<attRef name="Min_logWrittenFreq">
						<content>1.176</content>
					</attRef>
					<attRef name="logWrittenFreqSpan">
						<content>2.444</content>
					</attRef>
					<attRef name="CorAoA">
						<content>-0.0448</content>
					</attRef>
				</param>
			</lg>
			<lg n="3" type="terceto">
				<l n="9" met="++-+---+-+-">No iguala aquélla a la desdicha mía;</l>
				<l n="10" met="--++-+---+-" enjamb="B-ex_dobj_verb" cert="low">pues algún tiempo alivia en su tormento</l>
				<l n="11" met="-+--++---+-" enjamb="I-ex_dobj_verb" cert="low">los hombros, a tal carga desiguales.</l>
				<param name="AffectiveFeatures">
					<attRef name="Hap_Mean">
						<content>3.37</content>
					</attRef>
					<attRef name="Hap_SD">
						<content>1.74</content>
					</attRef>
					<attRef name="Ang_Mean">
						<content>3.6</content>
					</attRef>
					<attRef name="Ang_SD">
						<content>2.27</content>
					</attRef>
					<attRef name="Sad_Mean">
						<content>4.74</content>
					</attRef>
					<attRef name="Sad_SD">
						<content>2.51</content>
					</attRef>
					<attRef name="Fear_Mean">
						<content>4.3</content>
					</attRef>
					<attRef name="Fear_SD">
						<content>2.51</content>
					</attRef>
					<attRef name="Disg_Mean">
						<content>2.96</content>
					</attRef>
					<attRef name="Disg_SD">
						<content>1.8</content>
					</attRef>
					<attRef name="n_affective">
						<content>2</content>
					</attRef>
					<attRef name="ValenceMean">
						<content>47.44</content>
					</attRef>
					<attRef name="ValenceSD">
						<content>11.68</content>
					</attRef>
					<attRef name="ArousalMean">
						<content>52.23</content>
					</attRef>
					<attRef name="ArousalSD">
						<content>12.77</content>
					</attRef>
					<attRef name="n_v_a">
						<content>10</content>
					</attRef>
					<attRef name="Max_Aro">
						<content>6.6</content>
					</attRef>
					<attRef name="Min_Aro">
						<content>4.1</content>
					</attRef>
					<attRef name="ArousalSpan">
						<content>2.5</content>
					</attRef>
					<attRef name="Max_Val">
						<content>5.85</content>
					</attRef>
					<attRef name="Min_Val">
						<content>3.15</content>
					</attRef>
					<attRef name="ValenceSpan">
						<content>2.7</content>
					</attRef>
					<attRef name="CorAro">
						<content>0.1491</content>
					</attRef>
					<attRef name="CorVal">
						<content>-0.2834</content>
					</attRef>
					<attRef name="averageAoA">
						<content>58.78</content>
					</attRef>
					<attRef name="sdAOA">
						<content>18.48</content>
					</attRef>
					<attRef name="MinAoA">
						<content>18.0</content>
					</attRef>
					<attRef name="MaxAoA">
						<content>93.0</content>
					</attRef>
					<attRef name="OralFreq_Log">
						<content>20.32</content>
					</attRef>
					<attRef name="WrittenFreq_Log">
						<content>24.14</content>
					</attRef>
					<attRef name="n_aoa">
						<content>9</content>
					</attRef>
					<attRef name="Max_AoA">
						<content>9.9</content>
					</attRef>
					<attRef name="Min_AoA">
						<content>3.78</content>
					</attRef>
					<attRef name="AoASpan">
						<content>6.12</content>
					</attRef>
					<attRef name="Max_sdAOA">
						<content>2.418</content>
					</attRef>
					<attRef name="Min_sdAOA">
						<content>1.581</content>
					</attRef>
					<attRef name="sdAOASpan">
						<content>0.837</content>
					</attRef>
					<attRef name="Max_logOralFreq">
						<content>4.257</content>
					</attRef>
					<attRef name="Min_logOralFreq">
						<content>0.301</content>
					</attRef>
					<attRef name="logOralFreqSpan">
						<content>3.956</content>
					</attRef>
					<attRef name="Max_logWrittenFreq">
						<content>3.62</content>
					</attRef>
					<attRef name="Min_logWrittenFreq">
						<content>1.556</content>
					</attRef>
					<attRef name="logWrittenFreqSpan">
						<content>2.064</content>
					</attRef>
					<attRef name="CorAoA">
						<content>-0.0005</content>
					</attRef>
				</param>
			</lg>
			<lg n="4" type="terceto">
				<l n="12" met="+-+--+-+-+-">Sufro peso mayor con tal porfía,</l>
				<l n="13" met="++-+-+---+-" enjamb="B-ex_dobj_verb" cert="low">que un punto no perdona al pensamiento</l>
				<l n="14" met="--+--+---+-" enjamb="I-ex_dobj_verb" cert="low">la importuna memoria de mis males.</l>
				<param name="AffectiveFeatures">
					<attRef name="Hap_Mean">
						<content>5.8</content>
					</attRef>
					<attRef name="Hap_SD">
						<content>2.87</content>
					</attRef>
					<attRef name="Ang_Mean">
						<content>3.5</content>
					</attRef>
					<attRef name="Ang_SD">
						<content>2.28</content>
					</attRef>
					<attRef name="Sad_Mean">
						<content>4.74</content>
					</attRef>
					<attRef name="Sad_SD">
						<content>2.67</content>
					</attRef>
					<attRef name="Fear_Mean">
						<content>4.33</content>
					</attRef>
					<attRef name="Fear_SD">
						<content>2.68</content>
					</attRef>
					<attRef name="Disg_Mean">
						<content>2.9</content>
					</attRef>
					<attRef name="Disg_SD">
						<content>1.89</content>
					</attRef>
					<attRef name="n_affective">
						<content>2</content>
					</attRef>
					<attRef name="ValenceMean">
						<content>47.75</content>
					</attRef>
					<attRef name="ValenceSD">
						<content>9.26</content>
					</attRef>
					<attRef name="ArousalMean">
						<content>49.76</content>
					</attRef>
					<attRef name="ArousalSD">
						<content>12.55</content>
					</attRef>
					<attRef name="n_v_a">
						<content>9</content>
					</attRef>
					<attRef name="Max_Aro">
						<content>7.4</content>
					</attRef>
					<attRef name="Min_Aro">
						<content>4.68</content>
					</attRef>
					<attRef name="ArousalSpan">
						<content>2.72</content>
					</attRef>
					<attRef name="Max_Val">
						<content>7.9</content>
					</attRef>
					<attRef name="Min_Val">
						<content>2.1</content>
					</attRef>
					<attRef name="ValenceSpan">
						<content>5.8</content>
					</attRef>
					<attRef name="CorAro">
						<content>0.2234</content>
					</attRef>
					<attRef name="CorVal">
						<content>-0.1321</content>
					</attRef>
					<attRef name="averageAoA">
						<content>43.22</content>
					</attRef>
					<attRef name="sdAOA">
						<content>16.32</content>
					</attRef>
					<attRef name="MinAoA">
						<content>14.0</content>
					</attRef>
					<attRef name="MaxAoA">
						<content>85.0</content>
					</attRef>
					<attRef name="OralFreq_Log">
						<content>20.65</content>
					</attRef>
					<attRef name="WrittenFreq_Log">
						<content>22.65</content>
					</attRef>
					<attRef name="n_aoa">
						<content>8</content>
					</attRef>
					<attRef name="Max_AoA">
						<content>7.2</content>
					</attRef>
					<attRef name="Min_AoA">
						<content>3.5</content>
					</attRef>
					<attRef name="AoASpan">
						<content>3.7</content>
					</attRef>
					<attRef name="Max_sdAOA">
						<content>2.476</content>
					</attRef>
					<attRef name="Min_sdAOA">
						<content>1.632</content>
					</attRef>
					<attRef name="sdAOASpan">
						<content>0.844</content>
					</attRef>
					<attRef name="Max_logOralFreq">
						<content>3.403</content>
					</attRef>
					<attRef name="Min_logOralFreq">
						<content>1.568</content>
					</attRef>
					<attRef name="logOralFreqSpan">
						<content>1.835</content>
					</attRef>
					<attRef name="Max_logWrittenFreq">
						<content>3.349</content>
					</attRef>
					<attRef name="Min_logWrittenFreq">
						<content>1.505</content>
					</attRef>
					<attRef name="logWrittenFreqSpan">
						<content>1.844</content>
					</attRef>
					<attRef name="CorAoA">
						<content>0.0458</content>
					</attRef>
				</param>
			</lg>
			<param name="AffectiveFeatures">
				<attRef name="Hap_Mean">
					<content>17.88</content>
				</attRef>
				<attRef name="Hap_SD">
					<content>8.39</content>
				</attRef>
				<attRef name="Ang_Mean">
					<content>22.7</content>
				</attRef>
				<attRef name="Ang_SD">
					<content>11.9</content>
				</attRef>
				<attRef name="Sad_Mean">
					<content>24.99</content>
				</attRef>
				<attRef name="Sad_SD">
					<content>12.09</content>
				</attRef>
				<attRef name="Fear_Mean">
					<content>23.59</content>
				</attRef>
				<attRef name="Fear_SD">
					<content>11.77</content>
				</attRef>
				<attRef name="Disg_Mean">
					<content>17.92</content>
				</attRef>
				<attRef name="Disg_SD">
					<content>10.32</content>
				</attRef>
				<attRef name="n_affective">
					<content>10</content>
				</attRef>
				<attRef name="ValenceMean">
					<content>244.52</content>
				</attRef>
				<attRef name="ValenceSD">
					<content>63.24</content>
				</attRef>
				<attRef name="ArousalMean">
					<content>289.59</content>
				</attRef>
				<attRef name="ArousalSD">
					<content>71.93</content>
				</attRef>
				<attRef name="n_v_a">
					<content>50</content>
				</attRef>
				<attRef name="Max_Aro">
					<content>7.45</content>
				</attRef>
				<attRef name="Min_Aro">
					<content>2.85</content>
				</attRef>
				<attRef name="ArousalSpan">
					<content>4.6</content>
				</attRef>
				<attRef name="Max_Val">
					<content>7.9</content>
				</attRef>
				<attRef name="Min_Val">
					<content>2.05</content>
				</attRef>
				<attRef name="ValenceSpan">
					<content>5.85</content>
				</attRef>
				<attRef name="CorAro">
					<content>-0.2325</content>
				</attRef>
				<attRef name="CorVal">
					<content>0.1352</content>
				</attRef>
				<attRef name="averageAoA">
					<content>260.73</content>
				</attRef>
				<attRef name="sdAOA">
					<content>89.27</content>
				</attRef>
				<attRef name="MinAoA">
					<content>84.5</content>
				</attRef>
				<attRef name="MaxAoA">
					<content>454.0</content>
				</attRef>
				<attRef name="OralFreq_Log">
					<content>103.14</content>
				</attRef>
				<attRef name="WrittenFreq_Log">
					<content>117.59</content>
				</attRef>
				<attRef name="n_aoa">
					<content>45</content>
				</attRef>
				<attRef name="Max_AoA">
					<content>9.9</content>
				</attRef>
				<attRef name="Min_AoA">
					<content>3.22</content>
				</attRef>
				<attRef name="AoASpan">
					<content>6.68</content>
				</attRef>
				<attRef name="Max_sdAOA">
					<content>2.814</content>
				</attRef>
				<attRef name="Min_sdAOA">
					<content>1.447</content>
				</attRef>
				<attRef name="sdAOASpan">
					<content>1.367</content>
				</attRef>
				<attRef name="Max_logOralFreq">
					<content>4.257</content>
				</attRef>
				<attRef name="Min_logOralFreq">
					<content>0.301</content>
				</attRef>
				<attRef name="logOralFreqSpan">
					<content>3.956</content>
				</attRef>
				<attRef name="Max_logWrittenFreq">
					<content>3.62</content>
				</attRef>
				<attRef name="Min_logWrittenFreq">
					<content>1.176</content>
				</attRef>
				<attRef name="logWrittenFreqSpan">
					<content>2.444</content>
				</attRef>
				<attRef name="CorAoA">
					<content>0.073</content>
				</attRef>
			</param>
		</body>
	</text>
</TEI>