<?xml version="1.0" encoding="utf-8"?>
<TEI xmlns="http://www.tei-c.org/ns/1.0">
	<teiHeader>
		<fileDesc>
			<titleStmt about="disco:po_313g0687">
				<title property="dc:title">- XLVI -</title>
				<author property="dc:creator" resource="disco:313g" corresp="#disco_313g">Juan de Arguijo</author>
				<principal xml:id="prf">Pablo Ruiz Fabo</principal>
				<principal xml:id="heb">Helena Bermúdez Sabel</principal>
				<principal xml:id="jct">José Calvo Tello</principal>
				<principal xml:id="cimc">Clara Isabel Martínez Cantón</principal>
				<respStmt>
					<resp>Metrical annotation by</resp>
					<name xml:id="bnc">Borja Navarro Colorado</name>
				</respStmt>
			</titleStmt>
			<extent>
				<measure unit="sonnets">1</measure>
				<measure unit="tokens">88</measure>
				<measure unit="line">14</measure>
			</extent>
			<publicationStmt>
				<publisher>Diachronic Spanish Sonnet Corpus</publisher>
				<authority>POSTDATA Project</authority>
				<pubPlace>Madrid</pubPlace>
				<availability status="free">
					<p>The text is freely available</p>
				</availability>
				<date when="2017">2017</date>
				<idno type="#disco" xml:id="file_po_313g0687"></idno>
			</publicationStmt>
			<sourceDesc>
				<bibl type="digital-source">
					<hi rend="italics">Sonetos del siglo XV al XVII</hi>
					<date when="2006">2006</date>
					<ref target="http://www.cervantesvirtual.com/nd/ark:/59851/bmc2r439"></ref>
					<ref target="http://www.cervantesvirtual.com/obra/sonetos-del-siglo-xv-al-xvii--0/"></ref>
Biblioteca Cervantes Virtual,  / editados por Ramón García González, , , .				</bibl>
			</sourceDesc>
		</fileDesc>
		<profileDesc>
			<langUsage>
				<language ident="es" about="disco:po_313g0687" property="dc:language" resource="dbpedia:Idioma_español">Spanish</language>
			</langUsage>
			<particDesc>
				<listPerson>
					<person xml:id="disco_313g" about="disco:313g" typeOf="foaf:Person">
						<idno cert="high" property="rdfs:seeAlso" resource="https://viaf.org/viaf/121956947"></idno>
						<persName type="short">Arguijo</persName>
						<persName type="full">
							<forename property="foaf:givenName">Juan</forename>
							<nameLink>de</nameLink>
							<surname property="foaf:familyName">Arguijo</surname>
						</persName>
						<persName type="source" property="foaf:name">Juan de Arguijo</persName>
						<sex property="foaf:gender" content="M"></sex>
						<birth>
							<location>
								<placeName>
									<settlement property="schema:birthPlace" inlist="">Sevilla</settlement>
									<country property="schema:birthPlace" inlist="">España</country>
									<bloc property="schema:birthPlace" inlist="">Europa</bloc>
								</placeName>
							</location>
							<date property="schema:birthDate" content="1560" cert="high"></date>
							<date type="century">16</date>
						</birth>
						<death>
							<location>
								<placeName>
									<settlement property="schema:deathPlace" inlist="">Sevilla</settlement>
								</placeName>
							</location>
							<date property="schema:deathDate" content="1623" cert="high"></date>
							<date type="century">17</date>
						</death>
						<listBibl inlist="" rel="blterms:hasCreated" typeOf="schema:CreativeWork">
							<bibl resource="disco:s313g0687">
								<title property="dc:title">- XLVI -</title>
								<title type="incipit" property="dc:alternative">No los mármoles rotos que contemplo,</title>
							</bibl>
						</listBibl>
					</person>
				</listPerson>
			</particDesc>
		</profileDesc>
		<encodingDesc>
			<listPrefixDef>
				<prefixDef ident="foaf" matchPattern="([A-Za-z]+)" replacementPattern="http://xmlns.com/foaf/0.1/$1"></prefixDef>
				<prefixDef ident="dc" matchPattern="([A-Za-z]+)" replacementPattern="http://purl.org/dc/terms/$1"></prefixDef>
				<prefixDef ident="schema" matchPattern="([A-Za-z]+)" replacementPattern="http://schema.org/$1"></prefixDef>
				<prefixDef ident="dbpedia" matchPattern="([A-Za-z]+(_[A-Za-z])*)" replacementPattern="http://es.dbpedia.org/page/"></prefixDef>
				<prefixDef ident="blterms" matchPattern="([A-Za-z]+)" replacementPattern="http://www.bl.uk/schemas/bibliographic/blterms#$1"></prefixDef>
				<prefixDef ident="rdfs" matchPattern="([A-Za-z]+)" replacementPattern="http://www.w3.org/2000/01/rdf-schema#$1"></prefixDef>
			</listPrefixDef>
			<metDecl type="met" pattern="((\+|\-)+)*">
				<metSym value="+">stressed syllable</metSym>
				<metSym value="-">unstressed syllable</metSym>
			</metDecl>
			<metDecl type="met">
				<p>
					<ref target="https://github.com/bncolorado/adsoScansionSystem">ADSO</ref>
The metrical patterns were extracted automatically using the 
                    tool.				</p>
			</metDecl>
			<metDecl type="enjamb">
				<p>
					<att>enjamb</att>
					<att>cert</att>
					<ref target="https://sites.google.com/site/spanishenjambment/">ANJA
                        (Automatic eNJambment Analysis)</ref>
					<ref target="https://sites.google.com/site/spanishenjambment/enjambment-types">documentation</ref>
					<ref target="https://sites.google.com/site/spanishenjambment/tei-certitude-values">report</ref>
The values of the  atributes were extracted automatically using
                    the  tool. For more information about the
                    types of enjambment as defined in this corpus, read the . In addition, a  was added to express the
                    degree of certainty concerning the characterisation of the enjambment. The following 
                     covers this feature in deep detail.				</p>
			</metDecl>
		</encodingDesc>
		<revisionDesc>
			<change when="2017-11-02" who="#prf">Initial TEI version</change>
			<change when="2017-11-27" who="#prf">Addition of metrical annotation</change>
			<change when="2017-11-27" who="#heb">Review of authors’ metadata</change>
			<change when="2017-12-01" who="#prf">Encoding of enjambment</change>
			<change when="2017-12-01" who="#heb">Publication of 19th, 18th and Golden Age version</change>
			<change when="2018-05-16" who="#heb">Revision of RDFa attributes</change>
		</revisionDesc>
	</teiHeader>
	<text>
		<front>
			<head>- XLVI -</head>
		</front>
		<body>
			<lg n="1" type="cuarteto">
				<l n="1" met="+-+--+---+-">No los mármoles rotos que contemplo,</l>
				<l n="2" met="-+-+---+-+-">reliquias nobles de la gran Cartago,</l>
				<l n="3" met="---+---+-+-">ni de Numancia el miserable estrago,</l>
				<l n="4" met="---+---+-+-">ni los despojos del efesio templo:</l>
				<param name="AffectiveFeatures">
					<attRef name="Hap_Mean">
						<content>2.61</content>
					</attRef>
					<attRef name="Hap_SD">
						<content>1.62</content>
					</attRef>
					<attRef name="Ang_Mean">
						<content>4.96</content>
					</attRef>
					<attRef name="Ang_SD">
						<content>2.89</content>
					</attRef>
					<attRef name="Sad_Mean">
						<content>5.62</content>
					</attRef>
					<attRef name="Sad_SD">
						<content>2.57</content>
					</attRef>
					<attRef name="Fear_Mean">
						<content>4.8</content>
					</attRef>
					<attRef name="Fear_SD">
						<content>2.84</content>
					</attRef>
					<attRef name="Disg_Mean">
						<content>3.73</content>
					</attRef>
					<attRef name="Disg_SD">
						<content>2.04</content>
					</attRef>
					<attRef name="n_affective">
						<content>2</content>
					</attRef>
					<attRef name="ValenceMean">
						<content>42.98</content>
					</attRef>
					<attRef name="ValenceSD">
						<content>11.15</content>
					</attRef>
					<attRef name="ArousalMean">
						<content>48.3</content>
					</attRef>
					<attRef name="ArousalSD">
						<content>15.02</content>
					</attRef>
					<attRef name="n_v_a">
						<content>9</content>
					</attRef>
					<attRef name="Max_Aro">
						<content>6.45</content>
					</attRef>
					<attRef name="Min_Aro">
						<content>4.1</content>
					</attRef>
					<attRef name="ArousalSpan">
						<content>2.35</content>
					</attRef>
					<attRef name="Max_Val">
						<content>7.25</content>
					</attRef>
					<attRef name="Min_Val">
						<content>2.3</content>
					</attRef>
					<attRef name="ValenceSpan">
						<content>4.95</content>
					</attRef>
					<attRef name="CorAro">
						<content>-0.0569</content>
					</attRef>
					<attRef name="CorVal">
						<content>-0.3105</content>
					</attRef>
					<attRef name="averageAoA">
						<content>33.04</content>
					</attRef>
					<attRef name="sdAOA">
						<content>10.56</content>
					</attRef>
					<attRef name="MinAoA">
						<content>10.0</content>
					</attRef>
					<attRef name="MaxAoA">
						<content>53.0</content>
					</attRef>
					<attRef name="OralFreq_Log">
						<content>9.35</content>
					</attRef>
					<attRef name="WrittenFreq_Log">
						<content>11.75</content>
					</attRef>
					<attRef name="n_aoa">
						<content>5</content>
					</attRef>
					<attRef name="Max_AoA">
						<content>8.4</content>
					</attRef>
					<attRef name="Min_AoA">
						<content>3.62</content>
					</attRef>
					<attRef name="AoASpan">
						<content>4.78</content>
					</attRef>
					<attRef name="Max_sdAOA">
						<content>2.466</content>
					</attRef>
					<attRef name="Min_sdAOA">
						<content>1.837</content>
					</attRef>
					<attRef name="sdAOASpan">
						<content>0.629</content>
					</attRef>
					<attRef name="Max_logOralFreq">
						<content>3.238</content>
					</attRef>
					<attRef name="Min_logOralFreq">
						<content>1.041</content>
					</attRef>
					<attRef name="logOralFreqSpan">
						<content>2.197</content>
					</attRef>
					<attRef name="Max_logWrittenFreq">
						<content>3.474</content>
					</attRef>
					<attRef name="Min_logWrittenFreq">
						<content>1.924</content>
					</attRef>
					<attRef name="logWrittenFreqSpan">
						<content>1.55</content>
					</attRef>
					<attRef name="CorAoA">
						<content>0.3164</content>
					</attRef>
				</param>
			</lg>
			<lg n="2" type="cuarteto">
				<l n="5" met="+--+-++--+-" enjamb="B-pb_noun_prep" cert="medium">no de Sagunto el fin, único ejemplo</l>
				<l n="6" met="---+---+-+-" enjamb="B-pb_noun_prep I-pb_noun_prep" cert="medium medium">de la lealtad y de su injusto pago</l>
				<l n="7" met="-+---+---+-" enjamb="B-pb_noun_prep I-pb_noun_prep" cert="medium medium">decrecen mi dolor, ni satisfago</l>
				<l n="8" met="---+-+-+-+-" enjamb="I-pb_noun_prep" cert="medium">con su memoria el mal que nunca templo.</l>
				<param name="AffectiveFeatures">
					<attRef name="Hap_Mean">
						<content>5.9</content>
					</attRef>
					<attRef name="Hap_SD">
						<content>2.67</content>
					</attRef>
					<attRef name="Ang_Mean">
						<content>5.73</content>
					</attRef>
					<attRef name="Ang_SD">
						<content>3.24</content>
					</attRef>
					<attRef name="Sad_Mean">
						<content>7.37</content>
					</attRef>
					<attRef name="Sad_SD">
						<content>3.21</content>
					</attRef>
					<attRef name="Fear_Mean">
						<content>7.06</content>
					</attRef>
					<attRef name="Fear_SD">
						<content>3.47</content>
					</attRef>
					<attRef name="Disg_Mean">
						<content>4.2</content>
					</attRef>
					<attRef name="Disg_SD">
						<content>2.54</content>
					</attRef>
					<attRef name="n_affective">
						<content>3</content>
					</attRef>
					<attRef name="ValenceMean">
						<content>49.15</content>
					</attRef>
					<attRef name="ValenceSD">
						<content>14.5</content>
					</attRef>
					<attRef name="ArousalMean">
						<content>65.1</content>
					</attRef>
					<attRef name="ArousalSD">
						<content>18.51</content>
					</attRef>
					<attRef name="n_v_a">
						<content>11</content>
					</attRef>
					<attRef name="Max_Aro">
						<content>8.25</content>
					</attRef>
					<attRef name="Min_Aro">
						<content>4.1</content>
					</attRef>
					<attRef name="ArousalSpan">
						<content>4.15</content>
					</attRef>
					<attRef name="Max_Val">
						<content>7.8</content>
					</attRef>
					<attRef name="Min_Val">
						<content>2.1</content>
					</attRef>
					<attRef name="ValenceSpan">
						<content>5.7</content>
					</attRef>
					<attRef name="CorAro">
						<content>0.0623</content>
					</attRef>
					<attRef name="CorVal">
						<content>-0.2199</content>
					</attRef>
					<attRef name="averageAoA">
						<content>69.58</content>
					</attRef>
					<attRef name="sdAOA">
						<content>20.61</content>
					</attRef>
					<attRef name="MinAoA">
						<content>26.0</content>
					</attRef>
					<attRef name="MaxAoA">
						<content>115.0</content>
					</attRef>
					<attRef name="OralFreq_Log">
						<content>26.52</content>
					</attRef>
					<attRef name="WrittenFreq_Log">
						<content>28.77</content>
					</attRef>
					<attRef name="n_aoa">
						<content>11</content>
					</attRef>
					<attRef name="Max_AoA">
						<content>9.5</content>
					</attRef>
					<attRef name="Min_AoA">
						<content>3.5</content>
					</attRef>
					<attRef name="AoASpan">
						<content>6.0</content>
					</attRef>
					<attRef name="Max_sdAOA">
						<content>2.476</content>
					</attRef>
					<attRef name="Min_sdAOA">
						<content>1.317</content>
					</attRef>
					<attRef name="sdAOASpan">
						<content>1.159</content>
					</attRef>
					<attRef name="Max_logOralFreq">
						<content>3.451</content>
					</attRef>
					<attRef name="Min_logOralFreq">
						<content>0.903</content>
					</attRef>
					<attRef name="logOralFreqSpan">
						<content>2.548</content>
					</attRef>
					<attRef name="Max_logWrittenFreq">
						<content>3.509</content>
					</attRef>
					<attRef name="Min_logWrittenFreq">
						<content>1.732</content>
					</attRef>
					<attRef name="logWrittenFreqSpan">
						<content>1.777</content>
					</attRef>
					<attRef name="CorAoA">
						<content>-0.1515</content>
					</attRef>
				</param>
			</lg>
			<lg n="3" type="terceto">
				<l n="9" met="+-+--+---+-">Bien que prueba tal vez la fantasía,</l>
				<l n="10" met="--+--+---+-">mas en vano, aliviar su desventura</l>
				<l n="11" met="---+---+-+-">con el desastre de sucesos tales;</l>
				<param name="AffectiveFeatures">
					<attRef name="Hap_Mean">
						<content>7.0</content>
					</attRef>
					<attRef name="Hap_SD">
						<content>2.15</content>
					</attRef>
					<attRef name="Ang_Mean">
						<content>4.77</content>
					</attRef>
					<attRef name="Ang_SD">
						<content>2.48</content>
					</attRef>
					<attRef name="Sad_Mean">
						<content>6.67</content>
					</attRef>
					<attRef name="Sad_SD">
						<content>3.13</content>
					</attRef>
					<attRef name="Fear_Mean">
						<content>6.53</content>
					</attRef>
					<attRef name="Fear_SD">
						<content>3.27</content>
					</attRef>
					<attRef name="Disg_Mean">
						<content>3.77</content>
					</attRef>
					<attRef name="Disg_SD">
						<content>1.85</content>
					</attRef>
					<attRef name="n_affective">
						<content>3</content>
					</attRef>
					<attRef name="ValenceMean">
						<content>62.55</content>
					</attRef>
					<attRef name="ValenceSD">
						<content>12.59</content>
					</attRef>
					<attRef name="ArousalMean">
						<content>63.11</content>
					</attRef>
					<attRef name="ArousalSD">
						<content>17.43</content>
					</attRef>
					<attRef name="n_v_a">
						<content>12</content>
					</attRef>
					<attRef name="Max_Aro">
						<content>7.23</content>
					</attRef>
					<attRef name="Min_Aro">
						<content>2.95</content>
					</attRef>
					<attRef name="ArousalSpan">
						<content>4.28</content>
					</attRef>
					<attRef name="Max_Val">
						<content>8.15</content>
					</attRef>
					<attRef name="Min_Val">
						<content>2.08</content>
					</attRef>
					<attRef name="ValenceSpan">
						<content>6.07</content>
					</attRef>
					<attRef name="CorAro">
						<content>0.3634</content>
					</attRef>
					<attRef name="CorVal">
						<content>-0.5801</content>
					</attRef>
					<attRef name="averageAoA">
						<content>50.69</content>
					</attRef>
					<attRef name="sdAOA">
						<content>17.24</content>
					</attRef>
					<attRef name="MinAoA">
						<content>18.0</content>
					</attRef>
					<attRef name="MaxAoA">
						<content>85.33</content>
					</attRef>
					<attRef name="OralFreq_Log">
						<content>20.6</content>
					</attRef>
					<attRef name="WrittenFreq_Log">
						<content>22.5</content>
					</attRef>
					<attRef name="n_aoa">
						<content>8</content>
					</attRef>
					<attRef name="Max_AoA">
						<content>9.58</content>
					</attRef>
					<attRef name="Min_AoA">
						<content>2.84</content>
					</attRef>
					<attRef name="AoASpan">
						<content>6.74</content>
					</attRef>
					<attRef name="Max_sdAOA">
						<content>2.814</content>
					</attRef>
					<attRef name="Min_sdAOA">
						<content>1.691</content>
					</attRef>
					<attRef name="sdAOASpan">
						<content>1.123</content>
					</attRef>
					<attRef name="Max_logOralFreq">
						<content>3.879</content>
					</attRef>
					<attRef name="Min_logOralFreq">
						<content>1.255</content>
					</attRef>
					<attRef name="logOralFreqSpan">
						<content>2.624</content>
					</attRef>
					<attRef name="Max_logWrittenFreq">
						<content>3.62</content>
					</attRef>
					<attRef name="Min_logWrittenFreq">
						<content>2.033</content>
					</attRef>
					<attRef name="logWrittenFreqSpan">
						<content>1.587</content>
					</attRef>
					<attRef name="CorAoA">
						<content>0.6813</content>
					</attRef>
				</param>
			</lg>
			<lg n="4" type="terceto">
				<l n="12" met="---+-+---+-">mas la razón advierte que confía</l>
				<l n="13" met="--+--+---+-" enjamb="B-ex_dobj_verb" cert="low">en remedio engañoso, si procura</l>
				<l n="14" met="---+---+-+-" enjamb="I-ex_dobj_verb" cert="low">con los ajenos consolar sus males.</l>
				<param name="AffectiveFeatures">
					<attRef name="Hap_Mean">
						<content>2.48</content>
					</attRef>
					<attRef name="Hap_SD">
						<content>1.33</content>
					</attRef>
					<attRef name="Ang_Mean">
						<content>1.31</content>
					</attRef>
					<attRef name="Ang_SD">
						<content>0.76</content>
					</attRef>
					<attRef name="Sad_Mean">
						<content>2.07</content>
					</attRef>
					<attRef name="Sad_SD">
						<content>1.28</content>
					</attRef>
					<attRef name="Fear_Mean">
						<content>1.28</content>
					</attRef>
					<attRef name="Fear_SD">
						<content>0.7</content>
					</attRef>
					<attRef name="Disg_Mean">
						<content>1.14</content>
					</attRef>
					<attRef name="Disg_SD">
						<content>0.44</content>
					</attRef>
					<attRef name="n_affective">
						<content>1</content>
					</attRef>
					<attRef name="ValenceMean">
						<content>48.99</content>
					</attRef>
					<attRef name="ValenceSD">
						<content>11.18</content>
					</attRef>
					<attRef name="ArousalMean">
						<content>44.52</content>
					</attRef>
					<attRef name="ArousalSD">
						<content>14.29</content>
					</attRef>
					<attRef name="n_v_a">
						<content>9</content>
					</attRef>
					<attRef name="Max_Aro">
						<content>7.4</content>
					</attRef>
					<attRef name="Min_Aro">
						<content>3.45</content>
					</attRef>
					<attRef name="ArousalSpan">
						<content>3.95</content>
					</attRef>
					<attRef name="Max_Val">
						<content>8.1</content>
					</attRef>
					<attRef name="Min_Val">
						<content>2.1</content>
					</attRef>
					<attRef name="ValenceSpan">
						<content>6.0</content>
					</attRef>
					<attRef name="CorAro">
						<content>0.1264</content>
					</attRef>
					<attRef name="CorVal">
						<content>-0.5738</content>
					</attRef>
					<attRef name="averageAoA">
						<content>41.01</content>
					</attRef>
					<attRef name="sdAOA">
						<content>15.04</content>
					</attRef>
					<attRef name="MinAoA">
						<content>13.0</content>
					</attRef>
					<attRef name="MaxAoA">
						<content>70.33</content>
					</attRef>
					<attRef name="OralFreq_Log">
						<content>nan</content>
					</attRef>
					<attRef name="WrittenFreq_Log">
						<content>18.37</content>
					</attRef>
					<attRef name="n_aoa">
						<content>7</content>
					</attRef>
					<attRef name="Max_AoA">
						<content>7.57</content>
					</attRef>
					<attRef name="Min_AoA">
						<content>1.64</content>
					</attRef>
					<attRef name="AoASpan">
						<content>5.93</content>
					</attRef>
					<attRef name="Max_sdAOA">
						<content>2.719</content>
					</attRef>
					<attRef name="Min_sdAOA">
						<content>0.921</content>
					</attRef>
					<attRef name="sdAOASpan">
						<content>1.798</content>
					</attRef>
					<attRef name="Max_logOralFreq">
						<content>4.152</content>
					</attRef>
					<attRef name="Min_logOralFreq">
						<content>1.415</content>
					</attRef>
					<attRef name="logOralFreqSpan">
						<content>2.737</content>
					</attRef>
					<attRef name="Max_logWrittenFreq">
						<content>4.003</content>
					</attRef>
					<attRef name="Min_logWrittenFreq">
						<content>0.903</content>
					</attRef>
					<attRef name="logWrittenFreqSpan">
						<content>3.1</content>
					</attRef>
					<attRef name="CorAoA">
						<content>-0.4277</content>
					</attRef>
				</param>
			</lg>
			<param name="AffectiveFeatures">
				<attRef name="Hap_Mean">
					<content>17.99</content>
				</attRef>
				<attRef name="Hap_SD">
					<content>7.77</content>
				</attRef>
				<attRef name="Ang_Mean">
					<content>16.77</content>
				</attRef>
				<attRef name="Ang_SD">
					<content>9.37</content>
				</attRef>
				<attRef name="Sad_Mean">
					<content>21.73</content>
				</attRef>
				<attRef name="Sad_SD">
					<content>10.19</content>
				</attRef>
				<attRef name="Fear_Mean">
					<content>19.67</content>
				</attRef>
				<attRef name="Fear_SD">
					<content>10.28</content>
				</attRef>
				<attRef name="Disg_Mean">
					<content>12.84</content>
				</attRef>
				<attRef name="Disg_SD">
					<content>6.87</content>
				</attRef>
				<attRef name="n_affective">
					<content>9</content>
				</attRef>
				<attRef name="ValenceMean">
					<content>203.67</content>
				</attRef>
				<attRef name="ValenceSD">
					<content>49.42</content>
				</attRef>
				<attRef name="ArousalMean">
					<content>221.03</content>
				</attRef>
				<attRef name="ArousalSD">
					<content>65.25</content>
				</attRef>
				<attRef name="n_v_a">
					<content>41</content>
				</attRef>
				<attRef name="Max_Aro">
					<content>8.25</content>
				</attRef>
				<attRef name="Min_Aro">
					<content>2.95</content>
				</attRef>
				<attRef name="ArousalSpan">
					<content>5.3</content>
				</attRef>
				<attRef name="Max_Val">
					<content>8.15</content>
				</attRef>
				<attRef name="Min_Val">
					<content>2.08</content>
				</attRef>
				<attRef name="ValenceSpan">
					<content>6.07</content>
				</attRef>
				<attRef name="CorAro">
					<content>-0.1408</content>
				</attRef>
				<attRef name="CorVal">
					<content>0.0563</content>
				</attRef>
				<attRef name="averageAoA">
					<content>194.32</content>
				</attRef>
				<attRef name="sdAOA">
					<content>63.44</content>
				</attRef>
				<attRef name="MinAoA">
					<content>67.0</content>
				</attRef>
				<attRef name="MaxAoA">
					<content>323.66</content>
				</attRef>
				<attRef name="OralFreq_Log">
					<content>nan</content>
				</attRef>
				<attRef name="WrittenFreq_Log">
					<content>81.37</content>
				</attRef>
				<attRef name="n_aoa">
					<content>31</content>
				</attRef>
				<attRef name="Max_AoA">
					<content>9.58</content>
				</attRef>
				<attRef name="Min_AoA">
					<content>1.64</content>
				</attRef>
				<attRef name="AoASpan">
					<content>7.94</content>
				</attRef>
				<attRef name="Max_sdAOA">
					<content>2.814</content>
				</attRef>
				<attRef name="Min_sdAOA">
					<content>0.921</content>
				</attRef>
				<attRef name="sdAOASpan">
					<content>1.893</content>
				</attRef>
				<attRef name="Max_logOralFreq">
					<content>4.152</content>
				</attRef>
				<attRef name="Min_logOralFreq">
					<content>0.903</content>
				</attRef>
				<attRef name="logOralFreqSpan">
					<content>3.249</content>
				</attRef>
				<attRef name="Max_logWrittenFreq">
					<content>4.003</content>
				</attRef>
				<attRef name="Min_logWrittenFreq">
					<content>0.903</content>
				</attRef>
				<attRef name="logWrittenFreqSpan">
					<content>3.1</content>
				</attRef>
				<attRef name="CorAoA">
					<content>-0.0983</content>
				</attRef>
			</param>
		</body>
	</text>
</TEI>