<?xml version="1.0" encoding="utf-8"?>
<TEI xmlns="http://www.tei-c.org/ns/1.0">
	<teiHeader>
		<fileDesc>
			<titleStmt about="disco:po_313g0662">
				<title property="dc:title">- XVIII -</title>
				<author property="dc:creator" resource="disco:313g" corresp="#disco_313g">Juan de Arguijo</author>
				<principal xml:id="prf">Pablo Ruiz Fabo</principal>
				<principal xml:id="heb">Helena Bermúdez Sabel</principal>
				<principal xml:id="jct">José Calvo Tello</principal>
				<principal xml:id="cimc">Clara Isabel Martínez Cantón</principal>
				<respStmt>
					<resp>Metrical annotation by</resp>
					<name xml:id="bnc">Borja Navarro Colorado</name>
				</respStmt>
			</titleStmt>
			<extent>
				<measure unit="sonnets">1</measure>
				<measure unit="tokens">92</measure>
				<measure unit="line">14</measure>
			</extent>
			<publicationStmt>
				<publisher>Diachronic Spanish Sonnet Corpus</publisher>
				<authority>POSTDATA Project</authority>
				<pubPlace>Madrid</pubPlace>
				<availability status="free">
					<p>The text is freely available</p>
				</availability>
				<date when="2017">2017</date>
				<idno type="#disco" xml:id="file_po_313g0662"></idno>
			</publicationStmt>
			<sourceDesc>
				<bibl type="digital-source">
					<hi rend="italics">Sonetos del siglo XV al XVII</hi>
					<date when="2006">2006</date>
					<ref target="http://www.cervantesvirtual.com/nd/ark:/59851/bmc2r439"></ref>
					<ref target="http://www.cervantesvirtual.com/obra/sonetos-del-siglo-xv-al-xvii--0/"></ref>
Biblioteca Cervantes Virtual,  / editados por Ramón García González, , , .				</bibl>
			</sourceDesc>
		</fileDesc>
		<profileDesc>
			<langUsage>
				<language ident="es" about="disco:po_313g0662" property="dc:language" resource="dbpedia:Idioma_español">Spanish</language>
			</langUsage>
			<particDesc>
				<listPerson>
					<person xml:id="disco_313g" about="disco:313g" typeOf="foaf:Person">
						<idno cert="high" property="rdfs:seeAlso" resource="https://viaf.org/viaf/121956947"></idno>
						<persName type="short">Arguijo</persName>
						<persName type="full">
							<forename property="foaf:givenName">Juan</forename>
							<nameLink>de</nameLink>
							<surname property="foaf:familyName">Arguijo</surname>
						</persName>
						<persName type="source" property="foaf:name">Juan de Arguijo</persName>
						<sex property="foaf:gender" content="M"></sex>
						<birth>
							<location>
								<placeName>
									<settlement property="schema:birthPlace" inlist="">Sevilla</settlement>
									<country property="schema:birthPlace" inlist="">España</country>
									<bloc property="schema:birthPlace" inlist="">Europa</bloc>
								</placeName>
							</location>
							<date property="schema:birthDate" content="1560" cert="high"></date>
							<date type="century">16</date>
						</birth>
						<death>
							<location>
								<placeName>
									<settlement property="schema:deathPlace" inlist="">Sevilla</settlement>
								</placeName>
							</location>
							<date property="schema:deathDate" content="1623" cert="high"></date>
							<date type="century">17</date>
						</death>
						<listBibl inlist="" rel="blterms:hasCreated" typeOf="schema:CreativeWork">
							<bibl resource="disco:s313g0662">
								<title property="dc:title">- XVIII -</title>
								<title type="incipit" property="dc:alternative">De Alejandro al trasunto, muda historia</title>
							</bibl>
						</listBibl>
					</person>
				</listPerson>
			</particDesc>
		</profileDesc>
		<encodingDesc>
			<listPrefixDef>
				<prefixDef ident="foaf" matchPattern="([A-Za-z]+)" replacementPattern="http://xmlns.com/foaf/0.1/$1"></prefixDef>
				<prefixDef ident="dc" matchPattern="([A-Za-z]+)" replacementPattern="http://purl.org/dc/terms/$1"></prefixDef>
				<prefixDef ident="schema" matchPattern="([A-Za-z]+)" replacementPattern="http://schema.org/$1"></prefixDef>
				<prefixDef ident="dbpedia" matchPattern="([A-Za-z]+(_[A-Za-z])*)" replacementPattern="http://es.dbpedia.org/page/"></prefixDef>
				<prefixDef ident="blterms" matchPattern="([A-Za-z]+)" replacementPattern="http://www.bl.uk/schemas/bibliographic/blterms#$1"></prefixDef>
				<prefixDef ident="rdfs" matchPattern="([A-Za-z]+)" replacementPattern="http://www.w3.org/2000/01/rdf-schema#$1"></prefixDef>
			</listPrefixDef>
			<metDecl type="met" pattern="((\+|\-)+)*">
				<metSym value="+">stressed syllable</metSym>
				<metSym value="-">unstressed syllable</metSym>
			</metDecl>
			<metDecl type="met">
				<p>
					<ref target="https://github.com/bncolorado/adsoScansionSystem">ADSO</ref>
The metrical patterns were extracted automatically using the 
                    tool.				</p>
			</metDecl>
			<metDecl type="enjamb">
				<p>
					<att>enjamb</att>
					<att>cert</att>
					<ref target="https://sites.google.com/site/spanishenjambment/">ANJA
                        (Automatic eNJambment Analysis)</ref>
					<ref target="https://sites.google.com/site/spanishenjambment/enjambment-types">documentation</ref>
					<ref target="https://sites.google.com/site/spanishenjambment/tei-certitude-values">report</ref>
The values of the  atributes were extracted automatically using
                    the  tool. For more information about the
                    types of enjambment as defined in this corpus, read the . In addition, a  was added to express the
                    degree of certainty concerning the characterisation of the enjambment. The following 
                     covers this feature in deep detail.				</p>
			</metDecl>
		</encodingDesc>
		<revisionDesc>
			<change when="2017-11-02" who="#prf">Initial TEI version</change>
			<change when="2017-11-27" who="#prf">Addition of metrical annotation</change>
			<change when="2017-11-27" who="#heb">Review of authors’ metadata</change>
			<change when="2017-12-01" who="#prf">Encoding of enjambment</change>
			<change when="2017-12-01" who="#heb">Publication of 19th, 18th and Golden Age version</change>
			<change when="2018-05-16" who="#heb">Revision of RDFa attributes</change>
		</revisionDesc>
	</teiHeader>
	<text>
		<front>
			<head>- XVIII -</head>
		</front>
		<body>
			<lg n="1" type="cuarteto">
				<l n="1" met="--+--+-+-+-" enjamb="B-cc_crossclause" cert="high">De Alejandro al trasunto, muda historia</l>
				<l n="2" met="--++----+-+-" enjamb="I-cc_crossclause" cert="high">que animó en bronces artificiosa mano,</l>
				<l n="3" met="+-+--+---+-">dos fijó sus columnas el tebano,</l>
				<l n="4" met="+-+--+---+-">César mira, envidioso de su gloria.</l>
				<param name="AffectiveFeatures">
					<attRef name="Hap_Mean">
						<content>9.61</content>
					</attRef>
					<attRef name="Hap_SD">
						<content>4.06</content>
					</attRef>
					<attRef name="Ang_Mean">
						<content>5.06</content>
					</attRef>
					<attRef name="Ang_SD">
						<content>2.24</content>
					</attRef>
					<attRef name="Sad_Mean">
						<content>5.3</content>
					</attRef>
					<attRef name="Sad_SD">
						<content>2.7</content>
					</attRef>
					<attRef name="Fear_Mean">
						<content>5.7</content>
					</attRef>
					<attRef name="Fear_SD">
						<content>3.38</content>
					</attRef>
					<attRef name="Disg_Mean">
						<content>4.71</content>
					</attRef>
					<attRef name="Disg_SD">
						<content>1.78</content>
					</attRef>
					<attRef name="n_affective">
						<content>4</content>
					</attRef>
					<attRef name="ValenceMean">
						<content>67.61</content>
					</attRef>
					<attRef name="ValenceSD">
						<content>14.26</content>
					</attRef>
					<attRef name="ArousalMean">
						<content>60.53</content>
					</attRef>
					<attRef name="ArousalSD">
						<content>18.3</content>
					</attRef>
					<attRef name="n_v_a">
						<content>12</content>
					</attRef>
					<attRef name="Max_Aro">
						<content>6.85</content>
					</attRef>
					<attRef name="Min_Aro">
						<content>4.18</content>
					</attRef>
					<attRef name="ArousalSpan">
						<content>2.67</content>
					</attRef>
					<attRef name="Max_Val">
						<content>7.9</content>
					</attRef>
					<attRef name="Min_Val">
						<content>2.25</content>
					</attRef>
					<attRef name="ValenceSpan">
						<content>5.65</content>
					</attRef>
					<attRef name="CorAro">
						<content>-0.0157</content>
					</attRef>
					<attRef name="CorVal">
						<content>-0.1677</content>
					</attRef>
					<attRef name="averageAoA">
						<content>50.15</content>
					</attRef>
					<attRef name="sdAOA">
						<content>16.35</content>
					</attRef>
					<attRef name="MinAoA">
						<content>18.0</content>
					</attRef>
					<attRef name="MaxAoA">
						<content>84.0</content>
					</attRef>
					<attRef name="OralFreq_Log">
						<content>20.33</content>
					</attRef>
					<attRef name="WrittenFreq_Log">
						<content>21.66</content>
					</attRef>
					<attRef name="n_aoa">
						<content>9</content>
					</attRef>
					<attRef name="Max_AoA">
						<content>7.98</content>
					</attRef>
					<attRef name="Min_AoA">
						<content>2.22</content>
					</attRef>
					<attRef name="AoASpan">
						<content>5.76</content>
					</attRef>
					<attRef name="Max_sdAOA">
						<content>2.308</content>
					</attRef>
					<attRef name="Min_sdAOA">
						<content>1.098</content>
					</attRef>
					<attRef name="sdAOASpan">
						<content>1.21</content>
					</attRef>
					<attRef name="Max_logOralFreq">
						<content>3.813</content>
					</attRef>
					<attRef name="Min_logOralFreq">
						<content>1.362</content>
					</attRef>
					<attRef name="logOralFreqSpan">
						<content>2.451</content>
					</attRef>
					<attRef name="Max_logWrittenFreq">
						<content>3.869</content>
					</attRef>
					<attRef name="Min_logWrittenFreq">
						<content>0.6990000000000001</content>
					</attRef>
					<attRef name="logWrittenFreqSpan">
						<content>3.17</content>
					</attRef>
					<attRef name="CorAoA">
						<content>-0.1171</content>
					</attRef>
				</param>
			</lg>
			<lg n="2" type="cuarteto">
				<l n="5" met="+--+-++--+-" enjamb="B-ex_dobj_verb" cert="low">Viendo que en corta edad larga victoria</l>
				<l n="6" met="-+-+---+-+-" enjamb="I-ex_dobj_verb" cert="low">ganó del orbe el macedón ufano,</l>
				<l n="7" met="--+--+-+-+-">de sus años lamenta el curso vano,</l>
				<l n="8" met="+++--+---+-">que aun no ha dado principio a su memoria.</l>
				<param name="AffectiveFeatures">
					<attRef name="Hap_Mean">
						<content>14.6</content>
					</attRef>
					<attRef name="Hap_SD">
						<content>4.46</content>
					</attRef>
					<attRef name="Ang_Mean">
						<content>5.59</content>
					</attRef>
					<attRef name="Ang_SD">
						<content>3.16</content>
					</attRef>
					<attRef name="Sad_Mean">
						<content>6.21</content>
					</attRef>
					<attRef name="Sad_SD">
						<content>3.58</content>
					</attRef>
					<attRef name="Fear_Mean">
						<content>6.86</content>
					</attRef>
					<attRef name="Fear_SD">
						<content>3.73</content>
					</attRef>
					<attRef name="Disg_Mean">
						<content>4.59</content>
					</attRef>
					<attRef name="Disg_SD">
						<content>1.47</content>
					</attRef>
					<attRef name="n_affective">
						<content>4</content>
					</attRef>
					<attRef name="ValenceMean">
						<content>86.1</content>
					</attRef>
					<attRef name="ValenceSD">
						<content>19.05</content>
					</attRef>
					<attRef name="ArousalMean">
						<content>82.24</content>
					</attRef>
					<attRef name="ArousalSD">
						<content>24.48</content>
					</attRef>
					<attRef name="n_v_a">
						<content>15</content>
					</attRef>
					<attRef name="Max_Aro">
						<content>7.5</content>
					</attRef>
					<attRef name="Min_Aro">
						<content>4.8</content>
					</attRef>
					<attRef name="ArousalSpan">
						<content>2.7</content>
					</attRef>
					<attRef name="Max_Val">
						<content>7.85</content>
					</attRef>
					<attRef name="Min_Val">
						<content>2.75</content>
					</attRef>
					<attRef name="ValenceSpan">
						<content>5.1</content>
					</attRef>
					<attRef name="CorAro">
						<content>-0.3943</content>
					</attRef>
					<attRef name="CorVal">
						<content>0.0294</content>
					</attRef>
					<attRef name="averageAoA">
						<content>62.78</content>
					</attRef>
					<attRef name="sdAOA">
						<content>21.9</content>
					</attRef>
					<attRef name="MinAoA">
						<content>22.0</content>
					</attRef>
					<attRef name="MaxAoA">
						<content>120.0</content>
					</attRef>
					<attRef name="OralFreq_Log">
						<content>30.26</content>
					</attRef>
					<attRef name="WrittenFreq_Log">
						<content>32.22</content>
					</attRef>
					<attRef name="n_aoa">
						<content>12</content>
					</attRef>
					<attRef name="Max_AoA">
						<content>10.64</content>
					</attRef>
					<attRef name="Min_AoA">
						<content>2.72</content>
					</attRef>
					<attRef name="AoASpan">
						<content>7.92</content>
					</attRef>
					<attRef name="Max_sdAOA">
						<content>2.346</content>
					</attRef>
					<attRef name="Min_sdAOA">
						<content>0.749</content>
					</attRef>
					<attRef name="sdAOASpan">
						<content>1.597</content>
					</attRef>
					<attRef name="Max_logOralFreq">
						<content>3.724</content>
					</attRef>
					<attRef name="Min_logOralFreq">
						<content>0.301</content>
					</attRef>
					<attRef name="logOralFreqSpan">
						<content>3.423</content>
					</attRef>
					<attRef name="Max_logWrittenFreq">
						<content>3.405</content>
					</attRef>
					<attRef name="Min_logWrittenFreq">
						<content>1.146</content>
					</attRef>
					<attRef name="logWrittenFreqSpan">
						<content>2.259</content>
					</attRef>
					<attRef name="CorAoA">
						<content>0.1428</content>
					</attRef>
				</param>
			</lg>
			<lg n="3" type="terceto">
				<l n="9" met="++-+-+-+-+-">«Tú, ilustre joven, dice, sólo viste</l>
				<l n="10" met="-+-+-+---+-">glorioso fin de tu alto pensamiento;</l>
				<l n="11" met="+++-+-+--+-">tú al mundo grande, a ti pequeño el mundo.</l>
				<param name="AffectiveFeatures">
					<attRef name="Hap_Mean">
						<content>17.3</content>
					</attRef>
					<attRef name="Hap_SD">
						<content>6.62</content>
					</attRef>
					<attRef name="Ang_Mean">
						<content>8.31</content>
					</attRef>
					<attRef name="Ang_SD">
						<content>4.31</content>
					</attRef>
					<attRef name="Sad_Mean">
						<content>9.68</content>
					</attRef>
					<attRef name="Sad_SD">
						<content>4.53</content>
					</attRef>
					<attRef name="Fear_Mean">
						<content>9.5</content>
					</attRef>
					<attRef name="Fear_SD">
						<content>5.64</content>
					</attRef>
					<attRef name="Disg_Mean">
						<content>7.74</content>
					</attRef>
					<attRef name="Disg_SD">
						<content>3.93</content>
					</attRef>
					<attRef name="n_affective">
						<content>5</content>
					</attRef>
					<attRef name="ValenceMean">
						<content>66.04</content>
					</attRef>
					<attRef name="ValenceSD">
						<content>14.45</content>
					</attRef>
					<attRef name="ArousalMean">
						<content>56.28</content>
					</attRef>
					<attRef name="ArousalSD">
						<content>19.51</content>
					</attRef>
					<attRef name="n_v_a">
						<content>11</content>
					</attRef>
					<attRef name="Max_Aro">
						<content>6.45</content>
					</attRef>
					<attRef name="Min_Aro">
						<content>3.9</content>
					</attRef>
					<attRef name="ArousalSpan">
						<content>2.55</content>
					</attRef>
					<attRef name="Max_Val">
						<content>7.98</content>
					</attRef>
					<attRef name="Min_Val">
						<content>3.6</content>
					</attRef>
					<attRef name="ValenceSpan">
						<content>4.38</content>
					</attRef>
					<attRef name="CorAro">
						<content>-0.0367</content>
					</attRef>
					<attRef name="CorVal">
						<content>-0.0264</content>
					</attRef>
					<attRef name="averageAoA">
						<content>46.23</content>
					</attRef>
					<attRef name="sdAOA">
						<content>18.51</content>
					</attRef>
					<attRef name="MinAoA">
						<content>11.0</content>
					</attRef>
					<attRef name="MaxAoA">
						<content>90.0</content>
					</attRef>
					<attRef name="OralFreq_Log">
						<content>29.73</content>
					</attRef>
					<attRef name="WrittenFreq_Log">
						<content>31.72</content>
					</attRef>
					<attRef name="n_aoa">
						<content>10</content>
					</attRef>
					<attRef name="Max_AoA">
						<content>6.98</content>
					</attRef>
					<attRef name="Min_AoA">
						<content>3.3</content>
					</attRef>
					<attRef name="AoASpan">
						<content>3.68</content>
					</attRef>
					<attRef name="Max_sdAOA">
						<content>2.403</content>
					</attRef>
					<attRef name="Min_sdAOA">
						<content>1.165</content>
					</attRef>
					<attRef name="sdAOASpan">
						<content>1.238</content>
					</attRef>
					<attRef name="Max_logOralFreq">
						<content>3.769</content>
					</attRef>
					<attRef name="Min_logOralFreq">
						<content>1.934</content>
					</attRef>
					<attRef name="logOralFreqSpan">
						<content>1.835</content>
					</attRef>
					<attRef name="Max_logWrittenFreq">
						<content>3.856</content>
					</attRef>
					<attRef name="Min_logWrittenFreq">
						<content>2.6060000000000003</content>
					</attRef>
					<attRef name="logWrittenFreqSpan">
						<content>1.25</content>
					</attRef>
					<attRef name="CorAoA">
						<content>-0.1841</content>
					</attRef>
				</param>
			</lg>
			<lg n="4" type="terceto">
				<l n="12" met="+--+-+---+-" enjamb="B-pb_verb_chain" cert="high">¿Quién a la excelsa cumbre que subiste</l>
				<l n="13" met="-+-++-+--+-" enjamb="B-ex_subj_verb I-pb_verb_chain" cert="low high">podrá llegar? Ni ¿cuál osado intento</l>
				<l n="14" met="-+----+-+-" enjamb="I-ex_subj_verb" cert="low">presume a tu valor segundo?».</l>
				<param name="AffectiveFeatures">
					<attRef name="Hap_Mean">
						<content>2.5</content>
					</attRef>
					<attRef name="Hap_SD">
						<content>1.48</content>
					</attRef>
					<attRef name="Ang_Mean">
						<content>2.17</content>
					</attRef>
					<attRef name="Ang_SD">
						<content>1.39</content>
					</attRef>
					<attRef name="Sad_Mean">
						<content>1.53</content>
					</attRef>
					<attRef name="Sad_SD">
						<content>1.07</content>
					</attRef>
					<attRef name="Fear_Mean">
						<content>2.67</content>
					</attRef>
					<attRef name="Fear_SD">
						<content>1.37</content>
					</attRef>
					<attRef name="Disg_Mean">
						<content>2.17</content>
					</attRef>
					<attRef name="Disg_SD">
						<content>1.21</content>
					</attRef>
					<attRef name="n_affective">
						<content>1</content>
					</attRef>
					<attRef name="ValenceMean">
						<content>48.88</content>
					</attRef>
					<attRef name="ValenceSD">
						<content>11.91</content>
					</attRef>
					<attRef name="ArousalMean">
						<content>45.88</content>
					</attRef>
					<attRef name="ArousalSD">
						<content>12.32</content>
					</attRef>
					<attRef name="n_v_a">
						<content>8</content>
					</attRef>
					<attRef name="Max_Aro">
						<content>6.55</content>
					</attRef>
					<attRef name="Min_Aro">
						<content>4.875</content>
					</attRef>
					<attRef name="ArousalSpan">
						<content>1.675</content>
					</attRef>
					<attRef name="Max_Val">
						<content>7.85</content>
					</attRef>
					<attRef name="Min_Val">
						<content>4.95</content>
					</attRef>
					<attRef name="ValenceSpan">
						<content>2.9</content>
					</attRef>
					<attRef name="CorAro">
						<content>-0.0597</content>
					</attRef>
					<attRef name="CorVal">
						<content>-0.1455</content>
					</attRef>
					<attRef name="averageAoA">
						<content>56.3</content>
					</attRef>
					<attRef name="sdAOA">
						<content>19.73</content>
					</attRef>
					<attRef name="MinAoA">
						<content>16.0</content>
					</attRef>
					<attRef name="MaxAoA">
						<content>97.5</content>
					</attRef>
					<attRef name="OralFreq_Log">
						<content>23.89</content>
					</attRef>
					<attRef name="WrittenFreq_Log">
						<content>24.81</content>
					</attRef>
					<attRef name="n_aoa">
						<content>10</content>
					</attRef>
					<attRef name="Max_AoA">
						<content>7.78</content>
					</attRef>
					<attRef name="Min_AoA">
						<content>3.82</content>
					</attRef>
					<attRef name="AoASpan">
						<content>3.96</content>
					</attRef>
					<attRef name="Max_sdAOA">
						<content>2.443</content>
					</attRef>
					<attRef name="Min_sdAOA">
						<content>1.478</content>
					</attRef>
					<attRef name="sdAOASpan">
						<content>0.965</content>
					</attRef>
					<attRef name="Max_logOralFreq">
						<content>3.186</content>
					</attRef>
					<attRef name="Min_logOralFreq">
						<content>0.699</content>
					</attRef>
					<attRef name="logOralFreqSpan">
						<content>2.487</content>
					</attRef>
					<attRef name="Max_logWrittenFreq">
						<content>3.341</content>
					</attRef>
					<attRef name="Min_logWrittenFreq">
						<content>0.477</content>
					</attRef>
					<attRef name="logWrittenFreqSpan">
						<content>2.864</content>
					</attRef>
					<attRef name="CorAoA">
						<content>0.3851</content>
					</attRef>
				</param>
			</lg>
			<param name="AffectiveFeatures">
				<attRef name="Hap_Mean">
					<content>44.01</content>
				</attRef>
				<attRef name="Hap_SD">
					<content>16.62</content>
				</attRef>
				<attRef name="Ang_Mean">
					<content>21.13</content>
				</attRef>
				<attRef name="Ang_SD">
					<content>11.1</content>
				</attRef>
				<attRef name="Sad_Mean">
					<content>22.72</content>
				</attRef>
				<attRef name="Sad_SD">
					<content>11.88</content>
				</attRef>
				<attRef name="Fear_Mean">
					<content>24.73</content>
				</attRef>
				<attRef name="Fear_SD">
					<content>14.12</content>
				</attRef>
				<attRef name="Disg_Mean">
					<content>19.21</content>
				</attRef>
				<attRef name="Disg_SD">
					<content>8.39</content>
				</attRef>
				<attRef name="n_affective">
					<content>14</content>
				</attRef>
				<attRef name="ValenceMean">
					<content>268.63</content>
				</attRef>
				<attRef name="ValenceSD">
					<content>59.67</content>
				</attRef>
				<attRef name="ArousalMean">
					<content>244.92</content>
				</attRef>
				<attRef name="ArousalSD">
					<content>74.6</content>
				</attRef>
				<attRef name="n_v_a">
					<content>46</content>
				</attRef>
				<attRef name="Max_Aro">
					<content>7.5</content>
				</attRef>
				<attRef name="Min_Aro">
					<content>3.9</content>
				</attRef>
				<attRef name="ArousalSpan">
					<content>3.6</content>
				</attRef>
				<attRef name="Max_Val">
					<content>7.98</content>
				</attRef>
				<attRef name="Min_Val">
					<content>2.25</content>
				</attRef>
				<attRef name="ValenceSpan">
					<content>5.73</content>
				</attRef>
				<attRef name="CorAro">
					<content>0.1519</content>
				</attRef>
				<attRef name="CorVal">
					<content>0.1195</content>
				</attRef>
				<attRef name="averageAoA">
					<content>215.46</content>
				</attRef>
				<attRef name="sdAOA">
					<content>76.48</content>
				</attRef>
				<attRef name="MinAoA">
					<content>67.0</content>
				</attRef>
				<attRef name="MaxAoA">
					<content>391.5</content>
				</attRef>
				<attRef name="OralFreq_Log">
					<content>104.2</content>
				</attRef>
				<attRef name="WrittenFreq_Log">
					<content>110.41</content>
				</attRef>
				<attRef name="n_aoa">
					<content>41</content>
				</attRef>
				<attRef name="Max_AoA">
					<content>10.64</content>
				</attRef>
				<attRef name="Min_AoA">
					<content>2.22</content>
				</attRef>
				<attRef name="AoASpan">
					<content>8.42</content>
				</attRef>
				<attRef name="Max_sdAOA">
					<content>2.443</content>
				</attRef>
				<attRef name="Min_sdAOA">
					<content>0.749</content>
				</attRef>
				<attRef name="sdAOASpan">
					<content>1.694</content>
				</attRef>
				<attRef name="Max_logOralFreq">
					<content>3.813</content>
				</attRef>
				<attRef name="Min_logOralFreq">
					<content>0.301</content>
				</attRef>
				<attRef name="logOralFreqSpan">
					<content>3.512</content>
				</attRef>
				<attRef name="Max_logWrittenFreq">
					<content>3.869</content>
				</attRef>
				<attRef name="Min_logWrittenFreq">
					<content>0.477</content>
				</attRef>
				<attRef name="logWrittenFreqSpan">
					<content>3.392</content>
				</attRef>
				<attRef name="CorAoA">
					<content>-0.0159</content>
				</attRef>
			</param>
		</body>
	</text>
</TEI>