<?xml version="1.0" encoding="utf-8"?>
<TEI xmlns="http://www.tei-c.org/ns/1.0">
	<teiHeader>
		<fileDesc>
			<titleStmt about="disco:po_313g0645">
				<title property="dc:title">A Arión Músico</title>
				<author property="dc:creator" resource="disco:313g" corresp="#disco_313g">Juan de Arguijo</author>
				<principal xml:id="prf">Pablo Ruiz Fabo</principal>
				<principal xml:id="heb">Helena Bermúdez Sabel</principal>
				<principal xml:id="jct">José Calvo Tello</principal>
				<principal xml:id="cimc">Clara Isabel Martínez Cantón</principal>
				<respStmt>
					<resp>Metrical annotation by</resp>
					<name xml:id="bnc">Borja Navarro Colorado</name>
				</respStmt>
			</titleStmt>
			<extent>
				<measure unit="sonnets">1</measure>
				<measure unit="tokens">82</measure>
				<measure unit="line">14</measure>
			</extent>
			<publicationStmt>
				<publisher>Diachronic Spanish Sonnet Corpus</publisher>
				<authority>POSTDATA Project</authority>
				<pubPlace>Madrid</pubPlace>
				<availability status="free">
					<p>The text is freely available</p>
				</availability>
				<date when="2017">2017</date>
				<idno type="#disco" xml:id="file_po_313g0645"></idno>
			</publicationStmt>
			<sourceDesc>
				<bibl type="digital-source">
					<hi rend="italics">Sonetos del siglo XV al XVII</hi>
					<date when="2006">2006</date>
					<ref target="http://www.cervantesvirtual.com/nd/ark:/59851/bmc2r439"></ref>
					<ref target="http://www.cervantesvirtual.com/obra/sonetos-del-siglo-xv-al-xvii--0/"></ref>
Biblioteca Cervantes Virtual,  / editados por Ramón García González, , , .				</bibl>
			</sourceDesc>
		</fileDesc>
		<profileDesc>
			<langUsage>
				<language ident="es" about="disco:po_313g0645" property="dc:language" resource="dbpedia:Idioma_español">Spanish</language>
			</langUsage>
			<particDesc>
				<listPerson>
					<person xml:id="disco_313g" about="disco:313g" typeOf="foaf:Person">
						<idno cert="high" property="rdfs:seeAlso" resource="https://viaf.org/viaf/121956947"></idno>
						<persName type="short">Arguijo</persName>
						<persName type="full">
							<forename property="foaf:givenName">Juan</forename>
							<nameLink>de</nameLink>
							<surname property="foaf:familyName">Arguijo</surname>
						</persName>
						<persName type="source" property="foaf:name">Juan de Arguijo</persName>
						<sex property="foaf:gender" content="M"></sex>
						<birth>
							<location>
								<placeName>
									<settlement property="schema:birthPlace" inlist="">Sevilla</settlement>
									<country property="schema:birthPlace" inlist="">España</country>
									<bloc property="schema:birthPlace" inlist="">Europa</bloc>
								</placeName>
							</location>
							<date property="schema:birthDate" content="1560" cert="high"></date>
							<date type="century">16</date>
						</birth>
						<death>
							<location>
								<placeName>
									<settlement property="schema:deathPlace" inlist="">Sevilla</settlement>
								</placeName>
							</location>
							<date property="schema:deathDate" content="1623" cert="high"></date>
							<date type="century">17</date>
						</death>
						<listBibl inlist="" rel="blterms:hasCreated" typeOf="schema:CreativeWork">
							<bibl resource="disco:s313g0645">
								<title property="dc:title">A Arión Músico</title>
								<title type="incipit" property="dc:alternative">Mientras llevado de un delfín piadoso</title>
							</bibl>
						</listBibl>
					</person>
				</listPerson>
			</particDesc>
		</profileDesc>
		<encodingDesc>
			<listPrefixDef>
				<prefixDef ident="foaf" matchPattern="([A-Za-z]+)" replacementPattern="http://xmlns.com/foaf/0.1/$1"></prefixDef>
				<prefixDef ident="dc" matchPattern="([A-Za-z]+)" replacementPattern="http://purl.org/dc/terms/$1"></prefixDef>
				<prefixDef ident="schema" matchPattern="([A-Za-z]+)" replacementPattern="http://schema.org/$1"></prefixDef>
				<prefixDef ident="dbpedia" matchPattern="([A-Za-z]+(_[A-Za-z])*)" replacementPattern="http://es.dbpedia.org/page/"></prefixDef>
				<prefixDef ident="blterms" matchPattern="([A-Za-z]+)" replacementPattern="http://www.bl.uk/schemas/bibliographic/blterms#$1"></prefixDef>
				<prefixDef ident="rdfs" matchPattern="([A-Za-z]+)" replacementPattern="http://www.w3.org/2000/01/rdf-schema#$1"></prefixDef>
			</listPrefixDef>
			<metDecl type="met" pattern="((\+|\-)+)*">
				<metSym value="+">stressed syllable</metSym>
				<metSym value="-">unstressed syllable</metSym>
			</metDecl>
			<metDecl type="met">
				<p>
					<ref target="https://github.com/bncolorado/adsoScansionSystem">ADSO</ref>
The metrical patterns were extracted automatically using the 
                    tool.				</p>
			</metDecl>
			<metDecl type="enjamb">
				<p>
					<att>enjamb</att>
					<att>cert</att>
					<ref target="https://sites.google.com/site/spanishenjambment/">ANJA
                        (Automatic eNJambment Analysis)</ref>
					<ref target="https://sites.google.com/site/spanishenjambment/enjambment-types">documentation</ref>
					<ref target="https://sites.google.com/site/spanishenjambment/tei-certitude-values">report</ref>
The values of the  atributes were extracted automatically using
                    the  tool. For more information about the
                    types of enjambment as defined in this corpus, read the . In addition, a  was added to express the
                    degree of certainty concerning the characterisation of the enjambment. The following 
                     covers this feature in deep detail.				</p>
			</metDecl>
		</encodingDesc>
		<revisionDesc>
			<change when="2017-11-02" who="#prf">Initial TEI version</change>
			<change when="2017-11-27" who="#prf">Addition of metrical annotation</change>
			<change when="2017-11-27" who="#heb">Review of authors’ metadata</change>
			<change when="2017-12-01" who="#prf">Encoding of enjambment</change>
			<change when="2017-12-01" who="#heb">Publication of 19th, 18th and Golden Age version</change>
			<change when="2018-05-16" who="#heb">Revision of RDFa attributes</change>
		</revisionDesc>
	</teiHeader>
	<text>
		<front>
			<head>A Arión Músico</head>
		</front>
		<body>
			<lg n="1" type="cuarteto">
				<l n="1" met="+--+-+-+-+-" enjamb="B-ex_subj_verb" cert="low">Mientras llevado de un delfín piadoso</l>
				<l n="2" met="+-+-+-+--+-" enjamb="I-ex_subj_verb" cert="low">corta Arión el mar, suspende el viento,</l>
				<l n="3" met="--+-+-+--+-" enjamb="B-pb_noun_prep" cert="medium">y las agua enfrena el blando acento</l>
				<l n="4" met="--+--+---+-" enjamb="I-pb_noun_prep" cert="medium">de la cítara y canto artificioso.</l>
				<param name="AffectiveFeatures">
					<attRef name="Hap_Mean">
						<content>4.7</content>
					</attRef>
					<attRef name="Hap_SD">
						<content>2.24</content>
					</attRef>
					<attRef name="Ang_Mean">
						<content>2.9</content>
					</attRef>
					<attRef name="Ang_SD">
						<content>1.64</content>
					</attRef>
					<attRef name="Sad_Mean">
						<content>3.26</content>
					</attRef>
					<attRef name="Sad_SD">
						<content>1.81</content>
					</attRef>
					<attRef name="Fear_Mean">
						<content>3.46</content>
					</attRef>
					<attRef name="Fear_SD">
						<content>1.78</content>
					</attRef>
					<attRef name="Disg_Mean">
						<content>3.1</content>
					</attRef>
					<attRef name="Disg_SD">
						<content>1.69</content>
					</attRef>
					<attRef name="n_affective">
						<content>2</content>
					</attRef>
					<attRef name="ValenceMean">
						<content>64.43</content>
					</attRef>
					<attRef name="ValenceSD">
						<content>14.21</content>
					</attRef>
					<attRef name="ArousalMean">
						<content>52.65</content>
					</attRef>
					<attRef name="ArousalSD">
						<content>18.09</content>
					</attRef>
					<attRef name="n_v_a">
						<content>11</content>
					</attRef>
					<attRef name="Max_Aro">
						<content>7.65</content>
					</attRef>
					<attRef name="Min_Aro">
						<content>2.9</content>
					</attRef>
					<attRef name="ArousalSpan">
						<content>4.75</content>
					</attRef>
					<attRef name="Max_Val">
						<content>8.05</content>
					</attRef>
					<attRef name="Min_Val">
						<content>2.75</content>
					</attRef>
					<attRef name="ValenceSpan">
						<content>5.3</content>
					</attRef>
					<attRef name="CorAro">
						<content>0.1015</content>
					</attRef>
					<attRef name="CorVal">
						<content>-0.2</content>
					</attRef>
					<attRef name="averageAoA">
						<content>47.18</content>
					</attRef>
					<attRef name="sdAOA">
						<content>17.83</content>
					</attRef>
					<attRef name="MinAoA">
						<content>15.0</content>
					</attRef>
					<attRef name="MaxAoA">
						<content>93.0</content>
					</attRef>
					<attRef name="OralFreq_Log">
						<content>20.68</content>
					</attRef>
					<attRef name="WrittenFreq_Log">
						<content>24.44</content>
					</attRef>
					<attRef name="n_aoa">
						<content>10</content>
					</attRef>
					<attRef name="Max_AoA">
						<content>7.5</content>
					</attRef>
					<attRef name="Min_AoA">
						<content>1.94</content>
					</attRef>
					<attRef name="AoASpan">
						<content>5.56</content>
					</attRef>
					<attRef name="Max_sdAOA">
						<content>2.436</content>
					</attRef>
					<attRef name="Min_sdAOA">
						<content>1.15</content>
					</attRef>
					<attRef name="sdAOASpan">
						<content>1.286</content>
					</attRef>
					<attRef name="Max_logOralFreq">
						<content>2.834</content>
					</attRef>
					<attRef name="Min_logOralFreq">
						<content>0.903</content>
					</attRef>
					<attRef name="logOralFreqSpan">
						<content>1.931</content>
					</attRef>
					<attRef name="Max_logWrittenFreq">
						<content>3.423</content>
					</attRef>
					<attRef name="Min_logWrittenFreq">
						<content>1.415</content>
					</attRef>
					<attRef name="logWrittenFreqSpan">
						<content>2.008</content>
					</attRef>
					<attRef name="CorAoA">
						<content>-0.0488</content>
					</attRef>
				</param>
			</lg>
			<lg n="2" type="cuarteto">
				<l n="5" met="--+--+---+-" enjamb="B-pb_adj_noun" cert="medium">Las Nereidas, dejando el espumoso</l>
				<l n="6" met="-+-+-+---+-" enjamb="B-pb_adj_noun I-pb_adj_noun" cert="medium medium">albergue, al dulce son de su instrumento</l>
				<l n="7" met="+----+---+-" enjamb="B-pb_adj_noun I-pb_adj_noun" cert="medium medium">tejen en concertado movimiento</l>
				<l n="8" met="-+-+--+--+-" enjamb="I-pb_adj_noun" cert="medium">festivo coro en el teatro ondoso.</l>
				<param name="AffectiveFeatures">
					<attRef name="Hap_Mean">
						<content>11.93</content>
					</attRef>
					<attRef name="Hap_SD">
						<content>4.27</content>
					</attRef>
					<attRef name="Ang_Mean">
						<content>4.97</content>
					</attRef>
					<attRef name="Ang_SD">
						<content>2.37</content>
					</attRef>
					<attRef name="Sad_Mean">
						<content>5.03</content>
					</attRef>
					<attRef name="Sad_SD">
						<content>2.18</content>
					</attRef>
					<attRef name="Fear_Mean">
						<content>5.93</content>
					</attRef>
					<attRef name="Fear_SD">
						<content>3.08</content>
					</attRef>
					<attRef name="Disg_Mean">
						<content>5.61</content>
					</attRef>
					<attRef name="Disg_SD">
						<content>2.6</content>
					</attRef>
					<attRef name="n_affective">
						<content>4</content>
					</attRef>
					<attRef name="ValenceMean">
						<content>63.44</content>
					</attRef>
					<attRef name="ValenceSD">
						<content>13.37</content>
					</attRef>
					<attRef name="ArousalMean">
						<content>48.78</content>
					</attRef>
					<attRef name="ArousalSD">
						<content>18.24</content>
					</attRef>
					<attRef name="n_v_a">
						<content>10</content>
					</attRef>
					<attRef name="Max_Aro">
						<content>6.13</content>
					</attRef>
					<attRef name="Min_Aro">
						<content>3.9</content>
					</attRef>
					<attRef name="ArousalSpan">
						<content>2.23</content>
					</attRef>
					<attRef name="Max_Val">
						<content>8.25</content>
					</attRef>
					<attRef name="Min_Val">
						<content>3.3</content>
					</attRef>
					<attRef name="ValenceSpan">
						<content>4.95</content>
					</attRef>
					<attRef name="CorAro">
						<content>0.1749</content>
					</attRef>
					<attRef name="CorVal">
						<content>0.5218</content>
					</attRef>
					<attRef name="averageAoA">
						<content>48.21</content>
					</attRef>
					<attRef name="sdAOA">
						<content>17.0</content>
					</attRef>
					<attRef name="MinAoA">
						<content>14.5</content>
					</attRef>
					<attRef name="MaxAoA">
						<content>86.0</content>
					</attRef>
					<attRef name="OralFreq_Log">
						<content>14.46</content>
					</attRef>
					<attRef name="WrittenFreq_Log">
						<content>17.25</content>
					</attRef>
					<attRef name="n_aoa">
						<content>8</content>
					</attRef>
					<attRef name="Max_AoA">
						<content>7.24</content>
					</attRef>
					<attRef name="Min_AoA">
						<content>4.1</content>
					</attRef>
					<attRef name="AoASpan">
						<content>3.14</content>
					</attRef>
					<attRef name="Max_sdAOA">
						<content>2.344</content>
					</attRef>
					<attRef name="Min_sdAOA">
						<content>1.832</content>
					</attRef>
					<attRef name="sdAOASpan">
						<content>0.512</content>
					</attRef>
					<attRef name="Max_logOralFreq">
						<content>2.661</content>
					</attRef>
					<attRef name="Min_logOralFreq">
						<content>0.778</content>
					</attRef>
					<attRef name="logOralFreqSpan">
						<content>1.883</content>
					</attRef>
					<attRef name="Max_logWrittenFreq">
						<content>2.872</content>
					</attRef>
					<attRef name="Min_logWrittenFreq">
						<content>1.23</content>
					</attRef>
					<attRef name="logWrittenFreqSpan">
						<content>1.642</content>
					</attRef>
					<attRef name="CorAoA">
						<content>0.5208</content>
					</attRef>
				</param>
			</lg>
			<lg n="3" type="terceto">
				<l n="9" met="+--+-+---+-" enjamb="B-ex_subj_verb" cert="low">Tetis, Nereo y Doris con espanto</l>
				<l n="10" met="-+----+--+-" enjamb="I-ex_subj_verb" cert="low">oyeron su armonía. Ni faltaste,</l>
				<l n="11" met="+--+-++--+-">grande Neptuno, y tú, Glauco, saliste.</l>
				<param name="AffectiveFeatures">
					<attRef name="Hap_Mean">
						<content>1.27</content>
					</attRef>
					<attRef name="Hap_SD">
						<content>0.64</content>
					</attRef>
					<attRef name="Ang_Mean">
						<content>2.37</content>
					</attRef>
					<attRef name="Ang_SD">
						<content>1.52</content>
					</attRef>
					<attRef name="Sad_Mean">
						<content>2.33</content>
					</attRef>
					<attRef name="Sad_SD">
						<content>1.21</content>
					</attRef>
					<attRef name="Fear_Mean">
						<content>3.37</content>
					</attRef>
					<attRef name="Fear_SD">
						<content>1.1</content>
					</attRef>
					<attRef name="Disg_Mean">
						<content>2.0</content>
					</attRef>
					<attRef name="Disg_SD">
						<content>1.17</content>
					</attRef>
					<attRef name="n_affective">
						<content>1</content>
					</attRef>
					<attRef name="ValenceMean">
						<content>24.6</content>
					</attRef>
					<attRef name="ValenceSD">
						<content>5.0</content>
					</attRef>
					<attRef name="ArousalMean">
						<content>19.7</content>
					</attRef>
					<attRef name="ArousalSD">
						<content>6.54</content>
					</attRef>
					<attRef name="n_v_a">
						<content>4</content>
					</attRef>
					<attRef name="Max_Aro">
						<content>6.35</content>
					</attRef>
					<attRef name="Min_Aro">
						<content>2.95</content>
					</attRef>
					<attRef name="ArousalSpan">
						<content>3.4</content>
					</attRef>
					<attRef name="Max_Val">
						<content>8.1</content>
					</attRef>
					<attRef name="Min_Val">
						<content>3.95</content>
					</attRef>
					<attRef name="ValenceSpan">
						<content>4.15</content>
					</attRef>
					<attRef name="CorAro">
						<content>-0.1837</content>
					</attRef>
					<attRef name="CorVal">
						<content>0.3655</content>
					</attRef>
					<attRef name="averageAoA">
						<content>25.5</content>
					</attRef>
					<attRef name="sdAOA">
						<content>7.68</content>
					</attRef>
					<attRef name="MinAoA">
						<content>10.0</content>
					</attRef>
					<attRef name="MaxAoA">
						<content>41.0</content>
					</attRef>
					<attRef name="OralFreq_Log">
						<content>7.27</content>
					</attRef>
					<attRef name="WrittenFreq_Log">
						<content>9.04</content>
					</attRef>
					<attRef name="n_aoa">
						<content>4</content>
					</attRef>
					<attRef name="Max_AoA">
						<content>9.0</content>
					</attRef>
					<attRef name="Min_AoA">
						<content>3.7</content>
					</attRef>
					<attRef name="AoASpan">
						<content>5.3</content>
					</attRef>
					<attRef name="Max_sdAOA">
						<content>2.075</content>
					</attRef>
					<attRef name="Min_sdAOA">
						<content>1.832</content>
					</attRef>
					<attRef name="sdAOASpan">
						<content>0.243</content>
					</attRef>
					<attRef name="Max_logOralFreq">
						<content>2.78</content>
					</attRef>
					<attRef name="Min_logOralFreq">
						<content>0.903</content>
					</attRef>
					<attRef name="logOralFreqSpan">
						<content>1.877</content>
					</attRef>
					<attRef name="Max_logWrittenFreq">
						<content>2.801</content>
					</attRef>
					<attRef name="Min_logWrittenFreq">
						<content>1.69</content>
					</attRef>
					<attRef name="logWrittenFreqSpan">
						<content>1.111</content>
					</attRef>
					<attRef name="CorAoA">
						<content>-0.4594</content>
					</attRef>
				</param>
			</lg>
			<lg n="4" type="terceto">
				<l n="12" met="-+--+--+-+-">¡Oh, fuerza ilustre del suave canto!,</l>
				<l n="13" met="--+--+-+-+-">si la fiera codicia no ablandaste,</l>
				<l n="14" met="+-+--++--+-">ondas, vientos, delfín, dioses venciste.</l>
				<param name="AffectiveFeatures">
					<attRef name="Hap_Mean">
						<content>9.04</content>
					</attRef>
					<attRef name="Hap_SD">
						<content>4.47</content>
					</attRef>
					<attRef name="Ang_Mean">
						<content>7.26</content>
					</attRef>
					<attRef name="Ang_SD">
						<content>3.47</content>
					</attRef>
					<attRef name="Sad_Mean">
						<content>6.63</content>
					</attRef>
					<attRef name="Sad_SD">
						<content>3.82</content>
					</attRef>
					<attRef name="Fear_Mean">
						<content>6.49</content>
					</attRef>
					<attRef name="Fear_SD">
						<content>3.7</content>
					</attRef>
					<attRef name="Disg_Mean">
						<content>6.83</content>
					</attRef>
					<attRef name="Disg_SD">
						<content>3.38</content>
					</attRef>
					<attRef name="n_affective">
						<content>4</content>
					</attRef>
					<attRef name="ValenceMean">
						<content>50.25</content>
					</attRef>
					<attRef name="ValenceSD">
						<content>12.44</content>
					</attRef>
					<attRef name="ArousalMean">
						<content>46.25</content>
					</attRef>
					<attRef name="ArousalSD">
						<content>15.45</content>
					</attRef>
					<attRef name="n_v_a">
						<content>9</content>
					</attRef>
					<attRef name="Max_Aro">
						<content>7.2</content>
					</attRef>
					<attRef name="Min_Aro">
						<content>2.7</content>
					</attRef>
					<attRef name="ArousalSpan">
						<content>4.5</content>
					</attRef>
					<attRef name="Max_Val">
						<content>7.8</content>
					</attRef>
					<attRef name="Min_Val">
						<content>2.45</content>
					</attRef>
					<attRef name="ValenceSpan">
						<content>5.35</content>
					</attRef>
					<attRef name="CorAro">
						<content>-0.0558</content>
					</attRef>
					<attRef name="CorVal">
						<content>-0.2842</content>
					</attRef>
					<attRef name="averageAoA">
						<content>45.18</content>
					</attRef>
					<attRef name="sdAOA">
						<content>16.28</content>
					</attRef>
					<attRef name="MinAoA">
						<content>15.0</content>
					</attRef>
					<attRef name="MaxAoA">
						<content>85.0</content>
					</attRef>
					<attRef name="OralFreq_Log">
						<content>18.52</content>
					</attRef>
					<attRef name="WrittenFreq_Log">
						<content>21.72</content>
					</attRef>
					<attRef name="n_aoa">
						<content>9</content>
					</attRef>
					<attRef name="Max_AoA">
						<content>8.2</content>
					</attRef>
					<attRef name="Min_AoA">
						<content>1.64</content>
					</attRef>
					<attRef name="AoASpan">
						<content>6.56</content>
					</attRef>
					<attRef name="Max_sdAOA">
						<content>2.436</content>
					</attRef>
					<attRef name="Min_sdAOA">
						<content>0.921</content>
					</attRef>
					<attRef name="sdAOASpan">
						<content>1.515</content>
					</attRef>
					<attRef name="Max_logOralFreq">
						<content>4.152</content>
					</attRef>
					<attRef name="Min_logOralFreq">
						<content>0.301</content>
					</attRef>
					<attRef name="logOralFreqSpan">
						<content>3.851</content>
					</attRef>
					<attRef name="Max_logWrittenFreq">
						<content>4.003</content>
					</attRef>
					<attRef name="Min_logWrittenFreq">
						<content>1.176</content>
					</attRef>
					<attRef name="logWrittenFreqSpan">
						<content>2.827</content>
					</attRef>
					<attRef name="CorAoA">
						<content>-0.0377</content>
					</attRef>
				</param>
			</lg>
			<param name="AffectiveFeatures">
				<attRef name="Hap_Mean">
					<content>26.94</content>
				</attRef>
				<attRef name="Hap_SD">
					<content>11.62</content>
				</attRef>
				<attRef name="Ang_Mean">
					<content>17.5</content>
				</attRef>
				<attRef name="Ang_SD">
					<content>9.0</content>
				</attRef>
				<attRef name="Sad_Mean">
					<content>17.25</content>
				</attRef>
				<attRef name="Sad_SD">
					<content>9.02</content>
				</attRef>
				<attRef name="Fear_Mean">
					<content>19.25</content>
				</attRef>
				<attRef name="Fear_SD">
					<content>9.66</content>
				</attRef>
				<attRef name="Disg_Mean">
					<content>17.54</content>
				</attRef>
				<attRef name="Disg_SD">
					<content>8.84</content>
				</attRef>
				<attRef name="n_affective">
					<content>11</content>
				</attRef>
				<attRef name="ValenceMean">
					<content>202.72</content>
				</attRef>
				<attRef name="ValenceSD">
					<content>45.02</content>
				</attRef>
				<attRef name="ArousalMean">
					<content>167.38</content>
				</attRef>
				<attRef name="ArousalSD">
					<content>58.32</content>
				</attRef>
				<attRef name="n_v_a">
					<content>34</content>
				</attRef>
				<attRef name="Max_Aro">
					<content>7.65</content>
				</attRef>
				<attRef name="Min_Aro">
					<content>2.7</content>
				</attRef>
				<attRef name="ArousalSpan">
					<content>4.95</content>
				</attRef>
				<attRef name="Max_Val">
					<content>8.25</content>
				</attRef>
				<attRef name="Min_Val">
					<content>2.45</content>
				</attRef>
				<attRef name="ValenceSpan">
					<content>5.8</content>
				</attRef>
				<attRef name="CorAro">
					<content>0.1207</content>
				</attRef>
				<attRef name="CorVal">
					<content>-0.0749</content>
				</attRef>
				<attRef name="averageAoA">
					<content>166.07</content>
				</attRef>
				<attRef name="sdAOA">
					<content>58.78</content>
				</attRef>
				<attRef name="MinAoA">
					<content>54.5</content>
				</attRef>
				<attRef name="MaxAoA">
					<content>305.0</content>
				</attRef>
				<attRef name="OralFreq_Log">
					<content>60.93</content>
				</attRef>
				<attRef name="WrittenFreq_Log">
					<content>72.46</content>
				</attRef>
				<attRef name="n_aoa">
					<content>31</content>
				</attRef>
				<attRef name="Max_AoA">
					<content>9.0</content>
				</attRef>
				<attRef name="Min_AoA">
					<content>1.64</content>
				</attRef>
				<attRef name="AoASpan">
					<content>7.36</content>
				</attRef>
				<attRef name="Max_sdAOA">
					<content>2.436</content>
				</attRef>
				<attRef name="Min_sdAOA">
					<content>0.921</content>
				</attRef>
				<attRef name="sdAOASpan">
					<content>1.515</content>
				</attRef>
				<attRef name="Max_logOralFreq">
					<content>4.152</content>
				</attRef>
				<attRef name="Min_logOralFreq">
					<content>0.301</content>
				</attRef>
				<attRef name="logOralFreqSpan">
					<content>3.851</content>
				</attRef>
				<attRef name="Max_logWrittenFreq">
					<content>4.003</content>
				</attRef>
				<attRef name="Min_logWrittenFreq">
					<content>1.176</content>
				</attRef>
				<attRef name="logWrittenFreqSpan">
					<content>2.827</content>
				</attRef>
				<attRef name="CorAoA">
					<content>0.0795</content>
				</attRef>
			</param>
		</body>
	</text>
</TEI>