<?xml version="1.0" encoding="utf-8"?>
<TEI xmlns="http://www.tei-c.org/ns/1.0">
	<teiHeader>
		<fileDesc>
			<titleStmt about="disco:po_313g0703">
				<title property="dc:title">En segura pobreza</title>
				<author property="dc:creator" resource="disco:313g" corresp="#disco_313g">Juan de Arguijo</author>
				<principal xml:id="prf">Pablo Ruiz Fabo</principal>
				<principal xml:id="heb">Helena Bermúdez Sabel</principal>
				<principal xml:id="jct">José Calvo Tello</principal>
				<principal xml:id="cimc">Clara Isabel Martínez Cantón</principal>
				<respStmt>
					<resp>Metrical annotation by</resp>
					<name xml:id="bnc">Borja Navarro Colorado</name>
				</respStmt>
			</titleStmt>
			<extent>
				<measure unit="sonnets">1</measure>
				<measure unit="tokens">93</measure>
				<measure unit="line">14</measure>
			</extent>
			<publicationStmt>
				<publisher>Diachronic Spanish Sonnet Corpus</publisher>
				<authority>POSTDATA Project</authority>
				<pubPlace>Madrid</pubPlace>
				<availability status="free">
					<p>The text is freely available</p>
				</availability>
				<date when="2017">2017</date>
				<idno type="#disco" xml:id="file_po_313g0703"></idno>
			</publicationStmt>
			<sourceDesc>
				<bibl type="digital-source">
					<hi rend="italics">Sonetos del siglo XV al XVII</hi>
					<date when="2006">2006</date>
					<ref target="http://www.cervantesvirtual.com/nd/ark:/59851/bmc2r439"></ref>
					<ref target="http://www.cervantesvirtual.com/obra/sonetos-del-siglo-xv-al-xvii--0/"></ref>
Biblioteca Cervantes Virtual,  / editados por Ramón García González, , , .				</bibl>
			</sourceDesc>
		</fileDesc>
		<profileDesc>
			<langUsage>
				<language ident="es" about="disco:po_313g0703" property="dc:language" resource="dbpedia:Idioma_español">Spanish</language>
			</langUsage>
			<particDesc>
				<listPerson>
					<person xml:id="disco_313g" about="disco:313g" typeOf="foaf:Person">
						<idno cert="high" property="rdfs:seeAlso" resource="https://viaf.org/viaf/121956947"></idno>
						<persName type="short">Arguijo</persName>
						<persName type="full">
							<forename property="foaf:givenName">Juan</forename>
							<nameLink>de</nameLink>
							<surname property="foaf:familyName">Arguijo</surname>
						</persName>
						<persName type="source" property="foaf:name">Juan de Arguijo</persName>
						<sex property="foaf:gender" content="M"></sex>
						<birth>
							<location>
								<placeName>
									<settlement property="schema:birthPlace" inlist="">Sevilla</settlement>
									<country property="schema:birthPlace" inlist="">España</country>
									<bloc property="schema:birthPlace" inlist="">Europa</bloc>
								</placeName>
							</location>
							<date property="schema:birthDate" content="1560" cert="high"></date>
							<date type="century">16</date>
						</birth>
						<death>
							<location>
								<placeName>
									<settlement property="schema:deathPlace" inlist="">Sevilla</settlement>
								</placeName>
							</location>
							<date property="schema:deathDate" content="1623" cert="high"></date>
							<date type="century">17</date>
						</death>
						<listBibl inlist="" rel="blterms:hasCreated" typeOf="schema:CreativeWork">
							<bibl resource="disco:s313g0703">
								<title property="dc:title">En segura pobreza</title>
								<title type="incipit" property="dc:alternative">En segura pobreza vive Eumelo</title>
							</bibl>
						</listBibl>
					</person>
				</listPerson>
			</particDesc>
		</profileDesc>
		<encodingDesc>
			<listPrefixDef>
				<prefixDef ident="foaf" matchPattern="([A-Za-z]+)" replacementPattern="http://xmlns.com/foaf/0.1/$1"></prefixDef>
				<prefixDef ident="dc" matchPattern="([A-Za-z]+)" replacementPattern="http://purl.org/dc/terms/$1"></prefixDef>
				<prefixDef ident="schema" matchPattern="([A-Za-z]+)" replacementPattern="http://schema.org/$1"></prefixDef>
				<prefixDef ident="dbpedia" matchPattern="([A-Za-z]+(_[A-Za-z])*)" replacementPattern="http://es.dbpedia.org/page/"></prefixDef>
				<prefixDef ident="blterms" matchPattern="([A-Za-z]+)" replacementPattern="http://www.bl.uk/schemas/bibliographic/blterms#$1"></prefixDef>
				<prefixDef ident="rdfs" matchPattern="([A-Za-z]+)" replacementPattern="http://www.w3.org/2000/01/rdf-schema#$1"></prefixDef>
			</listPrefixDef>
			<metDecl type="met" pattern="((\+|\-)+)*">
				<metSym value="+">stressed syllable</metSym>
				<metSym value="-">unstressed syllable</metSym>
			</metDecl>
			<metDecl type="met">
				<p>
					<ref target="https://github.com/bncolorado/adsoScansionSystem">ADSO</ref>
The metrical patterns were extracted automatically using the 
                    tool.				</p>
			</metDecl>
			<metDecl type="enjamb">
				<p>
					<att>enjamb</att>
					<att>cert</att>
					<ref target="https://sites.google.com/site/spanishenjambment/">ANJA
                        (Automatic eNJambment Analysis)</ref>
					<ref target="https://sites.google.com/site/spanishenjambment/enjambment-types">documentation</ref>
					<ref target="https://sites.google.com/site/spanishenjambment/tei-certitude-values">report</ref>
The values of the  atributes were extracted automatically using
                    the  tool. For more information about the
                    types of enjambment as defined in this corpus, read the . In addition, a  was added to express the
                    degree of certainty concerning the characterisation of the enjambment. The following 
                     covers this feature in deep detail.				</p>
			</metDecl>
		</encodingDesc>
		<revisionDesc>
			<change when="2017-11-02" who="#prf">Initial TEI version</change>
			<change when="2017-11-27" who="#prf">Addition of metrical annotation</change>
			<change when="2017-11-27" who="#heb">Review of authors’ metadata</change>
			<change when="2017-12-01" who="#prf">Encoding of enjambment</change>
			<change when="2017-12-01" who="#heb">Publication of 19th, 18th and Golden Age version</change>
			<change when="2018-05-16" who="#heb">Revision of RDFa attributes</change>
		</revisionDesc>
	</teiHeader>
	<text>
		<front>
			<head>En segura pobreza</head>
		</front>
		<body>
			<lg n="1" type="cuarteto">
				<l n="1" met="--+--+-+-+-">En segura pobreza vive Eumelo</l>
				<l n="2" met="-+---+-+-+-" enjamb="B-ex_subj_verb" cert="low">con dulce libertad , y le mantienen</l>
				<l n="3" met="-+-+---+-+-" enjamb="I-ex_subj_verb" cert="low">las simples aves que engañadas vienen</l>
				<l n="4" met="--+--+---+-">a los lazos y ligas sin recelo.</l>
				<param name="AffectiveFeatures">
					<attRef name="Hap_Mean">
						<content>10.13</content>
					</attRef>
					<attRef name="Hap_SD">
						<content>1.63</content>
					</attRef>
					<attRef name="Ang_Mean">
						<content>5.66</content>
					</attRef>
					<attRef name="Ang_SD">
						<content>3.0</content>
					</attRef>
					<attRef name="Sad_Mean">
						<content>7.7</content>
					</attRef>
					<attRef name="Sad_SD">
						<content>2.91</content>
					</attRef>
					<attRef name="Fear_Mean">
						<content>6.96</content>
					</attRef>
					<attRef name="Fear_SD">
						<content>3.95</content>
					</attRef>
					<attRef name="Disg_Mean">
						<content>3.94</content>
					</attRef>
					<attRef name="Disg_SD">
						<content>1.94</content>
					</attRef>
					<attRef name="n_affective">
						<content>3</content>
					</attRef>
					<attRef name="ValenceMean">
						<content>70.6</content>
					</attRef>
					<attRef name="ValenceSD">
						<content>13.51</content>
					</attRef>
					<attRef name="ArousalMean">
						<content>64.23</content>
					</attRef>
					<attRef name="ArousalSD">
						<content>22.07</content>
					</attRef>
					<attRef name="n_v_a">
						<content>12</content>
					</attRef>
					<attRef name="Max_Aro">
						<content>7.25</content>
					</attRef>
					<attRef name="Min_Aro">
						<content>3.35</content>
					</attRef>
					<attRef name="ArousalSpan">
						<content>3.9</content>
					</attRef>
					<attRef name="Max_Val">
						<content>8.6</content>
					</attRef>
					<attRef name="Min_Val">
						<content>1.6</content>
					</attRef>
					<attRef name="ValenceSpan">
						<content>7.0</content>
					</attRef>
					<attRef name="CorAro">
						<content>0.0162</content>
					</attRef>
					<attRef name="CorVal">
						<content>-0.0949</content>
					</attRef>
					<attRef name="averageAoA">
						<content>75.28</content>
					</attRef>
					<attRef name="sdAOA">
						<content>23.62</content>
					</attRef>
					<attRef name="MinAoA">
						<content>30.0</content>
					</attRef>
					<attRef name="MaxAoA">
						<content>125.0</content>
					</attRef>
					<attRef name="OralFreq_Log">
						<content>23.24</content>
					</attRef>
					<attRef name="WrittenFreq_Log">
						<content>27.21</content>
					</attRef>
					<attRef name="n_aoa">
						<content>12</content>
					</attRef>
					<attRef name="Max_AoA">
						<content>10.2</content>
					</attRef>
					<attRef name="Min_AoA">
						<content>3.56</content>
					</attRef>
					<attRef name="AoASpan">
						<content>6.64</content>
					</attRef>
					<attRef name="Max_sdAOA">
						<content>2.376</content>
					</attRef>
					<attRef name="Min_sdAOA">
						<content>1.262</content>
					</attRef>
					<attRef name="sdAOASpan">
						<content>1.114</content>
					</attRef>
					<attRef name="Max_logOralFreq">
						<content>2.766</content>
					</attRef>
					<attRef name="Min_logOralFreq">
						<content>0.845</content>
					</attRef>
					<attRef name="logOralFreqSpan">
						<content>1.921</content>
					</attRef>
					<attRef name="Max_logWrittenFreq">
						<content>2.968</content>
					</attRef>
					<attRef name="Min_logWrittenFreq">
						<content>1.38</content>
					</attRef>
					<attRef name="logWrittenFreqSpan">
						<content>1.588</content>
					</attRef>
					<attRef name="CorAoA">
						<content>0.2089</content>
					</attRef>
				</param>
			</lg>
			<lg n="2" type="cuarteto">
				<l n="5" met="--++-+-+-+-">Por mejor suerte no importuna al cielo,</l>
				<l n="6" met="+-+--+---+-" enjamb="B-ex_subj_verb" cert="low">ni se muestra envidioso a la que tienen</l>
				<l n="7" met="---+---+-+-" enjamb="B-ex_dobj_verb I-ex_subj_verb" cert="low low">los que con ansias de subir sostienen</l>
				<l n="8" met="-+-+---+-+-" enjamb="I-ex_dobj_verb" cert="low">en flacas alas al incierto vuelo.</l>
				<param name="AffectiveFeatures">
					<attRef name="Hap_Mean">
						<content>9.74</content>
					</attRef>
					<attRef name="Hap_SD">
						<content>2.51</content>
					</attRef>
					<attRef name="Ang_Mean">
						<content>3.33</content>
					</attRef>
					<attRef name="Ang_SD">
						<content>0.99</content>
					</attRef>
					<attRef name="Sad_Mean">
						<content>4.23</content>
					</attRef>
					<attRef name="Sad_SD">
						<content>2.08</content>
					</attRef>
					<attRef name="Fear_Mean">
						<content>5.2</content>
					</attRef>
					<attRef name="Fear_SD">
						<content>3.06</content>
					</attRef>
					<attRef name="Disg_Mean">
						<content>3.46</content>
					</attRef>
					<attRef name="Disg_SD">
						<content>1.06</content>
					</attRef>
					<attRef name="n_affective">
						<content>3</content>
					</attRef>
					<attRef name="ValenceMean">
						<content>71.27</content>
					</attRef>
					<attRef name="ValenceSD">
						<content>17.04</content>
					</attRef>
					<attRef name="ArousalMean">
						<content>72.63</content>
					</attRef>
					<attRef name="ArousalSD">
						<content>20.73</content>
					</attRef>
					<attRef name="n_v_a">
						<content>13</content>
					</attRef>
					<attRef name="Max_Aro">
						<content>7.6</content>
					</attRef>
					<attRef name="Min_Aro">
						<content>2.95</content>
					</attRef>
					<attRef name="ArousalSpan">
						<content>4.65</content>
					</attRef>
					<attRef name="Max_Val">
						<content>7.85</content>
					</attRef>
					<attRef name="Min_Val">
						<content>2.25</content>
					</attRef>
					<attRef name="ValenceSpan">
						<content>5.6</content>
					</attRef>
					<attRef name="CorAro">
						<content>0.1047</content>
					</attRef>
					<attRef name="CorVal">
						<content>-0.3</content>
					</attRef>
					<attRef name="averageAoA">
						<content>56.02</content>
					</attRef>
					<attRef name="sdAOA">
						<content>17.7</content>
					</attRef>
					<attRef name="MinAoA">
						<content>17.0</content>
					</attRef>
					<attRef name="MaxAoA">
						<content>97.0</content>
					</attRef>
					<attRef name="OralFreq_Log">
						<content>17.81</content>
					</attRef>
					<attRef name="WrittenFreq_Log">
						<content>23.18</content>
					</attRef>
					<attRef name="n_aoa">
						<content>10</content>
					</attRef>
					<attRef name="Max_AoA">
						<content>9.46</content>
					</attRef>
					<attRef name="Min_AoA">
						<content>3.58</content>
					</attRef>
					<attRef name="AoASpan">
						<content>5.88</content>
					</attRef>
					<attRef name="Max_sdAOA">
						<content>2.27</content>
					</attRef>
					<attRef name="Min_sdAOA">
						<content>1.267</content>
					</attRef>
					<attRef name="sdAOASpan">
						<content>1.003</content>
					</attRef>
					<attRef name="Max_logOralFreq">
						<content>3.548</content>
					</attRef>
					<attRef name="Min_logOralFreq">
						<content>0.699</content>
					</attRef>
					<attRef name="logOralFreqSpan">
						<content>2.849</content>
					</attRef>
					<attRef name="Max_logWrittenFreq">
						<content>3.423</content>
					</attRef>
					<attRef name="Min_logWrittenFreq">
						<content>1.663</content>
					</attRef>
					<attRef name="logWrittenFreqSpan">
						<content>1.76</content>
					</attRef>
					<attRef name="CorAoA">
						<content>0.1971</content>
					</attRef>
				</param>
			</lg>
			<lg n="3" type="terceto">
				<l n="9" met="+--+-+-+++-">Muerte tras luengos años no le espanta,</l>
				<l n="10" met="-+-+---+-+-">ni la recibe con indigna queja,</l>
				<l n="11" met="---+-+-+-+-">mas con sosiego grato y faz amiga.</l>
				<param name="AffectiveFeatures">
					<attRef name="Hap_Mean">
						<content>8.97</content>
					</attRef>
					<attRef name="Hap_SD">
						<content>3.31</content>
					</attRef>
					<attRef name="Ang_Mean">
						<content>10.39</content>
					</attRef>
					<attRef name="Ang_SD">
						<content>5.25</content>
					</attRef>
					<attRef name="Sad_Mean">
						<content>12.13</content>
					</attRef>
					<attRef name="Sad_SD">
						<content>4.35</content>
					</attRef>
					<attRef name="Fear_Mean">
						<content>12.08</content>
					</attRef>
					<attRef name="Fear_SD">
						<content>4.25</content>
					</attRef>
					<attRef name="Disg_Mean">
						<content>7.5</content>
					</attRef>
					<attRef name="Disg_SD">
						<content>4.02</content>
					</attRef>
					<attRef name="n_affective">
						<content>5</content>
					</attRef>
					<attRef name="ValenceMean">
						<content>56.69</content>
					</attRef>
					<attRef name="ValenceSD">
						<content>14.06</content>
					</attRef>
					<attRef name="ArousalMean">
						<content>60.3</content>
					</attRef>
					<attRef name="ArousalSD">
						<content>17.32</content>
					</attRef>
					<attRef name="n_v_a">
						<content>11</content>
					</attRef>
					<attRef name="Max_Aro">
						<content>7.93</content>
					</attRef>
					<attRef name="Min_Aro">
						<content>3.3</content>
					</attRef>
					<attRef name="ArousalSpan">
						<content>4.63</content>
					</attRef>
					<attRef name="Max_Val">
						<content>8.05</content>
					</attRef>
					<attRef name="Min_Val">
						<content>1.45</content>
					</attRef>
					<attRef name="ValenceSpan">
						<content>6.6</content>
					</attRef>
					<attRef name="CorAro">
						<content>-0.7194</content>
					</attRef>
					<attRef name="CorVal">
						<content>0.7078</content>
					</attRef>
					<attRef name="averageAoA">
						<content>68.75</content>
					</attRef>
					<attRef name="sdAOA">
						<content>19.32</content>
					</attRef>
					<attRef name="MinAoA">
						<content>27.0</content>
					</attRef>
					<attRef name="MaxAoA">
						<content>103.33</content>
					</attRef>
					<attRef name="OralFreq_Log">
						<content>19.48</content>
					</attRef>
					<attRef name="WrittenFreq_Log">
						<content>24.64</content>
					</attRef>
					<attRef name="n_aoa">
						<content>10</content>
					</attRef>
					<attRef name="Max_AoA">
						<content>10.3</content>
					</attRef>
					<attRef name="Min_AoA">
						<content>3.5</content>
					</attRef>
					<attRef name="AoASpan">
						<content>6.8</content>
					</attRef>
					<attRef name="Max_sdAOA">
						<content>2.789</content>
					</attRef>
					<attRef name="Min_sdAOA">
						<content>1.282</content>
					</attRef>
					<attRef name="sdAOASpan">
						<content>1.507</content>
					</attRef>
					<attRef name="Max_logOralFreq">
						<content>3.382</content>
					</attRef>
					<attRef name="Min_logOralFreq">
						<content>0.602</content>
					</attRef>
					<attRef name="logOralFreqSpan">
						<content>2.78</content>
					</attRef>
					<attRef name="Max_logWrittenFreq">
						<content>3.342</content>
					</attRef>
					<attRef name="Min_logWrittenFreq">
						<content>1.602</content>
					</attRef>
					<attRef name="logWrittenFreqSpan">
						<content>1.74</content>
					</attRef>
					<attRef name="CorAoA">
						<content>0.2613</content>
					</attRef>
				</param>
			</lg>
			<lg n="4" type="terceto">
				<l n="12" met="-+-+---+-+-">Al fin, muriendo con pobreza tanta,</l>
				<l n="13" met="+-+--+--++-" enjamb="B-ex_dobj_verb" cert="low">ricos juzga sus hijos, pues les deja</l>
				<l n="14" met="---+-+---+-" enjamb="I-ex_dobj_verb" cert="low">la libertad, las aves y la liga.</l>
				<param name="AffectiveFeatures">
					<attRef name="Hap_Mean">
						<content>12.86</content>
					</attRef>
					<attRef name="Hap_SD">
						<content>2.78</content>
					</attRef>
					<attRef name="Ang_Mean">
						<content>9.33</content>
					</attRef>
					<attRef name="Ang_SD">
						<content>5.46</content>
					</attRef>
					<attRef name="Sad_Mean">
						<content>13.13</content>
					</attRef>
					<attRef name="Sad_SD">
						<content>4.12</content>
					</attRef>
					<attRef name="Fear_Mean">
						<content>11.33</content>
					</attRef>
					<attRef name="Fear_SD">
						<content>6.04</content>
					</attRef>
					<attRef name="Disg_Mean">
						<content>7.47</content>
					</attRef>
					<attRef name="Disg_SD">
						<content>4.28</content>
					</attRef>
					<attRef name="n_affective">
						<content>5</content>
					</attRef>
					<attRef name="ValenceMean">
						<content>58.25</content>
					</attRef>
					<attRef name="ValenceSD">
						<content>15.23</content>
					</attRef>
					<attRef name="ArousalMean">
						<content>68.88</content>
					</attRef>
					<attRef name="ArousalSD">
						<content>21.0</content>
					</attRef>
					<attRef name="n_v_a">
						<content>12</content>
					</attRef>
					<attRef name="Max_Aro">
						<content>7.35</content>
					</attRef>
					<attRef name="Min_Aro">
						<content>4.55</content>
					</attRef>
					<attRef name="ArousalSpan">
						<content>2.8</content>
					</attRef>
					<attRef name="Max_Val">
						<content>8.6</content>
					</attRef>
					<attRef name="Min_Val">
						<content>1.6</content>
					</attRef>
					<attRef name="ValenceSpan">
						<content>7.0</content>
					</attRef>
					<attRef name="CorAro">
						<content>-0.6351</content>
					</attRef>
					<attRef name="CorVal">
						<content>0.5352</content>
					</attRef>
					<attRef name="averageAoA">
						<content>69.82</content>
					</attRef>
					<attRef name="sdAOA">
						<content>24.21</content>
					</attRef>
					<attRef name="MinAoA">
						<content>27.0</content>
					</attRef>
					<attRef name="MaxAoA">
						<content>122.0</content>
					</attRef>
					<attRef name="OralFreq_Log">
						<content>31.33</content>
					</attRef>
					<attRef name="WrittenFreq_Log">
						<content>31.96</content>
					</attRef>
					<attRef name="n_aoa">
						<content>12</content>
					</attRef>
					<attRef name="Max_AoA">
						<content>9.22</content>
					</attRef>
					<attRef name="Min_AoA">
						<content>3.08</content>
					</attRef>
					<attRef name="AoASpan">
						<content>6.14</content>
					</attRef>
					<attRef name="Max_sdAOA">
						<content>2.902</content>
					</attRef>
					<attRef name="Min_sdAOA">
						<content>1.782</content>
					</attRef>
					<attRef name="sdAOASpan">
						<content>1.12</content>
					</attRef>
					<attRef name="Max_logOralFreq">
						<content>4.257</content>
					</attRef>
					<attRef name="Min_logOralFreq">
						<content>1.699</content>
					</attRef>
					<attRef name="logOralFreqSpan">
						<content>2.558</content>
					</attRef>
					<attRef name="Max_logWrittenFreq">
						<content>3.483</content>
					</attRef>
					<attRef name="Min_logWrittenFreq">
						<content>1.924</content>
					</attRef>
					<attRef name="logWrittenFreqSpan">
						<content>1.559</content>
					</attRef>
					<attRef name="CorAoA">
						<content>0.1113</content>
					</attRef>
				</param>
			</lg>
			<param name="AffectiveFeatures">
				<attRef name="Hap_Mean">
					<content>41.7</content>
				</attRef>
				<attRef name="Hap_SD">
					<content>10.23</content>
				</attRef>
				<attRef name="Ang_Mean">
					<content>28.71</content>
				</attRef>
				<attRef name="Ang_SD">
					<content>14.7</content>
				</attRef>
				<attRef name="Sad_Mean">
					<content>37.19</content>
				</attRef>
				<attRef name="Sad_SD">
					<content>13.46</content>
				</attRef>
				<attRef name="Fear_Mean">
					<content>35.57</content>
				</attRef>
				<attRef name="Fear_SD">
					<content>17.3</content>
				</attRef>
				<attRef name="Disg_Mean">
					<content>22.37</content>
				</attRef>
				<attRef name="Disg_SD">
					<content>11.3</content>
				</attRef>
				<attRef name="n_affective">
					<content>16</content>
				</attRef>
				<attRef name="ValenceMean">
					<content>256.81</content>
				</attRef>
				<attRef name="ValenceSD">
					<content>59.84</content>
				</attRef>
				<attRef name="ArousalMean">
					<content>266.04</content>
				</attRef>
				<attRef name="ArousalSD">
					<content>81.12</content>
				</attRef>
				<attRef name="n_v_a">
					<content>48</content>
				</attRef>
				<attRef name="Max_Aro">
					<content>7.93</content>
				</attRef>
				<attRef name="Min_Aro">
					<content>2.95</content>
				</attRef>
				<attRef name="ArousalSpan">
					<content>4.98</content>
				</attRef>
				<attRef name="Max_Val">
					<content>8.6</content>
				</attRef>
				<attRef name="Min_Val">
					<content>1.45</content>
				</attRef>
				<attRef name="ValenceSpan">
					<content>7.15</content>
				</attRef>
				<attRef name="CorAro">
					<content>0.04</content>
				</attRef>
				<attRef name="CorVal">
					<content>-0.1358</content>
				</attRef>
				<attRef name="averageAoA">
					<content>269.87</content>
				</attRef>
				<attRef name="sdAOA">
					<content>84.85</content>
				</attRef>
				<attRef name="MinAoA">
					<content>101.0</content>
				</attRef>
				<attRef name="MaxAoA">
					<content>447.33</content>
				</attRef>
				<attRef name="OralFreq_Log">
					<content>91.85</content>
				</attRef>
				<attRef name="WrittenFreq_Log">
					<content>106.99</content>
				</attRef>
				<attRef name="n_aoa">
					<content>44</content>
				</attRef>
				<attRef name="Max_AoA">
					<content>10.3</content>
				</attRef>
				<attRef name="Min_AoA">
					<content>3.08</content>
				</attRef>
				<attRef name="AoASpan">
					<content>7.22</content>
				</attRef>
				<attRef name="Max_sdAOA">
					<content>2.902</content>
				</attRef>
				<attRef name="Min_sdAOA">
					<content>1.262</content>
				</attRef>
				<attRef name="sdAOASpan">
					<content>1.64</content>
				</attRef>
				<attRef name="Max_logOralFreq">
					<content>4.257</content>
				</attRef>
				<attRef name="Min_logOralFreq">
					<content>0.602</content>
				</attRef>
				<attRef name="logOralFreqSpan">
					<content>3.655</content>
				</attRef>
				<attRef name="Max_logWrittenFreq">
					<content>3.483</content>
				</attRef>
				<attRef name="Min_logWrittenFreq">
					<content>1.38</content>
				</attRef>
				<attRef name="logWrittenFreqSpan">
					<content>2.103</content>
				</attRef>
				<attRef name="CorAoA">
					<content>0.0304</content>
				</attRef>
			</param>
		</body>
	</text>
</TEI>