<?xml version="1.0" encoding="utf-8"?>
<TEI xmlns="http://www.tei-c.org/ns/1.0">
	<teiHeader>
		<fileDesc>
			<titleStmt about="disco:po_313g0671">
				<title property="dc:title">- XXVII -</title>
				<author property="dc:creator" resource="disco:313g" corresp="#disco_313g">Juan de Arguijo</author>
				<principal xml:id="prf">Pablo Ruiz Fabo</principal>
				<principal xml:id="heb">Helena Bermúdez Sabel</principal>
				<principal xml:id="jct">José Calvo Tello</principal>
				<principal xml:id="cimc">Clara Isabel Martínez Cantón</principal>
				<respStmt>
					<resp>Metrical annotation by</resp>
					<name xml:id="bnc">Borja Navarro Colorado</name>
				</respStmt>
			</titleStmt>
			<extent>
				<measure unit="sonnets">1</measure>
				<measure unit="tokens">94</measure>
				<measure unit="line">14</measure>
			</extent>
			<publicationStmt>
				<publisher>Diachronic Spanish Sonnet Corpus</publisher>
				<authority>POSTDATA Project</authority>
				<pubPlace>Madrid</pubPlace>
				<availability status="free">
					<p>The text is freely available</p>
				</availability>
				<date when="2017">2017</date>
				<idno type="#disco" xml:id="file_po_313g0671"></idno>
			</publicationStmt>
			<sourceDesc>
				<bibl type="digital-source">
					<hi rend="italics">Sonetos del siglo XV al XVII</hi>
					<date when="2006">2006</date>
					<ref target="http://www.cervantesvirtual.com/nd/ark:/59851/bmc2r439"></ref>
					<ref target="http://www.cervantesvirtual.com/obra/sonetos-del-siglo-xv-al-xvii--0/"></ref>
Biblioteca Cervantes Virtual,  / editados por Ramón García González, , , .				</bibl>
			</sourceDesc>
		</fileDesc>
		<profileDesc>
			<langUsage>
				<language ident="es" about="disco:po_313g0671" property="dc:language" resource="dbpedia:Idioma_español">Spanish</language>
			</langUsage>
			<particDesc>
				<listPerson>
					<person xml:id="disco_313g" about="disco:313g" typeOf="foaf:Person">
						<idno cert="high" property="rdfs:seeAlso" resource="https://viaf.org/viaf/121956947"></idno>
						<persName type="short">Arguijo</persName>
						<persName type="full">
							<forename property="foaf:givenName">Juan</forename>
							<nameLink>de</nameLink>
							<surname property="foaf:familyName">Arguijo</surname>
						</persName>
						<persName type="source" property="foaf:name">Juan de Arguijo</persName>
						<sex property="foaf:gender" content="M"></sex>
						<birth>
							<location>
								<placeName>
									<settlement property="schema:birthPlace" inlist="">Sevilla</settlement>
									<country property="schema:birthPlace" inlist="">España</country>
									<bloc property="schema:birthPlace" inlist="">Europa</bloc>
								</placeName>
							</location>
							<date property="schema:birthDate" content="1560" cert="high"></date>
							<date type="century">16</date>
						</birth>
						<death>
							<location>
								<placeName>
									<settlement property="schema:deathPlace" inlist="">Sevilla</settlement>
								</placeName>
							</location>
							<date property="schema:deathDate" content="1623" cert="high"></date>
							<date type="century">17</date>
						</death>
						<listBibl inlist="" rel="blterms:hasCreated" typeOf="schema:CreativeWork">
							<bibl resource="disco:s313g0671">
								<title property="dc:title">- XXVII -</title>
								<title type="incipit" property="dc:alternative">Castiga el cielo a Tántalo inhumano,</title>
							</bibl>
						</listBibl>
					</person>
				</listPerson>
			</particDesc>
		</profileDesc>
		<encodingDesc>
			<listPrefixDef>
				<prefixDef ident="foaf" matchPattern="([A-Za-z]+)" replacementPattern="http://xmlns.com/foaf/0.1/$1"></prefixDef>
				<prefixDef ident="dc" matchPattern="([A-Za-z]+)" replacementPattern="http://purl.org/dc/terms/$1"></prefixDef>
				<prefixDef ident="schema" matchPattern="([A-Za-z]+)" replacementPattern="http://schema.org/$1"></prefixDef>
				<prefixDef ident="dbpedia" matchPattern="([A-Za-z]+(_[A-Za-z])*)" replacementPattern="http://es.dbpedia.org/page/"></prefixDef>
				<prefixDef ident="blterms" matchPattern="([A-Za-z]+)" replacementPattern="http://www.bl.uk/schemas/bibliographic/blterms#$1"></prefixDef>
				<prefixDef ident="rdfs" matchPattern="([A-Za-z]+)" replacementPattern="http://www.w3.org/2000/01/rdf-schema#$1"></prefixDef>
			</listPrefixDef>
			<metDecl type="met" pattern="((\+|\-)+)*">
				<metSym value="+">stressed syllable</metSym>
				<metSym value="-">unstressed syllable</metSym>
			</metDecl>
			<metDecl type="met">
				<p>
					<ref target="https://github.com/bncolorado/adsoScansionSystem">ADSO</ref>
The metrical patterns were extracted automatically using the 
                    tool.				</p>
			</metDecl>
			<metDecl type="enjamb">
				<p>
					<att>enjamb</att>
					<att>cert</att>
					<ref target="https://sites.google.com/site/spanishenjambment/">ANJA
                        (Automatic eNJambment Analysis)</ref>
					<ref target="https://sites.google.com/site/spanishenjambment/enjambment-types">documentation</ref>
					<ref target="https://sites.google.com/site/spanishenjambment/tei-certitude-values">report</ref>
The values of the  atributes were extracted automatically using
                    the  tool. For more information about the
                    types of enjambment as defined in this corpus, read the . In addition, a  was added to express the
                    degree of certainty concerning the characterisation of the enjambment. The following 
                     covers this feature in deep detail.				</p>
			</metDecl>
		</encodingDesc>
		<revisionDesc>
			<change when="2017-11-02" who="#prf">Initial TEI version</change>
			<change when="2017-11-27" who="#prf">Addition of metrical annotation</change>
			<change when="2017-11-27" who="#heb">Review of authors’ metadata</change>
			<change when="2017-12-01" who="#prf">Encoding of enjambment</change>
			<change when="2017-12-01" who="#heb">Publication of 19th, 18th and Golden Age version</change>
			<change when="2018-05-16" who="#heb">Revision of RDFa attributes</change>
		</revisionDesc>
	</teiHeader>
	<text>
		<front>
			<head>- XXVII -</head>
		</front>
		<body>
			<lg n="1" type="cuarteto">
				<l n="1" met="-+-+-+---+-">Castiga el cielo a Tántalo inhumano,</l>
				<l n="2" met="--++---+-+-">que en impía mesa su rigor provoca,</l>
				<l n="3" met="-+-+---+-+-">medir queriendo en competencia loca,</l>
				<l n="4" met="-+-+---+-+-">saber divino con engaño humano.</l>
				<param name="AffectiveFeatures">
					<attRef name="Hap_Mean">
						<content>16.2</content>
					</attRef>
					<attRef name="Hap_SD">
						<content>5.85</content>
					</attRef>
					<attRef name="Ang_Mean">
						<content>15.46</content>
					</attRef>
					<attRef name="Ang_SD">
						<content>6.69</content>
					</attRef>
					<attRef name="Sad_Mean">
						<content>17.59</content>
					</attRef>
					<attRef name="Sad_SD">
						<content>8.08</content>
					</attRef>
					<attRef name="Fear_Mean">
						<content>17.22</content>
					</attRef>
					<attRef name="Fear_SD">
						<content>8.77</content>
					</attRef>
					<attRef name="Disg_Mean">
						<content>12.15</content>
					</attRef>
					<attRef name="Disg_SD">
						<content>6.0</content>
					</attRef>
					<attRef name="n_affective">
						<content>7</content>
					</attRef>
					<attRef name="ValenceMean">
						<content>77.52</content>
					</attRef>
					<attRef name="ValenceSD">
						<content>21.29</content>
					</attRef>
					<attRef name="ArousalMean">
						<content>84.69</content>
					</attRef>
					<attRef name="ArousalSD">
						<content>23.27</content>
					</attRef>
					<attRef name="n_v_a">
						<content>15</content>
					</attRef>
					<attRef name="Max_Aro">
						<content>7.73</content>
					</attRef>
					<attRef name="Min_Aro">
						<content>2.95</content>
					</attRef>
					<attRef name="ArousalSpan">
						<content>4.78</content>
					</attRef>
					<attRef name="Max_Val">
						<content>7.95</content>
					</attRef>
					<attRef name="Min_Val">
						<content>2.15</content>
					</attRef>
					<attRef name="ValenceSpan">
						<content>5.8</content>
					</attRef>
					<attRef name="CorAro">
						<content>0.0822</content>
					</attRef>
					<attRef name="CorVal">
						<content>0.259</content>
					</attRef>
					<attRef name="averageAoA">
						<content>72.48</content>
					</attRef>
					<attRef name="sdAOA">
						<content>22.89</content>
					</attRef>
					<attRef name="MinAoA">
						<content>28.0</content>
					</attRef>
					<attRef name="MaxAoA">
						<content>121.0</content>
					</attRef>
					<attRef name="OralFreq_Log">
						<content>22.02</content>
					</attRef>
					<attRef name="WrittenFreq_Log">
						<content>28.22</content>
					</attRef>
					<attRef name="n_aoa">
						<content>12</content>
					</attRef>
					<attRef name="Max_AoA">
						<content>10.0</content>
					</attRef>
					<attRef name="Min_AoA">
						<content>2.96</content>
					</attRef>
					<attRef name="AoASpan">
						<content>7.04</content>
					</attRef>
					<attRef name="Max_sdAOA">
						<content>2.249</content>
					</attRef>
					<attRef name="Min_sdAOA">
						<content>1.471</content>
					</attRef>
					<attRef name="sdAOASpan">
						<content>0.778</content>
					</attRef>
					<attRef name="Max_logOralFreq">
						<content>2.916</content>
					</attRef>
					<attRef name="Min_logOralFreq">
						<content>0.845</content>
					</attRef>
					<attRef name="logOralFreqSpan">
						<content>2.071</content>
					</attRef>
					<attRef name="Max_logWrittenFreq">
						<content>3.071</content>
					</attRef>
					<attRef name="Min_logWrittenFreq">
						<content>1.477</content>
					</attRef>
					<attRef name="logWrittenFreqSpan">
						<content>1.594</content>
					</attRef>
					<attRef name="CorAoA">
						<content>0.3967</content>
					</attRef>
				</param>
			</lg>
			<lg n="2" type="cuarteto">
				<l n="5" met="+--+-+---+-">Agua en las aguas busca, y con la mano</l>
				<l n="6" met="-+---+-+-+-">el árbol fugitivo casi toca;</l>
				<l n="7" met="+--+-+---+-">huye el copioso Erídano a su boca,</l>
				<l n="8" met="---+-+-+-+-">y en vez de fruta aprieta el aire vano.</l>
				<param name="AffectiveFeatures">
					<attRef name="Hap_Mean">
						<content>9.51</content>
					</attRef>
					<attRef name="Hap_SD">
						<content>4.81</content>
					</attRef>
					<attRef name="Ang_Mean">
						<content>5.59</content>
					</attRef>
					<attRef name="Ang_SD">
						<content>2.35</content>
					</attRef>
					<attRef name="Sad_Mean">
						<content>5.66</content>
					</attRef>
					<attRef name="Sad_SD">
						<content>3.01</content>
					</attRef>
					<attRef name="Fear_Mean">
						<content>6.83</content>
					</attRef>
					<attRef name="Fear_SD">
						<content>2.33</content>
					</attRef>
					<attRef name="Disg_Mean">
						<content>5.1</content>
					</attRef>
					<attRef name="Disg_SD">
						<content>2.44</content>
					</attRef>
					<attRef name="n_affective">
						<content>4</content>
					</attRef>
					<attRef name="ValenceMean">
						<content>72.39</content>
					</attRef>
					<attRef name="ValenceSD">
						<content>17.61</content>
					</attRef>
					<attRef name="ArousalMean">
						<content>65.72</content>
					</attRef>
					<attRef name="ArousalSD">
						<content>19.31</content>
					</attRef>
					<attRef name="n_v_a">
						<content>13</content>
					</attRef>
					<attRef name="Max_Aro">
						<content>6.8</content>
					</attRef>
					<attRef name="Min_Aro">
						<content>3.35</content>
					</attRef>
					<attRef name="ArousalSpan">
						<content>3.45</content>
					</attRef>
					<attRef name="Max_Val">
						<content>7.48</content>
					</attRef>
					<attRef name="Min_Val">
						<content>2.3</content>
					</attRef>
					<attRef name="ValenceSpan">
						<content>5.18</content>
					</attRef>
					<attRef name="CorAro">
						<content>-0.161</content>
					</attRef>
					<attRef name="CorVal">
						<content>0.0054</content>
					</attRef>
					<attRef name="averageAoA">
						<content>44.92</content>
					</attRef>
					<attRef name="sdAOA">
						<content>20.66</content>
					</attRef>
					<attRef name="MinAoA">
						<content>14.0</content>
					</attRef>
					<attRef name="MaxAoA">
						<content>96.0</content>
					</attRef>
					<attRef name="OralFreq_Log">
						<content>26.42</content>
					</attRef>
					<attRef name="WrittenFreq_Log">
						<content>30.91</content>
					</attRef>
					<attRef name="n_aoa">
						<content>11</content>
					</attRef>
					<attRef name="Max_AoA">
						<content>7.22</content>
					</attRef>
					<attRef name="Min_AoA">
						<content>1.94</content>
					</attRef>
					<attRef name="AoASpan">
						<content>5.28</content>
					</attRef>
					<attRef name="Max_sdAOA">
						<content>3.439</content>
					</attRef>
					<attRef name="Min_sdAOA">
						<content>1.15</content>
					</attRef>
					<attRef name="sdAOASpan">
						<content>2.289</content>
					</attRef>
					<attRef name="Max_logOralFreq">
						<content>3.51</content>
					</attRef>
					<attRef name="Min_logOralFreq">
						<content>1.342</content>
					</attRef>
					<attRef name="logOralFreqSpan">
						<content>2.168</content>
					</attRef>
					<attRef name="Max_logWrittenFreq">
						<content>3.62</content>
					</attRef>
					<attRef name="Min_logWrittenFreq">
						<content>1.857</content>
					</attRef>
					<attRef name="logWrittenFreqSpan">
						<content>1.763</content>
					</attRef>
					<attRef name="CorAoA">
						<content>0.3311</content>
					</attRef>
				</param>
			</lg>
			<lg n="3" type="terceto">
				<l n="9" met="+--+---+-+-">Tú, que espantado de su pena, admiras,</l>
				<l n="10" met="--+--+-+-+-" enjamb="B-pb_noun_prep" cert="medium">que el cercano manjar en largo ayuno</l>
				<l n="11" met="-+-+---+-+-" enjamb="I-pb_noun_prep" cert="medium">al gusto falte y a la vista sobre:</l>
				<param name="AffectiveFeatures">
					<attRef name="Hap_Mean">
						<content>8.97</content>
					</attRef>
					<attRef name="Hap_SD">
						<content>3.0</content>
					</attRef>
					<attRef name="Ang_Mean">
						<content>6.7</content>
					</attRef>
					<attRef name="Ang_SD">
						<content>3.91</content>
					</attRef>
					<attRef name="Sad_Mean">
						<content>9.36</content>
					</attRef>
					<attRef name="Sad_SD">
						<content>3.37</content>
					</attRef>
					<attRef name="Fear_Mean">
						<content>8.58</content>
					</attRef>
					<attRef name="Fear_SD">
						<content>3.73</content>
					</attRef>
					<attRef name="Disg_Mean">
						<content>5.97</content>
					</attRef>
					<attRef name="Disg_SD">
						<content>3.19</content>
					</attRef>
					<attRef name="n_affective">
						<content>4</content>
					</attRef>
					<attRef name="ValenceMean">
						<content>54.15</content>
					</attRef>
					<attRef name="ValenceSD">
						<content>11.44</content>
					</attRef>
					<attRef name="ArousalMean">
						<content>53.0</content>
					</attRef>
					<attRef name="ArousalSD">
						<content>17.39</content>
					</attRef>
					<attRef name="n_v_a">
						<content>10</content>
					</attRef>
					<attRef name="Max_Aro">
						<content>6.35</content>
					</attRef>
					<attRef name="Min_Aro">
						<content>4.05</content>
					</attRef>
					<attRef name="ArousalSpan">
						<content>2.3</content>
					</attRef>
					<attRef name="Max_Val">
						<content>7.65</content>
					</attRef>
					<attRef name="Min_Val">
						<content>1.9</content>
					</attRef>
					<attRef name="ValenceSpan">
						<content>5.75</content>
					</attRef>
					<attRef name="CorAro">
						<content>-0.344</content>
					</attRef>
					<attRef name="CorVal">
						<content>0.1927</content>
					</attRef>
					<attRef name="averageAoA">
						<content>42.58</content>
					</attRef>
					<attRef name="sdAOA">
						<content>13.75</content>
					</attRef>
					<attRef name="MinAoA">
						<content>15.0</content>
					</attRef>
					<attRef name="MaxAoA">
						<content>70.0</content>
					</attRef>
					<attRef name="OralFreq_Log">
						<content>12.96</content>
					</attRef>
					<attRef name="WrittenFreq_Log">
						<content>15.32</content>
					</attRef>
					<attRef name="n_aoa">
						<content>7</content>
					</attRef>
					<attRef name="Max_AoA">
						<content>8.78</content>
					</attRef>
					<attRef name="Min_AoA">
						<content>3.02</content>
					</attRef>
					<attRef name="AoASpan">
						<content>5.76</content>
					</attRef>
					<attRef name="Max_sdAOA">
						<content>2.449</content>
					</attRef>
					<attRef name="Min_sdAOA">
						<content>1.518</content>
					</attRef>
					<attRef name="sdAOASpan">
						<content>0.931</content>
					</attRef>
					<attRef name="Max_logOralFreq">
						<content>2.73</content>
					</attRef>
					<attRef name="Min_logOralFreq">
						<content>0.903</content>
					</attRef>
					<attRef name="logOralFreqSpan">
						<content>1.827</content>
					</attRef>
					<attRef name="Max_logWrittenFreq">
						<content>2.885</content>
					</attRef>
					<attRef name="Min_logWrittenFreq">
						<content>1.462</content>
					</attRef>
					<attRef name="logWrittenFreqSpan">
						<content>1.423</content>
					</attRef>
					<attRef name="CorAoA">
						<content>-0.9354</content>
					</attRef>
				</param>
			</lg>
			<lg n="4" type="terceto">
				<l n="12" met="+--+-+--++-">¿Cómo de muchos Tántalos no miras</l>
				<l n="13" met="-+--+--+-+-" enjamb="B-ex_subj_verb" cert="low">ejemplo igual? Y si codicias uno</l>
				<l n="14" met="+--+---+-+-" enjamb="I-ex_subj_verb" cert="low">mira al avaro en sus riquezas pobre.</l>
				<param name="AffectiveFeatures">
					<attRef name="Hap_Mean">
						<content>5.8</content>
					</attRef>
					<attRef name="Hap_SD">
						<content>2.39</content>
					</attRef>
					<attRef name="Ang_Mean">
						<content>5.03</content>
					</attRef>
					<attRef name="Ang_SD">
						<content>3.21</content>
					</attRef>
					<attRef name="Sad_Mean">
						<content>7.2</content>
					</attRef>
					<attRef name="Sad_SD">
						<content>2.52</content>
					</attRef>
					<attRef name="Fear_Mean">
						<content>4.43</content>
					</attRef>
					<attRef name="Fear_SD">
						<content>2.63</content>
					</attRef>
					<attRef name="Disg_Mean">
						<content>3.84</content>
					</attRef>
					<attRef name="Disg_SD">
						<content>2.14</content>
					</attRef>
					<attRef name="n_affective">
						<content>3</content>
					</attRef>
					<attRef name="ValenceMean">
						<content>42.62</content>
					</attRef>
					<attRef name="ValenceSD">
						<content>8.56</content>
					</attRef>
					<attRef name="ArousalMean">
						<content>42.51</content>
					</attRef>
					<attRef name="ArousalSD">
						<content>12.66</content>
					</attRef>
					<attRef name="n_v_a">
						<content>8</content>
					</attRef>
					<attRef name="Max_Aro">
						<content>6.4</content>
					</attRef>
					<attRef name="Min_Aro">
						<content>4.4</content>
					</attRef>
					<attRef name="ArousalSpan">
						<content>2.0</content>
					</attRef>
					<attRef name="Max_Val">
						<content>7.3</content>
					</attRef>
					<attRef name="Min_Val">
						<content>2.1</content>
					</attRef>
					<attRef name="ValenceSpan">
						<content>5.2</content>
					</attRef>
					<attRef name="CorAro">
						<content>0.678</content>
					</attRef>
					<attRef name="CorVal">
						<content>-0.3492</content>
					</attRef>
					<attRef name="averageAoA">
						<content>34.96</content>
					</attRef>
					<attRef name="sdAOA">
						<content>13.16</content>
					</attRef>
					<attRef name="MinAoA">
						<content>14.0</content>
					</attRef>
					<attRef name="MaxAoA">
						<content>70.0</content>
					</attRef>
					<attRef name="OralFreq_Log">
						<content>22.9</content>
					</attRef>
					<attRef name="WrittenFreq_Log">
						<content>22.96</content>
					</attRef>
					<attRef name="n_aoa">
						<content>8</content>
					</attRef>
					<attRef name="Max_AoA">
						<content>7.16</content>
					</attRef>
					<attRef name="Min_AoA">
						<content>1.64</content>
					</attRef>
					<attRef name="AoASpan">
						<content>5.52</content>
					</attRef>
					<attRef name="Max_sdAOA">
						<content>2.243</content>
					</attRef>
					<attRef name="Min_sdAOA">
						<content>0.921</content>
					</attRef>
					<attRef name="sdAOASpan">
						<content>1.322</content>
					</attRef>
					<attRef name="Max_logOralFreq">
						<content>4.152</content>
					</attRef>
					<attRef name="Min_logOralFreq">
						<content>1.748</content>
					</attRef>
					<attRef name="logOralFreqSpan">
						<content>2.404</content>
					</attRef>
					<attRef name="Max_logWrittenFreq">
						<content>4.003</content>
					</attRef>
					<attRef name="Min_logWrittenFreq">
						<content>2.146</content>
					</attRef>
					<attRef name="logWrittenFreqSpan">
						<content>1.857</content>
					</attRef>
					<attRef name="CorAoA">
						<content>0.3145</content>
					</attRef>
				</param>
			</lg>
			<param name="AffectiveFeatures">
				<attRef name="Hap_Mean">
					<content>40.48</content>
				</attRef>
				<attRef name="Hap_SD">
					<content>16.05</content>
				</attRef>
				<attRef name="Ang_Mean">
					<content>32.78</content>
				</attRef>
				<attRef name="Ang_SD">
					<content>16.16</content>
				</attRef>
				<attRef name="Sad_Mean">
					<content>39.81</content>
				</attRef>
				<attRef name="Sad_SD">
					<content>16.98</content>
				</attRef>
				<attRef name="Fear_Mean">
					<content>37.06</content>
				</attRef>
				<attRef name="Fear_SD">
					<content>17.46</content>
				</attRef>
				<attRef name="Disg_Mean">
					<content>27.06</content>
				</attRef>
				<attRef name="Disg_SD">
					<content>13.77</content>
				</attRef>
				<attRef name="n_affective">
					<content>18</content>
				</attRef>
				<attRef name="ValenceMean">
					<content>246.68</content>
				</attRef>
				<attRef name="ValenceSD">
					<content>58.9</content>
				</attRef>
				<attRef name="ArousalMean">
					<content>245.92</content>
				</attRef>
				<attRef name="ArousalSD">
					<content>72.63</content>
				</attRef>
				<attRef name="n_v_a">
					<content>46</content>
				</attRef>
				<attRef name="Max_Aro">
					<content>7.73</content>
				</attRef>
				<attRef name="Min_Aro">
					<content>2.95</content>
				</attRef>
				<attRef name="ArousalSpan">
					<content>4.78</content>
				</attRef>
				<attRef name="Max_Val">
					<content>7.95</content>
				</attRef>
				<attRef name="Min_Val">
					<content>1.9</content>
				</attRef>
				<attRef name="ValenceSpan">
					<content>6.05</content>
				</attRef>
				<attRef name="CorAro">
					<content>-0.1114</content>
				</attRef>
				<attRef name="CorVal">
					<content>0.0567</content>
				</attRef>
				<attRef name="averageAoA">
					<content>194.94</content>
				</attRef>
				<attRef name="sdAOA">
					<content>70.47</content>
				</attRef>
				<attRef name="MinAoA">
					<content>71.0</content>
				</attRef>
				<attRef name="MaxAoA">
					<content>357.0</content>
				</attRef>
				<attRef name="OralFreq_Log">
					<content>84.3</content>
				</attRef>
				<attRef name="WrittenFreq_Log">
					<content>97.42</content>
				</attRef>
				<attRef name="n_aoa">
					<content>38</content>
				</attRef>
				<attRef name="Max_AoA">
					<content>10.0</content>
				</attRef>
				<attRef name="Min_AoA">
					<content>1.64</content>
				</attRef>
				<attRef name="AoASpan">
					<content>8.36</content>
				</attRef>
				<attRef name="Max_sdAOA">
					<content>3.439</content>
				</attRef>
				<attRef name="Min_sdAOA">
					<content>0.921</content>
				</attRef>
				<attRef name="sdAOASpan">
					<content>2.518</content>
				</attRef>
				<attRef name="Max_logOralFreq">
					<content>4.152</content>
				</attRef>
				<attRef name="Min_logOralFreq">
					<content>0.845</content>
				</attRef>
				<attRef name="logOralFreqSpan">
					<content>3.307</content>
				</attRef>
				<attRef name="Max_logWrittenFreq">
					<content>4.003</content>
				</attRef>
				<attRef name="Min_logWrittenFreq">
					<content>1.462</content>
				</attRef>
				<attRef name="logWrittenFreqSpan">
					<content>2.541</content>
				</attRef>
				<attRef name="CorAoA">
					<content>-0.1359</content>
				</attRef>
			</param>
		</body>
	</text>
</TEI>