<?xml version="1.0" encoding="utf-8"?>
<TEI xmlns="http://www.tei-c.org/ns/1.0">
	<teiHeader>
		<fileDesc>
			<titleStmt about="disco:po_313g0683">
				<title property="dc:title">- XL -</title>
				<author property="dc:creator" resource="disco:313g" corresp="#disco_313g">Juan de Arguijo</author>
				<principal xml:id="prf">Pablo Ruiz Fabo</principal>
				<principal xml:id="heb">Helena Bermúdez Sabel</principal>
				<principal xml:id="jct">José Calvo Tello</principal>
				<principal xml:id="cimc">Clara Isabel Martínez Cantón</principal>
				<respStmt>
					<resp>Metrical annotation by</resp>
					<name xml:id="bnc">Borja Navarro Colorado</name>
				</respStmt>
			</titleStmt>
			<extent>
				<measure unit="sonnets">1</measure>
				<measure unit="tokens">90</measure>
				<measure unit="line">14</measure>
			</extent>
			<publicationStmt>
				<publisher>Diachronic Spanish Sonnet Corpus</publisher>
				<authority>POSTDATA Project</authority>
				<pubPlace>Madrid</pubPlace>
				<availability status="free">
					<p>The text is freely available</p>
				</availability>
				<date when="2017">2017</date>
				<idno type="#disco" xml:id="file_po_313g0683"></idno>
			</publicationStmt>
			<sourceDesc>
				<bibl type="digital-source">
					<hi rend="italics">Sonetos del siglo XV al XVII</hi>
					<date when="2006">2006</date>
					<ref target="http://www.cervantesvirtual.com/nd/ark:/59851/bmc2r439"></ref>
					<ref target="http://www.cervantesvirtual.com/obra/sonetos-del-siglo-xv-al-xvii--0/"></ref>
Biblioteca Cervantes Virtual,  / editados por Ramón García González, , , .				</bibl>
			</sourceDesc>
		</fileDesc>
		<profileDesc>
			<langUsage>
				<language ident="es" about="disco:po_313g0683" property="dc:language" resource="dbpedia:Idioma_español">Spanish</language>
			</langUsage>
			<particDesc>
				<listPerson>
					<person xml:id="disco_313g" about="disco:313g" typeOf="foaf:Person">
						<idno cert="high" property="rdfs:seeAlso" resource="https://viaf.org/viaf/121956947"></idno>
						<persName type="short">Arguijo</persName>
						<persName type="full">
							<forename property="foaf:givenName">Juan</forename>
							<nameLink>de</nameLink>
							<surname property="foaf:familyName">Arguijo</surname>
						</persName>
						<persName type="source" property="foaf:name">Juan de Arguijo</persName>
						<sex property="foaf:gender" content="M"></sex>
						<birth>
							<location>
								<placeName>
									<settlement property="schema:birthPlace" inlist="">Sevilla</settlement>
									<country property="schema:birthPlace" inlist="">España</country>
									<bloc property="schema:birthPlace" inlist="">Europa</bloc>
								</placeName>
							</location>
							<date property="schema:birthDate" content="1560" cert="high"></date>
							<date type="century">16</date>
						</birth>
						<death>
							<location>
								<placeName>
									<settlement property="schema:deathPlace" inlist="">Sevilla</settlement>
								</placeName>
							</location>
							<date property="schema:deathDate" content="1623" cert="high"></date>
							<date type="century">17</date>
						</death>
						<listBibl inlist="" rel="blterms:hasCreated" typeOf="schema:CreativeWork">
							<bibl resource="disco:s313g0683">
								<title property="dc:title">- XL -</title>
								<title type="incipit" property="dc:alternative">El triste fin, la suerte infortunada,</title>
							</bibl>
						</listBibl>
					</person>
				</listPerson>
			</particDesc>
		</profileDesc>
		<encodingDesc>
			<listPrefixDef>
				<prefixDef ident="foaf" matchPattern="([A-Za-z]+)" replacementPattern="http://xmlns.com/foaf/0.1/$1"></prefixDef>
				<prefixDef ident="dc" matchPattern="([A-Za-z]+)" replacementPattern="http://purl.org/dc/terms/$1"></prefixDef>
				<prefixDef ident="schema" matchPattern="([A-Za-z]+)" replacementPattern="http://schema.org/$1"></prefixDef>
				<prefixDef ident="dbpedia" matchPattern="([A-Za-z]+(_[A-Za-z])*)" replacementPattern="http://es.dbpedia.org/page/"></prefixDef>
				<prefixDef ident="blterms" matchPattern="([A-Za-z]+)" replacementPattern="http://www.bl.uk/schemas/bibliographic/blterms#$1"></prefixDef>
				<prefixDef ident="rdfs" matchPattern="([A-Za-z]+)" replacementPattern="http://www.w3.org/2000/01/rdf-schema#$1"></prefixDef>
			</listPrefixDef>
			<metDecl type="met" pattern="((\+|\-)+)*">
				<metSym value="+">stressed syllable</metSym>
				<metSym value="-">unstressed syllable</metSym>
			</metDecl>
			<metDecl type="met">
				<p>
					<ref target="https://github.com/bncolorado/adsoScansionSystem">ADSO</ref>
The metrical patterns were extracted automatically using the 
                    tool.				</p>
			</metDecl>
			<metDecl type="enjamb">
				<p>
					<att>enjamb</att>
					<att>cert</att>
					<ref target="https://sites.google.com/site/spanishenjambment/">ANJA
                        (Automatic eNJambment Analysis)</ref>
					<ref target="https://sites.google.com/site/spanishenjambment/enjambment-types">documentation</ref>
					<ref target="https://sites.google.com/site/spanishenjambment/tei-certitude-values">report</ref>
The values of the  atributes were extracted automatically using
                    the  tool. For more information about the
                    types of enjambment as defined in this corpus, read the . In addition, a  was added to express the
                    degree of certainty concerning the characterisation of the enjambment. The following 
                     covers this feature in deep detail.				</p>
			</metDecl>
		</encodingDesc>
		<revisionDesc>
			<change when="2017-11-02" who="#prf">Initial TEI version</change>
			<change when="2017-11-27" who="#prf">Addition of metrical annotation</change>
			<change when="2017-11-27" who="#heb">Review of authors’ metadata</change>
			<change when="2017-12-01" who="#prf">Encoding of enjambment</change>
			<change when="2017-12-01" who="#heb">Publication of 19th, 18th and Golden Age version</change>
			<change when="2018-05-16" who="#heb">Revision of RDFa attributes</change>
		</revisionDesc>
	</teiHeader>
	<text>
		<front>
			<head>- XL -</head>
		</front>
		<body>
			<lg n="1" type="cuarteto">
				<l n="1" met="-+-+-+---+-">El triste fin, la suerte infortunada,</l>
				<l n="2" met="-+-+---+-+-">-ajeno premio de la fe constante-</l>
				<l n="3" met="-++---+--+-">del uno y otro miserable amante,</l>
				<l n="4" met="---+-++--+-">a quien perdió una noche y una espada.</l>
				<param name="AffectiveFeatures">
					<attRef name="Hap_Mean">
						<content>6.4</content>
					</attRef>
					<attRef name="Hap_SD">
						<content>2.56</content>
					</attRef>
					<attRef name="Ang_Mean">
						<content>9.8</content>
					</attRef>
					<attRef name="Ang_SD">
						<content>5.34</content>
					</attRef>
					<attRef name="Sad_Mean">
						<content>12.64</content>
					</attRef>
					<attRef name="Sad_SD">
						<content>4.51</content>
					</attRef>
					<attRef name="Fear_Mean">
						<content>12.1</content>
					</attRef>
					<attRef name="Fear_SD">
						<content>4.34</content>
					</attRef>
					<attRef name="Disg_Mean">
						<content>6.37</content>
					</attRef>
					<attRef name="Disg_SD">
						<content>4.43</content>
					</attRef>
					<attRef name="n_affective">
						<content>4</content>
					</attRef>
					<attRef name="ValenceMean">
						<content>58.7</content>
					</attRef>
					<attRef name="ValenceSD">
						<content>16.79</content>
					</attRef>
					<attRef name="ArousalMean">
						<content>68.05</content>
					</attRef>
					<attRef name="ArousalSD">
						<content>21.75</content>
					</attRef>
					<attRef name="n_v_a">
						<content>12</content>
					</attRef>
					<attRef name="Max_Aro">
						<content>7.1</content>
					</attRef>
					<attRef name="Min_Aro">
						<content>4.3</content>
					</attRef>
					<attRef name="ArousalSpan">
						<content>2.8</content>
					</attRef>
					<attRef name="Max_Val">
						<content>7.85</content>
					</attRef>
					<attRef name="Min_Val">
						<content>2.1</content>
					</attRef>
					<attRef name="ValenceSpan">
						<content>5.75</content>
					</attRef>
					<attRef name="CorAro">
						<content>0.0475</content>
					</attRef>
					<attRef name="CorVal">
						<content>0.0026</content>
					</attRef>
					<attRef name="averageAoA">
						<content>49.38</content>
					</attRef>
					<attRef name="sdAOA">
						<content>17.12</content>
					</attRef>
					<attRef name="MinAoA">
						<content>15.0</content>
					</attRef>
					<attRef name="MaxAoA">
						<content>88.0</content>
					</attRef>
					<attRef name="OralFreq_Log">
						<content>21.51</content>
					</attRef>
					<attRef name="WrittenFreq_Log">
						<content>23.42</content>
					</attRef>
					<attRef name="n_aoa">
						<content>9</content>
					</attRef>
					<attRef name="Max_AoA">
						<content>8.96</content>
					</attRef>
					<attRef name="Min_AoA">
						<content>3.22</content>
					</attRef>
					<attRef name="AoASpan">
						<content>5.74</content>
					</attRef>
					<attRef name="Max_sdAOA">
						<content>2.32</content>
					</attRef>
					<attRef name="Min_sdAOA">
						<content>1.449</content>
					</attRef>
					<attRef name="sdAOASpan">
						<content>0.871</content>
					</attRef>
					<attRef name="Max_logOralFreq">
						<content>3.181</content>
					</attRef>
					<attRef name="Min_logOralFreq">
						<content>1.462</content>
					</attRef>
					<attRef name="logOralFreqSpan">
						<content>1.719</content>
					</attRef>
					<attRef name="Max_logWrittenFreq">
						<content>3.357</content>
					</attRef>
					<attRef name="Min_logWrittenFreq">
						<content>2.009</content>
					</attRef>
					<attRef name="logWrittenFreqSpan">
						<content>1.348</content>
					</attRef>
					<attRef name="CorAoA">
						<content>0.074</content>
					</attRef>
				</param>
			</lg>
			<lg n="2" type="cuarteto">
				<l n="5" met="-+---+-+-+-" enjamb="B-pb_adj_noun" cert="medium">Encierra en sobre oscura está labrada</l>
				<l n="6" met="+-+--+---+-" enjamb="I-pb_adj_noun" cert="medium">piedra, tú, peregrino caminante,</l>
				<l n="7" met="-+-+-+---+-" enjamb="B-pb_adj_noun" cert="medium">repara el grave caso, y con semblante</l>
				<l n="8" met="+-+-+----+-" enjamb="I-pb_adj_noun" cert="medium">pío suspende el curso a tu jornada.</l>
				<param name="AffectiveFeatures">
					<attRef name="Hap_Mean">
						<content>6.19</content>
					</attRef>
					<attRef name="Hap_SD">
						<content>2.14</content>
					</attRef>
					<attRef name="Ang_Mean">
						<content>7.9</content>
					</attRef>
					<attRef name="Ang_SD">
						<content>4.05</content>
					</attRef>
					<attRef name="Sad_Mean">
						<content>9.93</content>
					</attRef>
					<attRef name="Sad_SD">
						<content>4.15</content>
					</attRef>
					<attRef name="Fear_Mean">
						<content>11.66</content>
					</attRef>
					<attRef name="Fear_SD">
						<content>4.21</content>
					</attRef>
					<attRef name="Disg_Mean">
						<content>5.69</content>
					</attRef>
					<attRef name="Disg_SD">
						<content>2.94</content>
					</attRef>
					<attRef name="n_affective">
						<content>4</content>
					</attRef>
					<attRef name="ValenceMean">
						<content>62.59</content>
					</attRef>
					<attRef name="ValenceSD">
						<content>16.7</content>
					</attRef>
					<attRef name="ArousalMean">
						<content>74.29</content>
					</attRef>
					<attRef name="ArousalSD">
						<content>18.08</content>
					</attRef>
					<attRef name="n_v_a">
						<content>13</content>
					</attRef>
					<attRef name="Max_Aro">
						<content>7.65</content>
					</attRef>
					<attRef name="Min_Aro">
						<content>4.15</content>
					</attRef>
					<attRef name="ArousalSpan">
						<content>3.5</content>
					</attRef>
					<attRef name="Max_Val">
						<content>6.25</content>
					</attRef>
					<attRef name="Min_Val">
						<content>2.33</content>
					</attRef>
					<attRef name="ValenceSpan">
						<content>3.92</content>
					</attRef>
					<attRef name="CorAro">
						<content>0.0354</content>
					</attRef>
					<attRef name="CorVal">
						<content>0.2174</content>
					</attRef>
					<attRef name="averageAoA">
						<content>49.74</content>
					</attRef>
					<attRef name="sdAOA">
						<content>14.8</content>
					</attRef>
					<attRef name="MinAoA">
						<content>18.0</content>
					</attRef>
					<attRef name="MaxAoA">
						<content>79.0</content>
					</attRef>
					<attRef name="OralFreq_Log">
						<content>15.99</content>
					</attRef>
					<attRef name="WrittenFreq_Log">
						<content>19.3</content>
					</attRef>
					<attRef name="n_aoa">
						<content>8</content>
					</attRef>
					<attRef name="Max_AoA">
						<content>10.2</content>
					</attRef>
					<attRef name="Min_AoA">
						<content>3.34</content>
					</attRef>
					<attRef name="AoASpan">
						<content>6.86</content>
					</attRef>
					<attRef name="Max_sdAOA">
						<content>2.453</content>
					</attRef>
					<attRef name="Min_sdAOA">
						<content>1.465</content>
					</attRef>
					<attRef name="sdAOASpan">
						<content>0.988</content>
					</attRef>
					<attRef name="Max_logOralFreq">
						<content>3.294</content>
					</attRef>
					<attRef name="Min_logOralFreq">
						<content>0.699</content>
					</attRef>
					<attRef name="logOralFreqSpan">
						<content>2.595</content>
					</attRef>
					<attRef name="Max_logWrittenFreq">
						<content>3.317</content>
					</attRef>
					<attRef name="Min_logWrittenFreq">
						<content>1.556</content>
					</attRef>
					<attRef name="logWrittenFreqSpan">
						<content>1.761</content>
					</attRef>
					<attRef name="CorAoA">
						<content>0.5557</content>
					</attRef>
				</param>
			</lg>
			<lg n="3" type="terceto">
				<l n="9" met="--++-+--++-" enjamb="B-pb_noun_prep" cert="medium">Que darás tiernas lágrimas no dudo</l>
				<l n="10" met="---+--++-+-" enjamb="B-pb_relword I-pb_noun_prep" cert="high medium">a las cenizas, donde aun dura ardiente</l>
				<l n="11" met="-+---+-+-+-" enjamb="I-pb_relword" cert="high">el fuego que causó desdicha tanta.</l>
				<param name="AffectiveFeatures">
					<attRef name="Hap_Mean">
						<content>8.77</content>
					</attRef>
					<attRef name="Hap_SD">
						<content>4.21</content>
					</attRef>
					<attRef name="Ang_Mean">
						<content>7.4</content>
					</attRef>
					<attRef name="Ang_SD">
						<content>3.99</content>
					</attRef>
					<attRef name="Sad_Mean">
						<content>9.98</content>
					</attRef>
					<attRef name="Sad_SD">
						<content>4.39</content>
					</attRef>
					<attRef name="Fear_Mean">
						<content>9.04</content>
					</attRef>
					<attRef name="Fear_SD">
						<content>4.5</content>
					</attRef>
					<attRef name="Disg_Mean">
						<content>5.66</content>
					</attRef>
					<attRef name="Disg_SD">
						<content>2.61</content>
					</attRef>
					<attRef name="n_affective">
						<content>4</content>
					</attRef>
					<attRef name="ValenceMean">
						<content>56.2</content>
					</attRef>
					<attRef name="ValenceSD">
						<content>14.95</content>
					</attRef>
					<attRef name="ArousalMean">
						<content>63.8</content>
					</attRef>
					<attRef name="ArousalSD">
						<content>16.7</content>
					</attRef>
					<attRef name="n_v_a">
						<content>11</content>
					</attRef>
					<attRef name="Max_Aro">
						<content>7.5</content>
					</attRef>
					<attRef name="Min_Aro">
						<content>3.03</content>
					</attRef>
					<attRef name="ArousalSpan">
						<content>4.47</content>
					</attRef>
					<attRef name="Max_Val">
						<content>7.88</content>
					</attRef>
					<attRef name="Min_Val">
						<content>2.85</content>
					</attRef>
					<attRef name="ValenceSpan">
						<content>5.03</content>
					</attRef>
					<attRef name="CorAro">
						<content>0.5765</content>
					</attRef>
					<attRef name="CorVal">
						<content>-0.256</content>
					</attRef>
					<attRef name="averageAoA">
						<content>61.46</content>
					</attRef>
					<attRef name="sdAOA">
						<content>19.33</content>
					</attRef>
					<attRef name="MinAoA">
						<content>23.0</content>
					</attRef>
					<attRef name="MaxAoA">
						<content>99.0</content>
					</attRef>
					<attRef name="OralFreq_Log">
						<content>18.3</content>
					</attRef>
					<attRef name="WrittenFreq_Log">
						<content>22.3</content>
					</attRef>
					<attRef name="n_aoa">
						<content>10</content>
					</attRef>
					<attRef name="Max_AoA">
						<content>9.9</content>
					</attRef>
					<attRef name="Min_AoA">
						<content>3.0</content>
					</attRef>
					<attRef name="AoASpan">
						<content>6.9</content>
					</attRef>
					<attRef name="Max_sdAOA">
						<content>2.357</content>
					</attRef>
					<attRef name="Min_sdAOA">
						<content>1.571</content>
					</attRef>
					<attRef name="sdAOASpan">
						<content>0.786</content>
					</attRef>
					<attRef name="Max_logOralFreq">
						<content>3.391</content>
					</attRef>
					<attRef name="Min_logOralFreq">
						<content>0.301</content>
					</attRef>
					<attRef name="logOralFreqSpan">
						<content>3.09</content>
					</attRef>
					<attRef name="Max_logWrittenFreq">
						<content>3.395</content>
					</attRef>
					<attRef name="Min_logWrittenFreq">
						<content>1.556</content>
					</attRef>
					<attRef name="logWrittenFreqSpan">
						<content>1.839</content>
					</attRef>
					<attRef name="CorAoA">
						<content>0.4904</content>
					</attRef>
				</param>
			</lg>
			<lg n="4" type="terceto">
				<l n="12" met="-+---+-+-+-" enjamb="B-pb_verb_chain" cert="high">Debida compasión al mal que pudo</l>
				<l n="13" met="-+-+---+-+-" enjamb="I-pb_verb_chain" cert="high">trocar color en la cercana fuente,</l>
				<l n="14" met="---+---+-+-">y el de su fruto en la silvestre planta.</l>
				<param name="AffectiveFeatures">
					<attRef name="Hap_Mean">
						<content>13.6</content>
					</attRef>
					<attRef name="Hap_SD">
						<content>6.95</content>
					</attRef>
					<attRef name="Ang_Mean">
						<content>7.04</content>
					</attRef>
					<attRef name="Ang_SD">
						<content>3.08</content>
					</attRef>
					<attRef name="Sad_Mean">
						<content>8.26</content>
					</attRef>
					<attRef name="Sad_SD">
						<content>4.39</content>
					</attRef>
					<attRef name="Fear_Mean">
						<content>7.33</content>
					</attRef>
					<attRef name="Fear_SD">
						<content>3.07</content>
					</attRef>
					<attRef name="Disg_Mean">
						<content>6.97</content>
					</attRef>
					<attRef name="Disg_SD">
						<content>3.49</content>
					</attRef>
					<attRef name="n_affective">
						<content>5</content>
					</attRef>
					<attRef name="ValenceMean">
						<content>50.36</content>
					</attRef>
					<attRef name="ValenceSD">
						<content>12.75</content>
					</attRef>
					<attRef name="ArousalMean">
						<content>44.28</content>
					</attRef>
					<attRef name="ArousalSD">
						<content>14.54</content>
					</attRef>
					<attRef name="n_v_a">
						<content>9</content>
					</attRef>
					<attRef name="Max_Aro">
						<content>7.4</content>
					</attRef>
					<attRef name="Min_Aro">
						<content>3.65</content>
					</attRef>
					<attRef name="ArousalSpan">
						<content>3.75</content>
					</attRef>
					<attRef name="Max_Val">
						<content>6.88</content>
					</attRef>
					<attRef name="Min_Val">
						<content>2.1</content>
					</attRef>
					<attRef name="ValenceSpan">
						<content>4.78</content>
					</attRef>
					<attRef name="CorAro">
						<content>-0.5506</content>
					</attRef>
					<attRef name="CorVal">
						<content>0.555</content>
					</attRef>
					<attRef name="averageAoA">
						<content>34.19</content>
					</attRef>
					<attRef name="sdAOA">
						<content>14.54</content>
					</attRef>
					<attRef name="MinAoA">
						<content>10.0</content>
					</attRef>
					<attRef name="MaxAoA">
						<content>70.0</content>
					</attRef>
					<attRef name="OralFreq_Log">
						<content>16.17</content>
					</attRef>
					<attRef name="WrittenFreq_Log">
						<content>18.63</content>
					</attRef>
					<attRef name="n_aoa">
						<content>7</content>
					</attRef>
					<attRef name="Max_AoA">
						<content>7.06</content>
					</attRef>
					<attRef name="Min_AoA">
						<content>2.84</content>
					</attRef>
					<attRef name="AoASpan">
						<content>4.22</content>
					</attRef>
					<attRef name="Max_sdAOA">
						<content>2.476</content>
					</attRef>
					<attRef name="Min_sdAOA">
						<content>1.235</content>
					</attRef>
					<attRef name="sdAOASpan">
						<content>1.241</content>
					</attRef>
					<attRef name="Max_logOralFreq">
						<content>3.186</content>
					</attRef>
					<attRef name="Min_logOralFreq">
						<content>1.602</content>
					</attRef>
					<attRef name="logOralFreqSpan">
						<content>1.584</content>
					</attRef>
					<attRef name="Max_logWrittenFreq">
						<content>3.341</content>
					</attRef>
					<attRef name="Min_logWrittenFreq">
						<content>2.207</content>
					</attRef>
					<attRef name="logWrittenFreqSpan">
						<content>1.134</content>
					</attRef>
					<attRef name="CorAoA">
						<content>-0.3539</content>
					</attRef>
				</param>
			</lg>
			<param name="AffectiveFeatures">
				<attRef name="Hap_Mean">
					<content>34.96</content>
				</attRef>
				<attRef name="Hap_SD">
					<content>15.86</content>
				</attRef>
				<attRef name="Ang_Mean">
					<content>32.14</content>
				</attRef>
				<attRef name="Ang_SD">
					<content>16.46</content>
				</attRef>
				<attRef name="Sad_Mean">
					<content>40.81</content>
				</attRef>
				<attRef name="Sad_SD">
					<content>17.44</content>
				</attRef>
				<attRef name="Fear_Mean">
					<content>40.13</content>
				</attRef>
				<attRef name="Fear_SD">
					<content>16.12</content>
				</attRef>
				<attRef name="Disg_Mean">
					<content>24.69</content>
				</attRef>
				<attRef name="Disg_SD">
					<content>13.47</content>
				</attRef>
				<attRef name="n_affective">
					<content>17</content>
				</attRef>
				<attRef name="ValenceMean">
					<content>227.85</content>
				</attRef>
				<attRef name="ValenceSD">
					<content>61.19</content>
				</attRef>
				<attRef name="ArousalMean">
					<content>250.42</content>
				</attRef>
				<attRef name="ArousalSD">
					<content>71.07</content>
				</attRef>
				<attRef name="n_v_a">
					<content>45</content>
				</attRef>
				<attRef name="Max_Aro">
					<content>7.65</content>
				</attRef>
				<attRef name="Min_Aro">
					<content>3.03</content>
				</attRef>
				<attRef name="ArousalSpan">
					<content>4.62</content>
				</attRef>
				<attRef name="Max_Val">
					<content>7.88</content>
				</attRef>
				<attRef name="Min_Val">
					<content>2.1</content>
				</attRef>
				<attRef name="ValenceSpan">
					<content>5.78</content>
				</attRef>
				<attRef name="CorAro">
					<content>-0.1571</content>
				</attRef>
				<attRef name="CorVal">
					<content>0.1757</content>
				</attRef>
				<attRef name="averageAoA">
					<content>194.77</content>
				</attRef>
				<attRef name="sdAOA">
					<content>65.81</content>
				</attRef>
				<attRef name="MinAoA">
					<content>66.0</content>
				</attRef>
				<attRef name="MaxAoA">
					<content>336.0</content>
				</attRef>
				<attRef name="OralFreq_Log">
					<content>71.97</content>
				</attRef>
				<attRef name="WrittenFreq_Log">
					<content>83.65</content>
				</attRef>
				<attRef name="n_aoa">
					<content>34</content>
				</attRef>
				<attRef name="Max_AoA">
					<content>10.2</content>
				</attRef>
				<attRef name="Min_AoA">
					<content>2.84</content>
				</attRef>
				<attRef name="AoASpan">
					<content>7.36</content>
				</attRef>
				<attRef name="Max_sdAOA">
					<content>2.476</content>
				</attRef>
				<attRef name="Min_sdAOA">
					<content>1.235</content>
				</attRef>
				<attRef name="sdAOASpan">
					<content>1.241</content>
				</attRef>
				<attRef name="Max_logOralFreq">
					<content>3.391</content>
				</attRef>
				<attRef name="Min_logOralFreq">
					<content>0.301</content>
				</attRef>
				<attRef name="logOralFreqSpan">
					<content>3.09</content>
				</attRef>
				<attRef name="Max_logWrittenFreq">
					<content>3.395</content>
				</attRef>
				<attRef name="Min_logWrittenFreq">
					<content>1.556</content>
				</attRef>
				<attRef name="logWrittenFreqSpan">
					<content>1.839</content>
				</attRef>
				<attRef name="CorAoA">
					<content>0.0171</content>
				</attRef>
			</param>
		</body>
	</text>
</TEI>