<?xml version="1.0" encoding="utf-8"?>
<TEI xmlns="http://www.tei-c.org/ns/1.0">
	<teiHeader>
		<fileDesc>
			<titleStmt about="disco:po_313g0653">
				<title property="dc:title">- VIII -</title>
				<author property="dc:creator" resource="disco:313g" corresp="#disco_313g">Juan de Arguijo</author>
				<principal xml:id="prf">Pablo Ruiz Fabo</principal>
				<principal xml:id="heb">Helena Bermúdez Sabel</principal>
				<principal xml:id="jct">José Calvo Tello</principal>
				<principal xml:id="cimc">Clara Isabel Martínez Cantón</principal>
				<respStmt>
					<resp>Metrical annotation by</resp>
					<name xml:id="bnc">Borja Navarro Colorado</name>
				</respStmt>
			</titleStmt>
			<extent>
				<measure unit="sonnets">1</measure>
				<measure unit="tokens">89</measure>
				<measure unit="line">14</measure>
			</extent>
			<publicationStmt>
				<publisher>Diachronic Spanish Sonnet Corpus</publisher>
				<authority>POSTDATA Project</authority>
				<pubPlace>Madrid</pubPlace>
				<availability status="free">
					<p>The text is freely available</p>
				</availability>
				<date when="2017">2017</date>
				<idno type="#disco" xml:id="file_po_313g0653"></idno>
			</publicationStmt>
			<sourceDesc>
				<bibl type="digital-source">
					<hi rend="italics">Sonetos del siglo XV al XVII</hi>
					<date when="2006">2006</date>
					<ref target="http://www.cervantesvirtual.com/nd/ark:/59851/bmc2r439"></ref>
					<ref target="http://www.cervantesvirtual.com/obra/sonetos-del-siglo-xv-al-xvii--0/"></ref>
Biblioteca Cervantes Virtual,  / editados por Ramón García González, , , .				</bibl>
			</sourceDesc>
		</fileDesc>
		<profileDesc>
			<langUsage>
				<language ident="es" about="disco:po_313g0653" property="dc:language" resource="dbpedia:Idioma_español">Spanish</language>
			</langUsage>
			<particDesc>
				<listPerson>
					<person xml:id="disco_313g" about="disco:313g" typeOf="foaf:Person">
						<idno cert="high" property="rdfs:seeAlso" resource="https://viaf.org/viaf/121956947"></idno>
						<persName type="short">Arguijo</persName>
						<persName type="full">
							<forename property="foaf:givenName">Juan</forename>
							<nameLink>de</nameLink>
							<surname property="foaf:familyName">Arguijo</surname>
						</persName>
						<persName type="source" property="foaf:name">Juan de Arguijo</persName>
						<sex property="foaf:gender" content="M"></sex>
						<birth>
							<location>
								<placeName>
									<settlement property="schema:birthPlace" inlist="">Sevilla</settlement>
									<country property="schema:birthPlace" inlist="">España</country>
									<bloc property="schema:birthPlace" inlist="">Europa</bloc>
								</placeName>
							</location>
							<date property="schema:birthDate" content="1560" cert="high"></date>
							<date type="century">16</date>
						</birth>
						<death>
							<location>
								<placeName>
									<settlement property="schema:deathPlace" inlist="">Sevilla</settlement>
								</placeName>
							</location>
							<date property="schema:deathDate" content="1623" cert="high"></date>
							<date type="century">17</date>
						</death>
						<listBibl inlist="" rel="blterms:hasCreated" typeOf="schema:CreativeWork">
							<bibl resource="disco:s313g0653">
								<title property="dc:title">- VIII -</title>
								<title type="incipit" property="dc:alternative">Del gran Pompeyo el enemigo fuerte</title>
							</bibl>
						</listBibl>
					</person>
				</listPerson>
			</particDesc>
		</profileDesc>
		<encodingDesc>
			<listPrefixDef>
				<prefixDef ident="foaf" matchPattern="([A-Za-z]+)" replacementPattern="http://xmlns.com/foaf/0.1/$1"></prefixDef>
				<prefixDef ident="dc" matchPattern="([A-Za-z]+)" replacementPattern="http://purl.org/dc/terms/$1"></prefixDef>
				<prefixDef ident="schema" matchPattern="([A-Za-z]+)" replacementPattern="http://schema.org/$1"></prefixDef>
				<prefixDef ident="dbpedia" matchPattern="([A-Za-z]+(_[A-Za-z])*)" replacementPattern="http://es.dbpedia.org/page/"></prefixDef>
				<prefixDef ident="blterms" matchPattern="([A-Za-z]+)" replacementPattern="http://www.bl.uk/schemas/bibliographic/blterms#$1"></prefixDef>
				<prefixDef ident="rdfs" matchPattern="([A-Za-z]+)" replacementPattern="http://www.w3.org/2000/01/rdf-schema#$1"></prefixDef>
			</listPrefixDef>
			<metDecl type="met" pattern="((\+|\-)+)*">
				<metSym value="+">stressed syllable</metSym>
				<metSym value="-">unstressed syllable</metSym>
			</metDecl>
			<metDecl type="met">
				<p>
					<ref target="https://github.com/bncolorado/adsoScansionSystem">ADSO</ref>
The metrical patterns were extracted automatically using the 
                    tool.				</p>
			</metDecl>
			<metDecl type="enjamb">
				<p>
					<att>enjamb</att>
					<att>cert</att>
					<ref target="https://sites.google.com/site/spanishenjambment/">ANJA
                        (Automatic eNJambment Analysis)</ref>
					<ref target="https://sites.google.com/site/spanishenjambment/enjambment-types">documentation</ref>
					<ref target="https://sites.google.com/site/spanishenjambment/tei-certitude-values">report</ref>
The values of the  atributes were extracted automatically using
                    the  tool. For more information about the
                    types of enjambment as defined in this corpus, read the . In addition, a  was added to express the
                    degree of certainty concerning the characterisation of the enjambment. The following 
                     covers this feature in deep detail.				</p>
			</metDecl>
		</encodingDesc>
		<revisionDesc>
			<change when="2017-11-02" who="#prf">Initial TEI version</change>
			<change when="2017-11-27" who="#prf">Addition of metrical annotation</change>
			<change when="2017-11-27" who="#heb">Review of authors’ metadata</change>
			<change when="2017-12-01" who="#prf">Encoding of enjambment</change>
			<change when="2017-12-01" who="#heb">Publication of 19th, 18th and Golden Age version</change>
			<change when="2018-05-16" who="#heb">Revision of RDFa attributes</change>
		</revisionDesc>
	</teiHeader>
	<text>
		<front>
			<head>- VIII -</head>
		</front>
		<body>
			<lg n="1" type="cuarteto">
				<l n="1" met="-+-+---+-+-" enjamb="B-ex_subj_verb" cert="low">Del gran Pompeyo el enemigo fuerte</l>
				<l n="2" met="+--+-+-+-+-" enjamb="I-ex_subj_verb" cert="low">llega en oscura noche al pobre trecho,</l>
				<l n="3" met="++---+-+-+-">do Amicas con seguro y libre pecho</l>
				<l n="4" met="++-+---+-+-">ni teme daño, ni recela muerte.</l>
				<param name="AffectiveFeatures">
					<attRef name="Hap_Mean">
						<content>19.63</content>
					</attRef>
					<attRef name="Hap_SD">
						<content>6.97</content>
					</attRef>
					<attRef name="Ang_Mean">
						<content>23.29</content>
					</attRef>
					<attRef name="Ang_SD">
						<content>11.15</content>
					</attRef>
					<attRef name="Sad_Mean">
						<content>27.69</content>
					</attRef>
					<attRef name="Sad_SD">
						<content>10.3</content>
					</attRef>
					<attRef name="Fear_Mean">
						<content>27.56</content>
					</attRef>
					<attRef name="Fear_SD">
						<content>12.03</content>
					</attRef>
					<attRef name="Disg_Mean">
						<content>17.96</content>
					</attRef>
					<attRef name="Disg_SD">
						<content>9.14</content>
					</attRef>
					<attRef name="n_affective">
						<content>11</content>
					</attRef>
					<attRef name="ValenceMean">
						<content>71.7</content>
					</attRef>
					<attRef name="ValenceSD">
						<content>17.81</content>
					</attRef>
					<attRef name="ArousalMean">
						<content>85.04</content>
					</attRef>
					<attRef name="ArousalSD">
						<content>23.48</content>
					</attRef>
					<attRef name="n_v_a">
						<content>15</content>
					</attRef>
					<attRef name="Max_Aro">
						<content>7.93</content>
					</attRef>
					<attRef name="Min_Aro">
						<content>3.3</content>
					</attRef>
					<attRef name="ArousalSpan">
						<content>4.63</content>
					</attRef>
					<attRef name="Max_Val">
						<content>8.85</content>
					</attRef>
					<attRef name="Min_Val">
						<content>1.45</content>
					</attRef>
					<attRef name="ValenceSpan">
						<content>7.4</content>
					</attRef>
					<attRef name="CorAro">
						<content>0.1778</content>
					</attRef>
					<attRef name="CorVal">
						<content>-0.2739</content>
					</attRef>
					<attRef name="averageAoA">
						<content>90.86</content>
					</attRef>
					<attRef name="sdAOA">
						<content>30.63</content>
					</attRef>
					<attRef name="MinAoA">
						<content>29.0</content>
					</attRef>
					<attRef name="MaxAoA">
						<content>158.0</content>
					</attRef>
					<attRef name="OralFreq_Log">
						<content>nan</content>
					</attRef>
					<attRef name="WrittenFreq_Log">
						<content>41.87</content>
					</attRef>
					<attRef name="n_aoa">
						<content>16</content>
					</attRef>
					<attRef name="Max_AoA">
						<content>10.4</content>
					</attRef>
					<attRef name="Min_AoA">
						<content>2.24</content>
					</attRef>
					<attRef name="AoASpan">
						<content>8.16</content>
					</attRef>
					<attRef name="Max_sdAOA">
						<content>2.646</content>
					</attRef>
					<attRef name="Min_sdAOA">
						<content>1.098</content>
					</attRef>
					<attRef name="sdAOASpan">
						<content>1.548</content>
					</attRef>
					<attRef name="Max_logOralFreq">
						<content>3.813</content>
					</attRef>
					<attRef name="Min_logOralFreq">
						<content>0.699</content>
					</attRef>
					<attRef name="logOralFreqSpan">
						<content>3.114</content>
					</attRef>
					<attRef name="Max_logWrittenFreq">
						<content>3.869</content>
					</attRef>
					<attRef name="Min_logWrittenFreq">
						<content>0.6990000000000001</content>
					</attRef>
					<attRef name="logWrittenFreqSpan">
						<content>3.17</content>
					</attRef>
					<attRef name="CorAoA">
						<content>0.3456</content>
					</attRef>
				</param>
			</lg>
			<lg n="2" type="cuarteto">
				<l n="5" met="---+-+-+-+-">Ya que llamar segunda vez advierte,</l>
				<l n="6" met="-+-+-+-+-+-">rogando deja el mal compuesto lecho;</l>
				<l n="7" met="-+-+---+-+-" enjamb="B-pb_adj_noun" cert="medium">y en frágil barca el peligroso estrecho</l>
				<l n="8" met="+-+----+-+-" enjamb="I-pb_adj_noun" cert="medium">corta, présago de siniestra suerte.</l>
				<param name="AffectiveFeatures">
					<attRef name="Hap_Mean">
						<content>3.82</content>
					</attRef>
					<attRef name="Hap_SD">
						<content>1.84</content>
					</attRef>
					<attRef name="Ang_Mean">
						<content>4.42</content>
					</attRef>
					<attRef name="Ang_SD">
						<content>2.31</content>
					</attRef>
					<attRef name="Sad_Mean">
						<content>4.53</content>
					</attRef>
					<attRef name="Sad_SD">
						<content>2.77</content>
					</attRef>
					<attRef name="Fear_Mean">
						<content>6.28</content>
					</attRef>
					<attRef name="Fear_SD">
						<content>2.62</content>
					</attRef>
					<attRef name="Disg_Mean">
						<content>3.76</content>
					</attRef>
					<attRef name="Disg_SD">
						<content>1.88</content>
					</attRef>
					<attRef name="n_affective">
						<content>2</content>
					</attRef>
					<attRef name="ValenceMean">
						<content>70.95</content>
					</attRef>
					<attRef name="ValenceSD">
						<content>20.14</content>
					</attRef>
					<attRef name="ArousalMean">
						<content>88.03</content>
					</attRef>
					<attRef name="ArousalSD">
						<content>24.79</content>
					</attRef>
					<attRef name="n_v_a">
						<content>16</content>
					</attRef>
					<attRef name="Max_Aro">
						<content>7.8</content>
					</attRef>
					<attRef name="Min_Aro">
						<content>3.65</content>
					</attRef>
					<attRef name="ArousalSpan">
						<content>4.15</content>
					</attRef>
					<attRef name="Max_Val">
						<content>7.85</content>
					</attRef>
					<attRef name="Min_Val">
						<content>2.1</content>
					</attRef>
					<attRef name="ValenceSpan">
						<content>5.75</content>
					</attRef>
					<attRef name="CorAro">
						<content>0.19</content>
					</attRef>
					<attRef name="CorVal">
						<content>-0.0035</content>
					</attRef>
					<attRef name="averageAoA">
						<content>67.42</content>
					</attRef>
					<attRef name="sdAOA">
						<content>23.9</content>
					</attRef>
					<attRef name="MinAoA">
						<content>20.0</content>
					</attRef>
					<attRef name="MaxAoA">
						<content>124.5</content>
					</attRef>
					<attRef name="OralFreq_Log">
						<content>26.52</content>
					</attRef>
					<attRef name="WrittenFreq_Log">
						<content>29.97</content>
					</attRef>
					<attRef name="n_aoa">
						<content>12</content>
					</attRef>
					<attRef name="Max_AoA">
						<content>8.98</content>
					</attRef>
					<attRef name="Min_AoA">
						<content>3.5</content>
					</attRef>
					<attRef name="AoASpan">
						<content>5.48</content>
					</attRef>
					<attRef name="Max_sdAOA">
						<content>2.814</content>
					</attRef>
					<attRef name="Min_sdAOA">
						<content>1.5305</content>
					</attRef>
					<attRef name="sdAOASpan">
						<content>1.2835</content>
					</attRef>
					<attRef name="Max_logOralFreq">
						<content>3.51</content>
					</attRef>
					<attRef name="Min_logOralFreq">
						<content>0.778</content>
					</attRef>
					<attRef name="logOralFreqSpan">
						<content>2.732</content>
					</attRef>
					<attRef name="Max_logWrittenFreq">
						<content>3.62</content>
					</attRef>
					<attRef name="Min_logWrittenFreq">
						<content>1.4469999999999998</content>
					</attRef>
					<attRef name="logWrittenFreqSpan">
						<content>2.173</content>
					</attRef>
					<attRef name="CorAoA">
						<content>0.3348</content>
					</attRef>
				</param>
			</lg>
			<lg n="3" type="terceto">
				<l n="9" met="+--+-+-+-+-" enjamb="B-cc_crossclause" cert="high">Brama furioso el mar sintiendo el peso</l>
				<l n="10" met="--+--+---+-" enjamb="I-cc_crossclause" cert="high">que sostiene; y al tímido piloto</l>
				<l n="11" met="+--+-+-+-+-">César anima y dice: «Rema, amigo,</l>
				<param name="AffectiveFeatures">
					<attRef name="Hap_Mean">
						<content>13.79</content>
					</attRef>
					<attRef name="Hap_SD">
						<content>4.7</content>
					</attRef>
					<attRef name="Ang_Mean">
						<content>6.33</content>
					</attRef>
					<attRef name="Ang_SD">
						<content>3.05</content>
					</attRef>
					<attRef name="Sad_Mean">
						<content>8.28</content>
					</attRef>
					<attRef name="Sad_SD">
						<content>4.46</content>
					</attRef>
					<attRef name="Fear_Mean">
						<content>9.21</content>
					</attRef>
					<attRef name="Fear_SD">
						<content>5.46</content>
					</attRef>
					<attRef name="Disg_Mean">
						<content>6.3</content>
					</attRef>
					<attRef name="Disg_SD">
						<content>2.79</content>
					</attRef>
					<attRef name="n_affective">
						<content>5</content>
					</attRef>
					<attRef name="ValenceMean">
						<content>49.88</content>
					</attRef>
					<attRef name="ValenceSD">
						<content>11.35</content>
					</attRef>
					<attRef name="ArousalMean">
						<content>46.21</content>
					</attRef>
					<attRef name="ArousalSD">
						<content>13.86</content>
					</attRef>
					<attRef name="n_v_a">
						<content>9</content>
					</attRef>
					<attRef name="Max_Aro">
						<content>7.8</content>
					</attRef>
					<attRef name="Min_Aro">
						<content>2.9</content>
					</attRef>
					<attRef name="ArousalSpan">
						<content>4.9</content>
					</attRef>
					<attRef name="Max_Val">
						<content>8.1</content>
					</attRef>
					<attRef name="Min_Val">
						<content>2.55</content>
					</attRef>
					<attRef name="ValenceSpan">
						<content>5.55</content>
					</attRef>
					<attRef name="CorAro">
						<content>-0.2567</content>
					</attRef>
					<attRef name="CorVal">
						<content>0.4931</content>
					</attRef>
					<attRef name="averageAoA">
						<content>29.65</content>
					</attRef>
					<attRef name="sdAOA">
						<content>10.54</content>
					</attRef>
					<attRef name="MinAoA">
						<content>11.0</content>
					</attRef>
					<attRef name="MaxAoA">
						<content>62.0</content>
					</attRef>
					<attRef name="OralFreq_Log">
						<content>14.62</content>
					</attRef>
					<attRef name="WrittenFreq_Log">
						<content>15.78</content>
					</attRef>
					<attRef name="n_aoa">
						<content>6</content>
					</attRef>
					<attRef name="Max_AoA">
						<content>6.96</content>
					</attRef>
					<attRef name="Min_AoA">
						<content>3.1</content>
					</attRef>
					<attRef name="AoASpan">
						<content>3.86</content>
					</attRef>
					<attRef name="Max_sdAOA">
						<content>2.08</content>
					</attRef>
					<attRef name="Min_sdAOA">
						<content>1.218</content>
					</attRef>
					<attRef name="sdAOASpan">
						<content>0.862</content>
					</attRef>
					<attRef name="Max_logOralFreq">
						<content>3.769</content>
					</attRef>
					<attRef name="Min_logOralFreq">
						<content>1.505</content>
					</attRef>
					<attRef name="logOralFreqSpan">
						<content>2.264</content>
					</attRef>
					<attRef name="Max_logWrittenFreq">
						<content>3.327</content>
					</attRef>
					<attRef name="Min_logWrittenFreq">
						<content>1.833</content>
					</attRef>
					<attRef name="logWrittenFreqSpan">
						<content>1.494</content>
					</attRef>
					<attRef name="CorAoA">
						<content>-0.1619</content>
					</attRef>
				</param>
			</lg>
			<lg n="4" type="terceto">
				<l n="12" met="-+-+---+-+-">y olvida el miedo de infeliz suceso;</l>
				<l n="13" met="--+--+-+-+-">aunque más se contrasten Euro y Noto</l>
				<l n="14" met="--+--+-+-+-">la fortuna de César va contigo».</l>
				<param name="AffectiveFeatures">
					<attRef name="Hap_Mean">
						<content>4.07</content>
					</attRef>
					<attRef name="Hap_SD">
						<content>1.33</content>
					</attRef>
					<attRef name="Ang_Mean">
						<content>5.57</content>
					</attRef>
					<attRef name="Ang_SD">
						<content>2.91</content>
					</attRef>
					<attRef name="Sad_Mean">
						<content>8.87</content>
					</attRef>
					<attRef name="Sad_SD">
						<content>2.71</content>
					</attRef>
					<attRef name="Fear_Mean">
						<content>8.73</content>
					</attRef>
					<attRef name="Fear_SD">
						<content>3.36</content>
					</attRef>
					<attRef name="Disg_Mean">
						<content>4.2</content>
					</attRef>
					<attRef name="Disg_SD">
						<content>2.07</content>
					</attRef>
					<attRef name="n_affective">
						<content>3</content>
					</attRef>
					<attRef name="ValenceMean">
						<content>46.06</content>
					</attRef>
					<attRef name="ValenceSD">
						<content>12.19</content>
					</attRef>
					<attRef name="ArousalMean">
						<content>58.98</content>
					</attRef>
					<attRef name="ArousalSD">
						<content>13.97</content>
					</attRef>
					<attRef name="n_v_a">
						<content>10</content>
					</attRef>
					<attRef name="Max_Aro">
						<content>8.0</content>
					</attRef>
					<attRef name="Min_Aro">
						<content>4.95</content>
					</attRef>
					<attRef name="ArousalSpan">
						<content>3.05</content>
					</attRef>
					<attRef name="Max_Val">
						<content>7.3</content>
					</attRef>
					<attRef name="Min_Val">
						<content>1.5</content>
					</attRef>
					<attRef name="ValenceSpan">
						<content>5.8</content>
					</attRef>
					<attRef name="CorAro">
						<content>-0.4515</content>
					</attRef>
					<attRef name="CorVal">
						<content>0.7081</content>
					</attRef>
					<attRef name="averageAoA">
						<content>64.9</content>
					</attRef>
					<attRef name="sdAOA">
						<content>17.53</content>
					</attRef>
					<attRef name="MinAoA">
						<content>26.0</content>
					</attRef>
					<attRef name="MaxAoA">
						<content>100.0</content>
					</attRef>
					<attRef name="OralFreq_Log">
						<content>20.7</content>
					</attRef>
					<attRef name="WrittenFreq_Log">
						<content>nan</content>
					</attRef>
					<attRef name="n_aoa">
						<content>10</content>
					</attRef>
					<attRef name="Max_AoA">
						<content>10.8</content>
					</attRef>
					<attRef name="Min_AoA">
						<content>3.6</content>
					</attRef>
					<attRef name="AoASpan">
						<content>7.2</content>
					</attRef>
					<attRef name="Max_sdAOA">
						<content>2.125</content>
					</attRef>
					<attRef name="Min_sdAOA">
						<content>1.161</content>
					</attRef>
					<attRef name="sdAOASpan">
						<content>0.964</content>
					</attRef>
					<attRef name="Max_logOralFreq">
						<content>3.27</content>
					</attRef>
					<attRef name="Min_logOralFreq">
						<content>0.477</content>
					</attRef>
					<attRef name="logOralFreqSpan">
						<content>2.793</content>
					</attRef>
					<attRef name="Max_logWrittenFreq">
						<content>3.649</content>
					</attRef>
					<attRef name="Min_logWrittenFreq">
						<content>1.6230000000000002</content>
					</attRef>
					<attRef name="logWrittenFreqSpan">
						<content>2.026</content>
					</attRef>
					<attRef name="CorAoA">
						<content>-0.1026</content>
					</attRef>
				</param>
			</lg>
			<param name="AffectiveFeatures">
				<attRef name="Hap_Mean">
					<content>41.31</content>
				</attRef>
				<attRef name="Hap_SD">
					<content>14.84</content>
				</attRef>
				<attRef name="Ang_Mean">
					<content>39.61</content>
				</attRef>
				<attRef name="Ang_SD">
					<content>19.41</content>
				</attRef>
				<attRef name="Sad_Mean">
					<content>49.36</content>
				</attRef>
				<attRef name="Sad_SD">
					<content>20.24</content>
				</attRef>
				<attRef name="Fear_Mean">
					<content>51.79</content>
				</attRef>
				<attRef name="Fear_SD">
					<content>23.47</content>
				</attRef>
				<attRef name="Disg_Mean">
					<content>32.22</content>
				</attRef>
				<attRef name="Disg_SD">
					<content>15.88</content>
				</attRef>
				<attRef name="n_affective">
					<content>21</content>
				</attRef>
				<attRef name="ValenceMean">
					<content>238.59</content>
				</attRef>
				<attRef name="ValenceSD">
					<content>61.49</content>
				</attRef>
				<attRef name="ArousalMean">
					<content>278.26</content>
				</attRef>
				<attRef name="ArousalSD">
					<content>76.11</content>
				</attRef>
				<attRef name="n_v_a">
					<content>50</content>
				</attRef>
				<attRef name="Max_Aro">
					<content>8.0</content>
				</attRef>
				<attRef name="Min_Aro">
					<content>2.9</content>
				</attRef>
				<attRef name="ArousalSpan">
					<content>5.1</content>
				</attRef>
				<attRef name="Max_Val">
					<content>8.85</content>
				</attRef>
				<attRef name="Min_Val">
					<content>1.45</content>
				</attRef>
				<attRef name="ValenceSpan">
					<content>7.4</content>
				</attRef>
				<attRef name="CorAro">
					<content>0.015</content>
				</attRef>
				<attRef name="CorVal">
					<content>0.0475</content>
				</attRef>
				<attRef name="averageAoA">
					<content>252.83</content>
				</attRef>
				<attRef name="sdAOA">
					<content>82.61</content>
				</attRef>
				<attRef name="MinAoA">
					<content>86.0</content>
				</attRef>
				<attRef name="MaxAoA">
					<content>444.5</content>
				</attRef>
				<attRef name="OralFreq_Log">
					<content>nan</content>
				</attRef>
				<attRef name="WrittenFreq_Log">
					<content>nan</content>
				</attRef>
				<attRef name="n_aoa">
					<content>44</content>
				</attRef>
				<attRef name="Max_AoA">
					<content>10.8</content>
				</attRef>
				<attRef name="Min_AoA">
					<content>2.24</content>
				</attRef>
				<attRef name="AoASpan">
					<content>8.56</content>
				</attRef>
				<attRef name="Max_sdAOA">
					<content>2.814</content>
				</attRef>
				<attRef name="Min_sdAOA">
					<content>1.098</content>
				</attRef>
				<attRef name="sdAOASpan">
					<content>1.716</content>
				</attRef>
				<attRef name="Max_logOralFreq">
					<content>3.813</content>
				</attRef>
				<attRef name="Min_logOralFreq">
					<content>0.477</content>
				</attRef>
				<attRef name="logOralFreqSpan">
					<content>3.336</content>
				</attRef>
				<attRef name="Max_logWrittenFreq">
					<content>3.869</content>
				</attRef>
				<attRef name="Min_logWrittenFreq">
					<content>0.6990000000000001</content>
				</attRef>
				<attRef name="logWrittenFreqSpan">
					<content>3.17</content>
				</attRef>
				<attRef name="CorAoA">
					<content>0.1427</content>
				</attRef>
			</param>
		</body>
	</text>
</TEI>