<?xml version="1.0" encoding="utf-8"?>
<TEI xmlns="http://www.tei-c.org/ns/1.0">
	<teiHeader>
		<fileDesc>
			<titleStmt about="disco:po_313g0657">
				<title property="dc:title">- XIII -</title>
				<author property="dc:creator" resource="disco:313g" corresp="#disco_313g">Juan de Arguijo</author>
				<principal xml:id="prf">Pablo Ruiz Fabo</principal>
				<principal xml:id="heb">Helena Bermúdez Sabel</principal>
				<principal xml:id="jct">José Calvo Tello</principal>
				<principal xml:id="cimc">Clara Isabel Martínez Cantón</principal>
				<respStmt>
					<resp>Metrical annotation by</resp>
					<name xml:id="bnc">Borja Navarro Colorado</name>
				</respStmt>
			</titleStmt>
			<extent>
				<measure unit="sonnets">1</measure>
				<measure unit="tokens">92</measure>
				<measure unit="line">14</measure>
			</extent>
			<publicationStmt>
				<publisher>Diachronic Spanish Sonnet Corpus</publisher>
				<authority>POSTDATA Project</authority>
				<pubPlace>Madrid</pubPlace>
				<availability status="free">
					<p>The text is freely available</p>
				</availability>
				<date when="2017">2017</date>
				<idno type="#disco" xml:id="file_po_313g0657"></idno>
			</publicationStmt>
			<sourceDesc>
				<bibl type="digital-source">
					<hi rend="italics">Sonetos del siglo XV al XVII</hi>
					<date when="2006">2006</date>
					<ref target="http://www.cervantesvirtual.com/nd/ark:/59851/bmc2r439"></ref>
					<ref target="http://www.cervantesvirtual.com/obra/sonetos-del-siglo-xv-al-xvii--0/"></ref>
Biblioteca Cervantes Virtual,  / editados por Ramón García González, , , .				</bibl>
			</sourceDesc>
		</fileDesc>
		<profileDesc>
			<langUsage>
				<language ident="es" about="disco:po_313g0657" property="dc:language" resource="dbpedia:Idioma_español">Spanish</language>
			</langUsage>
			<particDesc>
				<listPerson>
					<person xml:id="disco_313g" about="disco:313g" typeOf="foaf:Person">
						<idno cert="high" property="rdfs:seeAlso" resource="https://viaf.org/viaf/121956947"></idno>
						<persName type="short">Arguijo</persName>
						<persName type="full">
							<forename property="foaf:givenName">Juan</forename>
							<nameLink>de</nameLink>
							<surname property="foaf:familyName">Arguijo</surname>
						</persName>
						<persName type="source" property="foaf:name">Juan de Arguijo</persName>
						<sex property="foaf:gender" content="M"></sex>
						<birth>
							<location>
								<placeName>
									<settlement property="schema:birthPlace" inlist="">Sevilla</settlement>
									<country property="schema:birthPlace" inlist="">España</country>
									<bloc property="schema:birthPlace" inlist="">Europa</bloc>
								</placeName>
							</location>
							<date property="schema:birthDate" content="1560" cert="high"></date>
							<date type="century">16</date>
						</birth>
						<death>
							<location>
								<placeName>
									<settlement property="schema:deathPlace" inlist="">Sevilla</settlement>
								</placeName>
							</location>
							<date property="schema:deathDate" content="1623" cert="high"></date>
							<date type="century">17</date>
						</death>
						<listBibl inlist="" rel="blterms:hasCreated" typeOf="schema:CreativeWork">
							<bibl resource="disco:s313g0657">
								<title property="dc:title">- XIII -</title>
								<title type="incipit" property="dc:alternative">Baña llorando el ofendido lecho</title>
							</bibl>
						</listBibl>
					</person>
				</listPerson>
			</particDesc>
		</profileDesc>
		<encodingDesc>
			<listPrefixDef>
				<prefixDef ident="foaf" matchPattern="([A-Za-z]+)" replacementPattern="http://xmlns.com/foaf/0.1/$1"></prefixDef>
				<prefixDef ident="dc" matchPattern="([A-Za-z]+)" replacementPattern="http://purl.org/dc/terms/$1"></prefixDef>
				<prefixDef ident="schema" matchPattern="([A-Za-z]+)" replacementPattern="http://schema.org/$1"></prefixDef>
				<prefixDef ident="dbpedia" matchPattern="([A-Za-z]+(_[A-Za-z])*)" replacementPattern="http://es.dbpedia.org/page/"></prefixDef>
				<prefixDef ident="blterms" matchPattern="([A-Za-z]+)" replacementPattern="http://www.bl.uk/schemas/bibliographic/blterms#$1"></prefixDef>
				<prefixDef ident="rdfs" matchPattern="([A-Za-z]+)" replacementPattern="http://www.w3.org/2000/01/rdf-schema#$1"></prefixDef>
			</listPrefixDef>
			<metDecl type="met" pattern="((\+|\-)+)*">
				<metSym value="+">stressed syllable</metSym>
				<metSym value="-">unstressed syllable</metSym>
			</metDecl>
			<metDecl type="met">
				<p>
					<ref target="https://github.com/bncolorado/adsoScansionSystem">ADSO</ref>
The metrical patterns were extracted automatically using the 
                    tool.				</p>
			</metDecl>
			<metDecl type="enjamb">
				<p>
					<att>enjamb</att>
					<att>cert</att>
					<ref target="https://sites.google.com/site/spanishenjambment/">ANJA
                        (Automatic eNJambment Analysis)</ref>
					<ref target="https://sites.google.com/site/spanishenjambment/enjambment-types">documentation</ref>
					<ref target="https://sites.google.com/site/spanishenjambment/tei-certitude-values">report</ref>
The values of the  atributes were extracted automatically using
                    the  tool. For more information about the
                    types of enjambment as defined in this corpus, read the . In addition, a  was added to express the
                    degree of certainty concerning the characterisation of the enjambment. The following 
                     covers this feature in deep detail.				</p>
			</metDecl>
		</encodingDesc>
		<revisionDesc>
			<change when="2017-11-02" who="#prf">Initial TEI version</change>
			<change when="2017-11-27" who="#prf">Addition of metrical annotation</change>
			<change when="2017-11-27" who="#heb">Review of authors’ metadata</change>
			<change when="2017-12-01" who="#prf">Encoding of enjambment</change>
			<change when="2017-12-01" who="#heb">Publication of 19th, 18th and Golden Age version</change>
			<change when="2018-05-16" who="#heb">Revision of RDFa attributes</change>
		</revisionDesc>
	</teiHeader>
	<text>
		<front>
			<head>- XIII -</head>
		</front>
		<body>
			<lg n="1" type="cuarteto">
				<l n="1" met="+--+---+-+-" enjamb="B-pb_noun_prep" cert="medium">Baña llorando el ofendido lecho</l>
				<l n="2" met="---+---+-+-" enjamb="I-pb_noun_prep" cert="medium">de Colatino la consorte amada,</l>
				<l n="3" met="---+-+---+-">y en la tirana fuerza disculpada,</l>
				<l n="4" met="-+---+-+-+-">si no la voluntad, castiga el hecho.</l>
				<param name="AffectiveFeatures">
					<attRef name="Hap_Mean">
						<content>13.13</content>
					</attRef>
					<attRef name="Hap_SD">
						<content>3.84</content>
					</attRef>
					<attRef name="Ang_Mean">
						<content>11.57</content>
					</attRef>
					<attRef name="Ang_SD">
						<content>4.75</content>
					</attRef>
					<attRef name="Sad_Mean">
						<content>10.63</content>
					</attRef>
					<attRef name="Sad_SD">
						<content>4.4</content>
					</attRef>
					<attRef name="Fear_Mean">
						<content>11.56</content>
					</attRef>
					<attRef name="Fear_SD">
						<content>5.74</content>
					</attRef>
					<attRef name="Disg_Mean">
						<content>8.31</content>
					</attRef>
					<attRef name="Disg_SD">
						<content>3.79</content>
					</attRef>
					<attRef name="n_affective">
						<content>5</content>
					</attRef>
					<attRef name="ValenceMean">
						<content>58.81</content>
					</attRef>
					<attRef name="ValenceSD">
						<content>13.28</content>
					</attRef>
					<attRef name="ArousalMean">
						<content>59.99</content>
					</attRef>
					<attRef name="ArousalSD">
						<content>18.04</content>
					</attRef>
					<attRef name="n_v_a">
						<content>11</content>
					</attRef>
					<attRef name="Max_Aro">
						<content>7.2</content>
					</attRef>
					<attRef name="Min_Aro">
						<content>3.65</content>
					</attRef>
					<attRef name="ArousalSpan">
						<content>3.55</content>
					</attRef>
					<attRef name="Max_Val">
						<content>8.7</content>
					</attRef>
					<attRef name="Min_Val">
						<content>2.15</content>
					</attRef>
					<attRef name="ValenceSpan">
						<content>6.55</content>
					</attRef>
					<attRef name="CorAro">
						<content>0.1892</content>
					</attRef>
					<attRef name="CorVal">
						<content>0.2696</content>
					</attRef>
					<attRef name="averageAoA">
						<content>66.7</content>
					</attRef>
					<attRef name="sdAOA">
						<content>19.95</content>
					</attRef>
					<attRef name="MinAoA">
						<content>26.0</content>
					</attRef>
					<attRef name="MaxAoA">
						<content>106.0</content>
					</attRef>
					<attRef name="OralFreq_Log">
						<content>20.42</content>
					</attRef>
					<attRef name="WrittenFreq_Log">
						<content>25.04</content>
					</attRef>
					<attRef name="n_aoa">
						<content>11</content>
					</attRef>
					<attRef name="Max_AoA">
						<content>10.5</content>
					</attRef>
					<attRef name="Min_AoA">
						<content>1.64</content>
					</attRef>
					<attRef name="AoASpan">
						<content>8.86</content>
					</attRef>
					<attRef name="Max_sdAOA">
						<content>2.623</content>
					</attRef>
					<attRef name="Min_sdAOA">
						<content>0.921</content>
					</attRef>
					<attRef name="sdAOASpan">
						<content>1.702</content>
					</attRef>
					<attRef name="Max_logOralFreq">
						<content>4.152</content>
					</attRef>
					<attRef name="Min_logOralFreq">
						<content>0.778</content>
					</attRef>
					<attRef name="logOralFreqSpan">
						<content>3.374</content>
					</attRef>
					<attRef name="Max_logWrittenFreq">
						<content>4.003</content>
					</attRef>
					<attRef name="Min_logWrittenFreq">
						<content>1.0</content>
					</attRef>
					<attRef name="logWrittenFreqSpan">
						<content>3.003</content>
					</attRef>
					<attRef name="CorAoA">
						<content>-0.2931</content>
					</attRef>
				</param>
			</lg>
			<lg n="2" type="cuarteto">
				<l n="5" met="+--+-+-+-+-">Rompe con hierro agudo el casto pecho,</l>
				<l n="6" met="+--+-+---+-" enjamb="B-ex_dobj_verb" cert="low">y abre camino al alma, que indignada</l>
				<l n="7" met="+--+-+-+-+-" enjamb="I-ex_dobj_verb" cert="low">baja a la oscura sombra, do vengada</l>
				<l n="8" met="++---++--+-">aun duda si su ofensa ha satisfecho.</l>
				<param name="AffectiveFeatures">
					<attRef name="Hap_Mean">
						<content>13.23</content>
					</attRef>
					<attRef name="Hap_SD">
						<content>6.05</content>
					</attRef>
					<attRef name="Ang_Mean">
						<content>11.2</content>
					</attRef>
					<attRef name="Ang_SD">
						<content>6.35</content>
					</attRef>
					<attRef name="Sad_Mean">
						<content>13.34</content>
					</attRef>
					<attRef name="Sad_SD">
						<content>6.89</content>
					</attRef>
					<attRef name="Fear_Mean">
						<content>15.34</content>
					</attRef>
					<attRef name="Fear_SD">
						<content>6.48</content>
					</attRef>
					<attRef name="Disg_Mean">
						<content>9.07</content>
					</attRef>
					<attRef name="Disg_SD">
						<content>4.79</content>
					</attRef>
					<attRef name="n_affective">
						<content>7</content>
					</attRef>
					<attRef name="ValenceMean">
						<content>82.14</content>
					</attRef>
					<attRef name="ValenceSD">
						<content>22.12</content>
					</attRef>
					<attRef name="ArousalMean">
						<content>90.18</content>
					</attRef>
					<attRef name="ArousalSD">
						<content>25.72</content>
					</attRef>
					<attRef name="n_v_a">
						<content>17</content>
					</attRef>
					<attRef name="Max_Aro">
						<content>7.3</content>
					</attRef>
					<attRef name="Min_Aro">
						<content>3.85</content>
					</attRef>
					<attRef name="ArousalSpan">
						<content>3.45</content>
					</attRef>
					<attRef name="Max_Val">
						<content>7.0</content>
					</attRef>
					<attRef name="Min_Val">
						<content>2.55</content>
					</attRef>
					<attRef name="ValenceSpan">
						<content>4.45</content>
					</attRef>
					<attRef name="CorAro">
						<content>0.0363</content>
					</attRef>
					<attRef name="CorVal">
						<content>-0.0754</content>
					</attRef>
					<attRef name="averageAoA">
						<content>80.29</content>
					</attRef>
					<attRef name="sdAOA">
						<content>26.68</content>
					</attRef>
					<attRef name="MinAoA">
						<content>30.0</content>
					</attRef>
					<attRef name="MaxAoA">
						<content>135.5</content>
					</attRef>
					<attRef name="OralFreq_Log">
						<content>32.39</content>
					</attRef>
					<attRef name="WrittenFreq_Log">
						<content>38.45</content>
					</attRef>
					<attRef name="n_aoa">
						<content>15</content>
					</attRef>
					<attRef name="Max_AoA">
						<content>9.06</content>
					</attRef>
					<attRef name="Min_AoA">
						<content>1.64</content>
					</attRef>
					<attRef name="AoASpan">
						<content>7.42</content>
					</attRef>
					<attRef name="Max_sdAOA">
						<content>2.316</content>
					</attRef>
					<attRef name="Min_sdAOA">
						<content>0.921</content>
					</attRef>
					<attRef name="sdAOASpan">
						<content>1.395</content>
					</attRef>
					<attRef name="Max_logOralFreq">
						<content>4.152</content>
					</attRef>
					<attRef name="Min_logOralFreq">
						<content>1.0</content>
					</attRef>
					<attRef name="logOralFreqSpan">
						<content>3.152</content>
					</attRef>
					<attRef name="Max_logWrittenFreq">
						<content>4.003</content>
					</attRef>
					<attRef name="Min_logWrittenFreq">
						<content>1.431</content>
					</attRef>
					<attRef name="logWrittenFreqSpan">
						<content>2.572</content>
					</attRef>
					<attRef name="CorAoA">
						<content>0.1259</content>
					</attRef>
				</param>
			</lg>
			<lg n="3" type="terceto">
				<l n="9" met="-+-+-+---+-">Venció el paterno llanto endurecida,</l>
				<l n="10" met="---+-+--++-">y de su esposo el ruego, que no basta,</l>
				<l n="11" met="---+-+-+-+-">menospreció, con un mortal desvío.</l>
				<param name="AffectiveFeatures">
					<attRef name="Hap_Mean">
						<content>5.83</content>
					</attRef>
					<attRef name="Hap_SD">
						<content>2.88</content>
					</attRef>
					<attRef name="Ang_Mean">
						<content>6.17</content>
					</attRef>
					<attRef name="Ang_SD">
						<content>2.82</content>
					</attRef>
					<attRef name="Sad_Mean">
						<content>6.46</content>
					</attRef>
					<attRef name="Sad_SD">
						<content>2.61</content>
					</attRef>
					<attRef name="Fear_Mean">
						<content>5.44</content>
					</attRef>
					<attRef name="Fear_SD">
						<content>3.05</content>
					</attRef>
					<attRef name="Disg_Mean">
						<content>5.13</content>
					</attRef>
					<attRef name="Disg_SD">
						<content>2.56</content>
					</attRef>
					<attRef name="n_affective">
						<content>3</content>
					</attRef>
					<attRef name="ValenceMean">
						<content>39.51</content>
					</attRef>
					<attRef name="ValenceSD">
						<content>11.96</content>
					</attRef>
					<attRef name="ArousalMean">
						<content>53.48</content>
					</attRef>
					<attRef name="ArousalSD">
						<content>14.01</content>
					</attRef>
					<attRef name="n_v_a">
						<content>9</content>
					</attRef>
					<attRef name="Max_Aro">
						<content>7.05</content>
					</attRef>
					<attRef name="Min_Aro">
						<content>4.68</content>
					</attRef>
					<attRef name="ArousalSpan">
						<content>2.37</content>
					</attRef>
					<attRef name="Max_Val">
						<content>7.15</content>
					</attRef>
					<attRef name="Min_Val">
						<content>2.05</content>
					</attRef>
					<attRef name="ValenceSpan">
						<content>5.1</content>
					</attRef>
					<attRef name="CorAro">
						<content>0.0433</content>
					</attRef>
					<attRef name="CorVal">
						<content>-0.5787</content>
					</attRef>
					<attRef name="averageAoA">
						<content>50.02</content>
					</attRef>
					<attRef name="sdAOA">
						<content>15.64</content>
					</attRef>
					<attRef name="MinAoA">
						<content>17.0</content>
					</attRef>
					<attRef name="MaxAoA">
						<content>76.0</content>
					</attRef>
					<attRef name="OralFreq_Log">
						<content>8.88</content>
					</attRef>
					<attRef name="WrittenFreq_Log">
						<content>11.99</content>
					</attRef>
					<attRef name="n_aoa">
						<content>7</content>
					</attRef>
					<attRef name="Max_AoA">
						<content>8.62</content>
					</attRef>
					<attRef name="Min_AoA">
						<content>4.4</content>
					</attRef>
					<attRef name="AoASpan">
						<content>4.22</content>
					</attRef>
					<attRef name="Max_sdAOA">
						<content>2.418</content>
					</attRef>
					<attRef name="Min_sdAOA">
						<content>1.748</content>
					</attRef>
					<attRef name="sdAOASpan">
						<content>0.67</content>
					</attRef>
					<attRef name="Max_logOralFreq">
						<content>1.556</content>
					</attRef>
					<attRef name="Min_logOralFreq">
						<content>0.699</content>
					</attRef>
					<attRef name="logOralFreqSpan">
						<content>0.857</content>
					</attRef>
					<attRef name="Max_logWrittenFreq">
						<content>2.093</content>
					</attRef>
					<attRef name="Min_logWrittenFreq">
						<content>0.845</content>
					</attRef>
					<attRef name="logWrittenFreqSpan">
						<content>1.248</content>
					</attRef>
					<attRef name="CorAoA">
						<content>0.5733</content>
					</attRef>
				</param>
			</lg>
			<lg n="4" type="terceto">
				<l n="12" met="+--+-+-+-+-">«Ceda al debido honor la dulce vida,</l>
				<l n="13" met="-+++-+-+-+-" enjamb="B-ex_subj_verb" cert="low">que no es bien, dijo, que otra menos casta</l>
				<l n="14" met="+--+---+-+-" enjamb="I-ex_subj_verb" cert="low">ose vivir con el ejemplo mío.»</l>
				<param name="AffectiveFeatures">
					<attRef name="Hap_Mean">
						<content>17.77</content>
					</attRef>
					<attRef name="Hap_SD">
						<content>5.81</content>
					</attRef>
					<attRef name="Ang_Mean">
						<content>7.16</content>
					</attRef>
					<attRef name="Ang_SD">
						<content>4.5</content>
					</attRef>
					<attRef name="Sad_Mean">
						<content>7.57</content>
					</attRef>
					<attRef name="Sad_SD">
						<content>4.41</content>
					</attRef>
					<attRef name="Fear_Mean">
						<content>9.06</content>
					</attRef>
					<attRef name="Fear_SD">
						<content>5.51</content>
					</attRef>
					<attRef name="Disg_Mean">
						<content>6.0</content>
					</attRef>
					<attRef name="Disg_SD">
						<content>3.04</content>
					</attRef>
					<attRef name="n_affective">
						<content>5</content>
					</attRef>
					<attRef name="ValenceMean">
						<content>68.97</content>
					</attRef>
					<attRef name="ValenceSD">
						<content>12.12</content>
					</attRef>
					<attRef name="ArousalMean">
						<content>56.82</content>
					</attRef>
					<attRef name="ArousalSD">
						<content>18.91</content>
					</attRef>
					<attRef name="n_v_a">
						<content>11</content>
					</attRef>
					<attRef name="Max_Aro">
						<content>6.6</content>
					</attRef>
					<attRef name="Min_Aro">
						<content>3.9</content>
					</attRef>
					<attRef name="ArousalSpan">
						<content>2.7</content>
					</attRef>
					<attRef name="Max_Val">
						<content>8.55</content>
					</attRef>
					<attRef name="Min_Val">
						<content>3.45</content>
					</attRef>
					<attRef name="ValenceSpan">
						<content>5.1</content>
					</attRef>
					<attRef name="CorAro">
						<content>0.0711</content>
					</attRef>
					<attRef name="CorVal">
						<content>-0.0585</content>
					</attRef>
					<attRef name="averageAoA">
						<content>58.29</content>
					</attRef>
					<attRef name="sdAOA">
						<content>18.61</content>
					</attRef>
					<attRef name="MinAoA">
						<content>19.0</content>
					</attRef>
					<attRef name="MaxAoA">
						<content>100.0</content>
					</attRef>
					<attRef name="OralFreq_Log">
						<content>27.3</content>
					</attRef>
					<attRef name="WrittenFreq_Log">
						<content>28.14</content>
					</attRef>
					<attRef name="n_aoa">
						<content>10</content>
					</attRef>
					<attRef name="Max_AoA">
						<content>10.22</content>
					</attRef>
					<attRef name="Min_AoA">
						<content>2.84</content>
					</attRef>
					<attRef name="AoASpan">
						<content>7.38</content>
					</attRef>
					<attRef name="Max_sdAOA">
						<content>2.428</content>
					</attRef>
					<attRef name="Min_sdAOA">
						<content>1.218</content>
					</attRef>
					<attRef name="sdAOASpan">
						<content>1.21</content>
					</attRef>
					<attRef name="Max_logOralFreq">
						<content>3.879</content>
					</attRef>
					<attRef name="Min_logOralFreq">
						<content>1.0</content>
					</attRef>
					<attRef name="logOralFreqSpan">
						<content>2.879</content>
					</attRef>
					<attRef name="Max_logWrittenFreq">
						<content>3.678</content>
					</attRef>
					<attRef name="Min_logWrittenFreq">
						<content>1.591</content>
					</attRef>
					<attRef name="logWrittenFreqSpan">
						<content>2.087</content>
					</attRef>
					<attRef name="CorAoA">
						<content>0.0021</content>
					</attRef>
				</param>
			</lg>
			<param name="AffectiveFeatures">
				<attRef name="Hap_Mean">
					<content>49.96</content>
				</attRef>
				<attRef name="Hap_SD">
					<content>18.58</content>
				</attRef>
				<attRef name="Ang_Mean">
					<content>36.1</content>
				</attRef>
				<attRef name="Ang_SD">
					<content>18.42</content>
				</attRef>
				<attRef name="Sad_Mean">
					<content>38.0</content>
				</attRef>
				<attRef name="Sad_SD">
					<content>18.31</content>
				</attRef>
				<attRef name="Fear_Mean">
					<content>41.4</content>
				</attRef>
				<attRef name="Fear_SD">
					<content>20.78</content>
				</attRef>
				<attRef name="Disg_Mean">
					<content>28.51</content>
				</attRef>
				<attRef name="Disg_SD">
					<content>14.18</content>
				</attRef>
				<attRef name="n_affective">
					<content>20</content>
				</attRef>
				<attRef name="ValenceMean">
					<content>249.43</content>
				</attRef>
				<attRef name="ValenceSD">
					<content>59.48</content>
				</attRef>
				<attRef name="ArousalMean">
					<content>260.47</content>
				</attRef>
				<attRef name="ArousalSD">
					<content>76.68</content>
				</attRef>
				<attRef name="n_v_a">
					<content>48</content>
				</attRef>
				<attRef name="Max_Aro">
					<content>7.3</content>
				</attRef>
				<attRef name="Min_Aro">
					<content>3.65</content>
				</attRef>
				<attRef name="ArousalSpan">
					<content>3.65</content>
				</attRef>
				<attRef name="Max_Val">
					<content>8.7</content>
				</attRef>
				<attRef name="Min_Val">
					<content>2.05</content>
				</attRef>
				<attRef name="ValenceSpan">
					<content>6.65</content>
				</attRef>
				<attRef name="CorAro">
					<content>0.0097</content>
				</attRef>
				<attRef name="CorVal">
					<content>0.1116</content>
				</attRef>
				<attRef name="averageAoA">
					<content>255.3</content>
				</attRef>
				<attRef name="sdAOA">
					<content>80.87</content>
				</attRef>
				<attRef name="MinAoA">
					<content>92.0</content>
				</attRef>
				<attRef name="MaxAoA">
					<content>417.5</content>
				</attRef>
				<attRef name="OralFreq_Log">
					<content>88.99</content>
				</attRef>
				<attRef name="WrittenFreq_Log">
					<content>103.6</content>
				</attRef>
				<attRef name="n_aoa">
					<content>43</content>
				</attRef>
				<attRef name="Max_AoA">
					<content>10.5</content>
				</attRef>
				<attRef name="Min_AoA">
					<content>1.64</content>
				</attRef>
				<attRef name="AoASpan">
					<content>8.86</content>
				</attRef>
				<attRef name="Max_sdAOA">
					<content>2.623</content>
				</attRef>
				<attRef name="Min_sdAOA">
					<content>0.921</content>
				</attRef>
				<attRef name="sdAOASpan">
					<content>1.702</content>
				</attRef>
				<attRef name="Max_logOralFreq">
					<content>4.152</content>
				</attRef>
				<attRef name="Min_logOralFreq">
					<content>0.699</content>
				</attRef>
				<attRef name="logOralFreqSpan">
					<content>3.453</content>
				</attRef>
				<attRef name="Max_logWrittenFreq">
					<content>4.003</content>
				</attRef>
				<attRef name="Min_logWrittenFreq">
					<content>0.845</content>
				</attRef>
				<attRef name="logWrittenFreqSpan">
					<content>3.158</content>
				</attRef>
				<attRef name="CorAoA">
					<content>0.0536</content>
				</attRef>
			</param>
		</body>
	</text>
</TEI>