<?xml version="1.0" encoding="utf-8"?>
<TEI xmlns="http://www.tei-c.org/ns/1.0">
	<teiHeader>
		<fileDesc>
			<titleStmt about="disco:po_313g0677">
				<title property="dc:title">- XXXIII -</title>
				<author property="dc:creator" resource="disco:313g" corresp="#disco_313g">Juan de Arguijo</author>
				<principal xml:id="prf">Pablo Ruiz Fabo</principal>
				<principal xml:id="heb">Helena Bermúdez Sabel</principal>
				<principal xml:id="jct">José Calvo Tello</principal>
				<principal xml:id="cimc">Clara Isabel Martínez Cantón</principal>
				<respStmt>
					<resp>Metrical annotation by</resp>
					<name xml:id="bnc">Borja Navarro Colorado</name>
				</respStmt>
			</titleStmt>
			<extent>
				<measure unit="sonnets">1</measure>
				<measure unit="tokens">88</measure>
				<measure unit="line">14</measure>
			</extent>
			<publicationStmt>
				<publisher>Diachronic Spanish Sonnet Corpus</publisher>
				<authority>POSTDATA Project</authority>
				<pubPlace>Madrid</pubPlace>
				<availability status="free">
					<p>The text is freely available</p>
				</availability>
				<date when="2017">2017</date>
				<idno type="#disco" xml:id="file_po_313g0677"></idno>
			</publicationStmt>
			<sourceDesc>
				<bibl type="digital-source">
					<hi rend="italics">Sonetos del siglo XV al XVII</hi>
					<date when="2006">2006</date>
					<ref target="http://www.cervantesvirtual.com/nd/ark:/59851/bmc2r439"></ref>
					<ref target="http://www.cervantesvirtual.com/obra/sonetos-del-siglo-xv-al-xvii--0/"></ref>
Biblioteca Cervantes Virtual,  / editados por Ramón García González, , , .				</bibl>
			</sourceDesc>
		</fileDesc>
		<profileDesc>
			<langUsage>
				<language ident="es" about="disco:po_313g0677" property="dc:language" resource="dbpedia:Idioma_español">Spanish</language>
			</langUsage>
			<particDesc>
				<listPerson>
					<person xml:id="disco_313g" about="disco:313g" typeOf="foaf:Person">
						<idno cert="high" property="rdfs:seeAlso" resource="https://viaf.org/viaf/121956947"></idno>
						<persName type="short">Arguijo</persName>
						<persName type="full">
							<forename property="foaf:givenName">Juan</forename>
							<nameLink>de</nameLink>
							<surname property="foaf:familyName">Arguijo</surname>
						</persName>
						<persName type="source" property="foaf:name">Juan de Arguijo</persName>
						<sex property="foaf:gender" content="M"></sex>
						<birth>
							<location>
								<placeName>
									<settlement property="schema:birthPlace" inlist="">Sevilla</settlement>
									<country property="schema:birthPlace" inlist="">España</country>
									<bloc property="schema:birthPlace" inlist="">Europa</bloc>
								</placeName>
							</location>
							<date property="schema:birthDate" content="1560" cert="high"></date>
							<date type="century">16</date>
						</birth>
						<death>
							<location>
								<placeName>
									<settlement property="schema:deathPlace" inlist="">Sevilla</settlement>
								</placeName>
							</location>
							<date property="schema:deathDate" content="1623" cert="high"></date>
							<date type="century">17</date>
						</death>
						<listBibl inlist="" rel="blterms:hasCreated" typeOf="schema:CreativeWork">
							<bibl resource="disco:s313g0677">
								<title property="dc:title">- XXXIII -</title>
								<title type="incipit" property="dc:alternative">Osaste alzar el peligroso vuelo,</title>
							</bibl>
						</listBibl>
					</person>
				</listPerson>
			</particDesc>
		</profileDesc>
		<encodingDesc>
			<listPrefixDef>
				<prefixDef ident="foaf" matchPattern="([A-Za-z]+)" replacementPattern="http://xmlns.com/foaf/0.1/$1"></prefixDef>
				<prefixDef ident="dc" matchPattern="([A-Za-z]+)" replacementPattern="http://purl.org/dc/terms/$1"></prefixDef>
				<prefixDef ident="schema" matchPattern="([A-Za-z]+)" replacementPattern="http://schema.org/$1"></prefixDef>
				<prefixDef ident="dbpedia" matchPattern="([A-Za-z]+(_[A-Za-z])*)" replacementPattern="http://es.dbpedia.org/page/"></prefixDef>
				<prefixDef ident="blterms" matchPattern="([A-Za-z]+)" replacementPattern="http://www.bl.uk/schemas/bibliographic/blterms#$1"></prefixDef>
				<prefixDef ident="rdfs" matchPattern="([A-Za-z]+)" replacementPattern="http://www.w3.org/2000/01/rdf-schema#$1"></prefixDef>
			</listPrefixDef>
			<metDecl type="met" pattern="((\+|\-)+)*">
				<metSym value="+">stressed syllable</metSym>
				<metSym value="-">unstressed syllable</metSym>
			</metDecl>
			<metDecl type="met">
				<p>
					<ref target="https://github.com/bncolorado/adsoScansionSystem">ADSO</ref>
The metrical patterns were extracted automatically using the 
                    tool.				</p>
			</metDecl>
			<metDecl type="enjamb">
				<p>
					<att>enjamb</att>
					<att>cert</att>
					<ref target="https://sites.google.com/site/spanishenjambment/">ANJA
                        (Automatic eNJambment Analysis)</ref>
					<ref target="https://sites.google.com/site/spanishenjambment/enjambment-types">documentation</ref>
					<ref target="https://sites.google.com/site/spanishenjambment/tei-certitude-values">report</ref>
The values of the  atributes were extracted automatically using
                    the  tool. For more information about the
                    types of enjambment as defined in this corpus, read the . In addition, a  was added to express the
                    degree of certainty concerning the characterisation of the enjambment. The following 
                     covers this feature in deep detail.				</p>
			</metDecl>
		</encodingDesc>
		<revisionDesc>
			<change when="2017-11-02" who="#prf">Initial TEI version</change>
			<change when="2017-11-27" who="#prf">Addition of metrical annotation</change>
			<change when="2017-11-27" who="#heb">Review of authors’ metadata</change>
			<change when="2017-12-01" who="#prf">Encoding of enjambment</change>
			<change when="2017-12-01" who="#heb">Publication of 19th, 18th and Golden Age version</change>
			<change when="2018-05-16" who="#heb">Revision of RDFa attributes</change>
		</revisionDesc>
	</teiHeader>
	<text>
		<front>
			<head>- XXXIII -</head>
		</front>
		<body>
			<lg n="1" type="cuarteto">
				<l n="1" met="-+-+---+-+-">Osaste alzar el peligroso vuelo,</l>
				<l n="2" met="+--+-+---+-">Ícaro, vanamente confiado</l>
				<l n="3" met="-+-+-+---+-" enjamb="B-pb_adj_prep" cert="low">en mal seguras alas; y olvidado</l>
				<l n="4" met="-+-+-+-+-+-" enjamb="I-pb_adj_prep" cert="low">del sano aviso, te acercaste al cielo.</l>
				<param name="AffectiveFeatures">
					<attRef name="Hap_Mean">
						<content>9.99</content>
					</attRef>
					<attRef name="Hap_SD">
						<content>3.15</content>
					</attRef>
					<attRef name="Ang_Mean">
						<content>3.17</content>
					</attRef>
					<attRef name="Ang_SD">
						<content>0.78</content>
					</attRef>
					<attRef name="Sad_Mean">
						<content>4.24</content>
					</attRef>
					<attRef name="Sad_SD">
						<content>2.11</content>
					</attRef>
					<attRef name="Fear_Mean">
						<content>5.58</content>
					</attRef>
					<attRef name="Fear_SD">
						<content>3.31</content>
					</attRef>
					<attRef name="Disg_Mean">
						<content>3.17</content>
					</attRef>
					<attRef name="Disg_SD">
						<content>0.7</content>
					</attRef>
					<attRef name="n_affective">
						<content>3</content>
					</attRef>
					<attRef name="ValenceMean">
						<content>62.03</content>
					</attRef>
					<attRef name="ValenceSD">
						<content>14.39</content>
					</attRef>
					<attRef name="ArousalMean">
						<content>56.3</content>
					</attRef>
					<attRef name="ArousalSD">
						<content>17.45</content>
					</attRef>
					<attRef name="n_v_a">
						<content>11</content>
					</attRef>
					<attRef name="Max_Aro">
						<content>7.8</content>
					</attRef>
					<attRef name="Min_Aro">
						<content>2.95</content>
					</attRef>
					<attRef name="ArousalSpan">
						<content>4.85</content>
					</attRef>
					<attRef name="Max_Val">
						<content>8.15</content>
					</attRef>
					<attRef name="Min_Val">
						<content>2.1</content>
					</attRef>
					<attRef name="ValenceSpan">
						<content>6.05</content>
					</attRef>
					<attRef name="CorAro">
						<content>-0.5288</content>
					</attRef>
					<attRef name="CorVal">
						<content>0.2621</content>
					</attRef>
					<attRef name="averageAoA">
						<content>53.06</content>
					</attRef>
					<attRef name="sdAOA">
						<content>20.22</content>
					</attRef>
					<attRef name="MinAoA">
						<content>16.0</content>
					</attRef>
					<attRef name="MaxAoA">
						<content>98.0</content>
					</attRef>
					<attRef name="OralFreq_Log">
						<content>20.1</content>
					</attRef>
					<attRef name="WrittenFreq_Log">
						<content>23.97</content>
					</attRef>
					<attRef name="n_aoa">
						<content>10</content>
					</attRef>
					<attRef name="Max_AoA">
						<content>7.02</content>
					</attRef>
					<attRef name="Min_AoA">
						<content>3.5</content>
					</attRef>
					<attRef name="AoASpan">
						<content>3.52</content>
					</attRef>
					<attRef name="Max_sdAOA">
						<content>2.646</content>
					</attRef>
					<attRef name="Min_sdAOA">
						<content>1.398</content>
					</attRef>
					<attRef name="sdAOASpan">
						<content>1.248</content>
					</attRef>
					<attRef name="Max_logOralFreq">
						<content>3.186</content>
					</attRef>
					<attRef name="Min_logOralFreq">
						<content>1.415</content>
					</attRef>
					<attRef name="logOralFreqSpan">
						<content>1.771</content>
					</attRef>
					<attRef name="Max_logWrittenFreq">
						<content>3.1860000000000004</content>
					</attRef>
					<attRef name="Min_logWrittenFreq">
						<content>1.7080000000000002</content>
					</attRef>
					<attRef name="logWrittenFreqSpan">
						<content>1.478</content>
					</attRef>
					<attRef name="CorAoA">
						<content>-0.1034</content>
					</attRef>
				</param>
			</lg>
			<lg n="2" type="cuarteto">
				<l n="5" met="---+---+-+-">Donde el ardor del que gobierna Delo,</l>
				<l n="6" met="--+--+---+-">deshaciendo tus plumas, castigado</l>
				<l n="7" met="+-++---+++-">te arrojó al mar, a quien tu nombre has dado,</l>
				<l n="8" met="---+-+-+-+-">y sepultura a ti en el hondo suelo.</l>
				<param name="AffectiveFeatures">
					<attRef name="Hap_Mean">
						<content>6.52</content>
					</attRef>
					<attRef name="Hap_SD">
						<content>2.95</content>
					</attRef>
					<attRef name="Ang_Mean">
						<content>7.78</content>
					</attRef>
					<attRef name="Ang_SD">
						<content>3.38</content>
					</attRef>
					<attRef name="Sad_Mean">
						<content>8.85</content>
					</attRef>
					<attRef name="Sad_SD">
						<content>4.32</content>
					</attRef>
					<attRef name="Fear_Mean">
						<content>8.59</content>
					</attRef>
					<attRef name="Fear_SD">
						<content>3.91</content>
					</attRef>
					<attRef name="Disg_Mean">
						<content>6.91</content>
					</attRef>
					<attRef name="Disg_SD">
						<content>3.89</content>
					</attRef>
					<attRef name="n_affective">
						<content>4</content>
					</attRef>
					<attRef name="ValenceMean">
						<content>56.0</content>
					</attRef>
					<attRef name="ValenceSD">
						<content>14.35</content>
					</attRef>
					<attRef name="ArousalMean">
						<content>62.78</content>
					</attRef>
					<attRef name="ArousalSD">
						<content>18.64</content>
					</attRef>
					<attRef name="n_v_a">
						<content>12</content>
					</attRef>
					<attRef name="Max_Aro">
						<content>7.2</content>
					</attRef>
					<attRef name="Min_Aro">
						<content>2.9</content>
					</attRef>
					<attRef name="ArousalSpan">
						<content>4.3</content>
					</attRef>
					<attRef name="Max_Val">
						<content>8.05</content>
					</attRef>
					<attRef name="Min_Val">
						<content>2.15</content>
					</attRef>
					<attRef name="ValenceSpan">
						<content>5.9</content>
					</attRef>
					<attRef name="CorAro">
						<content>-0.3962</content>
					</attRef>
					<attRef name="CorVal">
						<content>0.2556</content>
					</attRef>
					<attRef name="averageAoA">
						<content>52.0</content>
					</attRef>
					<attRef name="sdAOA">
						<content>19.99</content>
					</attRef>
					<attRef name="MinAoA">
						<content>15.0</content>
					</attRef>
					<attRef name="MaxAoA">
						<content>99.0</content>
					</attRef>
					<attRef name="OralFreq_Log">
						<content>17.02</content>
					</attRef>
					<attRef name="WrittenFreq_Log">
						<content>22.0</content>
					</attRef>
					<attRef name="n_aoa">
						<content>10</content>
					</attRef>
					<attRef name="Max_AoA">
						<content>9.4</content>
					</attRef>
					<attRef name="Min_AoA">
						<content>3.0</content>
					</attRef>
					<attRef name="AoASpan">
						<content>6.4</content>
					</attRef>
					<attRef name="Max_sdAOA">
						<content>2.712</content>
					</attRef>
					<attRef name="Min_sdAOA">
						<content>1.637</content>
					</attRef>
					<attRef name="sdAOASpan">
						<content>1.075</content>
					</attRef>
					<attRef name="Max_logOralFreq">
						<content>3.137</content>
					</attRef>
					<attRef name="Min_logOralFreq">
						<content>0.845</content>
					</attRef>
					<attRef name="logOralFreqSpan">
						<content>2.292</content>
					</attRef>
					<attRef name="Max_logWrittenFreq">
						<content>3.184</content>
					</attRef>
					<attRef name="Min_logWrittenFreq">
						<content>1.342</content>
					</attRef>
					<attRef name="logWrittenFreqSpan">
						<content>1.842</content>
					</attRef>
					<attRef name="CorAoA">
						<content>-0.3268</content>
					</attRef>
				</param>
			</lg>
			<lg n="3" type="terceto">
				<l n="9" met="-++--+-+-+-" enjamb="B-pb_noun_prep" cert="medium">Por más cierto camino el sabio viejo</l>
				<l n="10" met="-+-+---+-+-" enjamb="I-pb_noun_prep" cert="medium">de tal peligro discurrió ligero,</l>
				<l n="11" met="-+---+-+-+-">y a Febo dedicó el cumano templo.</l>
				<param name="AffectiveFeatures">
					<attRef name="Hap_Mean">
						<content>7.44</content>
					</attRef>
					<attRef name="Hap_SD">
						<content>2.7</content>
					</attRef>
					<attRef name="Ang_Mean">
						<content>4.03</content>
					</attRef>
					<attRef name="Ang_SD">
						<content>1.82</content>
					</attRef>
					<attRef name="Sad_Mean">
						<content>4.56</content>
					</attRef>
					<attRef name="Sad_SD">
						<content>2.75</content>
					</attRef>
					<attRef name="Fear_Mean">
						<content>6.94</content>
					</attRef>
					<attRef name="Fear_SD">
						<content>2.61</content>
					</attRef>
					<attRef name="Disg_Mean">
						<content>3.67</content>
					</attRef>
					<attRef name="Disg_SD">
						<content>2.06</content>
					</attRef>
					<attRef name="n_affective">
						<content>3</content>
					</attRef>
					<attRef name="ValenceMean">
						<content>56.04</content>
					</attRef>
					<attRef name="ValenceSD">
						<content>12.48</content>
					</attRef>
					<attRef name="ArousalMean">
						<content>48.9</content>
					</attRef>
					<attRef name="ArousalSD">
						<content>16.39</content>
					</attRef>
					<attRef name="n_v_a">
						<content>10</content>
					</attRef>
					<attRef name="Max_Aro">
						<content>8.0</content>
					</attRef>
					<attRef name="Min_Aro">
						<content>3.85</content>
					</attRef>
					<attRef name="ArousalSpan">
						<content>4.15</content>
					</attRef>
					<attRef name="Max_Val">
						<content>7.65</content>
					</attRef>
					<attRef name="Min_Val">
						<content>2.93</content>
					</attRef>
					<attRef name="ValenceSpan">
						<content>4.72</content>
					</attRef>
					<attRef name="CorAro">
						<content>0.0316</content>
					</attRef>
					<attRef name="CorVal">
						<content>-0.027</content>
					</attRef>
					<attRef name="averageAoA">
						<content>58.12</content>
					</attRef>
					<attRef name="sdAOA">
						<content>17.14</content>
					</attRef>
					<attRef name="MinAoA">
						<content>25.0</content>
					</attRef>
					<attRef name="MaxAoA">
						<content>93.0</content>
					</attRef>
					<attRef name="OralFreq_Log">
						<content>19.92</content>
					</attRef>
					<attRef name="WrittenFreq_Log">
						<content>22.98</content>
					</attRef>
					<attRef name="n_aoa">
						<content>9</content>
					</attRef>
					<attRef name="Max_AoA">
						<content>8.1</content>
					</attRef>
					<attRef name="Min_AoA">
						<content>3.96</content>
					</attRef>
					<attRef name="AoASpan">
						<content>4.14</content>
					</attRef>
					<attRef name="Max_sdAOA">
						<content>2.124</content>
					</attRef>
					<attRef name="Min_sdAOA">
						<content>1.664</content>
					</attRef>
					<attRef name="sdAOASpan">
						<content>0.46</content>
					</attRef>
					<attRef name="Max_logOralFreq">
						<content>3.403</content>
					</attRef>
					<attRef name="Min_logOralFreq">
						<content>1.23</content>
					</attRef>
					<attRef name="logOralFreqSpan">
						<content>2.173</content>
					</attRef>
					<attRef name="Max_logWrittenFreq">
						<content>3.1860000000000004</content>
					</attRef>
					<attRef name="Min_logWrittenFreq">
						<content>1.924</content>
					</attRef>
					<attRef name="logWrittenFreqSpan">
						<content>1.262</content>
					</attRef>
					<attRef name="CorAoA">
						<content>0.3733</content>
					</attRef>
				</param>
			</lg>
			<lg n="4" type="terceto">
				<l n="12" met="---+-+---+-">¡Oh si guardar supieras su consejo</l>
				<l n="13" met="-+-+---+-+-" enjamb="B-pb_noun_prep" cert="medium">y no quedara en tu castigo duro</l>
				<l n="14" met="---+-+---+-" enjamb="I-pb_noun_prep" cert="medium">de las rendidas alas el ejemplo!</l>
				<param name="AffectiveFeatures">
					<attRef name="Hap_Mean">
						<content>7.57</content>
					</attRef>
					<attRef name="Hap_SD">
						<content>3.2</content>
					</attRef>
					<attRef name="Ang_Mean">
						<content>8.64</content>
					</attRef>
					<attRef name="Ang_SD">
						<content>4.16</content>
					</attRef>
					<attRef name="Sad_Mean">
						<content>8.4</content>
					</attRef>
					<attRef name="Sad_SD">
						<content>3.64</content>
					</attRef>
					<attRef name="Fear_Mean">
						<content>9.36</content>
					</attRef>
					<attRef name="Fear_SD">
						<content>4.54</content>
					</attRef>
					<attRef name="Disg_Mean">
						<content>6.44</content>
					</attRef>
					<attRef name="Disg_SD">
						<content>3.78</content>
					</attRef>
					<attRef name="n_affective">
						<content>4</content>
					</attRef>
					<attRef name="ValenceMean">
						<content>50.35</content>
					</attRef>
					<attRef name="ValenceSD">
						<content>12.8</content>
					</attRef>
					<attRef name="ArousalMean">
						<content>46.55</content>
					</attRef>
					<attRef name="ArousalSD">
						<content>12.47</content>
					</attRef>
					<attRef name="n_v_a">
						<content>9</content>
					</attRef>
					<attRef name="Max_Aro">
						<content>7.2</content>
					</attRef>
					<attRef name="Min_Aro">
						<content>3.55</content>
					</attRef>
					<attRef name="ArousalSpan">
						<content>3.65</content>
					</attRef>
					<attRef name="Max_Val">
						<content>7.4</content>
					</attRef>
					<attRef name="Min_Val">
						<content>2.15</content>
					</attRef>
					<attRef name="ValenceSpan">
						<content>5.25</content>
					</attRef>
					<attRef name="CorAro">
						<content>0.3601</content>
					</attRef>
					<attRef name="CorVal">
						<content>-0.39</content>
					</attRef>
					<attRef name="averageAoA">
						<content>45.36</content>
					</attRef>
					<attRef name="sdAOA">
						<content>15.56</content>
					</attRef>
					<attRef name="MinAoA">
						<content>15.0</content>
					</attRef>
					<attRef name="MaxAoA">
						<content>83.0</content>
					</attRef>
					<attRef name="OralFreq_Log">
						<content>21.82</content>
					</attRef>
					<attRef name="WrittenFreq_Log">
						<content>22.77</content>
					</attRef>
					<attRef name="n_aoa">
						<content>9</content>
					</attRef>
					<attRef name="Max_AoA">
						<content>8.22</content>
					</attRef>
					<attRef name="Min_AoA">
						<content>1.64</content>
					</attRef>
					<attRef name="AoASpan">
						<content>6.58</content>
					</attRef>
					<attRef name="Max_sdAOA">
						<content>2.284</content>
					</attRef>
					<attRef name="Min_sdAOA">
						<content>0.921</content>
					</attRef>
					<attRef name="sdAOASpan">
						<content>1.363</content>
					</attRef>
					<attRef name="Max_logOralFreq">
						<content>4.152</content>
					</attRef>
					<attRef name="Min_logOralFreq">
						<content>0.845</content>
					</attRef>
					<attRef name="logOralFreqSpan">
						<content>3.307</content>
					</attRef>
					<attRef name="Max_logWrittenFreq">
						<content>4.003</content>
					</attRef>
					<attRef name="Min_logWrittenFreq">
						<content>1.477</content>
					</attRef>
					<attRef name="logWrittenFreqSpan">
						<content>2.526</content>
					</attRef>
					<attRef name="CorAoA">
						<content>0.2623</content>
					</attRef>
				</param>
			</lg>
			<param name="AffectiveFeatures">
				<attRef name="Hap_Mean">
					<content>31.52</content>
				</attRef>
				<attRef name="Hap_SD">
					<content>12.0</content>
				</attRef>
				<attRef name="Ang_Mean">
					<content>23.62</content>
				</attRef>
				<attRef name="Ang_SD">
					<content>10.14</content>
				</attRef>
				<attRef name="Sad_Mean">
					<content>26.05</content>
				</attRef>
				<attRef name="Sad_SD">
					<content>12.82</content>
				</attRef>
				<attRef name="Fear_Mean">
					<content>30.47</content>
				</attRef>
				<attRef name="Fear_SD">
					<content>14.37</content>
				</attRef>
				<attRef name="Disg_Mean">
					<content>20.18</content>
				</attRef>
				<attRef name="Disg_SD">
					<content>10.43</content>
				</attRef>
				<attRef name="n_affective">
					<content>14</content>
				</attRef>
				<attRef name="ValenceMean">
					<content>224.42</content>
				</attRef>
				<attRef name="ValenceSD">
					<content>54.02</content>
				</attRef>
				<attRef name="ArousalMean">
					<content>214.53</content>
				</attRef>
				<attRef name="ArousalSD">
					<content>64.95</content>
				</attRef>
				<attRef name="n_v_a">
					<content>42</content>
				</attRef>
				<attRef name="Max_Aro">
					<content>8.0</content>
				</attRef>
				<attRef name="Min_Aro">
					<content>2.9</content>
				</attRef>
				<attRef name="ArousalSpan">
					<content>5.1</content>
				</attRef>
				<attRef name="Max_Val">
					<content>8.15</content>
				</attRef>
				<attRef name="Min_Val">
					<content>2.1</content>
				</attRef>
				<attRef name="ValenceSpan">
					<content>6.05</content>
				</attRef>
				<attRef name="CorAro">
					<content>-0.0788</content>
				</attRef>
				<attRef name="CorVal">
					<content>0.0671</content>
				</attRef>
				<attRef name="averageAoA">
					<content>208.54</content>
				</attRef>
				<attRef name="sdAOA">
					<content>72.93</content>
				</attRef>
				<attRef name="MinAoA">
					<content>71.0</content>
				</attRef>
				<attRef name="MaxAoA">
					<content>373.0</content>
				</attRef>
				<attRef name="OralFreq_Log">
					<content>78.86</content>
				</attRef>
				<attRef name="WrittenFreq_Log">
					<content>91.72</content>
				</attRef>
				<attRef name="n_aoa">
					<content>38</content>
				</attRef>
				<attRef name="Max_AoA">
					<content>9.4</content>
				</attRef>
				<attRef name="Min_AoA">
					<content>1.64</content>
				</attRef>
				<attRef name="AoASpan">
					<content>7.76</content>
				</attRef>
				<attRef name="Max_sdAOA">
					<content>2.712</content>
				</attRef>
				<attRef name="Min_sdAOA">
					<content>0.921</content>
				</attRef>
				<attRef name="sdAOASpan">
					<content>1.791</content>
				</attRef>
				<attRef name="Max_logOralFreq">
					<content>4.152</content>
				</attRef>
				<attRef name="Min_logOralFreq">
					<content>0.845</content>
				</attRef>
				<attRef name="logOralFreqSpan">
					<content>3.307</content>
				</attRef>
				<attRef name="Max_logWrittenFreq">
					<content>4.003</content>
				</attRef>
				<attRef name="Min_logWrittenFreq">
					<content>1.342</content>
				</attRef>
				<attRef name="logWrittenFreqSpan">
					<content>2.661</content>
				</attRef>
				<attRef name="CorAoA">
					<content>0.0255</content>
				</attRef>
			</param>
		</body>
	</text>
</TEI>