<?xml version="1.0" encoding="utf-8"?>
<TEI xmlns="http://www.tei-c.org/ns/1.0">
	<teiHeader>
		<fileDesc>
			<titleStmt about="disco:po_313g0670">
				<title property="dc:title">- XXVI -</title>
				<author property="dc:creator" resource="disco:313g" corresp="#disco_313g">Juan de Arguijo</author>
				<principal xml:id="prf">Pablo Ruiz Fabo</principal>
				<principal xml:id="heb">Helena Bermúdez Sabel</principal>
				<principal xml:id="jct">José Calvo Tello</principal>
				<principal xml:id="cimc">Clara Isabel Martínez Cantón</principal>
				<respStmt>
					<resp>Metrical annotation by</resp>
					<name xml:id="bnc">Borja Navarro Colorado</name>
				</respStmt>
			</titleStmt>
			<extent>
				<measure unit="sonnets">1</measure>
				<measure unit="tokens">95</measure>
				<measure unit="line">14</measure>
			</extent>
			<publicationStmt>
				<publisher>Diachronic Spanish Sonnet Corpus</publisher>
				<authority>POSTDATA Project</authority>
				<pubPlace>Madrid</pubPlace>
				<availability status="free">
					<p>The text is freely available</p>
				</availability>
				<date when="2017">2017</date>
				<idno type="#disco" xml:id="file_po_313g0670"></idno>
			</publicationStmt>
			<sourceDesc>
				<bibl type="digital-source">
					<hi rend="italics">Sonetos del siglo XV al XVII</hi>
					<date when="2006">2006</date>
					<ref target="http://www.cervantesvirtual.com/nd/ark:/59851/bmc2r439"></ref>
					<ref target="http://www.cervantesvirtual.com/obra/sonetos-del-siglo-xv-al-xvii--0/"></ref>
Biblioteca Cervantes Virtual,  / editados por Ramón García González, , , .				</bibl>
			</sourceDesc>
		</fileDesc>
		<profileDesc>
			<langUsage>
				<language ident="es" about="disco:po_313g0670" property="dc:language" resource="dbpedia:Idioma_español">Spanish</language>
			</langUsage>
			<particDesc>
				<listPerson>
					<person xml:id="disco_313g" about="disco:313g" typeOf="foaf:Person">
						<idno cert="high" property="rdfs:seeAlso" resource="https://viaf.org/viaf/121956947"></idno>
						<persName type="short">Arguijo</persName>
						<persName type="full">
							<forename property="foaf:givenName">Juan</forename>
							<nameLink>de</nameLink>
							<surname property="foaf:familyName">Arguijo</surname>
						</persName>
						<persName type="source" property="foaf:name">Juan de Arguijo</persName>
						<sex property="foaf:gender" content="M"></sex>
						<birth>
							<location>
								<placeName>
									<settlement property="schema:birthPlace" inlist="">Sevilla</settlement>
									<country property="schema:birthPlace" inlist="">España</country>
									<bloc property="schema:birthPlace" inlist="">Europa</bloc>
								</placeName>
							</location>
							<date property="schema:birthDate" content="1560" cert="high"></date>
							<date type="century">16</date>
						</birth>
						<death>
							<location>
								<placeName>
									<settlement property="schema:deathPlace" inlist="">Sevilla</settlement>
								</placeName>
							</location>
							<date property="schema:deathDate" content="1623" cert="high"></date>
							<date type="century">17</date>
						</death>
						<listBibl inlist="" rel="blterms:hasCreated" typeOf="schema:CreativeWork">
							<bibl resource="disco:s313g0670">
								<title property="dc:title">- XXVI -</title>
								<title type="incipit" property="dc:alternative">El que soberbio a no temer se atreve</title>
							</bibl>
						</listBibl>
					</person>
				</listPerson>
			</particDesc>
		</profileDesc>
		<encodingDesc>
			<listPrefixDef>
				<prefixDef ident="foaf" matchPattern="([A-Za-z]+)" replacementPattern="http://xmlns.com/foaf/0.1/$1"></prefixDef>
				<prefixDef ident="dc" matchPattern="([A-Za-z]+)" replacementPattern="http://purl.org/dc/terms/$1"></prefixDef>
				<prefixDef ident="schema" matchPattern="([A-Za-z]+)" replacementPattern="http://schema.org/$1"></prefixDef>
				<prefixDef ident="dbpedia" matchPattern="([A-Za-z]+(_[A-Za-z])*)" replacementPattern="http://es.dbpedia.org/page/"></prefixDef>
				<prefixDef ident="blterms" matchPattern="([A-Za-z]+)" replacementPattern="http://www.bl.uk/schemas/bibliographic/blterms#$1"></prefixDef>
				<prefixDef ident="rdfs" matchPattern="([A-Za-z]+)" replacementPattern="http://www.w3.org/2000/01/rdf-schema#$1"></prefixDef>
			</listPrefixDef>
			<metDecl type="met" pattern="((\+|\-)+)*">
				<metSym value="+">stressed syllable</metSym>
				<metSym value="-">unstressed syllable</metSym>
			</metDecl>
			<metDecl type="met">
				<p>
					<ref target="https://github.com/bncolorado/adsoScansionSystem">ADSO</ref>
The metrical patterns were extracted automatically using the 
                    tool.				</p>
			</metDecl>
			<metDecl type="enjamb">
				<p>
					<att>enjamb</att>
					<att>cert</att>
					<ref target="https://sites.google.com/site/spanishenjambment/">ANJA
                        (Automatic eNJambment Analysis)</ref>
					<ref target="https://sites.google.com/site/spanishenjambment/enjambment-types">documentation</ref>
					<ref target="https://sites.google.com/site/spanishenjambment/tei-certitude-values">report</ref>
The values of the  atributes were extracted automatically using
                    the  tool. For more information about the
                    types of enjambment as defined in this corpus, read the . In addition, a  was added to express the
                    degree of certainty concerning the characterisation of the enjambment. The following 
                     covers this feature in deep detail.				</p>
			</metDecl>
		</encodingDesc>
		<revisionDesc>
			<change when="2017-11-02" who="#prf">Initial TEI version</change>
			<change when="2017-11-27" who="#prf">Addition of metrical annotation</change>
			<change when="2017-11-27" who="#heb">Review of authors’ metadata</change>
			<change when="2017-12-01" who="#prf">Encoding of enjambment</change>
			<change when="2017-12-01" who="#heb">Publication of 19th, 18th and Golden Age version</change>
			<change when="2018-05-16" who="#heb">Revision of RDFa attributes</change>
		</revisionDesc>
	</teiHeader>
	<text>
		<front>
			<head>- XXVI -</head>
		</front>
		<body>
			<lg n="1" type="cuarteto">
				<l n="1" met="---+-+-+-+-" enjamb="B-ex_dobj_verb" cert="low">El que soberbio a no temer se atreve</l>
				<l n="2" met="-+-+---+-+-" enjamb="I-ex_dobj_verb" cert="low">la varia fuerza del mudable hado,</l>
				<l n="3" met="---+--+--+-" enjamb="B-pb_noun_prep" cert="medium">y en alegre fortuna confiado</l>
				<l n="4" met="--+--+-+-+-" enjamb="I-pb_noun_prep" cert="medium">de los dioses creyó el aplauso leve.</l>
				<param name="AffectiveFeatures">
					<attRef name="Hap_Mean">
						<content>18.03</content>
					</attRef>
					<attRef name="Hap_SD">
						<content>6.05</content>
					</attRef>
					<attRef name="Ang_Mean">
						<content>8.45</content>
					</attRef>
					<attRef name="Ang_SD">
						<content>5.1</content>
					</attRef>
					<attRef name="Sad_Mean">
						<content>8.29</content>
					</attRef>
					<attRef name="Sad_SD">
						<content>4.15</content>
					</attRef>
					<attRef name="Fear_Mean">
						<content>11.02</content>
					</attRef>
					<attRef name="Fear_SD">
						<content>6.29</content>
					</attRef>
					<attRef name="Disg_Mean">
						<content>7.53</content>
					</attRef>
					<attRef name="Disg_SD">
						<content>3.99</content>
					</attRef>
					<attRef name="n_affective">
						<content>6</content>
					</attRef>
					<attRef name="ValenceMean">
						<content>73.92</content>
					</attRef>
					<attRef name="ValenceSD">
						<content>16.44</content>
					</attRef>
					<attRef name="ArousalMean">
						<content>66.44</content>
					</attRef>
					<attRef name="ArousalSD">
						<content>21.65</content>
					</attRef>
					<attRef name="n_v_a">
						<content>12</content>
					</attRef>
					<attRef name="Max_Aro">
						<content>7.2</content>
					</attRef>
					<attRef name="Min_Aro">
						<content>3.25</content>
					</attRef>
					<attRef name="ArousalSpan">
						<content>3.95</content>
					</attRef>
					<attRef name="Max_Val">
						<content>8.5</content>
					</attRef>
					<attRef name="Min_Val">
						<content>2.55</content>
					</attRef>
					<attRef name="ValenceSpan">
						<content>5.95</content>
					</attRef>
					<attRef name="CorAro">
						<content>-0.5809</content>
					</attRef>
					<attRef name="CorVal">
						<content>0.4627</content>
					</attRef>
					<attRef name="averageAoA">
						<content>60.34</content>
					</attRef>
					<attRef name="sdAOA">
						<content>19.13</content>
					</attRef>
					<attRef name="MinAoA">
						<content>21.0</content>
					</attRef>
					<attRef name="MaxAoA">
						<content>107.0</content>
					</attRef>
					<attRef name="OralFreq_Log">
						<content>17.8</content>
					</attRef>
					<attRef name="WrittenFreq_Log">
						<content>22.18</content>
					</attRef>
					<attRef name="n_aoa">
						<content>10</content>
					</attRef>
					<attRef name="Max_AoA">
						<content>8.3</content>
					</attRef>
					<attRef name="Min_AoA">
						<content>3.9</content>
					</attRef>
					<attRef name="AoASpan">
						<content>4.4</content>
					</attRef>
					<attRef name="Max_sdAOA">
						<content>2.393</content>
					</attRef>
					<attRef name="Min_sdAOA">
						<content>1.134</content>
					</attRef>
					<attRef name="sdAOASpan">
						<content>1.259</content>
					</attRef>
					<attRef name="Max_logOralFreq">
						<content>2.918</content>
					</attRef>
					<attRef name="Min_logOralFreq">
						<content>0.903</content>
					</attRef>
					<attRef name="logOralFreqSpan">
						<content>2.015</content>
					</attRef>
					<attRef name="Max_logWrittenFreq">
						<content>3.1060000000000003</content>
					</attRef>
					<attRef name="Min_logWrittenFreq">
						<content>1.544</content>
					</attRef>
					<attRef name="logWrittenFreqSpan">
						<content>1.562</content>
					</attRef>
					<attRef name="CorAoA">
						<content>-0.118</content>
					</attRef>
				</param>
			</lg>
			<lg n="2" type="cuarteto">
				<l n="5" met="-+-+---+-+-">Ejemplo tome de mi gloria breve,</l>
				<l n="6" met="---+-+-+-+-" enjamb="B-ex_dobj_verb" cert="low">en cuyo fin dejó el egipcio armado</l>
				<l n="7" met="-+-+-+--+-+-" enjamb="I-ex_dobj_verb" cert="low">al claro Nilo; y vino el scita osado,</l>
				<l n="8" met="-+-+---+-+-">que el puro Tanais, y el Oronta bebe.</l>
				<param name="AffectiveFeatures">
					<attRef name="Hap_Mean">
						<content>12.0</content>
					</attRef>
					<attRef name="Hap_SD">
						<content>4.75</content>
					</attRef>
					<attRef name="Ang_Mean">
						<content>5.29</content>
					</attRef>
					<attRef name="Ang_SD">
						<content>3.03</content>
					</attRef>
					<attRef name="Sad_Mean">
						<content>5.47</content>
					</attRef>
					<attRef name="Sad_SD">
						<content>3.0</content>
					</attRef>
					<attRef name="Fear_Mean">
						<content>5.56</content>
					</attRef>
					<attRef name="Fear_SD">
						<content>3.35</content>
					</attRef>
					<attRef name="Disg_Mean">
						<content>5.96</content>
					</attRef>
					<attRef name="Disg_SD">
						<content>3.12</content>
					</attRef>
					<attRef name="n_affective">
						<content>4</content>
					</attRef>
					<attRef name="ValenceMean">
						<content>59.03</content>
					</attRef>
					<attRef name="ValenceSD">
						<content>14.32</content>
					</attRef>
					<attRef name="ArousalMean">
						<content>57.8</content>
					</attRef>
					<attRef name="ArousalSD">
						<content>19.18</content>
					</attRef>
					<attRef name="n_v_a">
						<content>11</content>
					</attRef>
					<attRef name="Max_Aro">
						<content>6.65</content>
					</attRef>
					<attRef name="Min_Aro">
						<content>4.0</content>
					</attRef>
					<attRef name="ArousalSpan">
						<content>2.65</content>
					</attRef>
					<attRef name="Max_Val">
						<content>7.15</content>
					</attRef>
					<attRef name="Min_Val">
						<content>3.3</content>
					</attRef>
					<attRef name="ValenceSpan">
						<content>3.85</content>
					</attRef>
					<attRef name="CorAro">
						<content>0.3484</content>
					</attRef>
					<attRef name="CorVal">
						<content>0.1564</content>
					</attRef>
					<attRef name="averageAoA">
						<content>58.42</content>
					</attRef>
					<attRef name="sdAOA">
						<content>18.7</content>
					</attRef>
					<attRef name="MinAoA">
						<content>17.0</content>
					</attRef>
					<attRef name="MaxAoA">
						<content>98.0</content>
					</attRef>
					<attRef name="OralFreq_Log">
						<content>25.61</content>
					</attRef>
					<attRef name="WrittenFreq_Log">
						<content>26.84</content>
					</attRef>
					<attRef name="n_aoa">
						<content>10</content>
					</attRef>
					<attRef name="Max_AoA">
						<content>7.98</content>
					</attRef>
					<attRef name="Min_AoA">
						<content>2.2</content>
					</attRef>
					<attRef name="AoASpan">
						<content>5.78</content>
					</attRef>
					<attRef name="Max_sdAOA">
						<content>2.308</content>
					</attRef>
					<attRef name="Min_sdAOA">
						<content>1.178</content>
					</attRef>
					<attRef name="sdAOASpan">
						<content>1.13</content>
					</attRef>
					<attRef name="Max_logOralFreq">
						<content>3.818</content>
					</attRef>
					<attRef name="Min_logOralFreq">
						<content>1.857</content>
					</attRef>
					<attRef name="logOralFreqSpan">
						<content>1.961</content>
					</attRef>
					<attRef name="Max_logWrittenFreq">
						<content>3.176</content>
					</attRef>
					<attRef name="Min_logWrittenFreq">
						<content>2.2230000000000003</content>
					</attRef>
					<attRef name="logWrittenFreqSpan">
						<content>0.953</content>
					</attRef>
					<attRef name="CorAoA">
						<content>-0.6408</content>
					</attRef>
				</param>
			</lg>
			<lg n="3" type="terceto">
				<l n="9" met="+-+--+-+-+-">Troya fui, de los dioses obra ilustre,</l>
				<l n="10" met="-+-+-+-+-+-">honor del Asia, hermosa, rica y fuerte,</l>
				<l n="11" met="+--+---+-+-">madre de reinos, y del mundo espanto.</l>
				<param name="AffectiveFeatures">
					<attRef name="Hap_Mean">
						<content>13.0</content>
					</attRef>
					<attRef name="Hap_SD">
						<content>5.71</content>
					</attRef>
					<attRef name="Ang_Mean">
						<content>8.84</content>
					</attRef>
					<attRef name="Ang_SD">
						<content>5.45</content>
					</attRef>
					<attRef name="Sad_Mean">
						<content>8.73</content>
					</attRef>
					<attRef name="Sad_SD">
						<content>4.6</content>
					</attRef>
					<attRef name="Fear_Mean">
						<content>10.6</content>
					</attRef>
					<attRef name="Fear_SD">
						<content>5.48</content>
					</attRef>
					<attRef name="Disg_Mean">
						<content>8.07</content>
					</attRef>
					<attRef name="Disg_SD">
						<content>4.65</content>
					</attRef>
					<attRef name="n_affective">
						<content>5</content>
					</attRef>
					<attRef name="ValenceMean">
						<content>62.93</content>
					</attRef>
					<attRef name="ValenceSD">
						<content>12.29</content>
					</attRef>
					<attRef name="ArousalMean">
						<content>51.5</content>
					</attRef>
					<attRef name="ArousalSD">
						<content>19.17</content>
					</attRef>
					<attRef name="n_v_a">
						<content>10</content>
					</attRef>
					<attRef name="Max_Aro">
						<content>6.35</content>
					</attRef>
					<attRef name="Min_Aro">
						<content>4.25</content>
					</attRef>
					<attRef name="ArousalSpan">
						<content>2.1</content>
					</attRef>
					<attRef name="Max_Val">
						<content>8.4</content>
					</attRef>
					<attRef name="Min_Val">
						<content>3.95</content>
					</attRef>
					<attRef name="ValenceSpan">
						<content>4.45</content>
					</attRef>
					<attRef name="CorAro">
						<content>0.4138</content>
					</attRef>
					<attRef name="CorVal">
						<content>-0.0223</content>
					</attRef>
					<attRef name="averageAoA">
						<content>50.58</content>
					</attRef>
					<attRef name="sdAOA">
						<content>17.13</content>
					</attRef>
					<attRef name="MinAoA">
						<content>17.0</content>
					</attRef>
					<attRef name="MaxAoA">
						<content>90.0</content>
					</attRef>
					<attRef name="OralFreq_Log">
						<content>21.69</content>
					</attRef>
					<attRef name="WrittenFreq_Log">
						<content>24.18</content>
					</attRef>
					<attRef name="n_aoa">
						<content>9</content>
					</attRef>
					<attRef name="Max_AoA">
						<content>8.88</content>
					</attRef>
					<attRef name="Min_AoA">
						<content>1.98</content>
					</attRef>
					<attRef name="AoASpan">
						<content>6.9</content>
					</attRef>
					<attRef name="Max_sdAOA">
						<content>2.419</content>
					</attRef>
					<attRef name="Min_sdAOA">
						<content>1.134</content>
					</attRef>
					<attRef name="sdAOASpan">
						<content>1.285</content>
					</attRef>
					<attRef name="Max_logOralFreq">
						<content>3.429</content>
					</attRef>
					<attRef name="Min_logOralFreq">
						<content>0.903</content>
					</attRef>
					<attRef name="logOralFreqSpan">
						<content>2.526</content>
					</attRef>
					<attRef name="Max_logWrittenFreq">
						<content>3.5780000000000003</content>
					</attRef>
					<attRef name="Min_logWrittenFreq">
						<content>1.69</content>
					</attRef>
					<attRef name="logWrittenFreqSpan">
						<content>1.888</content>
					</attRef>
					<attRef name="CorAoA">
						<content>0.0053</content>
					</attRef>
				</param>
			</lg>
			<lg n="4" type="terceto">
				<l n="12" met="-+-+---+-+-">Cayó mi gloria y de su antiguo lustre</l>
				<l n="13" met="++-+---+-+-">sólo han quedado ¡oh miserable suerte!</l>
				<l n="14" met="-+-+---+-+-">Cenizas viles y afrentoso llanto.</l>
				<param name="AffectiveFeatures">
					<attRef name="Hap_Mean">
						<content>5.17</content>
					</attRef>
					<attRef name="Hap_SD">
						<content>1.5</content>
					</attRef>
					<attRef name="Ang_Mean">
						<content>2.83</content>
					</attRef>
					<attRef name="Ang_SD">
						<content>1.29</content>
					</attRef>
					<attRef name="Sad_Mean">
						<content>3.74</content>
					</attRef>
					<attRef name="Sad_SD">
						<content>1.78</content>
					</attRef>
					<attRef name="Fear_Mean">
						<content>3.13</content>
					</attRef>
					<attRef name="Fear_SD">
						<content>1.93</content>
					</attRef>
					<attRef name="Disg_Mean">
						<content>3.1</content>
					</attRef>
					<attRef name="Disg_SD">
						<content>1.18</content>
					</attRef>
					<attRef name="n_affective">
						<content>2</content>
					</attRef>
					<attRef name="ValenceMean">
						<content>52.45</content>
					</attRef>
					<attRef name="ValenceSD">
						<content>14.6</content>
					</attRef>
					<attRef name="ArousalMean">
						<content>61.89</content>
					</attRef>
					<attRef name="ArousalSD">
						<content>19.77</content>
					</attRef>
					<attRef name="n_v_a">
						<content>11</content>
					</attRef>
					<attRef name="Max_Aro">
						<content>6.85</content>
					</attRef>
					<attRef name="Min_Aro">
						<content>4.4</content>
					</attRef>
					<attRef name="ArousalSpan">
						<content>2.45</content>
					</attRef>
					<attRef name="Max_Val">
						<content>7.85</content>
					</attRef>
					<attRef name="Min_Val">
						<content>2.3</content>
					</attRef>
					<attRef name="ValenceSpan">
						<content>5.55</content>
					</attRef>
					<attRef name="CorAro">
						<content>0.6281</content>
					</attRef>
					<attRef name="CorVal">
						<content>-0.4198</content>
					</attRef>
					<attRef name="averageAoA">
						<content>45.26</content>
					</attRef>
					<attRef name="sdAOA">
						<content>16.46</content>
					</attRef>
					<attRef name="MinAoA">
						<content>16.0</content>
					</attRef>
					<attRef name="MaxAoA">
						<content>82.0</content>
					</attRef>
					<attRef name="OralFreq_Log">
						<content>16.74</content>
					</attRef>
					<attRef name="WrittenFreq_Log">
						<content>20.53</content>
					</attRef>
					<attRef name="n_aoa">
						<content>8</content>
					</attRef>
					<attRef name="Max_AoA">
						<content>7.98</content>
					</attRef>
					<attRef name="Min_AoA">
						<content>3.22</content>
					</attRef>
					<attRef name="AoASpan">
						<content>4.76</content>
					</attRef>
					<attRef name="Max_sdAOA">
						<content>2.365</content>
					</attRef>
					<attRef name="Min_sdAOA">
						<content>1.799</content>
					</attRef>
					<attRef name="sdAOASpan">
						<content>0.566</content>
					</attRef>
					<attRef name="Max_logOralFreq">
						<content>3.268</content>
					</attRef>
					<attRef name="Min_logOralFreq">
						<content>0.903</content>
					</attRef>
					<attRef name="logOralFreqSpan">
						<content>2.365</content>
					</attRef>
					<attRef name="Max_logWrittenFreq">
						<content>3.856</content>
					</attRef>
					<attRef name="Min_logWrittenFreq">
						<content>1.69</content>
					</attRef>
					<attRef name="logWrittenFreqSpan">
						<content>2.166</content>
					</attRef>
					<attRef name="CorAoA">
						<content>-0.0882</content>
					</attRef>
				</param>
			</lg>
			<param name="AffectiveFeatures">
				<attRef name="Hap_Mean">
					<content>48.2</content>
				</attRef>
				<attRef name="Hap_SD">
					<content>18.01</content>
				</attRef>
				<attRef name="Ang_Mean">
					<content>25.41</content>
				</attRef>
				<attRef name="Ang_SD">
					<content>14.87</content>
				</attRef>
				<attRef name="Sad_Mean">
					<content>26.23</content>
				</attRef>
				<attRef name="Sad_SD">
					<content>13.53</content>
				</attRef>
				<attRef name="Fear_Mean">
					<content>30.31</content>
				</attRef>
				<attRef name="Fear_SD">
					<content>17.05</content>
				</attRef>
				<attRef name="Disg_Mean">
					<content>24.66</content>
				</attRef>
				<attRef name="Disg_SD">
					<content>12.94</content>
				</attRef>
				<attRef name="n_affective">
					<content>17</content>
				</attRef>
				<attRef name="ValenceMean">
					<content>248.33</content>
				</attRef>
				<attRef name="ValenceSD">
					<content>57.65</content>
				</attRef>
				<attRef name="ArousalMean">
					<content>237.63</content>
				</attRef>
				<attRef name="ArousalSD">
					<content>79.77</content>
				</attRef>
				<attRef name="n_v_a">
					<content>44</content>
				</attRef>
				<attRef name="Max_Aro">
					<content>7.2</content>
				</attRef>
				<attRef name="Min_Aro">
					<content>3.25</content>
				</attRef>
				<attRef name="ArousalSpan">
					<content>3.95</content>
				</attRef>
				<attRef name="Max_Val">
					<content>8.5</content>
				</attRef>
				<attRef name="Min_Val">
					<content>2.3</content>
				</attRef>
				<attRef name="ValenceSpan">
					<content>6.2</content>
				</attRef>
				<attRef name="CorAro">
					<content>0.0085</content>
				</attRef>
				<attRef name="CorVal">
					<content>-0.184</content>
				</attRef>
				<attRef name="averageAoA">
					<content>214.6</content>
				</attRef>
				<attRef name="sdAOA">
					<content>71.42</content>
				</attRef>
				<attRef name="MinAoA">
					<content>71.0</content>
				</attRef>
				<attRef name="MaxAoA">
					<content>377.0</content>
				</attRef>
				<attRef name="OralFreq_Log">
					<content>81.84</content>
				</attRef>
				<attRef name="WrittenFreq_Log">
					<content>93.73</content>
				</attRef>
				<attRef name="n_aoa">
					<content>37</content>
				</attRef>
				<attRef name="Max_AoA">
					<content>8.88</content>
				</attRef>
				<attRef name="Min_AoA">
					<content>1.98</content>
				</attRef>
				<attRef name="AoASpan">
					<content>6.9</content>
				</attRef>
				<attRef name="Max_sdAOA">
					<content>2.419</content>
				</attRef>
				<attRef name="Min_sdAOA">
					<content>1.134</content>
				</attRef>
				<attRef name="sdAOASpan">
					<content>1.285</content>
				</attRef>
				<attRef name="Max_logOralFreq">
					<content>3.818</content>
				</attRef>
				<attRef name="Min_logOralFreq">
					<content>0.903</content>
				</attRef>
				<attRef name="logOralFreqSpan">
					<content>2.915</content>
				</attRef>
				<attRef name="Max_logWrittenFreq">
					<content>3.856</content>
				</attRef>
				<attRef name="Min_logWrittenFreq">
					<content>1.544</content>
				</attRef>
				<attRef name="logWrittenFreqSpan">
					<content>2.312</content>
				</attRef>
				<attRef name="CorAoA">
					<content>-0.1473</content>
				</attRef>
			</param>
		</body>
	</text>
</TEI>