<?xml version="1.0" encoding="utf-8"?>
<TEI xmlns="http://www.tei-c.org/ns/1.0">
	<teiHeader>
		<fileDesc>
			<titleStmt about="disco:po_036n0143">
				<title property="dc:title">Alcoba</title>
				<author property="dc:creator" resource="disco:036n" corresp="#disco_036n">Augusto de Armas y Colón</author>
				<principal xml:id="prf">Pablo Ruiz Fabo</principal>
				<principal xml:id="heb">Helena Bermúdez Sabel</principal>
				<principal xml:id="jct">José Calvo Tello</principal>
				<principal xml:id="cimc">Clara Isabel Martínez Cantón</principal>
				<respStmt>
					<resp>Metrical annotation by</resp>
					<name xml:id="bnc">Borja Navarro Colorado</name>
				</respStmt>
			</titleStmt>
			<extent>
				<measure unit="sonnets">1</measure>
				<measure unit="tokens">89</measure>
				<measure unit="line">14</measure>
			</extent>
			<publicationStmt>
				<publisher>Diachronic Spanish Sonnet Corpus</publisher>
				<authority>POSTDATA Project</authority>
				<pubPlace>Madrid</pubPlace>
				<availability status="free">
					<p>The text is freely available</p>
				</availability>
				<date when="2017">2017</date>
				<idno type="#disco" xml:id="file_po_036n0143"></idno>
			</publicationStmt>
			<sourceDesc>
				<bibl type="digital-source">
					<hi rend="italics">Sonetos del siglo XIX</hi>
					<date when="2006">2006</date>
					<ref target="http://www.cervantesvirtual.com/nd/ark:/59851/bmc4q861"></ref>
					<ref target="http://www.cervantesvirtual.com/obra/sonetos-del-siglo-xix--0/"></ref>
Biblioteca Cervantes Virtual,  / editados por Ramón García González, , , .				</bibl>
			</sourceDesc>
		</fileDesc>
		<profileDesc>
			<langUsage>
				<language ident="es" about="disco:po_036n0143" property="dc:language" resource="dbpedia:Idioma_español">Spanish</language>
			</langUsage>
			<particDesc>
				<listPerson>
					<person xml:id="disco_036n" about="disco:036n" typeOf="foaf:Person">
						<persName type="short">Armas y Colón</persName>
						<persName type="full">
							<forename property="foaf:givenName">Augusto</forename>
							<nameLink>de</nameLink>
							<surname property="foaf:familyName">Armas y Colón</surname>
						</persName>
						<persName type="source" property="foaf:name">Augusto de Armas y Colón</persName>
						<sex property="foaf:gender" content="M"></sex>
						<birth>
							<location>
								<placeName>
									<settlement property="schema:birthPlace" inlist="">La Habana</settlement>
									<country property="schema:birthPlace" inlist="">Cuba</country>
									<bloc property="schema:birthPlace" inlist="">América</bloc>
								</placeName>
							</location>
							<date property="schema:birthDate" content="1869" cert="high"></date>
							<date type="century">19</date>
						</birth>
						<death>
							<location>
								<placeName>
									<settlement property="schema:deathPlace" inlist="">París</settlement>
								</placeName>
							</location>
							<date property="schema:deathDate" content="1893" cert="high"></date>
							<date type="century">19</date>
						</death>
						<listBibl inlist="" rel="blterms:hasCreated" typeOf="schema:CreativeWork">
							<bibl resource="disco:s036n0143">
								<title property="dc:title">Alcoba</title>
								<title type="incipit" property="dc:alternative">Espesa alfombra embota el paso mudo;</title>
							</bibl>
						</listBibl>
					</person>
				</listPerson>
			</particDesc>
		</profileDesc>
		<encodingDesc>
			<listPrefixDef>
				<prefixDef ident="foaf" matchPattern="([A-Za-z]+)" replacementPattern="http://xmlns.com/foaf/0.1/$1"></prefixDef>
				<prefixDef ident="dc" matchPattern="([A-Za-z]+)" replacementPattern="http://purl.org/dc/terms/$1"></prefixDef>
				<prefixDef ident="schema" matchPattern="([A-Za-z]+)" replacementPattern="http://schema.org/$1"></prefixDef>
				<prefixDef ident="dbpedia" matchPattern="([A-Za-z]+(_[A-Za-z])*)" replacementPattern="http://es.dbpedia.org/page/"></prefixDef>
				<prefixDef ident="blterms" matchPattern="([A-Za-z]+)" replacementPattern="http://www.bl.uk/schemas/bibliographic/blterms#$1"></prefixDef>
				<prefixDef ident="rdfs" matchPattern="([A-Za-z]+)" replacementPattern="http://www.w3.org/2000/01/rdf-schema#$1"></prefixDef>
			</listPrefixDef>
			<metDecl type="met" pattern="((\+|\-)+)*">
				<metSym value="+">stressed syllable</metSym>
				<metSym value="-">unstressed syllable</metSym>
			</metDecl>
			<metDecl type="met">
				<p>
					<ref target="https://github.com/bncolorado/adsoScansionSystem">ADSO</ref>
The metrical patterns were extracted automatically using the 
                    tool.				</p>
			</metDecl>
			<metDecl type="enjamb">
				<p>
					<att>enjamb</att>
					<att>cert</att>
					<ref target="https://sites.google.com/site/spanishenjambment/">ANJA
                        (Automatic eNJambment Analysis)</ref>
					<ref target="https://sites.google.com/site/spanishenjambment/enjambment-types">documentation</ref>
					<ref target="https://sites.google.com/site/spanishenjambment/tei-certitude-values">report</ref>
The values of the  atributes were extracted automatically using
                    the  tool. For more information about the
                    types of enjambment as defined in this corpus, read the . In addition, a  was added to express the
                    degree of certainty concerning the characterisation of the enjambment. The following 
                     covers this feature in deep detail.				</p>
			</metDecl>
		</encodingDesc>
		<revisionDesc>
			<change when="2017-11-02" who="#prf">Initial TEI version</change>
			<change when="2017-11-27" who="#prf">Addition of metrical annotation</change>
			<change when="2017-11-27" who="#heb">Review of authors’ metadata</change>
			<change when="2017-12-01" who="#prf">Encoding of enjambment</change>
			<change when="2017-12-01" who="#heb">Publication of 19th, 18th and Golden Age version</change>
			<change when="2018-05-16" who="#heb">Revision of RDFa attributes</change>
		</revisionDesc>
	</teiHeader>
	<text>
		<front>
			<head>Alcoba</head>
		</front>
		<body>
			<lg n="1" type="cuarteto">
				<l n="1" met="-+-+-+-+-+-">Espesa alfombra embota el paso mudo;</l>
				<l n="2" met="+---+-+--+-" enjamb="B-ex_subj_verb" cert="low">todo en desorden brilla. Velo asirio</l>
				<l n="3" met="-+-+---+++-" enjamb="I-ex_subj_verb" cert="low">envuelve el tiesto en que desmaya un lirio;</l>
				<l n="4" met="++-+---+-+-">un ramo prende del morisco escudo.</l>
				<param name="AffectiveFeatures">
					<attRef name="Hap_Mean">
						<content>10.73</content>
					</attRef>
					<attRef name="Hap_SD">
						<content>5.26</content>
					</attRef>
					<attRef name="Ang_Mean">
						<content>9.36</content>
					</attRef>
					<attRef name="Ang_SD">
						<content>5.27</content>
					</attRef>
					<attRef name="Sad_Mean">
						<content>12.2</content>
					</attRef>
					<attRef name="Sad_SD">
						<content>6.78</content>
					</attRef>
					<attRef name="Fear_Mean">
						<content>9.26</content>
					</attRef>
					<attRef name="Fear_SD">
						<content>4.92</content>
					</attRef>
					<attRef name="Disg_Mean">
						<content>9.5</content>
					</attRef>
					<attRef name="Disg_SD">
						<content>4.86</content>
					</attRef>
					<attRef name="n_affective">
						<content>6</content>
					</attRef>
					<attRef name="ValenceMean">
						<content>59.44</content>
					</attRef>
					<attRef name="ValenceSD">
						<content>14.93</content>
					</attRef>
					<attRef name="ArousalMean">
						<content>55.6</content>
					</attRef>
					<attRef name="ArousalSD">
						<content>16.93</content>
					</attRef>
					<attRef name="n_v_a">
						<content>11</content>
					</attRef>
					<attRef name="Max_Aro">
						<content>6.5</content>
					</attRef>
					<attRef name="Min_Aro">
						<content>3.65</content>
					</attRef>
					<attRef name="ArousalSpan">
						<content>2.85</content>
					</attRef>
					<attRef name="Max_Val">
						<content>6.9</content>
					</attRef>
					<attRef name="Min_Val">
						<content>3.55</content>
					</attRef>
					<attRef name="ValenceSpan">
						<content>3.35</content>
					</attRef>
					<attRef name="CorAro">
						<content>0.3373</content>
					</attRef>
					<attRef name="CorVal">
						<content>0.3164</content>
					</attRef>
					<attRef name="averageAoA">
						<content>49.04</content>
					</attRef>
					<attRef name="sdAOA">
						<content>15.67</content>
					</attRef>
					<attRef name="MinAoA">
						<content>17.0</content>
					</attRef>
					<attRef name="MaxAoA">
						<content>81.0</content>
					</attRef>
					<attRef name="OralFreq_Log">
						<content>9.94</content>
					</attRef>
					<attRef name="WrittenFreq_Log">
						<content>14.55</content>
					</attRef>
					<attRef name="n_aoa">
						<content>8</content>
					</attRef>
					<attRef name="Max_AoA">
						<content>8.94</content>
					</attRef>
					<attRef name="Min_AoA">
						<content>3.92</content>
					</attRef>
					<attRef name="AoASpan">
						<content>5.02</content>
					</attRef>
					<attRef name="Max_sdAOA">
						<content>2.174</content>
					</attRef>
					<attRef name="Min_sdAOA">
						<content>1.547</content>
					</attRef>
					<attRef name="sdAOASpan">
						<content>0.627</content>
					</attRef>
					<attRef name="Max_logOralFreq">
						<content>2.769</content>
					</attRef>
					<attRef name="Min_logOralFreq">
						<content>0.477</content>
					</attRef>
					<attRef name="logOralFreqSpan">
						<content>2.292</content>
					</attRef>
					<attRef name="Max_logWrittenFreq">
						<content>3.125</content>
					</attRef>
					<attRef name="Min_logWrittenFreq">
						<content>1.114</content>
					</attRef>
					<attRef name="logWrittenFreqSpan">
						<content>2.011</content>
					</attRef>
					<attRef name="CorAoA">
						<content>0.5968</content>
					</attRef>
				</param>
			</lg>
			<lg n="2" type="cuarteto">
				<l n="5" met="---++--+-+-" enjamb="B-ex_subj_verb" cert="low">Contra el tapiz, de un Zurbarán desnudo</l>
				<l n="6" met="+--+-+---+-" enjamb="I-ex_subj_verb" cert="low">brota en tropel la sangre del martirio,</l>
				<l n="7" met="-+-+---+-+-">y luz incierta como luz de cirio</l>
				<l n="8" met="+--+--++-+-">baña la pompa del gran lecho viudo.</l>
				<param name="AffectiveFeatures">
					<attRef name="Hap_Mean">
						<content>7.2</content>
					</attRef>
					<attRef name="Hap_SD">
						<content>3.48</content>
					</attRef>
					<attRef name="Ang_Mean">
						<content>4.84</content>
					</attRef>
					<attRef name="Ang_SD">
						<content>2.62</content>
					</attRef>
					<attRef name="Sad_Mean">
						<content>4.7</content>
					</attRef>
					<attRef name="Sad_SD">
						<content>2.28</content>
					</attRef>
					<attRef name="Fear_Mean">
						<content>5.32</content>
					</attRef>
					<attRef name="Fear_SD">
						<content>3.24</content>
					</attRef>
					<attRef name="Disg_Mean">
						<content>5.45</content>
					</attRef>
					<attRef name="Disg_SD">
						<content>3.28</content>
					</attRef>
					<attRef name="n_affective">
						<content>3</content>
					</attRef>
					<attRef name="ValenceMean">
						<content>67.22</content>
					</attRef>
					<attRef name="ValenceSD">
						<content>18.39</content>
					</attRef>
					<attRef name="ArousalMean">
						<content>68.86</content>
					</attRef>
					<attRef name="ArousalSD">
						<content>22.65</content>
					</attRef>
					<attRef name="n_v_a">
						<content>13</content>
					</attRef>
					<attRef name="Max_Aro">
						<content>7.3</content>
					</attRef>
					<attRef name="Min_Aro">
						<content>3.65</content>
					</attRef>
					<attRef name="ArousalSpan">
						<content>3.65</content>
					</attRef>
					<attRef name="Max_Val">
						<content>7.1</content>
					</attRef>
					<attRef name="Min_Val">
						<content>2.0</content>
					</attRef>
					<attRef name="ValenceSpan">
						<content>5.1</content>
					</attRef>
					<attRef name="CorAro">
						<content>-0.3217</content>
					</attRef>
					<attRef name="CorVal">
						<content>0.0469</content>
					</attRef>
					<attRef name="averageAoA">
						<content>63.58</content>
					</attRef>
					<attRef name="sdAOA">
						<content>18.92</content>
					</attRef>
					<attRef name="MinAoA">
						<content>20.0</content>
					</attRef>
					<attRef name="MaxAoA">
						<content>97.0</content>
					</attRef>
					<attRef name="OralFreq_Log">
						<content>17.4</content>
					</attRef>
					<attRef name="WrittenFreq_Log">
						<content>22.95</content>
					</attRef>
					<attRef name="n_aoa">
						<content>10</content>
					</attRef>
					<attRef name="Max_AoA">
						<content>9.44</content>
					</attRef>
					<attRef name="Min_AoA">
						<content>3.18</content>
					</attRef>
					<attRef name="AoASpan">
						<content>6.26</content>
					</attRef>
					<attRef name="Max_sdAOA">
						<content>2.178</content>
					</attRef>
					<attRef name="Min_sdAOA">
						<content>1.571</content>
					</attRef>
					<attRef name="sdAOASpan">
						<content>0.607</content>
					</attRef>
					<attRef name="Max_logOralFreq">
						<content>3.238</content>
					</attRef>
					<attRef name="Min_logOralFreq">
						<content>0.778</content>
					</attRef>
					<attRef name="logOralFreqSpan">
						<content>2.46</content>
					</attRef>
					<attRef name="Max_logWrittenFreq">
						<content>3.474</content>
					</attRef>
					<attRef name="Min_logWrittenFreq">
						<content>1.23</content>
					</attRef>
					<attRef name="logWrittenFreqSpan">
						<content>2.244</content>
					</attRef>
					<attRef name="CorAoA">
						<content>0.1733</content>
					</attRef>
				</param>
			</lg>
			<lg n="3" type="terceto">
				<l n="9" met="+--+---+-+-">Arde la lumbre. Entre canciones rotas</l>
				<l n="10" met="+--+---+-+-">suenan lejanas, estridentes notas,</l>
				<l n="11" met="-+-+---+-+-">rumor perdido de las ebrias Pascuas.</l>
				<param name="AffectiveFeatures">
					<attRef name="Hap_Mean">
						<content>2.33</content>
					</attRef>
					<attRef name="Hap_SD">
						<content>1.22</content>
					</attRef>
					<attRef name="Ang_Mean">
						<content>5.27</content>
					</attRef>
					<attRef name="Ang_SD">
						<content>2.8</content>
					</attRef>
					<attRef name="Sad_Mean">
						<content>7.3</content>
					</attRef>
					<attRef name="Sad_SD">
						<content>2.11</content>
					</attRef>
					<attRef name="Fear_Mean">
						<content>6.57</content>
					</attRef>
					<attRef name="Fear_SD">
						<content>2.09</content>
					</attRef>
					<attRef name="Disg_Mean">
						<content>2.74</content>
					</attRef>
					<attRef name="Disg_SD">
						<content>1.86</content>
					</attRef>
					<attRef name="n_affective">
						<content>2</content>
					</attRef>
					<attRef name="ValenceMean">
						<content>56.53</content>
					</attRef>
					<attRef name="ValenceSD">
						<content>16.45</content>
					</attRef>
					<attRef name="ArousalMean">
						<content>68.59</content>
					</attRef>
					<attRef name="ArousalSD">
						<content>19.17</content>
					</attRef>
					<attRef name="n_v_a">
						<content>12</content>
					</attRef>
					<attRef name="Max_Aro">
						<content>7.5</content>
					</attRef>
					<attRef name="Min_Aro">
						<content>3.95</content>
					</attRef>
					<attRef name="ArousalSpan">
						<content>3.55</content>
					</attRef>
					<attRef name="Max_Val">
						<content>7.75</content>
					</attRef>
					<attRef name="Min_Val">
						<content>2.3</content>
					</attRef>
					<attRef name="ValenceSpan">
						<content>5.45</content>
					</attRef>
					<attRef name="CorAro">
						<content>0.0902</content>
					</attRef>
					<attRef name="CorVal">
						<content>-0.1203</content>
					</attRef>
					<attRef name="averageAoA">
						<content>54.2</content>
					</attRef>
					<attRef name="sdAOA">
						<content>16.67</content>
					</attRef>
					<attRef name="MinAoA">
						<content>24.0</content>
					</attRef>
					<attRef name="MaxAoA">
						<content>94.0</content>
					</attRef>
					<attRef name="OralFreq_Log">
						<content>nan</content>
					</attRef>
					<attRef name="WrittenFreq_Log">
						<content>17.94</content>
					</attRef>
					<attRef name="n_aoa">
						<content>9</content>
					</attRef>
					<attRef name="Max_AoA">
						<content>10.06</content>
					</attRef>
					<attRef name="Min_AoA">
						<content>3.4</content>
					</attRef>
					<attRef name="AoASpan">
						<content>6.66</content>
					</attRef>
					<attRef name="Max_sdAOA">
						<content>2.258</content>
					</attRef>
					<attRef name="Min_sdAOA">
						<content>1.434</content>
					</attRef>
					<attRef name="sdAOASpan">
						<content>0.824</content>
					</attRef>
					<attRef name="Max_logOralFreq">
						<content>2.461</content>
					</attRef>
					<attRef name="Min_logOralFreq">
						<content>0.301</content>
					</attRef>
					<attRef name="logOralFreqSpan">
						<content>2.16</content>
					</attRef>
					<attRef name="Max_logWrittenFreq">
						<content>2.648</content>
					</attRef>
					<attRef name="Min_logWrittenFreq">
						<content>1.255</content>
					</attRef>
					<attRef name="logWrittenFreqSpan">
						<content>1.393</content>
					</attRef>
					<attRef name="CorAoA">
						<content>0.3898</content>
					</attRef>
				</param>
			</lg>
			<lg n="4" type="terceto">
				<l n="12" met="+-+--+---+-" enjamb="B-pb_noun_prep" cert="medium">Dentro todo enmudece, excepto el eco</l>
				<l n="13" met="-+---+--++-" enjamb="B-pb_noun_prep I-pb_noun_prep" cert="medium medium">del rítmico reloj, o el crujir seco</l>
				<l n="14" met="-+-+---+-+-" enjamb="I-pb_noun_prep" cert="medium">del duro leño convertido en ascuas.</l>
				<param name="AffectiveFeatures">
					<attRef name="Hap_Mean">
						<content>3.3</content>
					</attRef>
					<attRef name="Hap_SD">
						<content>1.98</content>
					</attRef>
					<attRef name="Ang_Mean">
						<content>3.7</content>
					</attRef>
					<attRef name="Ang_SD">
						<content>2.38</content>
					</attRef>
					<attRef name="Sad_Mean">
						<content>3.57</content>
					</attRef>
					<attRef name="Sad_SD">
						<content>2.19</content>
					</attRef>
					<attRef name="Fear_Mean">
						<content>3.46</content>
					</attRef>
					<attRef name="Fear_SD">
						<content>2.19</content>
					</attRef>
					<attRef name="Disg_Mean">
						<content>2.77</content>
					</attRef>
					<attRef name="Disg_SD">
						<content>1.69</content>
					</attRef>
					<attRef name="n_affective">
						<content>2</content>
					</attRef>
					<attRef name="ValenceMean">
						<content>41.53</content>
					</attRef>
					<attRef name="ValenceSD">
						<content>10.17</content>
					</attRef>
					<attRef name="ArousalMean">
						<content>39.74</content>
					</attRef>
					<attRef name="ArousalSD">
						<content>12.17</content>
					</attRef>
					<attRef name="n_v_a">
						<content>8</content>
					</attRef>
					<attRef name="Max_Aro">
						<content>6.1</content>
					</attRef>
					<attRef name="Min_Aro">
						<content>4.1</content>
					</attRef>
					<attRef name="ArousalSpan">
						<content>2.0</content>
					</attRef>
					<attRef name="Max_Val">
						<content>5.95</content>
					</attRef>
					<attRef name="Min_Val">
						<content>4.2</content>
					</attRef>
					<attRef name="ValenceSpan">
						<content>1.75</content>
					</attRef>
					<attRef name="CorAro">
						<content>0.1501</content>
					</attRef>
					<attRef name="CorVal">
						<content>-0.3579</content>
					</attRef>
					<attRef name="averageAoA">
						<content>31.64</content>
					</attRef>
					<attRef name="sdAOA">
						<content>11.5</content>
					</attRef>
					<attRef name="MinAoA">
						<content>10.0</content>
					</attRef>
					<attRef name="MaxAoA">
						<content>60.0</content>
					</attRef>
					<attRef name="OralFreq_Log">
						<content>12.85</content>
					</attRef>
					<attRef name="WrittenFreq_Log">
						<content>14.43</content>
					</attRef>
					<attRef name="n_aoa">
						<content>6</content>
					</attRef>
					<attRef name="Max_AoA">
						<content>7.34</content>
					</attRef>
					<attRef name="Min_AoA">
						<content>3.58</content>
					</attRef>
					<attRef name="AoASpan">
						<content>3.76</content>
					</attRef>
					<attRef name="Max_sdAOA">
						<content>2.2</content>
					</attRef>
					<attRef name="Min_sdAOA">
						<content>1.458</content>
					</attRef>
					<attRef name="sdAOASpan">
						<content>0.742</content>
					</attRef>
					<attRef name="Max_logOralFreq">
						<content>3.221</content>
					</attRef>
					<attRef name="Min_logOralFreq">
						<content>1.568</content>
					</attRef>
					<attRef name="logOralFreqSpan">
						<content>1.653</content>
					</attRef>
					<attRef name="Max_logWrittenFreq">
						<content>2.65</content>
					</attRef>
					<attRef name="Min_logWrittenFreq">
						<content>2.009</content>
					</attRef>
					<attRef name="logWrittenFreqSpan">
						<content>0.641</content>
					</attRef>
					<attRef name="CorAoA">
						<content>0.8473</content>
					</attRef>
				</param>
			</lg>
			<param name="AffectiveFeatures">
				<attRef name="Hap_Mean">
					<content>23.56</content>
				</attRef>
				<attRef name="Hap_SD">
					<content>11.95</content>
				</attRef>
				<attRef name="Ang_Mean">
					<content>23.17</content>
				</attRef>
				<attRef name="Ang_SD">
					<content>13.07</content>
				</attRef>
				<attRef name="Sad_Mean">
					<content>27.77</content>
				</attRef>
				<attRef name="Sad_SD">
					<content>13.36</content>
				</attRef>
				<attRef name="Fear_Mean">
					<content>24.61</content>
				</attRef>
				<attRef name="Fear_SD">
					<content>12.43</content>
				</attRef>
				<attRef name="Disg_Mean">
					<content>20.46</content>
				</attRef>
				<attRef name="Disg_SD">
					<content>11.69</content>
				</attRef>
				<attRef name="n_affective">
					<content>13</content>
				</attRef>
				<attRef name="ValenceMean">
					<content>224.72</content>
				</attRef>
				<attRef name="ValenceSD">
					<content>59.94</content>
				</attRef>
				<attRef name="ArousalMean">
					<content>232.79</content>
				</attRef>
				<attRef name="ArousalSD">
					<content>70.92</content>
				</attRef>
				<attRef name="n_v_a">
					<content>44</content>
				</attRef>
				<attRef name="Max_Aro">
					<content>7.5</content>
				</attRef>
				<attRef name="Min_Aro">
					<content>3.65</content>
				</attRef>
				<attRef name="ArousalSpan">
					<content>3.85</content>
				</attRef>
				<attRef name="Max_Val">
					<content>7.75</content>
				</attRef>
				<attRef name="Min_Val">
					<content>2.0</content>
				</attRef>
				<attRef name="ValenceSpan">
					<content>5.75</content>
				</attRef>
				<attRef name="CorAro">
					<content>0.0634</content>
				</attRef>
				<attRef name="CorVal">
					<content>-0.0965</content>
				</attRef>
				<attRef name="averageAoA">
					<content>198.46</content>
				</attRef>
				<attRef name="sdAOA">
					<content>62.75</content>
				</attRef>
				<attRef name="MinAoA">
					<content>71.0</content>
				</attRef>
				<attRef name="MaxAoA">
					<content>332.0</content>
				</attRef>
				<attRef name="OralFreq_Log">
					<content>nan</content>
				</attRef>
				<attRef name="WrittenFreq_Log">
					<content>69.85</content>
				</attRef>
				<attRef name="n_aoa">
					<content>33</content>
				</attRef>
				<attRef name="Max_AoA">
					<content>10.06</content>
				</attRef>
				<attRef name="Min_AoA">
					<content>3.18</content>
				</attRef>
				<attRef name="AoASpan">
					<content>6.88</content>
				</attRef>
				<attRef name="Max_sdAOA">
					<content>2.258</content>
				</attRef>
				<attRef name="Min_sdAOA">
					<content>1.434</content>
				</attRef>
				<attRef name="sdAOASpan">
					<content>0.824</content>
				</attRef>
				<attRef name="Max_logOralFreq">
					<content>3.238</content>
				</attRef>
				<attRef name="Min_logOralFreq">
					<content>0.301</content>
				</attRef>
				<attRef name="logOralFreqSpan">
					<content>2.937</content>
				</attRef>
				<attRef name="Max_logWrittenFreq">
					<content>3.474</content>
				</attRef>
				<attRef name="Min_logWrittenFreq">
					<content>1.114</content>
				</attRef>
				<attRef name="logWrittenFreqSpan">
					<content>2.36</content>
				</attRef>
				<attRef name="CorAoA">
					<content>-0.0227</content>
				</attRef>
			</param>
		</body>
	</text>
</TEI>