<?xml version="1.0" encoding="utf-8"?>
<TEI xmlns="http://www.tei-c.org/ns/1.0">
	<teiHeader>
		<fileDesc>
			<titleStmt about="disco:po_256n0825">
				<title property="dc:title">Nuevos dones</title>
				<author property="dc:creator" resource="disco:256n" corresp="#disco_256n">Nicolás Arnao</author>
				<principal xml:id="prf">Pablo Ruiz Fabo</principal>
				<principal xml:id="heb">Helena Bermúdez Sabel</principal>
				<principal xml:id="jct">José Calvo Tello</principal>
				<principal xml:id="cimc">Clara Isabel Martínez Cantón</principal>
				<respStmt>
					<resp>Metrical annotation by</resp>
					<name xml:id="bnc">Borja Navarro Colorado</name>
				</respStmt>
			</titleStmt>
			<extent>
				<measure unit="sonnets">1</measure>
				<measure unit="tokens">83</measure>
				<measure unit="line">14</measure>
			</extent>
			<publicationStmt>
				<publisher>Diachronic Spanish Sonnet Corpus</publisher>
				<authority>POSTDATA Project</authority>
				<pubPlace>Madrid</pubPlace>
				<availability status="free">
					<p>The text is freely available</p>
				</availability>
				<date when="2017">2017</date>
				<idno type="#disco" xml:id="file_po_256n0825"></idno>
			</publicationStmt>
			<sourceDesc>
				<bibl type="digital-source">
					<hi rend="italics">Sonetos del siglo XIX</hi>
					<date when="2006">2006</date>
					<ref target="http://www.cervantesvirtual.com/nd/ark:/59851/bmc4q861"></ref>
					<ref target="http://www.cervantesvirtual.com/obra/sonetos-del-siglo-xix--0/"></ref>
Biblioteca Cervantes Virtual,  / editados por Ramón García González, , , .				</bibl>
			</sourceDesc>
		</fileDesc>
		<profileDesc>
			<langUsage>
				<language ident="es" about="disco:po_256n0825" property="dc:language" resource="dbpedia:Idioma_español">Spanish</language>
			</langUsage>
			<particDesc>
				<listPerson>
					<person xml:id="disco_256n" about="disco:256n" typeOf="foaf:Person">
						<idno cert="medium" property="rdfs:seeAlso" resource="https://viaf.org/viaf/6798075"></idno>
						<persName type="short">Arnao</persName>
						<persName type="full">
							<forename property="foaf:givenName">Nicolás</forename>
							<surname property="foaf:familyName">Arnao</surname>
						</persName>
						<persName type="source" property="foaf:name">Nicolás Arnao</persName>
						<sex property="foaf:gender" content="M"></sex>
						<birth>
							<location>
								<placeName>
									<country property="schema:birthPlace" inlist="">Cuba</country>
									<bloc property="schema:birthPlace" inlist="">América</bloc>
								</placeName>
							</location>
							<date property="schema:birthDate" content="1850" cert="medium"></date>
							<date type="century">19</date>
						</birth>
						<listBibl inlist="" rel="blterms:hasCreated" typeOf="schema:CreativeWork">
							<bibl resource="disco:s256n0825">
								<title property="dc:title">Nuevos dones</title>
								<title type="incipit" property="dc:alternative">Soberbias rimas escribir quisiera,</title>
							</bibl>
						</listBibl>
					</person>
				</listPerson>
			</particDesc>
		</profileDesc>
		<encodingDesc>
			<listPrefixDef>
				<prefixDef ident="foaf" matchPattern="([A-Za-z]+)" replacementPattern="http://xmlns.com/foaf/0.1/$1"></prefixDef>
				<prefixDef ident="dc" matchPattern="([A-Za-z]+)" replacementPattern="http://purl.org/dc/terms/$1"></prefixDef>
				<prefixDef ident="schema" matchPattern="([A-Za-z]+)" replacementPattern="http://schema.org/$1"></prefixDef>
				<prefixDef ident="dbpedia" matchPattern="([A-Za-z]+(_[A-Za-z])*)" replacementPattern="http://es.dbpedia.org/page/"></prefixDef>
				<prefixDef ident="blterms" matchPattern="([A-Za-z]+)" replacementPattern="http://www.bl.uk/schemas/bibliographic/blterms#$1"></prefixDef>
				<prefixDef ident="rdfs" matchPattern="([A-Za-z]+)" replacementPattern="http://www.w3.org/2000/01/rdf-schema#$1"></prefixDef>
			</listPrefixDef>
			<metDecl type="met" pattern="((\+|\-)+)*">
				<metSym value="+">stressed syllable</metSym>
				<metSym value="-">unstressed syllable</metSym>
			</metDecl>
			<metDecl type="met">
				<p>
					<ref target="https://github.com/bncolorado/adsoScansionSystem">ADSO</ref>
The metrical patterns were extracted automatically using the 
                    tool.				</p>
			</metDecl>
			<metDecl type="enjamb">
				<p>
					<att>enjamb</att>
					<att>cert</att>
					<ref target="https://sites.google.com/site/spanishenjambment/">ANJA
                        (Automatic eNJambment Analysis)</ref>
					<ref target="https://sites.google.com/site/spanishenjambment/enjambment-types">documentation</ref>
					<ref target="https://sites.google.com/site/spanishenjambment/tei-certitude-values">report</ref>
The values of the  atributes were extracted automatically using
                    the  tool. For more information about the
                    types of enjambment as defined in this corpus, read the . In addition, a  was added to express the
                    degree of certainty concerning the characterisation of the enjambment. The following 
                     covers this feature in deep detail.				</p>
			</metDecl>
		</encodingDesc>
		<revisionDesc>
			<change when="2017-11-02" who="#prf">Initial TEI version</change>
			<change when="2017-11-27" who="#prf">Addition of metrical annotation</change>
			<change when="2017-11-27" who="#heb">Review of authors’ metadata</change>
			<change when="2017-12-01" who="#prf">Encoding of enjambment</change>
			<change when="2017-12-01" who="#heb">Publication of 19th, 18th and Golden Age version</change>
			<change when="2018-05-16" who="#heb">Revision of RDFa attributes</change>
		</revisionDesc>
	</teiHeader>
	<text>
		<front>
			<head>Nuevos dones</head>
		</front>
		<body>
			<lg n="1" type="cuarteto">
				<l n="1" met="-+-+---+-+-">Soberbias rimas escribir quisiera,</l>
				<l n="2" met="-++--+-+-+-">hallar otras ideas, nuevo tema,</l>
				<l n="3" met="-+++---+-+-">poner muy alto mi pendón y lema,</l>
				<l n="4" met="-+-+---+-+-">dejar la senda pisoteada y huera.</l>
				<param name="AffectiveFeatures">
					<attRef name="Hap_Mean">
						<content>3.9</content>
					</attRef>
					<attRef name="Hap_SD">
						<content>1.37</content>
					</attRef>
					<attRef name="Ang_Mean">
						<content>1.83</content>
					</attRef>
					<attRef name="Ang_SD">
						<content>1.34</content>
					</attRef>
					<attRef name="Sad_Mean">
						<content>2.27</content>
					</attRef>
					<attRef name="Sad_SD">
						<content>1.36</content>
					</attRef>
					<attRef name="Fear_Mean">
						<content>2.4</content>
					</attRef>
					<attRef name="Fear_SD">
						<content>1.28</content>
					</attRef>
					<attRef name="Disg_Mean">
						<content>1.6</content>
					</attRef>
					<attRef name="Disg_SD">
						<content>1.04</content>
					</attRef>
					<attRef name="n_affective">
						<content>1</content>
					</attRef>
					<attRef name="ValenceMean">
						<content>66.84</content>
					</attRef>
					<attRef name="ValenceSD">
						<content>15.16</content>
					</attRef>
					<attRef name="ArousalMean">
						<content>62.95</content>
					</attRef>
					<attRef name="ArousalSD">
						<content>21.72</content>
					</attRef>
					<attRef name="n_v_a">
						<content>12</content>
					</attRef>
					<attRef name="Max_Aro">
						<content>6.3</content>
					</attRef>
					<attRef name="Min_Aro">
						<content>3.8</content>
					</attRef>
					<attRef name="ArousalSpan">
						<content>2.5</content>
					</attRef>
					<attRef name="Max_Val">
						<content>7.95</content>
					</attRef>
					<attRef name="Min_Val">
						<content>3.1</content>
					</attRef>
					<attRef name="ValenceSpan">
						<content>4.85</content>
					</attRef>
					<attRef name="CorAro">
						<content>-0.3848</content>
					</attRef>
					<attRef name="CorVal">
						<content>-0.2718</content>
					</attRef>
					<attRef name="averageAoA">
						<content>45.66</content>
					</attRef>
					<attRef name="sdAOA">
						<content>15.49</content>
					</attRef>
					<attRef name="MinAoA">
						<content>14.0</content>
					</attRef>
					<attRef name="MaxAoA">
						<content>85.0</content>
					</attRef>
					<attRef name="OralFreq_Log">
						<content>21.57</content>
					</attRef>
					<attRef name="WrittenFreq_Log">
						<content>23.61</content>
					</attRef>
					<attRef name="n_aoa">
						<content>9</content>
					</attRef>
					<attRef name="Max_AoA">
						<content>7.82</content>
					</attRef>
					<attRef name="Min_AoA">
						<content>3.44</content>
					</attRef>
					<attRef name="AoASpan">
						<content>4.38</content>
					</attRef>
					<attRef name="Max_sdAOA">
						<content>2.133</content>
					</attRef>
					<attRef name="Min_sdAOA">
						<content>1.182</content>
					</attRef>
					<attRef name="sdAOASpan">
						<content>0.951</content>
					</attRef>
					<attRef name="Max_logOralFreq">
						<content>3.162</content>
					</attRef>
					<attRef name="Min_logOralFreq">
						<content>0.602</content>
					</attRef>
					<attRef name="logOralFreqSpan">
						<content>2.56</content>
					</attRef>
					<attRef name="Max_logWrittenFreq">
						<content>3.127</content>
					</attRef>
					<attRef name="Min_logWrittenFreq">
						<content>1.041</content>
					</attRef>
					<attRef name="logWrittenFreqSpan">
						<content>2.086</content>
					</attRef>
					<attRef name="CorAoA">
						<content>-0.2353</content>
					</attRef>
				</param>
			</lg>
			<lg n="2" type="cuarteto">
				<l n="5" met="-+---++--+-">Dejar la imitación falsa o rastrera,</l>
				<l n="6" met="-+---+-+-+-">la vil adulación que al labio quema;</l>
				<l n="7" met="--+--+---+-">y en estrofas urdir mi estratagema</l>
				<l n="8" met="---+---+-+-">como el guerrero tras la audaz trinchera.</l>
				<param name="AffectiveFeatures">
					<attRef name="Hap_Mean">
						<content>2.0</content>
					</attRef>
					<attRef name="Hap_SD">
						<content>1.44</content>
					</attRef>
					<attRef name="Ang_Mean">
						<content>2.9</content>
					</attRef>
					<attRef name="Ang_SD">
						<content>1.56</content>
					</attRef>
					<attRef name="Sad_Mean">
						<content>2.2</content>
					</attRef>
					<attRef name="Sad_SD">
						<content>1.24</content>
					</attRef>
					<attRef name="Fear_Mean">
						<content>2.83</content>
					</attRef>
					<attRef name="Fear_SD">
						<content>1.29</content>
					</attRef>
					<attRef name="Disg_Mean">
						<content>1.7</content>
					</attRef>
					<attRef name="Disg_SD">
						<content>1.26</content>
					</attRef>
					<attRef name="n_affective">
						<content>1</content>
					</attRef>
					<attRef name="ValenceMean">
						<content>54.65</content>
					</attRef>
					<attRef name="ValenceSD">
						<content>16.17</content>
					</attRef>
					<attRef name="ArousalMean">
						<content>65.16</content>
					</attRef>
					<attRef name="ArousalSD">
						<content>16.43</content>
					</attRef>
					<attRef name="n_v_a">
						<content>11</content>
					</attRef>
					<attRef name="Max_Aro">
						<content>7.26</content>
					</attRef>
					<attRef name="Min_Aro">
						<content>5.25</content>
					</attRef>
					<attRef name="ArousalSpan">
						<content>2.01</content>
					</attRef>
					<attRef name="Max_Val">
						<content>6.6</content>
					</attRef>
					<attRef name="Min_Val">
						<content>3.3</content>
					</attRef>
					<attRef name="ValenceSpan">
						<content>3.3</content>
					</attRef>
					<attRef name="CorAro">
						<content>0.5311</content>
					</attRef>
					<attRef name="CorVal">
						<content>0.2395</content>
					</attRef>
					<attRef name="averageAoA">
						<content>44.4</content>
					</attRef>
					<attRef name="sdAOA">
						<content>14.7</content>
					</attRef>
					<attRef name="MinAoA">
						<content>14.0</content>
					</attRef>
					<attRef name="MaxAoA">
						<content>76.0</content>
					</attRef>
					<attRef name="OralFreq_Log">
						<content>11.23</content>
					</attRef>
					<attRef name="WrittenFreq_Log">
						<content>14.92</content>
					</attRef>
					<attRef name="n_aoa">
						<content>7</content>
					</attRef>
					<attRef name="Max_AoA">
						<content>9.92</content>
					</attRef>
					<attRef name="Min_AoA">
						<content>4.26</content>
					</attRef>
					<attRef name="AoASpan">
						<content>5.66</content>
					</attRef>
					<attRef name="Max_sdAOA">
						<content>2.789</content>
					</attRef>
					<attRef name="Min_sdAOA">
						<content>1.455</content>
					</attRef>
					<attRef name="sdAOASpan">
						<content>1.334</content>
					</attRef>
					<attRef name="Max_logOralFreq">
						<content>2.661</content>
					</attRef>
					<attRef name="Min_logOralFreq">
						<content>0.778</content>
					</attRef>
					<attRef name="logOralFreqSpan">
						<content>1.883</content>
					</attRef>
					<attRef name="Max_logWrittenFreq">
						<content>3.342</content>
					</attRef>
					<attRef name="Min_logWrittenFreq">
						<content>1.544</content>
					</attRef>
					<attRef name="logWrittenFreqSpan">
						<content>1.798</content>
					</attRef>
					<attRef name="CorAoA">
						<content>0.497</content>
					</attRef>
				</param>
			</lg>
			<lg n="3" type="terceto">
				<l n="9" met="---++-+--+-">Pero el adverso hado ha preferido,</l>
				<l n="10" met="--+--+---+-">demoliendo mis gratas ilusiones,</l>
				<l n="11" met="--++-+---+-">al estar dicho todo y repetido,</l>
				<param name="AffectiveFeatures">
					<attRef name="Hap_Mean">
						<content>3.57</content>
					</attRef>
					<attRef name="Hap_SD">
						<content>1.57</content>
					</attRef>
					<attRef name="Ang_Mean">
						<content>1.27</content>
					</attRef>
					<attRef name="Ang_SD">
						<content>0.64</content>
					</attRef>
					<attRef name="Sad_Mean">
						<content>1.1</content>
					</attRef>
					<attRef name="Sad_SD">
						<content>0.4</content>
					</attRef>
					<attRef name="Fear_Mean">
						<content>1.3</content>
					</attRef>
					<attRef name="Fear_SD">
						<content>0.84</content>
					</attRef>
					<attRef name="Disg_Mean">
						<content>1.1</content>
					</attRef>
					<attRef name="Disg_SD">
						<content>0.4</content>
					</attRef>
					<attRef name="n_affective">
						<content>1</content>
					</attRef>
					<attRef name="ValenceMean">
						<content>31.6</content>
					</attRef>
					<attRef name="ValenceSD">
						<content>8.4</content>
					</attRef>
					<attRef name="ArousalMean">
						<content>32.15</content>
					</attRef>
					<attRef name="ArousalSD">
						<content>9.86</content>
					</attRef>
					<attRef name="n_v_a">
						<content>6</content>
					</attRef>
					<attRef name="Max_Aro">
						<content>6.35</content>
					</attRef>
					<attRef name="Min_Aro">
						<content>4.45</content>
					</attRef>
					<attRef name="ArousalSpan">
						<content>1.9</content>
					</attRef>
					<attRef name="Max_Val">
						<content>6.85</content>
					</attRef>
					<attRef name="Min_Val">
						<content>3.05</content>
					</attRef>
					<attRef name="ValenceSpan">
						<content>3.8</content>
					</attRef>
					<attRef name="CorAro">
						<content>-0.4275</content>
					</attRef>
					<attRef name="CorVal">
						<content>0.3608</content>
					</attRef>
					<attRef name="averageAoA">
						<content>9.61</content>
					</attRef>
					<attRef name="sdAOA">
						<content>3.14</content>
					</attRef>
					<attRef name="MinAoA">
						<content>3.0</content>
					</attRef>
					<attRef name="MaxAoA">
						<content>18.0</content>
					</attRef>
					<attRef name="OralFreq_Log">
						<content>4.07</content>
					</attRef>
					<attRef name="WrittenFreq_Log">
						<content>4.77</content>
					</attRef>
					<attRef name="n_aoa">
						<content>2</content>
					</attRef>
					<attRef name="Max_AoA">
						<content>5.22</content>
					</attRef>
					<attRef name="Min_AoA">
						<content>4.39</content>
					</attRef>
					<attRef name="AoASpan">
						<content>0.83</content>
					</attRef>
					<attRef name="Max_sdAOA">
						<content>1.92</content>
					</attRef>
					<attRef name="Min_sdAOA">
						<content>1.218</content>
					</attRef>
					<attRef name="sdAOASpan">
						<content>0.702</content>
					</attRef>
					<attRef name="Max_logOralFreq">
						<content>3.769</content>
					</attRef>
					<attRef name="Min_logOralFreq">
						<content>0.301</content>
					</attRef>
					<attRef name="logOralFreqSpan">
						<content>3.468</content>
					</attRef>
					<attRef name="Max_logWrittenFreq">
						<content>3.327</content>
					</attRef>
					<attRef name="Min_logWrittenFreq">
						<content>1.4469999999999998</content>
					</attRef>
					<attRef name="logWrittenFreqSpan">
						<content>1.88</content>
					</attRef>
					<attRef name="CorAoA">
						<content>-1.0</content>
					</attRef>
				</param>
			</lg>
			<lg n="4" type="terceto">
				<l n="12" met="-++--+---+-">que no ahueque la voz en mis canciones;</l>
				<l n="13" met="--+-++---+-" enjamb="B-pb_noun_prep" cert="medium">reservadas a un estro revestido</l>
				<l n="14" met="-+---+-+-+-" enjamb="I-pb_noun_prep" cert="medium">de homérico raudal y nuevos dones.</l>
				<param name="AffectiveFeatures">
					<attRef name="Hap_Mean">
						<content>1.23</content>
					</attRef>
					<attRef name="Hap_SD">
						<content>0.57</content>
					</attRef>
					<attRef name="Ang_Mean">
						<content>1.2</content>
					</attRef>
					<attRef name="Ang_SD">
						<content>0.48</content>
					</attRef>
					<attRef name="Sad_Mean">
						<content>1.57</content>
					</attRef>
					<attRef name="Sad_SD">
						<content>0.97</content>
					</attRef>
					<attRef name="Fear_Mean">
						<content>1.33</content>
					</attRef>
					<attRef name="Fear_SD">
						<content>0.88</content>
					</attRef>
					<attRef name="Disg_Mean">
						<content>1.0</content>
					</attRef>
					<attRef name="Disg_SD">
						<content>0.0</content>
					</attRef>
					<attRef name="n_affective">
						<content>1</content>
					</attRef>
					<attRef name="ValenceMean">
						<content>41.05</content>
					</attRef>
					<attRef name="ValenceSD">
						<content>6.45</content>
					</attRef>
					<attRef name="ArousalMean">
						<content>31.25</content>
					</attRef>
					<attRef name="ArousalSD">
						<content>11.44</content>
					</attRef>
					<attRef name="n_v_a">
						<content>6</content>
					</attRef>
					<attRef name="Max_Aro">
						<content>5.9</content>
					</attRef>
					<attRef name="Min_Aro">
						<content>4.75</content>
					</attRef>
					<attRef name="ArousalSpan">
						<content>1.15</content>
					</attRef>
					<attRef name="Max_Val">
						<content>7.8</content>
					</attRef>
					<attRef name="Min_Val">
						<content>5.2</content>
					</attRef>
					<attRef name="ValenceSpan">
						<content>2.6</content>
					</attRef>
					<attRef name="CorAro">
						<content>0.1417</content>
					</attRef>
					<attRef name="CorVal">
						<content>0.2994</content>
					</attRef>
					<attRef name="averageAoA">
						<content>19.32</content>
					</attRef>
					<attRef name="sdAOA">
						<content>7.13</content>
					</attRef>
					<attRef name="MinAoA">
						<content>7.0</content>
					</attRef>
					<attRef name="MaxAoA">
						<content>35.0</content>
					</attRef>
					<attRef name="OralFreq_Log">
						<content>9.1</content>
					</attRef>
					<attRef name="WrittenFreq_Log">
						<content>10.31</content>
					</attRef>
					<attRef name="n_aoa">
						<content>4</content>
					</attRef>
					<attRef name="Max_AoA">
						<content>7.94</content>
					</attRef>
					<attRef name="Min_AoA">
						<content>3.4</content>
					</attRef>
					<attRef name="AoASpan">
						<content>4.54</content>
					</attRef>
					<attRef name="Max_sdAOA">
						<content>2.063</content>
					</attRef>
					<attRef name="Min_sdAOA">
						<content>1.593</content>
					</attRef>
					<attRef name="sdAOASpan">
						<content>0.47</content>
					</attRef>
					<attRef name="Max_logOralFreq">
						<content>2.985</content>
					</attRef>
					<attRef name="Min_logOralFreq">
						<content>1.279</content>
					</attRef>
					<attRef name="logOralFreqSpan">
						<content>1.706</content>
					</attRef>
					<attRef name="Max_logWrittenFreq">
						<content>3.184</content>
					</attRef>
					<attRef name="Min_logWrittenFreq">
						<content>1.7480000000000002</content>
					</attRef>
					<attRef name="logWrittenFreqSpan">
						<content>1.436</content>
					</attRef>
					<attRef name="CorAoA">
						<content>0.1109</content>
					</attRef>
				</param>
			</lg>
			<param name="AffectiveFeatures">
				<attRef name="Hap_Mean">
					<content>10.7</content>
				</attRef>
				<attRef name="Hap_SD">
					<content>4.95</content>
				</attRef>
				<attRef name="Ang_Mean">
					<content>7.2</content>
				</attRef>
				<attRef name="Ang_SD">
					<content>4.02</content>
				</attRef>
				<attRef name="Sad_Mean">
					<content>7.14</content>
				</attRef>
				<attRef name="Sad_SD">
					<content>3.97</content>
				</attRef>
				<attRef name="Fear_Mean">
					<content>7.86</content>
				</attRef>
				<attRef name="Fear_SD">
					<content>4.29</content>
				</attRef>
				<attRef name="Disg_Mean">
					<content>5.4</content>
				</attRef>
				<attRef name="Disg_SD">
					<content>2.7</content>
				</attRef>
				<attRef name="n_affective">
					<content>4</content>
				</attRef>
				<attRef name="ValenceMean">
					<content>194.14</content>
				</attRef>
				<attRef name="ValenceSD">
					<content>46.18</content>
				</attRef>
				<attRef name="ArousalMean">
					<content>191.51</content>
				</attRef>
				<attRef name="ArousalSD">
					<content>59.45</content>
				</attRef>
				<attRef name="n_v_a">
					<content>35</content>
				</attRef>
				<attRef name="Max_Aro">
					<content>7.26</content>
				</attRef>
				<attRef name="Min_Aro">
					<content>3.8</content>
				</attRef>
				<attRef name="ArousalSpan">
					<content>3.46</content>
				</attRef>
				<attRef name="Max_Val">
					<content>7.95</content>
				</attRef>
				<attRef name="Min_Val">
					<content>3.05</content>
				</attRef>
				<attRef name="ValenceSpan">
					<content>4.9</content>
				</attRef>
				<attRef name="CorAro">
					<content>0.0226</content>
				</attRef>
				<attRef name="CorVal">
					<content>0.1909</content>
				</attRef>
				<attRef name="averageAoA">
					<content>118.99</content>
				</attRef>
				<attRef name="sdAOA">
					<content>40.47</content>
				</attRef>
				<attRef name="MinAoA">
					<content>38.0</content>
				</attRef>
				<attRef name="MaxAoA">
					<content>214.0</content>
				</attRef>
				<attRef name="OralFreq_Log">
					<content>45.98</content>
				</attRef>
				<attRef name="WrittenFreq_Log">
					<content>53.63</content>
				</attRef>
				<attRef name="n_aoa">
					<content>22</content>
				</attRef>
				<attRef name="Max_AoA">
					<content>9.92</content>
				</attRef>
				<attRef name="Min_AoA">
					<content>3.4</content>
				</attRef>
				<attRef name="AoASpan">
					<content>6.52</content>
				</attRef>
				<attRef name="Max_sdAOA">
					<content>2.789</content>
				</attRef>
				<attRef name="Min_sdAOA">
					<content>1.182</content>
				</attRef>
				<attRef name="sdAOASpan">
					<content>1.607</content>
				</attRef>
				<attRef name="Max_logOralFreq">
					<content>3.769</content>
				</attRef>
				<attRef name="Min_logOralFreq">
					<content>0.301</content>
				</attRef>
				<attRef name="logOralFreqSpan">
					<content>3.468</content>
				</attRef>
				<attRef name="Max_logWrittenFreq">
					<content>3.342</content>
				</attRef>
				<attRef name="Min_logWrittenFreq">
					<content>1.041</content>
				</attRef>
				<attRef name="logWrittenFreqSpan">
					<content>2.301</content>
				</attRef>
				<attRef name="CorAoA">
					<content>0.0243</content>
				</attRef>
			</param>
		</body>
	</text>
</TEI>