<?xml version="1.0" encoding="utf-8"?>
<TEI xmlns="http://www.tei-c.org/ns/1.0">
	<teiHeader>
		<fileDesc>
			<titleStmt about="disco:po_256n0827">
				<title property="dc:title">Do esta la voz</title>
				<author property="dc:creator" resource="disco:256n" corresp="#disco_256n">Nicolás Arnao</author>
				<principal xml:id="prf">Pablo Ruiz Fabo</principal>
				<principal xml:id="heb">Helena Bermúdez Sabel</principal>
				<principal xml:id="jct">José Calvo Tello</principal>
				<principal xml:id="cimc">Clara Isabel Martínez Cantón</principal>
				<respStmt>
					<resp>Metrical annotation by</resp>
					<name xml:id="bnc">Borja Navarro Colorado</name>
				</respStmt>
			</titleStmt>
			<extent>
				<measure unit="sonnets">1</measure>
				<measure unit="tokens">87</measure>
				<measure unit="line">14</measure>
			</extent>
			<publicationStmt>
				<publisher>Diachronic Spanish Sonnet Corpus</publisher>
				<authority>POSTDATA Project</authority>
				<pubPlace>Madrid</pubPlace>
				<availability status="free">
					<p>The text is freely available</p>
				</availability>
				<date when="2017">2017</date>
				<idno type="#disco" xml:id="file_po_256n0827"></idno>
			</publicationStmt>
			<sourceDesc>
				<bibl type="digital-source">
					<hi rend="italics">Sonetos del siglo XIX</hi>
					<date when="2006">2006</date>
					<ref target="http://www.cervantesvirtual.com/nd/ark:/59851/bmc4q861"></ref>
					<ref target="http://www.cervantesvirtual.com/obra/sonetos-del-siglo-xix--0/"></ref>
Biblioteca Cervantes Virtual,  / editados por Ramón García González, , , .				</bibl>
			</sourceDesc>
		</fileDesc>
		<profileDesc>
			<langUsage>
				<language ident="es" about="disco:po_256n0827" property="dc:language" resource="dbpedia:Idioma_español">Spanish</language>
			</langUsage>
			<particDesc>
				<listPerson>
					<person xml:id="disco_256n" about="disco:256n" typeOf="foaf:Person">
						<idno cert="medium" property="rdfs:seeAlso" resource="https://viaf.org/viaf/6798075"></idno>
						<persName type="short">Arnao</persName>
						<persName type="full">
							<forename property="foaf:givenName">Nicolás</forename>
							<surname property="foaf:familyName">Arnao</surname>
						</persName>
						<persName type="source" property="foaf:name">Nicolás Arnao</persName>
						<sex property="foaf:gender" content="M"></sex>
						<birth>
							<location>
								<placeName>
									<country property="schema:birthPlace" inlist="">Cuba</country>
									<bloc property="schema:birthPlace" inlist="">América</bloc>
								</placeName>
							</location>
							<date property="schema:birthDate" content="1850" cert="medium"></date>
							<date type="century">19</date>
						</birth>
						<listBibl inlist="" rel="blterms:hasCreated" typeOf="schema:CreativeWork">
							<bibl resource="disco:s256n0827">
								<title property="dc:title">Do esta la voz</title>
								<title type="incipit" property="dc:alternative">Ya soy un pasajero de la vida</title>
							</bibl>
						</listBibl>
					</person>
				</listPerson>
			</particDesc>
		</profileDesc>
		<encodingDesc>
			<listPrefixDef>
				<prefixDef ident="foaf" matchPattern="([A-Za-z]+)" replacementPattern="http://xmlns.com/foaf/0.1/$1"></prefixDef>
				<prefixDef ident="dc" matchPattern="([A-Za-z]+)" replacementPattern="http://purl.org/dc/terms/$1"></prefixDef>
				<prefixDef ident="schema" matchPattern="([A-Za-z]+)" replacementPattern="http://schema.org/$1"></prefixDef>
				<prefixDef ident="dbpedia" matchPattern="([A-Za-z]+(_[A-Za-z])*)" replacementPattern="http://es.dbpedia.org/page/"></prefixDef>
				<prefixDef ident="blterms" matchPattern="([A-Za-z]+)" replacementPattern="http://www.bl.uk/schemas/bibliographic/blterms#$1"></prefixDef>
				<prefixDef ident="rdfs" matchPattern="([A-Za-z]+)" replacementPattern="http://www.w3.org/2000/01/rdf-schema#$1"></prefixDef>
			</listPrefixDef>
			<metDecl type="met" pattern="((\+|\-)+)*">
				<metSym value="+">stressed syllable</metSym>
				<metSym value="-">unstressed syllable</metSym>
			</metDecl>
			<metDecl type="met">
				<p>
					<ref target="https://github.com/bncolorado/adsoScansionSystem">ADSO</ref>
The metrical patterns were extracted automatically using the 
                    tool.				</p>
			</metDecl>
			<metDecl type="enjamb">
				<p>
					<att>enjamb</att>
					<att>cert</att>
					<ref target="https://sites.google.com/site/spanishenjambment/">ANJA
                        (Automatic eNJambment Analysis)</ref>
					<ref target="https://sites.google.com/site/spanishenjambment/enjambment-types">documentation</ref>
					<ref target="https://sites.google.com/site/spanishenjambment/tei-certitude-values">report</ref>
The values of the  atributes were extracted automatically using
                    the  tool. For more information about the
                    types of enjambment as defined in this corpus, read the . In addition, a  was added to express the
                    degree of certainty concerning the characterisation of the enjambment. The following 
                     covers this feature in deep detail.				</p>
			</metDecl>
		</encodingDesc>
		<revisionDesc>
			<change when="2017-11-02" who="#prf">Initial TEI version</change>
			<change when="2017-11-27" who="#prf">Addition of metrical annotation</change>
			<change when="2017-11-27" who="#heb">Review of authors’ metadata</change>
			<change when="2017-12-01" who="#prf">Encoding of enjambment</change>
			<change when="2017-12-01" who="#heb">Publication of 19th, 18th and Golden Age version</change>
			<change when="2018-05-16" who="#heb">Revision of RDFa attributes</change>
		</revisionDesc>
	</teiHeader>
	<text>
		<front>
			<head>Do esta la voz</head>
		</front>
		<body>
			<lg n="1" type="cuarteto">
				<l n="1" met="+++--+---+-" enjamb="B-pb_noun_prep" cert="medium">Ya soy un pasajero de la vida</l>
				<l n="2" met="--+--+---+-" enjamb="I-pb_noun_prep" cert="medium">en camino al Ocaso como tantos,</l>
				<l n="3" met="+--+-+---+-" enjamb="B-ex_dobj_verb" cert="low">llevo en el alma crueles desencantos</l>
				<l n="4" met="-----+-+-+-" enjamb="I-ex_dobj_verb" cert="low">y junto al corazón la abierta herida.</l>
				<param name="AffectiveFeatures">
					<attRef name="Hap_Mean">
						<content>15.28</content>
					</attRef>
					<attRef name="Hap_SD">
						<content>5.8</content>
					</attRef>
					<attRef name="Ang_Mean">
						<content>11.23</content>
					</attRef>
					<attRef name="Ang_SD">
						<content>6.29</content>
					</attRef>
					<attRef name="Sad_Mean">
						<content>15.02</content>
					</attRef>
					<attRef name="Sad_SD">
						<content>7.23</content>
					</attRef>
					<attRef name="Fear_Mean">
						<content>13.61</content>
					</attRef>
					<attRef name="Fear_SD">
						<content>7.06</content>
					</attRef>
					<attRef name="Disg_Mean">
						<content>10.48</content>
					</attRef>
					<attRef name="Disg_SD">
						<content>5.82</content>
					</attRef>
					<attRef name="n_affective">
						<content>6</content>
					</attRef>
					<attRef name="ValenceMean">
						<content>70.33</content>
					</attRef>
					<attRef name="ValenceSD">
						<content>17.19</content>
					</attRef>
					<attRef name="ArousalMean">
						<content>68.76</content>
					</attRef>
					<attRef name="ArousalSD">
						<content>22.0</content>
					</attRef>
					<attRef name="n_v_a">
						<content>13</content>
					</attRef>
					<attRef name="Max_Aro">
						<content>7.38</content>
					</attRef>
					<attRef name="Min_Aro">
						<content>3.35</content>
					</attRef>
					<attRef name="ArousalSpan">
						<content>4.03</content>
					</attRef>
					<attRef name="Max_Val">
						<content>8.25</content>
					</attRef>
					<attRef name="Min_Val">
						<content>1.85</content>
					</attRef>
					<attRef name="ValenceSpan">
						<content>6.4</content>
					</attRef>
					<attRef name="CorAro">
						<content>0.4143</content>
					</attRef>
					<attRef name="CorVal">
						<content>-0.394</content>
					</attRef>
					<attRef name="averageAoA">
						<content>69.52</content>
					</attRef>
					<attRef name="sdAOA">
						<content>23.17</content>
					</attRef>
					<attRef name="MinAoA">
						<content>22.33</content>
					</attRef>
					<attRef name="MaxAoA">
						<content>118.33</content>
					</attRef>
					<attRef name="OralFreq_Log">
						<content>25.07</content>
					</attRef>
					<attRef name="WrittenFreq_Log">
						<content>29.61</content>
					</attRef>
					<attRef name="n_aoa">
						<content>12</content>
					</attRef>
					<attRef name="Max_AoA">
						<content>9.88</content>
					</attRef>
					<attRef name="Min_AoA">
						<content>3.18</content>
					</attRef>
					<attRef name="AoASpan">
						<content>6.7</content>
					</attRef>
					<attRef name="Max_sdAOA">
						<content>2.316</content>
					</attRef>
					<attRef name="Min_sdAOA">
						<content>1.662</content>
					</attRef>
					<attRef name="sdAOASpan">
						<content>0.654</content>
					</attRef>
					<attRef name="Max_logOralFreq">
						<content>3.436</content>
					</attRef>
					<attRef name="Min_logOralFreq">
						<content>0.903</content>
					</attRef>
					<attRef name="logOralFreqSpan">
						<content>2.533</content>
					</attRef>
					<attRef name="Max_logWrittenFreq">
						<content>3.678</content>
					</attRef>
					<attRef name="Min_logWrittenFreq">
						<content>1.279</content>
					</attRef>
					<attRef name="logWrittenFreqSpan">
						<content>2.399</content>
					</attRef>
					<attRef name="CorAoA">
						<content>-0.4346</content>
					</attRef>
				</param>
			</lg>
			<lg n="2" type="cuarteto">
				<l n="5" met="--++-+---+-">Mas la queja es cual lágrima perdida,</l>
				<l n="6" met="-+-+---+-+-">terror inútil, sobresalto y llantos;</l>
				<l n="7" met="--+--+---+-">sin que el hombre mitigue sus quebrantos,</l>
				<l n="8" met="-+-+---+-+-">sin una luz que resplandor despida.</l>
				<param name="AffectiveFeatures">
					<attRef name="Hap_Mean">
						<content>9.14</content>
					</attRef>
					<attRef name="Hap_SD">
						<content>5.0</content>
					</attRef>
					<attRef name="Ang_Mean">
						<content>16.1</content>
					</attRef>
					<attRef name="Ang_SD">
						<content>7.7</content>
					</attRef>
					<attRef name="Sad_Mean">
						<content>18.04</content>
					</attRef>
					<attRef name="Sad_SD">
						<content>7.0</content>
					</attRef>
					<attRef name="Fear_Mean">
						<content>15.97</content>
					</attRef>
					<attRef name="Fear_SD">
						<content>6.38</content>
					</attRef>
					<attRef name="Disg_Mean">
						<content>10.9</content>
					</attRef>
					<attRef name="Disg_SD">
						<content>6.23</content>
					</attRef>
					<attRef name="n_affective">
						<content>6</content>
					</attRef>
					<attRef name="ValenceMean">
						<content>55.84</content>
					</attRef>
					<attRef name="ValenceSD">
						<content>17.81</content>
					</attRef>
					<attRef name="ArousalMean">
						<content>83.97</content>
					</attRef>
					<attRef name="ArousalSD">
						<content>22.57</content>
					</attRef>
					<attRef name="n_v_a">
						<content>14</content>
					</attRef>
					<attRef name="Max_Aro">
						<content>7.95</content>
					</attRef>
					<attRef name="Min_Aro">
						<content>4.45</content>
					</attRef>
					<attRef name="ArousalSpan">
						<content>3.5</content>
					</attRef>
					<attRef name="Max_Val">
						<content>7.1</content>
					</attRef>
					<attRef name="Min_Val">
						<content>1.7</content>
					</attRef>
					<attRef name="ValenceSpan">
						<content>5.4</content>
					</attRef>
					<attRef name="CorAro">
						<content>-0.3534</content>
					</attRef>
					<attRef name="CorVal">
						<content>0.2378</content>
					</attRef>
					<attRef name="averageAoA">
						<content>72.09</content>
					</attRef>
					<attRef name="sdAOA">
						<content>25.35</content>
					</attRef>
					<attRef name="MinAoA">
						<content>22.0</content>
					</attRef>
					<attRef name="MaxAoA">
						<content>122.33</content>
					</attRef>
					<attRef name="OralFreq_Log">
						<content>21.77</content>
					</attRef>
					<attRef name="WrittenFreq_Log">
						<content>28.15</content>
					</attRef>
					<attRef name="n_aoa">
						<content>12</content>
					</attRef>
					<attRef name="Max_AoA">
						<content>9.04</content>
					</attRef>
					<attRef name="Min_AoA">
						<content>3.18</content>
					</attRef>
					<attRef name="AoASpan">
						<content>5.86</content>
					</attRef>
					<attRef name="Max_sdAOA">
						<content>2.438</content>
					</attRef>
					<attRef name="Min_sdAOA">
						<content>1.665</content>
					</attRef>
					<attRef name="sdAOASpan">
						<content>0.773</content>
					</attRef>
					<attRef name="Max_logOralFreq">
						<content>3.611</content>
					</attRef>
					<attRef name="Min_logOralFreq">
						<content>0.699</content>
					</attRef>
					<attRef name="logOralFreqSpan">
						<content>2.912</content>
					</attRef>
					<attRef name="Max_logWrittenFreq">
						<content>3.587</content>
					</attRef>
					<attRef name="Min_logWrittenFreq">
						<content>1.491</content>
					</attRef>
					<attRef name="logWrittenFreqSpan">
						<content>2.096</content>
					</attRef>
					<attRef name="CorAoA">
						<content>-0.0456</content>
					</attRef>
				</param>
			</lg>
			<lg n="3" type="terceto">
				<l n="9" met="++---++--+-" enjamb="B-pb_noun_prep" cert="medium">Esta es la humanidad, tibios fulgores</l>
				<l n="10" met="+--+-+-+-+-" enjamb="I-pb_noun_prep" cert="medium">de una esperanza en mustio afán soñada,</l>
				<l n="11" met="--+--+---+-" enjamb="B-ex_subj_verb" cert="low">revestida de pompas cual las flores</l>
				<param name="AffectiveFeatures">
					<attRef name="Hap_Mean">
						<content>15.56</content>
					</attRef>
					<attRef name="Hap_SD">
						<content>4.33</content>
					</attRef>
					<attRef name="Ang_Mean">
						<content>5.35</content>
					</attRef>
					<attRef name="Ang_SD">
						<content>2.83</content>
					</attRef>
					<attRef name="Sad_Mean">
						<content>6.01</content>
					</attRef>
					<attRef name="Sad_SD">
						<content>3.4</content>
					</attRef>
					<attRef name="Fear_Mean">
						<content>5.45</content>
					</attRef>
					<attRef name="Fear_SD">
						<content>2.88</content>
					</attRef>
					<attRef name="Disg_Mean">
						<content>5.38</content>
					</attRef>
					<attRef name="Disg_SD">
						<content>3.01</content>
					</attRef>
					<attRef name="n_affective">
						<content>4</content>
					</attRef>
					<attRef name="ValenceMean">
						<content>52.21</content>
					</attRef>
					<attRef name="ValenceSD">
						<content>10.29</content>
					</attRef>
					<attRef name="ArousalMean">
						<content>37.2</content>
					</attRef>
					<attRef name="ArousalSD">
						<content>16.14</content>
					</attRef>
					<attRef name="n_v_a">
						<content>8</content>
					</attRef>
					<attRef name="Max_Aro">
						<content>6.35</content>
					</attRef>
					<attRef name="Min_Aro">
						<content>3.05</content>
					</attRef>
					<attRef name="ArousalSpan">
						<content>3.3</content>
					</attRef>
					<attRef name="Max_Val">
						<content>8.1</content>
					</attRef>
					<attRef name="Min_Val">
						<content>5.13</content>
					</attRef>
					<attRef name="ValenceSpan">
						<content>2.97</content>
					</attRef>
					<attRef name="CorAro">
						<content>-0.5215</content>
					</attRef>
					<attRef name="CorVal">
						<content>0.27</content>
					</attRef>
					<attRef name="averageAoA">
						<content>35.04</content>
					</attRef>
					<attRef name="sdAOA">
						<content>7.93</content>
					</attRef>
					<attRef name="MinAoA">
						<content>18.0</content>
					</attRef>
					<attRef name="MaxAoA">
						<content>50.0</content>
					</attRef>
					<attRef name="OralFreq_Log">
						<content>8.13</content>
					</attRef>
					<attRef name="WrittenFreq_Log">
						<content>10.65</content>
					</attRef>
					<attRef name="n_aoa">
						<content>5</content>
					</attRef>
					<attRef name="Max_AoA">
						<content>10.48</content>
					</attRef>
					<attRef name="Min_AoA">
						<content>2.68</content>
					</attRef>
					<attRef name="AoASpan">
						<content>7.8</content>
					</attRef>
					<attRef name="Max_sdAOA">
						<content>1.864</content>
					</attRef>
					<attRef name="Min_sdAOA">
						<content>1.111</content>
					</attRef>
					<attRef name="sdAOASpan">
						<content>0.753</content>
					</attRef>
					<attRef name="Max_logOralFreq">
						<content>2.21</content>
					</attRef>
					<attRef name="Min_logOralFreq">
						<content>0.477</content>
					</attRef>
					<attRef name="logOralFreqSpan">
						<content>1.733</content>
					</attRef>
					<attRef name="Max_logWrittenFreq">
						<content>2.643</content>
					</attRef>
					<attRef name="Min_logWrittenFreq">
						<content>1.6130000000000002</content>
					</attRef>
					<attRef name="logWrittenFreqSpan">
						<content>1.03</content>
					</attRef>
					<attRef name="CorAoA">
						<content>-0.9433</content>
					</attRef>
				</param>
			</lg>
			<lg n="4" type="terceto">
				<l n="12" met="+-+-+---+-" enjamb="I-ex_subj_verb" cert="low">par dormir marchitas en la Nada.</l>
				<l n="13" met="+--+---+-+-">¡Mudos escombros, responded sinceros!</l>
				<l n="14" met="++-+-+---+-">¿Do está la voz de intrépidos viajeros?</l>
				<param name="AffectiveFeatures">
					<attRef name="Hap_Mean">
						<content>6.06</content>
					</attRef>
					<attRef name="Hap_SD">
						<content>2.85</content>
					</attRef>
					<attRef name="Ang_Mean">
						<content>3.79</content>
					</attRef>
					<attRef name="Ang_SD">
						<content>2.14</content>
					</attRef>
					<attRef name="Sad_Mean">
						<content>6.27</content>
					</attRef>
					<attRef name="Sad_SD">
						<content>3.0</content>
					</attRef>
					<attRef name="Fear_Mean">
						<content>3.89</content>
					</attRef>
					<attRef name="Fear_SD">
						<content>2.1</content>
					</attRef>
					<attRef name="Disg_Mean">
						<content>3.3</content>
					</attRef>
					<attRef name="Disg_SD">
						<content>1.26</content>
					</attRef>
					<attRef name="n_affective">
						<content>3</content>
					</attRef>
					<attRef name="ValenceMean">
						<content>50.5</content>
					</attRef>
					<attRef name="ValenceSD">
						<content>9.99</content>
					</attRef>
					<attRef name="ArousalMean">
						<content>36.35</content>
					</attRef>
					<attRef name="ArousalSD">
						<content>14.57</content>
					</attRef>
					<attRef name="n_v_a">
						<content>8</content>
					</attRef>
					<attRef name="Max_Aro">
						<content>6.1</content>
					</attRef>
					<attRef name="Min_Aro">
						<content>1.6</content>
					</attRef>
					<attRef name="ArousalSpan">
						<content>4.5</content>
					</attRef>
					<attRef name="Max_Val">
						<content>8.05</content>
					</attRef>
					<attRef name="Min_Val">
						<content>3.0</content>
					</attRef>
					<attRef name="ValenceSpan">
						<content>5.05</content>
					</attRef>
					<attRef name="CorAro">
						<content>0.6864</content>
					</attRef>
					<attRef name="CorVal">
						<content>0.1607</content>
					</attRef>
					<attRef name="averageAoA">
						<content>28.72</content>
					</attRef>
					<attRef name="sdAOA">
						<content>10.87</content>
					</attRef>
					<attRef name="MinAoA">
						<content>8.0</content>
					</attRef>
					<attRef name="MaxAoA">
						<content>54.0</content>
					</attRef>
					<attRef name="OralFreq_Log">
						<content>13.37</content>
					</attRef>
					<attRef name="WrittenFreq_Log">
						<content>15.91</content>
					</attRef>
					<attRef name="n_aoa">
						<content>6</content>
					</attRef>
					<attRef name="Max_AoA">
						<content>7.54</content>
					</attRef>
					<attRef name="Min_AoA">
						<content>2.24</content>
					</attRef>
					<attRef name="AoASpan">
						<content>5.3</content>
					</attRef>
					<attRef name="Max_sdAOA">
						<content>2.134</content>
					</attRef>
					<attRef name="Min_sdAOA">
						<content>1.098</content>
					</attRef>
					<attRef name="sdAOASpan">
						<content>1.036</content>
					</attRef>
					<attRef name="Max_logOralFreq">
						<content>3.813</content>
					</attRef>
					<attRef name="Min_logOralFreq">
						<content>1.146</content>
					</attRef>
					<attRef name="logOralFreqSpan">
						<content>2.667</content>
					</attRef>
					<attRef name="Max_logWrittenFreq">
						<content>3.869</content>
					</attRef>
					<attRef name="Min_logWrittenFreq">
						<content>1.7480000000000002</content>
					</attRef>
					<attRef name="logWrittenFreqSpan">
						<content>2.121</content>
					</attRef>
					<attRef name="CorAoA">
						<content>-0.2362</content>
					</attRef>
				</param>
			</lg>
			<param name="AffectiveFeatures">
				<attRef name="Hap_Mean">
					<content>46.04</content>
				</attRef>
				<attRef name="Hap_SD">
					<content>17.98</content>
				</attRef>
				<attRef name="Ang_Mean">
					<content>36.47</content>
				</attRef>
				<attRef name="Ang_SD">
					<content>18.96</content>
				</attRef>
				<attRef name="Sad_Mean">
					<content>45.34</content>
				</attRef>
				<attRef name="Sad_SD">
					<content>20.63</content>
				</attRef>
				<attRef name="Fear_Mean">
					<content>38.92</content>
				</attRef>
				<attRef name="Fear_SD">
					<content>18.42</content>
				</attRef>
				<attRef name="Disg_Mean">
					<content>30.06</content>
				</attRef>
				<attRef name="Disg_SD">
					<content>16.32</content>
				</attRef>
				<attRef name="n_affective">
					<content>19</content>
				</attRef>
				<attRef name="ValenceMean">
					<content>228.88</content>
				</attRef>
				<attRef name="ValenceSD">
					<content>55.28</content>
				</attRef>
				<attRef name="ArousalMean">
					<content>226.28</content>
				</attRef>
				<attRef name="ArousalSD">
					<content>75.28</content>
				</attRef>
				<attRef name="n_v_a">
					<content>43</content>
				</attRef>
				<attRef name="Max_Aro">
					<content>7.95</content>
				</attRef>
				<attRef name="Min_Aro">
					<content>1.6</content>
				</attRef>
				<attRef name="ArousalSpan">
					<content>6.35</content>
				</attRef>
				<attRef name="Max_Val">
					<content>8.25</content>
				</attRef>
				<attRef name="Min_Val">
					<content>1.7</content>
				</attRef>
				<attRef name="ValenceSpan">
					<content>6.55</content>
				</attRef>
				<attRef name="CorAro">
					<content>-0.2432</content>
				</attRef>
				<attRef name="CorVal">
					<content>0.2499</content>
				</attRef>
				<attRef name="averageAoA">
					<content>205.37</content>
				</attRef>
				<attRef name="sdAOA">
					<content>67.31</content>
				</attRef>
				<attRef name="MinAoA">
					<content>70.33</content>
				</attRef>
				<attRef name="MaxAoA">
					<content>344.66</content>
				</attRef>
				<attRef name="OralFreq_Log">
					<content>68.34</content>
				</attRef>
				<attRef name="WrittenFreq_Log">
					<content>84.31</content>
				</attRef>
				<attRef name="n_aoa">
					<content>35</content>
				</attRef>
				<attRef name="Max_AoA">
					<content>10.48</content>
				</attRef>
				<attRef name="Min_AoA">
					<content>2.24</content>
				</attRef>
				<attRef name="AoASpan">
					<content>8.24</content>
				</attRef>
				<attRef name="Max_sdAOA">
					<content>2.438</content>
				</attRef>
				<attRef name="Min_sdAOA">
					<content>1.098</content>
				</attRef>
				<attRef name="sdAOASpan">
					<content>1.34</content>
				</attRef>
				<attRef name="Max_logOralFreq">
					<content>3.813</content>
				</attRef>
				<attRef name="Min_logOralFreq">
					<content>0.477</content>
				</attRef>
				<attRef name="logOralFreqSpan">
					<content>3.336</content>
				</attRef>
				<attRef name="Max_logWrittenFreq">
					<content>3.869</content>
				</attRef>
				<attRef name="Min_logWrittenFreq">
					<content>1.279</content>
				</attRef>
				<attRef name="logWrittenFreqSpan">
					<content>2.59</content>
				</attRef>
				<attRef name="CorAoA">
					<content>-0.1555</content>
				</attRef>
			</param>
		</body>
	</text>
</TEI>