<?xml version="1.0" encoding="utf-8"?>
<TEI xmlns="http://www.tei-c.org/ns/1.0">
	<teiHeader>
		<fileDesc>
			<titleStmt about="disco:po_004n0009">
				<title property="dc:title">El soneto</title>
				<author property="dc:creator" resource="disco:004n" corresp="#disco_004n">Antonio Arnao</author>
				<principal xml:id="prf">Pablo Ruiz Fabo</principal>
				<principal xml:id="heb">Helena Bermúdez Sabel</principal>
				<principal xml:id="jct">José Calvo Tello</principal>
				<principal xml:id="cimc">Clara Isabel Martínez Cantón</principal>
				<respStmt>
					<resp>Metrical annotation by</resp>
					<name xml:id="bnc">Borja Navarro Colorado</name>
				</respStmt>
			</titleStmt>
			<extent>
				<measure unit="sonnets">1</measure>
				<measure unit="tokens">78</measure>
				<measure unit="line">14</measure>
			</extent>
			<publicationStmt>
				<publisher>Diachronic Spanish Sonnet Corpus</publisher>
				<authority>POSTDATA Project</authority>
				<pubPlace>Madrid</pubPlace>
				<availability status="free">
					<p>The text is freely available</p>
				</availability>
				<date when="2017">2017</date>
				<idno type="#disco" xml:id="file_po_004n0009"></idno>
			</publicationStmt>
			<sourceDesc>
				<bibl type="digital-source">
					<hi rend="italics">Sonetos del siglo XIX</hi>
					<date when="2006">2006</date>
					<ref target="http://www.cervantesvirtual.com/nd/ark:/59851/bmc4q861"></ref>
					<ref target="http://www.cervantesvirtual.com/obra/sonetos-del-siglo-xix--0/"></ref>
Biblioteca Cervantes Virtual,  / editados por Ramón García González, , , .				</bibl>
			</sourceDesc>
		</fileDesc>
		<profileDesc>
			<langUsage>
				<language ident="es" about="disco:po_004n0009" property="dc:language" resource="dbpedia:Idioma_español">Spanish</language>
			</langUsage>
			<particDesc>
				<listPerson>
					<person xml:id="disco_004n" about="disco:004n" typeOf="foaf:Person">
						<idno cert="high" property="rdfs:seeAlso" resource="https://viaf.org/viaf/57415459"></idno>
						<persName type="short">Arnao</persName>
						<persName type="full">
							<forename property="foaf:givenName">Antonio</forename>
							<surname property="foaf:familyName">Arnao</surname>
						</persName>
						<persName type="source" property="foaf:name">Antonio Arnao</persName>
						<sex property="foaf:gender" content="M"></sex>
						<birth>
							<location>
								<placeName>
									<country property="schema:birthPlace" inlist="">Cuba</country>
									<bloc property="schema:birthPlace" inlist="">América</bloc>
								</placeName>
							</location>
							<date property="schema:birthDate" content="1828" cert="high"></date>
							<date type="century">19</date>
						</birth>
						<death>
							<date property="schema:deathDate" content="1889" cert="high"></date>
							<date type="century">19</date>
						</death>
						<listBibl inlist="" rel="blterms:hasCreated" typeOf="schema:CreativeWork">
							<bibl resource="disco:s004n0009">
								<title property="dc:title">El soneto</title>
								<title type="incipit" property="dc:alternative">Tradición popular dice a la Historia</title>
							</bibl>
						</listBibl>
					</person>
				</listPerson>
			</particDesc>
		</profileDesc>
		<encodingDesc>
			<listPrefixDef>
				<prefixDef ident="foaf" matchPattern="([A-Za-z]+)" replacementPattern="http://xmlns.com/foaf/0.1/$1"></prefixDef>
				<prefixDef ident="dc" matchPattern="([A-Za-z]+)" replacementPattern="http://purl.org/dc/terms/$1"></prefixDef>
				<prefixDef ident="schema" matchPattern="([A-Za-z]+)" replacementPattern="http://schema.org/$1"></prefixDef>
				<prefixDef ident="dbpedia" matchPattern="([A-Za-z]+(_[A-Za-z])*)" replacementPattern="http://es.dbpedia.org/page/"></prefixDef>
				<prefixDef ident="blterms" matchPattern="([A-Za-z]+)" replacementPattern="http://www.bl.uk/schemas/bibliographic/blterms#$1"></prefixDef>
				<prefixDef ident="rdfs" matchPattern="([A-Za-z]+)" replacementPattern="http://www.w3.org/2000/01/rdf-schema#$1"></prefixDef>
			</listPrefixDef>
			<metDecl type="met" pattern="((\+|\-)+)*">
				<metSym value="+">stressed syllable</metSym>
				<metSym value="-">unstressed syllable</metSym>
			</metDecl>
			<metDecl type="met">
				<p>
					<ref target="https://github.com/bncolorado/adsoScansionSystem">ADSO</ref>
The metrical patterns were extracted automatically using the 
                    tool.				</p>
			</metDecl>
			<metDecl type="enjamb">
				<p>
					<att>enjamb</att>
					<att>cert</att>
					<ref target="https://sites.google.com/site/spanishenjambment/">ANJA
                        (Automatic eNJambment Analysis)</ref>
					<ref target="https://sites.google.com/site/spanishenjambment/enjambment-types">documentation</ref>
					<ref target="https://sites.google.com/site/spanishenjambment/tei-certitude-values">report</ref>
The values of the  atributes were extracted automatically using
                    the  tool. For more information about the
                    types of enjambment as defined in this corpus, read the . In addition, a  was added to express the
                    degree of certainty concerning the characterisation of the enjambment. The following 
                     covers this feature in deep detail.				</p>
			</metDecl>
		</encodingDesc>
		<revisionDesc>
			<change when="2017-11-02" who="#prf">Initial TEI version</change>
			<change when="2017-11-27" who="#prf">Addition of metrical annotation</change>
			<change when="2017-11-27" who="#heb">Review of authors’ metadata</change>
			<change when="2017-12-01" who="#prf">Encoding of enjambment</change>
			<change when="2017-12-01" who="#heb">Publication of 19th, 18th and Golden Age version</change>
			<change when="2018-05-16" who="#heb">Revision of RDFa attributes</change>
		</revisionDesc>
	</teiHeader>
	<text>
		<front>
			<head>El soneto</head>
		</front>
		<body>
			<lg n="1" type="cuarteto">
				<l n="1" met="--+--++--+-" enjamb="B-ex_dobj_verb" cert="low">Tradición popular dice a la Historia</l>
				<l n="2" met="-+---+-+-+-" enjamb="B-pb_verb_chain I-ex_dobj_verb" cert="high low">que el rígido soneto fue creado</l>
				<l n="3" met="--+--+---+-" enjamb="I-pb_verb_chain" cert="high">para dar al ingenio aprisionado,</l>
				<l n="4" met="-+-+---+-+-">tras corta lucha, perdurable gloria.</l>
				<param name="AffectiveFeatures">
					<attRef name="Hap_Mean">
						<content>16.38</content>
					</attRef>
					<attRef name="Hap_SD">
						<content>6.18</content>
					</attRef>
					<attRef name="Ang_Mean">
						<content>10.05</content>
					</attRef>
					<attRef name="Ang_SD">
						<content>4.56</content>
					</attRef>
					<attRef name="Sad_Mean">
						<content>9.08</content>
					</attRef>
					<attRef name="Sad_SD">
						<content>4.92</content>
					</attRef>
					<attRef name="Fear_Mean">
						<content>10.05</content>
					</attRef>
					<attRef name="Fear_SD">
						<content>5.69</content>
					</attRef>
					<attRef name="Disg_Mean">
						<content>7.45</content>
					</attRef>
					<attRef name="Disg_SD">
						<content>3.42</content>
					</attRef>
					<attRef name="n_affective">
						<content>6</content>
					</attRef>
					<attRef name="ValenceMean">
						<content>77.75</content>
					</attRef>
					<attRef name="ValenceSD">
						<content>18.86</content>
					</attRef>
					<attRef name="ArousalMean">
						<content>67.03</content>
					</attRef>
					<attRef name="ArousalSD">
						<content>20.44</content>
					</attRef>
					<attRef name="n_v_a">
						<content>13</content>
					</attRef>
					<attRef name="Max_Aro">
						<content>7.25</content>
					</attRef>
					<attRef name="Min_Aro">
						<content>3.6</content>
					</attRef>
					<attRef name="ArousalSpan">
						<content>3.65</content>
					</attRef>
					<attRef name="Max_Val">
						<content>7.75</content>
					</attRef>
					<attRef name="Min_Val">
						<content>3.65</content>
					</attRef>
					<attRef name="ValenceSpan">
						<content>4.1</content>
					</attRef>
					<attRef name="CorAro">
						<content>0.1649</content>
					</attRef>
					<attRef name="CorVal">
						<content>-0.1283</content>
					</attRef>
					<attRef name="averageAoA">
						<content>80.67</content>
					</attRef>
					<attRef name="sdAOA">
						<content>23.55</content>
					</attRef>
					<attRef name="MinAoA">
						<content>26.0</content>
					</attRef>
					<attRef name="MaxAoA">
						<content>126.0</content>
					</attRef>
					<attRef name="OralFreq_Log">
						<content>28.46</content>
					</attRef>
					<attRef name="WrittenFreq_Log">
						<content>31.68</content>
					</attRef>
					<attRef name="n_aoa">
						<content>12</content>
					</attRef>
					<attRef name="Max_AoA">
						<content>9.62</content>
					</attRef>
					<attRef name="Min_AoA">
						<content>3.0</content>
					</attRef>
					<attRef name="AoASpan">
						<content>6.62</content>
					</attRef>
					<attRef name="Max_sdAOA">
						<content>2.789</content>
					</attRef>
					<attRef name="Min_sdAOA">
						<content>1.218</content>
					</attRef>
					<attRef name="sdAOASpan">
						<content>1.571</content>
					</attRef>
					<attRef name="Max_logOralFreq">
						<content>3.769</content>
					</attRef>
					<attRef name="Min_logOralFreq">
						<content>0.903</content>
					</attRef>
					<attRef name="logOralFreqSpan">
						<content>2.866</content>
					</attRef>
					<attRef name="Max_logWrittenFreq">
						<content>3.342</content>
					</attRef>
					<attRef name="Min_logWrittenFreq">
						<content>1.6130000000000002</content>
					</attRef>
					<attRef name="logWrittenFreqSpan">
						<content>1.729</content>
					</attRef>
					<attRef name="CorAoA">
						<content>-0.1193</content>
					</attRef>
				</param>
			</lg>
			<lg n="2" type="cuarteto">
				<l n="5" met="-+-++-+---+-">Podrá juzgarse la fábula irrisoria;</l>
				<l n="6" met="-+-+---+-+-">mas él subyuga al pensamiento osado,</l>
				<l n="7" met="--+--+---+-">que, en troquel inflexible modelado,</l>
				<l n="8" met="+--+-+---+-">debe dejar viviente su memoria.</l>
				<param name="AffectiveFeatures">
					<attRef name="Hap_Mean">
						<content>8.3</content>
					</attRef>
					<attRef name="Hap_SD">
						<content>4.35</content>
					</attRef>
					<attRef name="Ang_Mean">
						<content>5.67</content>
					</attRef>
					<attRef name="Ang_SD">
						<content>3.67</content>
					</attRef>
					<attRef name="Sad_Mean">
						<content>6.27</content>
					</attRef>
					<attRef name="Sad_SD">
						<content>3.74</content>
					</attRef>
					<attRef name="Fear_Mean">
						<content>7.0</content>
					</attRef>
					<attRef name="Fear_SD">
						<content>4.05</content>
					</attRef>
					<attRef name="Disg_Mean">
						<content>5.07</content>
					</attRef>
					<attRef name="Disg_SD">
						<content>3.1</content>
					</attRef>
					<attRef name="n_affective">
						<content>3</content>
					</attRef>
					<attRef name="ValenceMean">
						<content>54.12</content>
					</attRef>
					<attRef name="ValenceSD">
						<content>13.51</content>
					</attRef>
					<attRef name="ArousalMean">
						<content>54.1</content>
					</attRef>
					<attRef name="ArousalSD">
						<content>16.25</content>
					</attRef>
					<attRef name="n_v_a">
						<content>10</content>
					</attRef>
					<attRef name="Max_Aro">
						<content>6.45</content>
					</attRef>
					<attRef name="Min_Aro">
						<content>4.65</content>
					</attRef>
					<attRef name="ArousalSpan">
						<content>1.8</content>
					</attRef>
					<attRef name="Max_Val">
						<content>7.15</content>
					</attRef>
					<attRef name="Min_Val">
						<content>2.65</content>
					</attRef>
					<attRef name="ValenceSpan">
						<content>4.5</content>
					</attRef>
					<attRef name="CorAro">
						<content>-0.0364</content>
					</attRef>
					<attRef name="CorVal">
						<content>-0.2848</content>
					</attRef>
					<attRef name="averageAoA">
						<content>48.21</content>
					</attRef>
					<attRef name="sdAOA">
						<content>15.6</content>
					</attRef>
					<attRef name="MinAoA">
						<content>13.0</content>
					</attRef>
					<attRef name="MaxAoA">
						<content>75.33</content>
					</attRef>
					<attRef name="OralFreq_Log">
						<content>14.49</content>
					</attRef>
					<attRef name="WrittenFreq_Log">
						<content>18.58</content>
					</attRef>
					<attRef name="n_aoa">
						<content>7</content>
					</attRef>
					<attRef name="Max_AoA">
						<content>8.32</content>
					</attRef>
					<attRef name="Min_AoA">
						<content>5.5</content>
					</attRef>
					<attRef name="AoASpan">
						<content>2.82</content>
					</attRef>
					<attRef name="Max_sdAOA">
						<content>2.443</content>
					</attRef>
					<attRef name="Min_sdAOA">
						<content>1.832</content>
					</attRef>
					<attRef name="sdAOASpan">
						<content>0.611</content>
					</attRef>
					<attRef name="Max_logOralFreq">
						<content>3.107</content>
					</attRef>
					<attRef name="Min_logOralFreq">
						<content>0.477</content>
					</attRef>
					<attRef name="logOralFreqSpan">
						<content>2.63</content>
					</attRef>
					<attRef name="Max_logWrittenFreq">
						<content>3.341</content>
					</attRef>
					<attRef name="Min_logWrittenFreq">
						<content>1.505</content>
					</attRef>
					<attRef name="logWrittenFreqSpan">
						<content>1.836</content>
					</attRef>
					<attRef name="CorAoA">
						<content>-0.2851</content>
					</attRef>
				</param>
			</lg>
			<lg n="3" type="terceto">
				<l n="9" met="-+---+---+-" enjamb="B-pb_adj_noun" cert="medium">Así la inspiración, aunque arrogante</l>
				<l n="10" met="+--+---+-+-" enjamb="I-pb_adj_noun" cert="medium">mundos y mundos recorrer pudiere,</l>
				<l n="11" met="++---++--+-">un límite fatal halla delante.</l>
				<param name="AffectiveFeatures">
					<attRef name="Hap_Mean">
						<content>15.57</content>
					</attRef>
					<attRef name="Hap_SD">
						<content>4.9</content>
					</attRef>
					<attRef name="Ang_Mean">
						<content>13.38</content>
					</attRef>
					<attRef name="Ang_SD">
						<content>6.97</content>
					</attRef>
					<attRef name="Sad_Mean">
						<content>14.21</content>
					</attRef>
					<attRef name="Sad_SD">
						<content>6.72</content>
					</attRef>
					<attRef name="Fear_Mean">
						<content>13.54</content>
					</attRef>
					<attRef name="Fear_SD">
						<content>7.19</content>
					</attRef>
					<attRef name="Disg_Mean">
						<content>11.47</content>
					</attRef>
					<attRef name="Disg_SD">
						<content>5.65</content>
					</attRef>
					<attRef name="n_affective">
						<content>6</content>
					</attRef>
					<attRef name="ValenceMean">
						<content>52.52</content>
					</attRef>
					<attRef name="ValenceSD">
						<content>12.23</content>
					</attRef>
					<attRef name="ArousalMean">
						<content>55.35</content>
					</attRef>
					<attRef name="ArousalSD">
						<content>16.69</content>
					</attRef>
					<attRef name="n_v_a">
						<content>10</content>
					</attRef>
					<attRef name="Max_Aro">
						<content>6.9</content>
					</attRef>
					<attRef name="Min_Aro">
						<content>4.55</content>
					</attRef>
					<attRef name="ArousalSpan">
						<content>2.35</content>
					</attRef>
					<attRef name="Max_Val">
						<content>7.68</content>
					</attRef>
					<attRef name="Min_Val">
						<content>2.35</content>
					</attRef>
					<attRef name="ValenceSpan">
						<content>5.33</content>
					</attRef>
					<attRef name="CorAro">
						<content>0.2835</content>
					</attRef>
					<attRef name="CorVal">
						<content>-0.238</content>
					</attRef>
					<attRef name="averageAoA">
						<content>72.58</content>
					</attRef>
					<attRef name="sdAOA">
						<content>21.33</content>
					</attRef>
					<attRef name="MinAoA">
						<content>31.0</content>
					</attRef>
					<attRef name="MaxAoA">
						<content>116.0</content>
					</attRef>
					<attRef name="OralFreq_Log">
						<content>27.3</content>
					</attRef>
					<attRef name="WrittenFreq_Log">
						<content>30.3</content>
					</attRef>
					<attRef name="n_aoa">
						<content>11</content>
					</attRef>
					<attRef name="Max_AoA">
						<content>9.6</content>
					</attRef>
					<attRef name="Min_AoA">
						<content>4.48</content>
					</attRef>
					<attRef name="AoASpan">
						<content>5.12</content>
					</attRef>
					<attRef name="Max_sdAOA">
						<content>2.443</content>
					</attRef>
					<attRef name="Min_sdAOA">
						<content>1.282</content>
					</attRef>
					<attRef name="sdAOASpan">
						<content>1.161</content>
					</attRef>
					<attRef name="Max_logOralFreq">
						<content>3.694</content>
					</attRef>
					<attRef name="Min_logOralFreq">
						<content>0.699</content>
					</attRef>
					<attRef name="logOralFreqSpan">
						<content>2.995</content>
					</attRef>
					<attRef name="Max_logWrittenFreq">
						<content>3.649</content>
					</attRef>
					<attRef name="Min_logWrittenFreq">
						<content>1.544</content>
					</attRef>
					<attRef name="logWrittenFreqSpan">
						<content>2.105</content>
					</attRef>
					<attRef name="CorAoA">
						<content>-0.2352</content>
					</attRef>
				</param>
			</lg>
			<lg n="4" type="terceto">
				<l n="12" met="---+---+++-">Y cuando libre remontarse quiere,</l>
				<l n="13" met="--+--+-+-+-" enjamb="B-pb_adj_noun" cert="medium">como estrella fugaz , en breve instante</l>
				<l n="14" met="+--+---+-+-" enjamb="I-pb_adj_noun" cert="medium">brota y deslumbra y se despeña y muere.</l>
				<param name="AffectiveFeatures">
					<attRef name="Hap_Mean">
						<content>14.53</content>
					</attRef>
					<attRef name="Hap_SD">
						<content>5.26</content>
					</attRef>
					<attRef name="Ang_Mean">
						<content>7.33</content>
					</attRef>
					<attRef name="Ang_SD">
						<content>3.45</content>
					</attRef>
					<attRef name="Sad_Mean">
						<content>10.47</content>
					</attRef>
					<attRef name="Sad_SD">
						<content>4.0</content>
					</attRef>
					<attRef name="Fear_Mean">
						<content>10.23</content>
					</attRef>
					<attRef name="Fear_SD">
						<content>4.97</content>
					</attRef>
					<attRef name="Disg_Mean">
						<content>6.8</content>
					</attRef>
					<attRef name="Disg_SD">
						<content>2.64</content>
					</attRef>
					<attRef name="n_affective">
						<content>5</content>
					</attRef>
					<attRef name="ValenceMean">
						<content>42.65</content>
					</attRef>
					<attRef name="ValenceSD">
						<content>8.56</content>
					</attRef>
					<attRef name="ArousalMean">
						<content>38.48</content>
					</attRef>
					<attRef name="ArousalSD">
						<content>13.53</content>
					</attRef>
					<attRef name="n_v_a">
						<content>7</content>
					</attRef>
					<attRef name="Max_Aro">
						<content>7.35</content>
					</attRef>
					<attRef name="Min_Aro">
						<content>3.73</content>
					</attRef>
					<attRef name="ArousalSpan">
						<content>3.62</content>
					</attRef>
					<attRef name="Max_Val">
						<content>8.85</content>
					</attRef>
					<attRef name="Min_Val">
						<content>1.7</content>
					</attRef>
					<attRef name="ValenceSpan">
						<content>7.15</content>
					</attRef>
					<attRef name="CorAro">
						<content>0.8033</content>
					</attRef>
					<attRef name="CorVal">
						<content>-0.9452</content>
					</attRef>
					<attRef name="averageAoA">
						<content>43.0</content>
					</attRef>
					<attRef name="sdAOA">
						<content>14.61</content>
					</attRef>
					<attRef name="MinAoA">
						<content>13.0</content>
					</attRef>
					<attRef name="MaxAoA">
						<content>76.0</content>
					</attRef>
					<attRef name="OralFreq_Log">
						<content>13.84</content>
					</attRef>
					<attRef name="WrittenFreq_Log">
						<content>17.26</content>
					</attRef>
					<attRef name="n_aoa">
						<content>7</content>
					</attRef>
					<attRef name="Max_AoA">
						<content>8.5</content>
					</attRef>
					<attRef name="Min_AoA">
						<content>3.66</content>
					</attRef>
					<attRef name="AoASpan">
						<content>4.84</content>
					</attRef>
					<attRef name="Max_sdAOA">
						<content>2.549</content>
					</attRef>
					<attRef name="Min_sdAOA">
						<content>1.796</content>
					</attRef>
					<attRef name="sdAOASpan">
						<content>0.753</content>
					</attRef>
					<attRef name="Max_logOralFreq">
						<content>2.667</content>
					</attRef>
					<attRef name="Min_logOralFreq">
						<content>0.845</content>
					</attRef>
					<attRef name="logOralFreqSpan">
						<content>1.822</content>
					</attRef>
					<attRef name="Max_logWrittenFreq">
						<content>2.867</content>
					</attRef>
					<attRef name="Min_logWrittenFreq">
						<content>1.806</content>
					</attRef>
					<attRef name="logWrittenFreqSpan">
						<content>1.061</content>
					</attRef>
					<attRef name="CorAoA">
						<content>0.2384</content>
					</attRef>
				</param>
			</lg>
			<param name="AffectiveFeatures">
				<attRef name="Hap_Mean">
					<content>54.78</content>
				</attRef>
				<attRef name="Hap_SD">
					<content>20.69</content>
				</attRef>
				<attRef name="Ang_Mean">
					<content>36.43</content>
				</attRef>
				<attRef name="Ang_SD">
					<content>18.65</content>
				</attRef>
				<attRef name="Sad_Mean">
					<content>40.03</content>
				</attRef>
				<attRef name="Sad_SD">
					<content>19.38</content>
				</attRef>
				<attRef name="Fear_Mean">
					<content>40.82</content>
				</attRef>
				<attRef name="Fear_SD">
					<content>21.9</content>
				</attRef>
				<attRef name="Disg_Mean">
					<content>30.79</content>
				</attRef>
				<attRef name="Disg_SD">
					<content>14.81</content>
				</attRef>
				<attRef name="n_affective">
					<content>20</content>
				</attRef>
				<attRef name="ValenceMean">
					<content>227.04</content>
				</attRef>
				<attRef name="ValenceSD">
					<content>53.16</content>
				</attRef>
				<attRef name="ArousalMean">
					<content>214.96</content>
				</attRef>
				<attRef name="ArousalSD">
					<content>66.91</content>
				</attRef>
				<attRef name="n_v_a">
					<content>40</content>
				</attRef>
				<attRef name="Max_Aro">
					<content>7.35</content>
				</attRef>
				<attRef name="Min_Aro">
					<content>3.6</content>
				</attRef>
				<attRef name="ArousalSpan">
					<content>3.75</content>
				</attRef>
				<attRef name="Max_Val">
					<content>8.85</content>
				</attRef>
				<attRef name="Min_Val">
					<content>1.7</content>
				</attRef>
				<attRef name="ValenceSpan">
					<content>7.15</content>
				</attRef>
				<attRef name="CorAro">
					<content>0.2309</content>
				</attRef>
				<attRef name="CorVal">
					<content>-0.135</content>
				</attRef>
				<attRef name="averageAoA">
					<content>244.46</content>
				</attRef>
				<attRef name="sdAOA">
					<content>75.08</content>
				</attRef>
				<attRef name="MinAoA">
					<content>83.0</content>
				</attRef>
				<attRef name="MaxAoA">
					<content>393.33</content>
				</attRef>
				<attRef name="OralFreq_Log">
					<content>84.1</content>
				</attRef>
				<attRef name="WrittenFreq_Log">
					<content>97.82</content>
				</attRef>
				<attRef name="n_aoa">
					<content>37</content>
				</attRef>
				<attRef name="Max_AoA">
					<content>9.62</content>
				</attRef>
				<attRef name="Min_AoA">
					<content>3.0</content>
				</attRef>
				<attRef name="AoASpan">
					<content>6.62</content>
				</attRef>
				<attRef name="Max_sdAOA">
					<content>2.789</content>
				</attRef>
				<attRef name="Min_sdAOA">
					<content>1.218</content>
				</attRef>
				<attRef name="sdAOASpan">
					<content>1.571</content>
				</attRef>
				<attRef name="Max_logOralFreq">
					<content>3.769</content>
				</attRef>
				<attRef name="Min_logOralFreq">
					<content>0.477</content>
				</attRef>
				<attRef name="logOralFreqSpan">
					<content>3.292</content>
				</attRef>
				<attRef name="Max_logWrittenFreq">
					<content>3.649</content>
				</attRef>
				<attRef name="Min_logWrittenFreq">
					<content>1.505</content>
				</attRef>
				<attRef name="logWrittenFreqSpan">
					<content>2.144</content>
				</attRef>
				<attRef name="CorAoA">
					<content>-0.133</content>
				</attRef>
			</param>
		</body>
	</text>
</TEI>