<?xml version="1.0" encoding="utf-8"?>
<TEI xmlns="http://www.tei-c.org/ns/1.0">
	<teiHeader>
		<fileDesc>
			<titleStmt about="disco:po_004n0011">
				<title property="dc:title">A Manuel del Palacio</title>
				<author property="dc:creator" resource="disco:004n" corresp="#disco_004n">Antonio Arnao</author>
				<principal xml:id="prf">Pablo Ruiz Fabo</principal>
				<principal xml:id="heb">Helena Bermúdez Sabel</principal>
				<principal xml:id="jct">José Calvo Tello</principal>
				<principal xml:id="cimc">Clara Isabel Martínez Cantón</principal>
				<respStmt>
					<resp>Metrical annotation by</resp>
					<name xml:id="bnc">Borja Navarro Colorado</name>
				</respStmt>
			</titleStmt>
			<extent>
				<measure unit="sonnets">1</measure>
				<measure unit="tokens">92</measure>
				<measure unit="line">14</measure>
			</extent>
			<publicationStmt>
				<publisher>Diachronic Spanish Sonnet Corpus</publisher>
				<authority>POSTDATA Project</authority>
				<pubPlace>Madrid</pubPlace>
				<availability status="free">
					<p>The text is freely available</p>
				</availability>
				<date when="2017">2017</date>
				<idno type="#disco" xml:id="file_po_004n0011"></idno>
			</publicationStmt>
			<sourceDesc>
				<bibl type="digital-source">
					<hi rend="italics">Sonetos del siglo XIX</hi>
					<date when="2006">2006</date>
					<ref target="http://www.cervantesvirtual.com/nd/ark:/59851/bmc4q861"></ref>
					<ref target="http://www.cervantesvirtual.com/obra/sonetos-del-siglo-xix--0/"></ref>
Biblioteca Cervantes Virtual,  / editados por Ramón García González, , , .				</bibl>
			</sourceDesc>
		</fileDesc>
		<profileDesc>
			<langUsage>
				<language ident="es" about="disco:po_004n0011" property="dc:language" resource="dbpedia:Idioma_español">Spanish</language>
			</langUsage>
			<particDesc>
				<listPerson>
					<person xml:id="disco_004n" about="disco:004n" typeOf="foaf:Person">
						<idno cert="high" property="rdfs:seeAlso" resource="https://viaf.org/viaf/57415459"></idno>
						<persName type="short">Arnao</persName>
						<persName type="full">
							<forename property="foaf:givenName">Antonio</forename>
							<surname property="foaf:familyName">Arnao</surname>
						</persName>
						<persName type="source" property="foaf:name">Antonio Arnao</persName>
						<sex property="foaf:gender" content="M"></sex>
						<birth>
							<location>
								<placeName>
									<country property="schema:birthPlace" inlist="">Cuba</country>
									<bloc property="schema:birthPlace" inlist="">América</bloc>
								</placeName>
							</location>
							<date property="schema:birthDate" content="1828" cert="high"></date>
							<date type="century">19</date>
						</birth>
						<death>
							<date property="schema:deathDate" content="1889" cert="high"></date>
							<date type="century">19</date>
						</death>
						<listBibl inlist="" rel="blterms:hasCreated" typeOf="schema:CreativeWork">
							<bibl resource="disco:s004n0011">
								<title property="dc:title">A Manuel del Palacio</title>
								<title type="incipit" property="dc:alternative">Manuel del corazón: hoy diecinueve</title>
							</bibl>
						</listBibl>
					</person>
				</listPerson>
			</particDesc>
		</profileDesc>
		<encodingDesc>
			<listPrefixDef>
				<prefixDef ident="foaf" matchPattern="([A-Za-z]+)" replacementPattern="http://xmlns.com/foaf/0.1/$1"></prefixDef>
				<prefixDef ident="dc" matchPattern="([A-Za-z]+)" replacementPattern="http://purl.org/dc/terms/$1"></prefixDef>
				<prefixDef ident="schema" matchPattern="([A-Za-z]+)" replacementPattern="http://schema.org/$1"></prefixDef>
				<prefixDef ident="dbpedia" matchPattern="([A-Za-z]+(_[A-Za-z])*)" replacementPattern="http://es.dbpedia.org/page/"></prefixDef>
				<prefixDef ident="blterms" matchPattern="([A-Za-z]+)" replacementPattern="http://www.bl.uk/schemas/bibliographic/blterms#$1"></prefixDef>
				<prefixDef ident="rdfs" matchPattern="([A-Za-z]+)" replacementPattern="http://www.w3.org/2000/01/rdf-schema#$1"></prefixDef>
			</listPrefixDef>
			<metDecl type="met" pattern="((\+|\-)+)*">
				<metSym value="+">stressed syllable</metSym>
				<metSym value="-">unstressed syllable</metSym>
			</metDecl>
			<metDecl type="met">
				<p>
					<ref target="https://github.com/bncolorado/adsoScansionSystem">ADSO</ref>
The metrical patterns were extracted automatically using the 
                    tool.				</p>
			</metDecl>
			<metDecl type="enjamb">
				<p>
					<att>enjamb</att>
					<att>cert</att>
					<ref target="https://sites.google.com/site/spanishenjambment/">ANJA
                        (Automatic eNJambment Analysis)</ref>
					<ref target="https://sites.google.com/site/spanishenjambment/enjambment-types">documentation</ref>
					<ref target="https://sites.google.com/site/spanishenjambment/tei-certitude-values">report</ref>
The values of the  atributes were extracted automatically using
                    the  tool. For more information about the
                    types of enjambment as defined in this corpus, read the . In addition, a  was added to express the
                    degree of certainty concerning the characterisation of the enjambment. The following 
                     covers this feature in deep detail.				</p>
			</metDecl>
		</encodingDesc>
		<revisionDesc>
			<change when="2017-11-02" who="#prf">Initial TEI version</change>
			<change when="2017-11-27" who="#prf">Addition of metrical annotation</change>
			<change when="2017-11-27" who="#heb">Review of authors’ metadata</change>
			<change when="2017-12-01" who="#prf">Encoding of enjambment</change>
			<change when="2017-12-01" who="#heb">Publication of 19th, 18th and Golden Age version</change>
			<change when="2018-05-16" who="#heb">Revision of RDFa attributes</change>
		</revisionDesc>
	</teiHeader>
	<text>
		<front>
			<head>A Manuel del Palacio</head>
		</front>
		<body>
			<lg n="1" type="cuarteto">
				<l n="1" met="-+---++--+-" enjamb="B-pb_relword" cert="high">Manuel del corazón: hoy diecinueve</l>
				<l n="2" met="--+--+-+++-" enjamb="I-pb_relword" cert="high">tu soneto recibo -te lo juro-</l>
				<l n="3" met="---+++---+-">y, a la verdad, me pones en apuro,</l>
				<l n="4" met="---+---+++-">porque mi musa contestarte debe.</l>
				<param name="AffectiveFeatures">
					<attRef name="Hap_Mean">
						<content>8.49</content>
					</attRef>
					<attRef name="Hap_SD">
						<content>2.86</content>
					</attRef>
					<attRef name="Ang_Mean">
						<content>5.43</content>
					</attRef>
					<attRef name="Ang_SD">
						<content>3.34</content>
					</attRef>
					<attRef name="Sad_Mean">
						<content>6.19</content>
					</attRef>
					<attRef name="Sad_SD">
						<content>3.75</content>
					</attRef>
					<attRef name="Fear_Mean">
						<content>7.47</content>
					</attRef>
					<attRef name="Fear_SD">
						<content>3.65</content>
					</attRef>
					<attRef name="Disg_Mean">
						<content>4.27</content>
					</attRef>
					<attRef name="Disg_SD">
						<content>2.6</content>
					</attRef>
					<attRef name="n_affective">
						<content>3</content>
					</attRef>
					<attRef name="ValenceMean">
						<content>51.22</content>
					</attRef>
					<attRef name="ValenceSD">
						<content>10.95</content>
					</attRef>
					<attRef name="ArousalMean">
						<content>46.93</content>
					</attRef>
					<attRef name="ArousalSD">
						<content>16.01</content>
					</attRef>
					<attRef name="n_v_a">
						<content>9</content>
					</attRef>
					<attRef name="Max_Aro">
						<content>7.05</content>
					</attRef>
					<attRef name="Min_Aro">
						<content>3.6</content>
					</attRef>
					<attRef name="ArousalSpan">
						<content>3.45</content>
					</attRef>
					<attRef name="Max_Val">
						<content>7.6</content>
					</attRef>
					<attRef name="Min_Val">
						<content>3.2</content>
					</attRef>
					<attRef name="ValenceSpan">
						<content>4.4</content>
					</attRef>
					<attRef name="CorAro">
						<content>0.2343</content>
					</attRef>
					<attRef name="CorVal">
						<content>-0.4776</content>
					</attRef>
					<attRef name="averageAoA">
						<content>59.96</content>
					</attRef>
					<attRef name="sdAOA">
						<content>18.63</content>
					</attRef>
					<attRef name="MinAoA">
						<content>21.0</content>
					</attRef>
					<attRef name="MaxAoA">
						<content>102.0</content>
					</attRef>
					<attRef name="OralFreq_Log">
						<content>22.52</content>
					</attRef>
					<attRef name="WrittenFreq_Log">
						<content>22.53</content>
					</attRef>
					<attRef name="n_aoa">
						<content>10</content>
					</attRef>
					<attRef name="Max_AoA">
						<content>9.94</content>
					</attRef>
					<attRef name="Min_AoA">
						<content>3.4</content>
					</attRef>
					<attRef name="AoASpan">
						<content>6.54</content>
					</attRef>
					<attRef name="Max_sdAOA">
						<content>2.428</content>
					</attRef>
					<attRef name="Min_sdAOA">
						<content>1.143</content>
					</attRef>
					<attRef name="sdAOASpan">
						<content>1.285</content>
					</attRef>
					<attRef name="Max_logOralFreq">
						<content>3.571</content>
					</attRef>
					<attRef name="Min_logOralFreq">
						<content>0.845</content>
					</attRef>
					<attRef name="logOralFreqSpan">
						<content>2.726</content>
					</attRef>
					<attRef name="Max_logWrittenFreq">
						<content>3.369</content>
					</attRef>
					<attRef name="Min_logWrittenFreq">
						<content>1.342</content>
					</attRef>
					<attRef name="logWrittenFreqSpan">
						<content>2.027</content>
					</attRef>
					<attRef name="CorAoA">
						<content>0.6516</content>
					</attRef>
				</param>
			</lg>
			<lg n="2" type="cuarteto">
				<l n="5" met="+-+--+-+-+-">Te diré, por lo tanto, siendo breve,</l>
				<l n="6" met="---+-+-+-+-">que con el Paje me pareces duro,</l>
				<l n="7" met="-+-+---+-+-">pues es humilde y vergonzoso y puro</l>
				<l n="8" met="-+-+---+-+-">y nada malo a cometer se atreve.</l>
				<param name="AffectiveFeatures">
					<attRef name="Hap_Mean">
						<content>12.07</content>
					</attRef>
					<attRef name="Hap_SD">
						<content>5.87</content>
					</attRef>
					<attRef name="Ang_Mean">
						<content>7.5</content>
					</attRef>
					<attRef name="Ang_SD">
						<content>4.44</content>
					</attRef>
					<attRef name="Sad_Mean">
						<content>8.1</content>
					</attRef>
					<attRef name="Sad_SD">
						<content>3.8</content>
					</attRef>
					<attRef name="Fear_Mean">
						<content>8.64</content>
					</attRef>
					<attRef name="Fear_SD">
						<content>4.94</content>
					</attRef>
					<attRef name="Disg_Mean">
						<content>6.2</content>
					</attRef>
					<attRef name="Disg_SD">
						<content>3.07</content>
					</attRef>
					<attRef name="n_affective">
						<content>5</content>
					</attRef>
					<attRef name="ValenceMean">
						<content>68.9</content>
					</attRef>
					<attRef name="ValenceSD">
						<content>14.95</content>
					</attRef>
					<attRef name="ArousalMean">
						<content>68.95</content>
					</attRef>
					<attRef name="ArousalSD">
						<content>18.55</content>
					</attRef>
					<attRef name="n_v_a">
						<content>13</content>
					</attRef>
					<attRef name="Max_Aro">
						<content>6.98</content>
					</attRef>
					<attRef name="Min_Aro">
						<content>3.15</content>
					</attRef>
					<attRef name="ArousalSpan">
						<content>3.83</content>
					</attRef>
					<attRef name="Max_Val">
						<content>7.4</content>
					</attRef>
					<attRef name="Min_Val">
						<content>2.4</content>
					</attRef>
					<attRef name="ValenceSpan">
						<content>5.0</content>
					</attRef>
					<attRef name="CorAro">
						<content>0.4629</content>
					</attRef>
					<attRef name="CorVal">
						<content>-0.2687</content>
					</attRef>
					<attRef name="averageAoA">
						<content>68.41</content>
					</attRef>
					<attRef name="sdAOA">
						<content>22.0</content>
					</attRef>
					<attRef name="MinAoA">
						<content>24.0</content>
					</attRef>
					<attRef name="MaxAoA">
						<content>114.0</content>
					</attRef>
					<attRef name="OralFreq_Log">
						<content>26.82</content>
					</attRef>
					<attRef name="WrittenFreq_Log">
						<content>27.92</content>
					</attRef>
					<attRef name="n_aoa">
						<content>11</content>
					</attRef>
					<attRef name="Max_AoA">
						<content>8.14</content>
					</attRef>
					<attRef name="Min_AoA">
						<content>3.36</content>
					</attRef>
					<attRef name="AoASpan">
						<content>4.78</content>
					</attRef>
					<attRef name="Max_sdAOA">
						<content>2.386</content>
					</attRef>
					<attRef name="Min_sdAOA">
						<content>1.218</content>
					</attRef>
					<attRef name="sdAOASpan">
						<content>1.168</content>
					</attRef>
					<attRef name="Max_logOralFreq">
						<content>4.257</content>
					</attRef>
					<attRef name="Min_logOralFreq">
						<content>1.079</content>
					</attRef>
					<attRef name="logOralFreqSpan">
						<content>3.178</content>
					</attRef>
					<attRef name="Max_logWrittenFreq">
						<content>3.924</content>
					</attRef>
					<attRef name="Min_logWrittenFreq">
						<content>1.342</content>
					</attRef>
					<attRef name="logWrittenFreqSpan">
						<content>2.582</content>
					</attRef>
					<attRef name="CorAoA">
						<content>-0.1</content>
					</attRef>
				</param>
			</lg>
			<lg n="3" type="terceto">
				<l n="9" met="-+-+-+---+-" enjamb="B-pb_noun_prep" cert="medium">Si ves brillar sin sombras el reflejo</l>
				<l n="10" met="---+-+---+-" enjamb="I-pb_noun_prep" cert="medium">de su virtud y raras perfecciones,</l>
				<l n="11" met="-+++--++-+-">¿por qué le ofendes con tan mal consejo?</l>
				<param name="AffectiveFeatures">
					<attRef name="Hap_Mean">
						<content>11.87</content>
					</attRef>
					<attRef name="Hap_SD">
						<content>4.47</content>
					</attRef>
					<attRef name="Ang_Mean">
						<content>8.81</content>
					</attRef>
					<attRef name="Ang_SD">
						<content>3.85</content>
					</attRef>
					<attRef name="Sad_Mean">
						<content>9.16</content>
					</attRef>
					<attRef name="Sad_SD">
						<content>4.53</content>
					</attRef>
					<attRef name="Fear_Mean">
						<content>9.87</content>
					</attRef>
					<attRef name="Fear_SD">
						<content>5.09</content>
					</attRef>
					<attRef name="Disg_Mean">
						<content>7.97</content>
					</attRef>
					<attRef name="Disg_SD">
						<content>3.64</content>
					</attRef>
					<attRef name="n_affective">
						<content>5</content>
					</attRef>
					<attRef name="ValenceMean">
						<content>57.21</content>
					</attRef>
					<attRef name="ValenceSD">
						<content>11.51</content>
					</attRef>
					<attRef name="ArousalMean">
						<content>55.14</content>
					</attRef>
					<attRef name="ArousalSD">
						<content>15.74</content>
					</attRef>
					<attRef name="n_v_a">
						<content>10</content>
					</attRef>
					<attRef name="Max_Aro">
						<content>7.4</content>
					</attRef>
					<attRef name="Min_Aro">
						<content>3.55</content>
					</attRef>
					<attRef name="ArousalSpan">
						<content>3.85</content>
					</attRef>
					<attRef name="Max_Val">
						<content>8.05</content>
					</attRef>
					<attRef name="Min_Val">
						<content>2.1</content>
					</attRef>
					<attRef name="ValenceSpan">
						<content>5.95</content>
					</attRef>
					<attRef name="CorAro">
						<content>0.0788</content>
					</attRef>
					<attRef name="CorVal">
						<content>-0.5388</content>
					</attRef>
					<attRef name="averageAoA">
						<content>50.3</content>
					</attRef>
					<attRef name="sdAOA">
						<content>17.01</content>
					</attRef>
					<attRef name="MinAoA">
						<content>21.0</content>
					</attRef>
					<attRef name="MaxAoA">
						<content>88.0</content>
					</attRef>
					<attRef name="OralFreq_Log">
						<content>23.13</content>
					</attRef>
					<attRef name="WrittenFreq_Log">
						<content>24.58</content>
					</attRef>
					<attRef name="n_aoa">
						<content>9</content>
					</attRef>
					<attRef name="Max_AoA">
						<content>9.56</content>
					</attRef>
					<attRef name="Min_AoA">
						<content>1.64</content>
					</attRef>
					<attRef name="AoASpan">
						<content>7.92</content>
					</attRef>
					<attRef name="Max_sdAOA">
						<content>2.488</content>
					</attRef>
					<attRef name="Min_sdAOA">
						<content>0.921</content>
					</attRef>
					<attRef name="sdAOASpan">
						<content>1.567</content>
					</attRef>
					<attRef name="Max_logOralFreq">
						<content>4.152</content>
					</attRef>
					<attRef name="Min_logOralFreq">
						<content>0.954</content>
					</attRef>
					<attRef name="logOralFreqSpan">
						<content>3.198</content>
					</attRef>
					<attRef name="Max_logWrittenFreq">
						<content>4.003</content>
					</attRef>
					<attRef name="Min_logWrittenFreq">
						<content>1.279</content>
					</attRef>
					<attRef name="logWrittenFreqSpan">
						<content>2.724</content>
					</attRef>
					<attRef name="CorAoA">
						<content>0.4588</content>
					</attRef>
				</param>
			</lg>
			<lg n="4" type="terceto">
				<l n="12" met="-++--+---+-">¿En qué fundas tus locas prevenciones?...</l>
				<l n="13" met="+-+--+---+-">¡Es que envidias acaso, como viejo,</l>
				<l n="14" met="--+--+-+-+-">la fortuna de amor que le supones!</l>
				<param name="AffectiveFeatures">
					<attRef name="Hap_Mean">
						<content>6.2</content>
					</attRef>
					<attRef name="Hap_SD">
						<content>1.67</content>
					</attRef>
					<attRef name="Ang_Mean">
						<content>3.56</content>
					</attRef>
					<attRef name="Ang_SD">
						<content>2.44</content>
					</attRef>
					<attRef name="Sad_Mean">
						<content>4.83</content>
					</attRef>
					<attRef name="Sad_SD">
						<content>2.73</content>
					</attRef>
					<attRef name="Fear_Mean">
						<content>5.47</content>
					</attRef>
					<attRef name="Fear_SD">
						<content>3.07</content>
					</attRef>
					<attRef name="Disg_Mean">
						<content>2.37</content>
					</attRef>
					<attRef name="Disg_SD">
						<content>0.9</content>
					</attRef>
					<attRef name="n_affective">
						<content>2</content>
					</attRef>
					<attRef name="ValenceMean">
						<content>47.82</content>
					</attRef>
					<attRef name="ValenceSD">
						<content>10.89</content>
					</attRef>
					<attRef name="ArousalMean">
						<content>49.97</content>
					</attRef>
					<attRef name="ArousalSD">
						<content>15.49</content>
					</attRef>
					<attRef name="n_v_a">
						<content>9</content>
					</attRef>
					<attRef name="Max_Aro">
						<content>6.8</content>
					</attRef>
					<attRef name="Min_Aro">
						<content>4.55</content>
					</attRef>
					<attRef name="ArousalSpan">
						<content>2.25</content>
					</attRef>
					<attRef name="Max_Val">
						<content>8.4</content>
					</attRef>
					<attRef name="Min_Val">
						<content>2.95</content>
					</attRef>
					<attRef name="ValenceSpan">
						<content>5.45</content>
					</attRef>
					<attRef name="CorAro">
						<content>-0.0421</content>
					</attRef>
					<attRef name="CorVal">
						<content>0.3501</content>
					</attRef>
					<attRef name="averageAoA">
						<content>54.81</content>
					</attRef>
					<attRef name="sdAOA">
						<content>16.87</content>
					</attRef>
					<attRef name="MinAoA">
						<content>21.0</content>
					</attRef>
					<attRef name="MaxAoA">
						<content>85.0</content>
					</attRef>
					<attRef name="OralFreq_Log">
						<content>15.65</content>
					</attRef>
					<attRef name="WrittenFreq_Log">
						<content>19.15</content>
					</attRef>
					<attRef name="n_aoa">
						<content>8</content>
					</attRef>
					<attRef name="Max_AoA">
						<content>9.72</content>
					</attRef>
					<attRef name="Min_AoA">
						<content>3.96</content>
					</attRef>
					<attRef name="AoASpan">
						<content>5.76</content>
					</attRef>
					<attRef name="Max_sdAOA">
						<content>2.819</content>
					</attRef>
					<attRef name="Min_sdAOA">
						<content>1.727</content>
					</attRef>
					<attRef name="sdAOASpan">
						<content>1.092</content>
					</attRef>
					<attRef name="Max_logOralFreq">
						<content>2.776</content>
					</attRef>
					<attRef name="Min_logOralFreq">
						<content>0.477</content>
					</attRef>
					<attRef name="logOralFreqSpan">
						<content>2.299</content>
					</attRef>
					<attRef name="Max_logWrittenFreq">
						<content>3.176</content>
					</attRef>
					<attRef name="Min_logWrittenFreq">
						<content>1.204</content>
					</attRef>
					<attRef name="logWrittenFreqSpan">
						<content>1.972</content>
					</attRef>
					<attRef name="CorAoA">
						<content>-0.0457</content>
					</attRef>
				</param>
			</lg>
			<param name="AffectiveFeatures">
				<attRef name="Hap_Mean">
					<content>38.63</content>
				</attRef>
				<attRef name="Hap_SD">
					<content>14.87</content>
				</attRef>
				<attRef name="Ang_Mean">
					<content>25.3</content>
				</attRef>
				<attRef name="Ang_SD">
					<content>14.07</content>
				</attRef>
				<attRef name="Sad_Mean">
					<content>28.28</content>
				</attRef>
				<attRef name="Sad_SD">
					<content>14.81</content>
				</attRef>
				<attRef name="Fear_Mean">
					<content>31.45</content>
				</attRef>
				<attRef name="Fear_SD">
					<content>16.75</content>
				</attRef>
				<attRef name="Disg_Mean">
					<content>20.81</content>
				</attRef>
				<attRef name="Disg_SD">
					<content>10.21</content>
				</attRef>
				<attRef name="n_affective">
					<content>15</content>
				</attRef>
				<attRef name="ValenceMean">
					<content>225.15</content>
				</attRef>
				<attRef name="ValenceSD">
					<content>48.3</content>
				</attRef>
				<attRef name="ArousalMean">
					<content>220.99</content>
				</attRef>
				<attRef name="ArousalSD">
					<content>65.79</content>
				</attRef>
				<attRef name="n_v_a">
					<content>41</content>
				</attRef>
				<attRef name="Max_Aro">
					<content>7.4</content>
				</attRef>
				<attRef name="Min_Aro">
					<content>3.15</content>
				</attRef>
				<attRef name="ArousalSpan">
					<content>4.25</content>
				</attRef>
				<attRef name="Max_Val">
					<content>8.4</content>
				</attRef>
				<attRef name="Min_Val">
					<content>2.1</content>
				</attRef>
				<attRef name="ValenceSpan">
					<content>6.3</content>
				</attRef>
				<attRef name="CorAro">
					<content>0.1851</content>
				</attRef>
				<attRef name="CorVal">
					<content>-0.1011</content>
				</attRef>
				<attRef name="averageAoA">
					<content>233.48</content>
				</attRef>
				<attRef name="sdAOA">
					<content>74.53</content>
				</attRef>
				<attRef name="MinAoA">
					<content>87.0</content>
				</attRef>
				<attRef name="MaxAoA">
					<content>389.0</content>
				</attRef>
				<attRef name="OralFreq_Log">
					<content>88.12</content>
				</attRef>
				<attRef name="WrittenFreq_Log">
					<content>94.18</content>
				</attRef>
				<attRef name="n_aoa">
					<content>38</content>
				</attRef>
				<attRef name="Max_AoA">
					<content>9.94</content>
				</attRef>
				<attRef name="Min_AoA">
					<content>1.64</content>
				</attRef>
				<attRef name="AoASpan">
					<content>8.3</content>
				</attRef>
				<attRef name="Max_sdAOA">
					<content>2.819</content>
				</attRef>
				<attRef name="Min_sdAOA">
					<content>0.921</content>
				</attRef>
				<attRef name="sdAOASpan">
					<content>1.898</content>
				</attRef>
				<attRef name="Max_logOralFreq">
					<content>4.257</content>
				</attRef>
				<attRef name="Min_logOralFreq">
					<content>0.477</content>
				</attRef>
				<attRef name="logOralFreqSpan">
					<content>3.78</content>
				</attRef>
				<attRef name="Max_logWrittenFreq">
					<content>4.003</content>
				</attRef>
				<attRef name="Min_logWrittenFreq">
					<content>1.204</content>
				</attRef>
				<attRef name="logWrittenFreqSpan">
					<content>2.799</content>
				</attRef>
				<attRef name="CorAoA">
					<content>0.1598</content>
				</attRef>
			</param>
		</body>
	</text>
</TEI>