<?xml version="1.0" encoding="utf-8"?>
<TEI xmlns="http://www.tei-c.org/ns/1.0">
	<teiHeader>
		<fileDesc>
			<titleStmt about="disco:po_256n0830">
				<title property="dc:title">Mis pestañas</title>
				<author property="dc:creator" resource="disco:256n" corresp="#disco_256n">Nicolás Arnao</author>
				<principal xml:id="prf">Pablo Ruiz Fabo</principal>
				<principal xml:id="heb">Helena Bermúdez Sabel</principal>
				<principal xml:id="jct">José Calvo Tello</principal>
				<principal xml:id="cimc">Clara Isabel Martínez Cantón</principal>
				<respStmt>
					<resp>Metrical annotation by</resp>
					<name xml:id="bnc">Borja Navarro Colorado</name>
				</respStmt>
			</titleStmt>
			<extent>
				<measure unit="sonnets">1</measure>
				<measure unit="tokens">98</measure>
				<measure unit="line">14</measure>
			</extent>
			<publicationStmt>
				<publisher>Diachronic Spanish Sonnet Corpus</publisher>
				<authority>POSTDATA Project</authority>
				<pubPlace>Madrid</pubPlace>
				<availability status="free">
					<p>The text is freely available</p>
				</availability>
				<date when="2017">2017</date>
				<idno type="#disco" xml:id="file_po_256n0830"></idno>
			</publicationStmt>
			<sourceDesc>
				<bibl type="digital-source">
					<hi rend="italics">Sonetos del siglo XIX</hi>
					<date when="2006">2006</date>
					<ref target="http://www.cervantesvirtual.com/nd/ark:/59851/bmc4q861"></ref>
					<ref target="http://www.cervantesvirtual.com/obra/sonetos-del-siglo-xix--0/"></ref>
Biblioteca Cervantes Virtual,  / editados por Ramón García González, , , .				</bibl>
			</sourceDesc>
		</fileDesc>
		<profileDesc>
			<langUsage>
				<language ident="es" about="disco:po_256n0830" property="dc:language" resource="dbpedia:Idioma_español">Spanish</language>
			</langUsage>
			<particDesc>
				<listPerson>
					<person xml:id="disco_256n" about="disco:256n" typeOf="foaf:Person">
						<idno cert="medium" property="rdfs:seeAlso" resource="https://viaf.org/viaf/6798075"></idno>
						<persName type="short">Arnao</persName>
						<persName type="full">
							<forename property="foaf:givenName">Nicolás</forename>
							<surname property="foaf:familyName">Arnao</surname>
						</persName>
						<persName type="source" property="foaf:name">Nicolás Arnao</persName>
						<sex property="foaf:gender" content="M"></sex>
						<birth>
							<location>
								<placeName>
									<country property="schema:birthPlace" inlist="">Cuba</country>
									<bloc property="schema:birthPlace" inlist="">América</bloc>
								</placeName>
							</location>
							<date property="schema:birthDate" content="1850" cert="medium"></date>
							<date type="century">19</date>
						</birth>
						<listBibl inlist="" rel="blterms:hasCreated" typeOf="schema:CreativeWork">
							<bibl resource="disco:s256n0830">
								<title property="dc:title">Mis pestañas</title>
								<title type="incipit" property="dc:alternative">Después de andar de burro en la espesura</title>
							</bibl>
						</listBibl>
					</person>
				</listPerson>
			</particDesc>
		</profileDesc>
		<encodingDesc>
			<listPrefixDef>
				<prefixDef ident="foaf" matchPattern="([A-Za-z]+)" replacementPattern="http://xmlns.com/foaf/0.1/$1"></prefixDef>
				<prefixDef ident="dc" matchPattern="([A-Za-z]+)" replacementPattern="http://purl.org/dc/terms/$1"></prefixDef>
				<prefixDef ident="schema" matchPattern="([A-Za-z]+)" replacementPattern="http://schema.org/$1"></prefixDef>
				<prefixDef ident="dbpedia" matchPattern="([A-Za-z]+(_[A-Za-z])*)" replacementPattern="http://es.dbpedia.org/page/"></prefixDef>
				<prefixDef ident="blterms" matchPattern="([A-Za-z]+)" replacementPattern="http://www.bl.uk/schemas/bibliographic/blterms#$1"></prefixDef>
				<prefixDef ident="rdfs" matchPattern="([A-Za-z]+)" replacementPattern="http://www.w3.org/2000/01/rdf-schema#$1"></prefixDef>
			</listPrefixDef>
			<metDecl type="met" pattern="((\+|\-)+)*">
				<metSym value="+">stressed syllable</metSym>
				<metSym value="-">unstressed syllable</metSym>
			</metDecl>
			<metDecl type="met">
				<p>
					<ref target="https://github.com/bncolorado/adsoScansionSystem">ADSO</ref>
The metrical patterns were extracted automatically using the 
                    tool.				</p>
			</metDecl>
			<metDecl type="enjamb">
				<p>
					<att>enjamb</att>
					<att>cert</att>
					<ref target="https://sites.google.com/site/spanishenjambment/">ANJA
                        (Automatic eNJambment Analysis)</ref>
					<ref target="https://sites.google.com/site/spanishenjambment/enjambment-types">documentation</ref>
					<ref target="https://sites.google.com/site/spanishenjambment/tei-certitude-values">report</ref>
The values of the  atributes were extracted automatically using
                    the  tool. For more information about the
                    types of enjambment as defined in this corpus, read the . In addition, a  was added to express the
                    degree of certainty concerning the characterisation of the enjambment. The following 
                     covers this feature in deep detail.				</p>
			</metDecl>
		</encodingDesc>
		<revisionDesc>
			<change when="2017-11-02" who="#prf">Initial TEI version</change>
			<change when="2017-11-27" who="#prf">Addition of metrical annotation</change>
			<change when="2017-11-27" who="#heb">Review of authors’ metadata</change>
			<change when="2017-12-01" who="#prf">Encoding of enjambment</change>
			<change when="2017-12-01" who="#heb">Publication of 19th, 18th and Golden Age version</change>
			<change when="2018-05-16" who="#heb">Revision of RDFa attributes</change>
		</revisionDesc>
	</teiHeader>
	<text>
		<front>
			<head>Mis pestañas</head>
		</front>
		<body>
			<lg n="1" type="cuarteto">
				<l n="1" met="---+-+---+-" enjamb="B-pb_adj_noun" cert="medium">Después de andar de burro en la espesura</l>
				<l n="2" met="--+--+---+-" enjamb="I-pb_adj_noun" cert="medium">despeñado en deslindes, cual de antojos,</l>
				<l n="3" met="+-+-++-+-+-">vengo a caer que me han faltado ojos</l>
				<l n="4" met="---++----+-">con que pasearme en la literatura.</l>
				<param name="AffectiveFeatures">
					<attRef name="Hap_Mean">
						<content>2.33</content>
					</attRef>
					<attRef name="Hap_SD">
						<content>1.35</content>
					</attRef>
					<attRef name="Ang_Mean">
						<content>1.13</content>
					</attRef>
					<attRef name="Ang_SD">
						<content>0.43</content>
					</attRef>
					<attRef name="Sad_Mean">
						<content>1.6</content>
					</attRef>
					<attRef name="Sad_SD">
						<content>0.97</content>
					</attRef>
					<attRef name="Fear_Mean">
						<content>1.57</content>
					</attRef>
					<attRef name="Fear_SD">
						<content>0.97</content>
					</attRef>
					<attRef name="Disg_Mean">
						<content>1.37</content>
					</attRef>
					<attRef name="Disg_SD">
						<content>0.61</content>
					</attRef>
					<attRef name="n_affective">
						<content>1</content>
					</attRef>
					<attRef name="ValenceMean">
						<content>59.74</content>
					</attRef>
					<attRef name="ValenceSD">
						<content>14.52</content>
					</attRef>
					<attRef name="ArousalMean">
						<content>53.8</content>
					</attRef>
					<attRef name="ArousalSD">
						<content>17.39</content>
					</attRef>
					<attRef name="n_v_a">
						<content>11</content>
					</attRef>
					<attRef name="Max_Aro">
						<content>6.15</content>
					</attRef>
					<attRef name="Min_Aro">
						<content>3.9</content>
					</attRef>
					<attRef name="ArousalSpan">
						<content>2.25</content>
					</attRef>
					<attRef name="Max_Val">
						<content>7.15</content>
					</attRef>
					<attRef name="Min_Val">
						<content>3.4</content>
					</attRef>
					<attRef name="ValenceSpan">
						<content>3.75</content>
					</attRef>
					<attRef name="CorAro">
						<content>0.1018</content>
					</attRef>
					<attRef name="CorVal">
						<content>0.1082</content>
					</attRef>
					<attRef name="averageAoA">
						<content>39.14</content>
					</attRef>
					<attRef name="sdAOA">
						<content>13.81</content>
					</attRef>
					<attRef name="MinAoA">
						<content>15.0</content>
					</attRef>
					<attRef name="MaxAoA">
						<content>71.0</content>
					</attRef>
					<attRef name="OralFreq_Log">
						<content>17.45</content>
					</attRef>
					<attRef name="WrittenFreq_Log">
						<content>19.49</content>
					</attRef>
					<attRef name="n_aoa">
						<content>8</content>
					</attRef>
					<attRef name="Max_AoA">
						<content>9.24</content>
					</attRef>
					<attRef name="Min_AoA">
						<content>2.72</content>
					</attRef>
					<attRef name="AoASpan">
						<content>6.52</content>
					</attRef>
					<attRef name="Max_sdAOA">
						<content>2.351</content>
					</attRef>
					<attRef name="Min_sdAOA">
						<content>1.372</content>
					</attRef>
					<attRef name="sdAOASpan">
						<content>0.979</content>
					</attRef>
					<attRef name="Max_logOralFreq">
						<content>3.443</content>
					</attRef>
					<attRef name="Min_logOralFreq">
						<content>0.903</content>
					</attRef>
					<attRef name="logOralFreqSpan">
						<content>2.54</content>
					</attRef>
					<attRef name="Max_logWrittenFreq">
						<content>3.361</content>
					</attRef>
					<attRef name="Min_logWrittenFreq">
						<content>1.431</content>
					</attRef>
					<attRef name="logWrittenFreqSpan">
						<content>1.93</content>
					</attRef>
					<attRef name="CorAoA">
						<content>0.3204</content>
					</attRef>
				</param>
			</lg>
			<lg n="2" type="unknown">
				<l n="5" met="-+---+---+-">De letras descargado, a la ventura,</l>
				<l n="6" met="+-+--++--+-">salgo al campo a batirme con despojos,</l>
				<l n="7" met="--++-+---+-" enjamb="B-pb_noun_prep" cert="medium">sin haber puesto sesos en remojo</l>
				<l n="8" met="-+---+---+-" enjamb="I-pb_noun_prep" cert="medium">de grande erudición o de cultura.</l>
				<param name="AffectiveFeatures">
					<attRef name="Hap_Mean">
						<content>6.73</content>
					</attRef>
					<attRef name="Hap_SD">
						<content>2.82</content>
					</attRef>
					<attRef name="Ang_Mean">
						<content>2.36</content>
					</attRef>
					<attRef name="Ang_SD">
						<content>0.94</content>
					</attRef>
					<attRef name="Sad_Mean">
						<content>2.87</content>
					</attRef>
					<attRef name="Sad_SD">
						<content>1.43</content>
					</attRef>
					<attRef name="Fear_Mean">
						<content>3.03</content>
					</attRef>
					<attRef name="Fear_SD">
						<content>1.84</content>
					</attRef>
					<attRef name="Disg_Mean">
						<content>2.63</content>
					</attRef>
					<attRef name="Disg_SD">
						<content>1.54</content>
					</attRef>
					<attRef name="n_affective">
						<content>2</content>
					</attRef>
					<attRef name="ValenceMean">
						<content>69.1</content>
					</attRef>
					<attRef name="ValenceSD">
						<content>15.79</content>
					</attRef>
					<attRef name="ArousalMean">
						<content>62.76</content>
					</attRef>
					<attRef name="ArousalSD">
						<content>17.75</content>
					</attRef>
					<attRef name="n_v_a">
						<content>12</content>
					</attRef>
					<attRef name="Max_Aro">
						<content>6.25</content>
					</attRef>
					<attRef name="Min_Aro">
						<content>3.5</content>
					</attRef>
					<attRef name="ArousalSpan">
						<content>2.75</content>
					</attRef>
					<attRef name="Max_Val">
						<content>7.45</content>
					</attRef>
					<attRef name="Min_Val">
						<content>3.35</content>
					</attRef>
					<attRef name="ValenceSpan">
						<content>4.1</content>
					</attRef>
					<attRef name="CorAro">
						<content>0.445</content>
					</attRef>
					<attRef name="CorVal">
						<content>-0.0411</content>
					</attRef>
					<attRef name="averageAoA">
						<content>63.84</content>
					</attRef>
					<attRef name="sdAOA">
						<content>17.36</content>
					</attRef>
					<attRef name="MinAoA">
						<content>26.0</content>
					</attRef>
					<attRef name="MaxAoA">
						<content>104.0</content>
					</attRef>
					<attRef name="OralFreq_Log">
						<content>20.77</content>
					</attRef>
					<attRef name="WrittenFreq_Log">
						<content>24.76</content>
					</attRef>
					<attRef name="n_aoa">
						<content>10</content>
					</attRef>
					<attRef name="Max_AoA">
						<content>10.8</content>
					</attRef>
					<attRef name="Min_AoA">
						<content>3.52</content>
					</attRef>
					<attRef name="AoASpan">
						<content>7.28</content>
					</attRef>
					<attRef name="Max_sdAOA">
						<content>2.607</content>
					</attRef>
					<attRef name="Min_sdAOA">
						<content>0.728</content>
					</attRef>
					<attRef name="sdAOASpan">
						<content>1.879</content>
					</attRef>
					<attRef name="Max_logOralFreq">
						<content>3.126</content>
					</attRef>
					<attRef name="Min_logOralFreq">
						<content>0.477</content>
					</attRef>
					<attRef name="logOralFreqSpan">
						<content>2.649</content>
					</attRef>
					<attRef name="Max_logWrittenFreq">
						<content>3.261</content>
					</attRef>
					<attRef name="Min_logWrittenFreq">
						<content>1.079</content>
					</attRef>
					<attRef name="logWrittenFreqSpan">
						<content>2.182</content>
					</attRef>
					<attRef name="CorAoA">
						<content>0.2056</content>
					</attRef>
				</param>
			</lg>
			<lg n="3" type="terceto">
				<l n="9" met="-++--+-+-+-" enjamb="B-cc_crossclause" cert="high">Y al ser un letricida, no es extraño</l>
				<l n="10" met="-+-+-+-+-+-" enjamb="I-cc_crossclause" cert="high">que alguna vez o todas de un tropiezo;</l>
				<l n="11" met="-+-+---+-+-">pues me he pasado de la vida el año,</l>
				<param name="AffectiveFeatures">
					<attRef name="Hap_Mean">
						<content>7.37</content>
					</attRef>
					<attRef name="Hap_SD">
						<content>2.5</content>
					</attRef>
					<attRef name="Ang_Mean">
						<content>3.43</content>
					</attRef>
					<attRef name="Ang_SD">
						<content>2.52</content>
					</attRef>
					<attRef name="Sad_Mean">
						<content>5.3</content>
					</attRef>
					<attRef name="Sad_SD">
						<content>2.7</content>
					</attRef>
					<attRef name="Fear_Mean">
						<content>3.97</content>
					</attRef>
					<attRef name="Fear_SD">
						<content>2.45</content>
					</attRef>
					<attRef name="Disg_Mean">
						<content>2.83</content>
					</attRef>
					<attRef name="Disg_SD">
						<content>1.96</content>
					</attRef>
					<attRef name="n_affective">
						<content>2</content>
					</attRef>
					<attRef name="ValenceMean">
						<content>55.85</content>
					</attRef>
					<attRef name="ValenceSD">
						<content>12.28</content>
					</attRef>
					<attRef name="ArousalMean">
						<content>52.55</content>
					</attRef>
					<attRef name="ArousalSD">
						<content>16.31</content>
					</attRef>
					<attRef name="n_v_a">
						<content>10</content>
					</attRef>
					<attRef name="Max_Aro">
						<content>6.6</content>
					</attRef>
					<attRef name="Min_Aro">
						<content>4.1</content>
					</attRef>
					<attRef name="ArousalSpan">
						<content>2.5</content>
					</attRef>
					<attRef name="Max_Val">
						<content>8.25</content>
					</attRef>
					<attRef name="Min_Val">
						<content>3.1</content>
					</attRef>
					<attRef name="ValenceSpan">
						<content>5.15</content>
					</attRef>
					<attRef name="CorAro">
						<content>0.2026</content>
					</attRef>
					<attRef name="CorVal">
						<content>0.1649</content>
					</attRef>
					<attRef name="averageAoA">
						<content>46.46</content>
					</attRef>
					<attRef name="sdAOA">
						<content>19.72</content>
					</attRef>
					<attRef name="MinAoA">
						<content>12.0</content>
					</attRef>
					<attRef name="MaxAoA">
						<content>92.0</content>
					</attRef>
					<attRef name="OralFreq_Log">
						<content>29.58</content>
					</attRef>
					<attRef name="WrittenFreq_Log">
						<content>30.08</content>
					</attRef>
					<attRef name="n_aoa">
						<content>9</content>
					</attRef>
					<attRef name="Max_AoA">
						<content>7.02</content>
					</attRef>
					<attRef name="Min_AoA">
						<content>3.5</content>
					</attRef>
					<attRef name="AoASpan">
						<content>3.52</content>
					</attRef>
					<attRef name="Max_sdAOA">
						<content>2.814</content>
					</attRef>
					<attRef name="Min_sdAOA">
						<content>1.953</content>
					</attRef>
					<attRef name="sdAOASpan">
						<content>0.861</content>
					</attRef>
					<attRef name="Max_logOralFreq">
						<content>4.257</content>
					</attRef>
					<attRef name="Min_logOralFreq">
						<content>1.987</content>
					</attRef>
					<attRef name="logOralFreqSpan">
						<content>2.27</content>
					</attRef>
					<attRef name="Max_logWrittenFreq">
						<content>3.924</content>
					</attRef>
					<attRef name="Min_logWrittenFreq">
						<content>2.5580000000000003</content>
					</attRef>
					<attRef name="logWrittenFreqSpan">
						<content>1.366</content>
					</attRef>
					<attRef name="CorAoA">
						<content>-0.7284</content>
					</attRef>
				</param>
			</lg>
			<lg n="4" type="terceto">
				<l n="12" met="-+++-+++-+-">si aquí no caigo, allí no me enderezo,</l>
				<l n="13" met="-+-+-----+-" enjamb="B-ex_dobj_verb" cert="low">pero he salvado tras las musarañas</l>
				<l n="14" met="-+---+---+-" enjamb="I-ex_dobj_verb" cert="low">quemar como los sabios mis pestañas.</l>
				<param name="AffectiveFeatures">
					<attRef name="Hap_Mean">
						<content>3.67</content>
					</attRef>
					<attRef name="Hap_SD">
						<content>1.06</content>
					</attRef>
					<attRef name="Ang_Mean">
						<content>1.23</content>
					</attRef>
					<attRef name="Ang_SD">
						<content>0.57</content>
					</attRef>
					<attRef name="Sad_Mean">
						<content>1.43</content>
					</attRef>
					<attRef name="Sad_SD">
						<content>0.77</content>
					</attRef>
					<attRef name="Fear_Mean">
						<content>1.47</content>
					</attRef>
					<attRef name="Fear_SD">
						<content>0.82</content>
					</attRef>
					<attRef name="Disg_Mean">
						<content>1.17</content>
					</attRef>
					<attRef name="Disg_SD">
						<content>0.53</content>
					</attRef>
					<attRef name="n_affective">
						<content>1</content>
					</attRef>
					<attRef name="ValenceMean">
						<content>45.5</content>
					</attRef>
					<attRef name="ValenceSD">
						<content>10.49</content>
					</attRef>
					<attRef name="ArousalMean">
						<content>39.5</content>
					</attRef>
					<attRef name="ArousalSD">
						<content>13.9</content>
					</attRef>
					<attRef name="n_v_a">
						<content>8</content>
					</attRef>
					<attRef name="Max_Aro">
						<content>6.3</content>
					</attRef>
					<attRef name="Min_Aro">
						<content>4.3</content>
					</attRef>
					<attRef name="ArousalSpan">
						<content>2.0</content>
					</attRef>
					<attRef name="Max_Val">
						<content>7.65</content>
					</attRef>
					<attRef name="Min_Val">
						<content>3.5</content>
					</attRef>
					<attRef name="ValenceSpan">
						<content>4.15</content>
					</attRef>
					<attRef name="CorAro">
						<content>0.1518</content>
					</attRef>
					<attRef name="CorVal">
						<content>0.3103</content>
					</attRef>
					<attRef name="averageAoA">
						<content>37.38</content>
					</attRef>
					<attRef name="sdAOA">
						<content>15.35</content>
					</attRef>
					<attRef name="MinAoA">
						<content>13.0</content>
					</attRef>
					<attRef name="MaxAoA">
						<content>74.0</content>
					</attRef>
					<attRef name="OralFreq_Log">
						<content>18.6</content>
					</attRef>
					<attRef name="WrittenFreq_Log">
						<content>20.56</content>
					</attRef>
					<attRef name="n_aoa">
						<content>8</content>
					</attRef>
					<attRef name="Max_AoA">
						<content>8.08</content>
					</attRef>
					<attRef name="Min_AoA">
						<content>1.64</content>
					</attRef>
					<attRef name="AoASpan">
						<content>6.44</content>
					</attRef>
					<attRef name="Max_sdAOA">
						<content>2.789</content>
					</attRef>
					<attRef name="Min_sdAOA">
						<content>0.921</content>
					</attRef>
					<attRef name="sdAOASpan">
						<content>1.868</content>
					</attRef>
					<attRef name="Max_logOralFreq">
						<content>4.152</content>
					</attRef>
					<attRef name="Min_logOralFreq">
						<content>0.301</content>
					</attRef>
					<attRef name="logOralFreqSpan">
						<content>3.851</content>
					</attRef>
					<attRef name="Max_logWrittenFreq">
						<content>4.003</content>
					</attRef>
					<attRef name="Min_logWrittenFreq">
						<content>0.6990000000000001</content>
					</attRef>
					<attRef name="logWrittenFreqSpan">
						<content>3.304</content>
					</attRef>
					<attRef name="CorAoA">
						<content>0.714</content>
					</attRef>
				</param>
			</lg>
			<param name="AffectiveFeatures">
				<attRef name="Hap_Mean">
					<content>20.1</content>
				</attRef>
				<attRef name="Hap_SD">
					<content>7.73</content>
				</attRef>
				<attRef name="Ang_Mean">
					<content>8.15</content>
				</attRef>
				<attRef name="Ang_SD">
					<content>4.46</content>
				</attRef>
				<attRef name="Sad_Mean">
					<content>11.2</content>
				</attRef>
				<attRef name="Sad_SD">
					<content>5.87</content>
				</attRef>
				<attRef name="Fear_Mean">
					<content>10.04</content>
				</attRef>
				<attRef name="Fear_SD">
					<content>6.08</content>
				</attRef>
				<attRef name="Disg_Mean">
					<content>8.0</content>
				</attRef>
				<attRef name="Disg_SD">
					<content>4.64</content>
				</attRef>
				<attRef name="n_affective">
					<content>6</content>
				</attRef>
				<attRef name="ValenceMean">
					<content>230.19</content>
				</attRef>
				<attRef name="ValenceSD">
					<content>53.08</content>
				</attRef>
				<attRef name="ArousalMean">
					<content>208.61</content>
				</attRef>
				<attRef name="ArousalSD">
					<content>65.35</content>
				</attRef>
				<attRef name="n_v_a">
					<content>41</content>
				</attRef>
				<attRef name="Max_Aro">
					<content>6.6</content>
				</attRef>
				<attRef name="Min_Aro">
					<content>3.5</content>
				</attRef>
				<attRef name="ArousalSpan">
					<content>3.1</content>
				</attRef>
				<attRef name="Max_Val">
					<content>8.25</content>
				</attRef>
				<attRef name="Min_Val">
					<content>3.1</content>
				</attRef>
				<attRef name="ValenceSpan">
					<content>5.15</content>
				</attRef>
				<attRef name="CorAro">
					<content>0.1122</content>
				</attRef>
				<attRef name="CorVal">
					<content>0.0789</content>
				</attRef>
				<attRef name="averageAoA">
					<content>186.82</content>
				</attRef>
				<attRef name="sdAOA">
					<content>66.27</content>
				</attRef>
				<attRef name="MinAoA">
					<content>66.0</content>
				</attRef>
				<attRef name="MaxAoA">
					<content>341.0</content>
				</attRef>
				<attRef name="OralFreq_Log">
					<content>86.38</content>
				</attRef>
				<attRef name="WrittenFreq_Log">
					<content>94.87</content>
				</attRef>
				<attRef name="n_aoa">
					<content>35</content>
				</attRef>
				<attRef name="Max_AoA">
					<content>10.8</content>
				</attRef>
				<attRef name="Min_AoA">
					<content>1.64</content>
				</attRef>
				<attRef name="AoASpan">
					<content>9.16</content>
				</attRef>
				<attRef name="Max_sdAOA">
					<content>2.814</content>
				</attRef>
				<attRef name="Min_sdAOA">
					<content>0.728</content>
				</attRef>
				<attRef name="sdAOASpan">
					<content>2.086</content>
				</attRef>
				<attRef name="Max_logOralFreq">
					<content>4.257</content>
				</attRef>
				<attRef name="Min_logOralFreq">
					<content>0.301</content>
				</attRef>
				<attRef name="logOralFreqSpan">
					<content>3.956</content>
				</attRef>
				<attRef name="Max_logWrittenFreq">
					<content>4.003</content>
				</attRef>
				<attRef name="Min_logWrittenFreq">
					<content>0.6990000000000001</content>
				</attRef>
				<attRef name="logWrittenFreqSpan">
					<content>3.304</content>
				</attRef>
				<attRef name="CorAoA">
					<content>-0.0327</content>
				</attRef>
			</param>
		</body>
	</text>
</TEI>