<?xml version="1.0" encoding="utf-8"?>
<TEI xmlns="http://www.tei-c.org/ns/1.0">
	<teiHeader>
		<fileDesc>
			<titleStmt about="disco:po_048e0404">
				<title property="dc:title">La desesperación</title>
				<author property="dc:creator" resource="disco:048e" corresp="#disco_048e">Juan Bautista Arriaza</author>
				<principal xml:id="prf">Pablo Ruiz Fabo</principal>
				<principal xml:id="heb">Helena Bermúdez Sabel</principal>
				<principal xml:id="jct">José Calvo Tello</principal>
				<principal xml:id="cimc">Clara Isabel Martínez Cantón</principal>
				<respStmt>
					<resp>Metrical annotation by</resp>
					<name xml:id="bnc">Borja Navarro Colorado</name>
				</respStmt>
			</titleStmt>
			<extent>
				<measure unit="sonnets">1</measure>
				<measure unit="tokens">90</measure>
				<measure unit="line">14</measure>
			</extent>
			<publicationStmt>
				<publisher>Diachronic Spanish Sonnet Corpus</publisher>
				<authority>POSTDATA Project</authority>
				<pubPlace>Madrid</pubPlace>
				<availability status="free">
					<p>The text is freely available</p>
				</availability>
				<date when="2017">2017</date>
				<idno type="#disco" xml:id="file_po_048e0404"></idno>
			</publicationStmt>
			<sourceDesc>
				<bibl type="digital-source">
					<hi rend="italics">Sonetos por autor</hi>
					<date when="2017">2017</date>
					<ref target="https://es.wikisource.org/wiki/Categoría:Sonetos_por_autor"></ref>
Wikisource, , , .				</bibl>
			</sourceDesc>
		</fileDesc>
		<profileDesc>
			<langUsage>
				<language ident="es" about="disco:po_048e0404" property="dc:language" resource="dbpedia:Idioma_español">Spanish</language>
			</langUsage>
			<particDesc>
				<listPerson>
					<person xml:id="disco_048e" about="disco:048e" typeOf="foaf:Person">
						<idno cert="high" property="rdfs:seeAlso" resource="https://viaf.org/viaf/35385691"></idno>
						<persName type="short">Arriaza</persName>
						<persName type="full">
							<forename property="foaf:givenName">Juan Bautista</forename>
							<surname property="foaf:familyName">Arriaza</surname>
						</persName>
						<persName type="source" property="foaf:name">Juan Bautista Arriaza</persName>
						<sex property="foaf:gender" content="M"></sex>
						<birth>
							<location>
								<placeName>
									<settlement property="schema:birthPlace" inlist="">Madrid</settlement>
									<country property="schema:birthPlace" inlist="">España</country>
									<bloc property="schema:birthPlace" inlist="">Europa</bloc>
								</placeName>
							</location>
							<date property="schema:birthDate" content="1770" cert="high"></date>
							<date type="century">18</date>
						</birth>
						<death>
							<date property="schema:deathDate" content="1837" cert="high"></date>
							<date type="century">19</date>
						</death>
						<listBibl inlist="" rel="blterms:hasCreated" typeOf="schema:CreativeWork">
							<bibl resource="disco:s048e0404">
								<title property="dc:title">La desesperación</title>
								<title type="incipit" property="dc:alternative">Inhumano destino, dura suerte,</title>
							</bibl>
						</listBibl>
					</person>
				</listPerson>
			</particDesc>
		</profileDesc>
		<encodingDesc>
			<listPrefixDef>
				<prefixDef ident="foaf" matchPattern="([A-Za-z]+)" replacementPattern="http://xmlns.com/foaf/0.1/$1"></prefixDef>
				<prefixDef ident="dc" matchPattern="([A-Za-z]+)" replacementPattern="http://purl.org/dc/terms/$1"></prefixDef>
				<prefixDef ident="schema" matchPattern="([A-Za-z]+)" replacementPattern="http://schema.org/$1"></prefixDef>
				<prefixDef ident="dbpedia" matchPattern="([A-Za-z]+(_[A-Za-z])*)" replacementPattern="http://es.dbpedia.org/page/"></prefixDef>
				<prefixDef ident="blterms" matchPattern="([A-Za-z]+)" replacementPattern="http://www.bl.uk/schemas/bibliographic/blterms#$1"></prefixDef>
				<prefixDef ident="rdfs" matchPattern="([A-Za-z]+)" replacementPattern="http://www.w3.org/2000/01/rdf-schema#$1"></prefixDef>
			</listPrefixDef>
			<metDecl type="met" pattern="((\+|\-)+)*">
				<metSym value="+">stressed syllable</metSym>
				<metSym value="-">unstressed syllable</metSym>
			</metDecl>
			<metDecl type="met">
				<p>
					<ref target="https://github.com/bncolorado/adsoScansionSystem">ADSO</ref>
The metrical patterns were extracted automatically using the 
                    tool.				</p>
			</metDecl>
			<metDecl type="enjamb">
				<p>
					<att>enjamb</att>
					<att>cert</att>
					<ref target="https://sites.google.com/site/spanishenjambment/">ANJA
                        (Automatic eNJambment Analysis)</ref>
					<ref target="https://sites.google.com/site/spanishenjambment/enjambment-types">documentation</ref>
					<ref target="https://sites.google.com/site/spanishenjambment/tei-certitude-values">report</ref>
The values of the  atributes were extracted automatically using
                    the  tool. For more information about the
                    types of enjambment as defined in this corpus, read the . In addition, a  was added to express the
                    degree of certainty concerning the characterisation of the enjambment. The following 
                     covers this feature in deep detail.				</p>
			</metDecl>
		</encodingDesc>
		<revisionDesc>
			<change when="2017-11-02" who="#prf">Initial TEI version</change>
			<change when="2017-11-27" who="#prf">Addition of metrical annotation</change>
			<change when="2017-11-27" who="#heb">Review of authors’ metadata</change>
			<change when="2017-12-01" who="#prf">Encoding of enjambment</change>
			<change when="2017-12-01" who="#heb">Publication of 19th, 18th and Golden Age version</change>
			<change when="2018-05-16" who="#heb">Revision of RDFa attributes</change>
		</revisionDesc>
	</teiHeader>
	<text>
		<front>
			<head>La desesperación</head>
		</front>
		<body>
			<lg n="1" type="cuarteto">
				<l n="1" met="--+--+-+-+-">Inhumano destino, dura suerte,</l>
				<l n="2" met="+--+-+---+-">furia de amor cebada en abatirme,</l>
				<l n="3" met="+-+--+---+-">¡cuándo te cansarás de perseguirme,</l>
				<l n="4" met="-+---+---+-">y yo descansaré de padecerte!</l>
				<param name="AffectiveFeatures">
					<attRef name="Hap_Mean">
						<content>8.53</content>
					</attRef>
					<attRef name="Hap_SD">
						<content>2.07</content>
					</attRef>
					<attRef name="Ang_Mean">
						<content>4.57</content>
					</attRef>
					<attRef name="Ang_SD">
						<content>2.84</content>
					</attRef>
					<attRef name="Sad_Mean">
						<content>6.8</content>
					</attRef>
					<attRef name="Sad_SD">
						<content>3.49</content>
					</attRef>
					<attRef name="Fear_Mean">
						<content>6.66</content>
					</attRef>
					<attRef name="Fear_SD">
						<content>3.26</content>
					</attRef>
					<attRef name="Disg_Mean">
						<content>3.64</content>
					</attRef>
					<attRef name="Disg_SD">
						<content>1.53</content>
					</attRef>
					<attRef name="n_affective">
						<content>3</content>
					</attRef>
					<attRef name="ValenceMean">
						<content>53.95</content>
					</attRef>
					<attRef name="ValenceSD">
						<content>14.07</content>
					</attRef>
					<attRef name="ArousalMean">
						<content>56.05</content>
					</attRef>
					<attRef name="ArousalSD">
						<content>18.53</content>
					</attRef>
					<attRef name="n_v_a">
						<content>10</content>
					</attRef>
					<attRef name="Max_Aro">
						<content>8.05</content>
					</attRef>
					<attRef name="Min_Aro">
						<content>2.05</content>
					</attRef>
					<attRef name="ArousalSpan">
						<content>6.0</content>
					</attRef>
					<attRef name="Max_Val">
						<content>8.4</content>
					</attRef>
					<attRef name="Min_Val">
						<content>2.55</content>
					</attRef>
					<attRef name="ValenceSpan">
						<content>5.85</content>
					</attRef>
					<attRef name="CorAro">
						<content>-0.7266</content>
					</attRef>
					<attRef name="CorVal">
						<content>0.1747</content>
					</attRef>
					<attRef name="averageAoA">
						<content>46.92</content>
					</attRef>
					<attRef name="sdAOA">
						<content>16.78</content>
					</attRef>
					<attRef name="MinAoA">
						<content>16.0</content>
					</attRef>
					<attRef name="MaxAoA">
						<content>81.0</content>
					</attRef>
					<attRef name="OralFreq_Log">
						<content>16.62</content>
					</attRef>
					<attRef name="WrittenFreq_Log">
						<content>19.63</content>
					</attRef>
					<attRef name="n_aoa">
						<content>8</content>
					</attRef>
					<attRef name="Max_AoA">
						<content>8.6</content>
					</attRef>
					<attRef name="Min_AoA">
						<content>4.22</content>
					</attRef>
					<attRef name="AoASpan">
						<content>4.38</content>
					</attRef>
					<attRef name="Max_sdAOA">
						<content>2.819</content>
					</attRef>
					<attRef name="Min_sdAOA">
						<content>1.556</content>
					</attRef>
					<attRef name="sdAOASpan">
						<content>1.263</content>
					</attRef>
					<attRef name="Max_logOralFreq">
						<content>2.776</content>
					</attRef>
					<attRef name="Min_logOralFreq">
						<content>0.954</content>
					</attRef>
					<attRef name="logOralFreqSpan">
						<content>1.822</content>
					</attRef>
					<attRef name="Max_logWrittenFreq">
						<content>3.176</content>
					</attRef>
					<attRef name="Min_logWrittenFreq">
						<content>2.0</content>
					</attRef>
					<attRef name="logWrittenFreqSpan">
						<content>1.176</content>
					</attRef>
					<attRef name="CorAoA">
						<content>-0.638</content>
					</attRef>
				</param>
			</lg>
			<lg n="2" type="cuarteto">
				<l n="5" met="--+-+-++-+-">Mas tu cruel constancia ya me advierte,</l>
				<l n="6" met="---+++-+-+-">que en el averno has hecho voto firme</l>
				<l n="7" met="-+-+-+---+-">de no cesar con penas de afligirme</l>
				<l n="8" met="---+-+---+-">hasta el instante mismo de mi muerte.</l>
				<param name="AffectiveFeatures">
					<attRef name="Hap_Mean">
						<content>7.07</content>
					</attRef>
					<attRef name="Hap_SD">
						<content>3.11</content>
					</attRef>
					<attRef name="Ang_Mean">
						<content>8.86</content>
					</attRef>
					<attRef name="Ang_SD">
						<content>3.75</content>
					</attRef>
					<attRef name="Sad_Mean">
						<content>10.54</content>
					</attRef>
					<attRef name="Sad_SD">
						<content>3.07</content>
					</attRef>
					<attRef name="Fear_Mean">
						<content>10.27</content>
					</attRef>
					<attRef name="Fear_SD">
						<content>4.19</content>
					</attRef>
					<attRef name="Disg_Mean">
						<content>7.46</content>
					</attRef>
					<attRef name="Disg_SD">
						<content>3.69</content>
					</attRef>
					<attRef name="n_affective">
						<content>4</content>
					</attRef>
					<attRef name="ValenceMean">
						<content>61.52</content>
					</attRef>
					<attRef name="ValenceSD">
						<content>15.0</content>
					</attRef>
					<attRef name="ArousalMean">
						<content>67.56</content>
					</attRef>
					<attRef name="ArousalSD">
						<content>16.75</content>
					</attRef>
					<attRef name="n_v_a">
						<content>12</content>
					</attRef>
					<attRef name="Max_Aro">
						<content>7.93</content>
					</attRef>
					<attRef name="Min_Aro">
						<content>3.95</content>
					</attRef>
					<attRef name="ArousalSpan">
						<content>3.98</content>
					</attRef>
					<attRef name="Max_Val">
						<content>6.65</content>
					</attRef>
					<attRef name="Min_Val">
						<content>1.45</content>
					</attRef>
					<attRef name="ValenceSpan">
						<content>5.2</content>
					</attRef>
					<attRef name="CorAro">
						<content>0.1832</content>
					</attRef>
					<attRef name="CorVal">
						<content>-0.0925</content>
					</attRef>
					<attRef name="averageAoA">
						<content>62.19</content>
					</attRef>
					<attRef name="sdAOA">
						<content>18.27</content>
					</attRef>
					<attRef name="MinAoA">
						<content>19.0</content>
					</attRef>
					<attRef name="MaxAoA">
						<content>95.33</content>
					</attRef>
					<attRef name="OralFreq_Log">
						<content>20.21</content>
					</attRef>
					<attRef name="WrittenFreq_Log">
						<content>24.41</content>
					</attRef>
					<attRef name="n_aoa">
						<content>9</content>
					</attRef>
					<attRef name="Max_AoA">
						<content>9.4</content>
					</attRef>
					<attRef name="Min_AoA">
						<content>4.12</content>
					</attRef>
					<attRef name="AoASpan">
						<content>5.28</content>
					</attRef>
					<attRef name="Max_sdAOA">
						<content>2.27</content>
					</attRef>
					<attRef name="Min_sdAOA">
						<content>1.698</content>
					</attRef>
					<attRef name="sdAOASpan">
						<content>0.572</content>
					</attRef>
					<attRef name="Max_logOralFreq">
						<content>3.684</content>
					</attRef>
					<attRef name="Min_logOralFreq">
						<content>0.954</content>
					</attRef>
					<attRef name="logOralFreqSpan">
						<content>2.73</content>
					</attRef>
					<attRef name="Max_logWrittenFreq">
						<content>3.606</content>
					</attRef>
					<attRef name="Min_logWrittenFreq">
						<content>1.978</content>
					</attRef>
					<attRef name="logWrittenFreqSpan">
						<content>1.628</content>
					</attRef>
					<attRef name="CorAoA">
						<content>-0.2871</content>
					</attRef>
				</param>
			</lg>
			<lg n="3" type="terceto">
				<l n="9" met="+----+---+-">Muerte, pues si remedio de mis males</l>
				<l n="10" met="+-+-++---+-">has de ser, ¿en qué tarda tu venida?</l>
				<l n="11" met="+-+--+---+-">Corta ya mis espíritus vitales;</l>
				<param name="AffectiveFeatures">
					<attRef name="Hap_Mean">
						<content>6.93</content>
					</attRef>
					<attRef name="Hap_SD">
						<content>1.97</content>
					</attRef>
					<attRef name="Ang_Mean">
						<content>5.27</content>
					</attRef>
					<attRef name="Ang_SD">
						<content>2.49</content>
					</attRef>
					<attRef name="Sad_Mean">
						<content>7.53</content>
					</attRef>
					<attRef name="Sad_SD">
						<content>2.09</content>
					</attRef>
					<attRef name="Fear_Mean">
						<content>8.13</content>
					</attRef>
					<attRef name="Fear_SD">
						<content>3.08</content>
					</attRef>
					<attRef name="Disg_Mean">
						<content>4.16</content>
					</attRef>
					<attRef name="Disg_SD">
						<content>2.3</content>
					</attRef>
					<attRef name="n_affective">
						<content>3</content>
					</attRef>
					<attRef name="ValenceMean">
						<content>48.45</content>
					</attRef>
					<attRef name="ValenceSD">
						<content>12.81</content>
					</attRef>
					<attRef name="ArousalMean">
						<content>56.16</content>
					</attRef>
					<attRef name="ArousalSD">
						<content>15.75</content>
					</attRef>
					<attRef name="n_v_a">
						<content>10</content>
					</attRef>
					<attRef name="Max_Aro">
						<content>7.93</content>
					</attRef>
					<attRef name="Min_Aro">
						<content>4.5</content>
					</attRef>
					<attRef name="ArousalSpan">
						<content>3.43</content>
					</attRef>
					<attRef name="Max_Val">
						<content>6.7</content>
					</attRef>
					<attRef name="Min_Val">
						<content>1.45</content>
					</attRef>
					<attRef name="ValenceSpan">
						<content>5.25</content>
					</attRef>
					<attRef name="CorAro">
						<content>-0.2707</content>
					</attRef>
					<attRef name="CorVal">
						<content>0.506</content>
					</attRef>
					<attRef name="averageAoA">
						<content>55.96</content>
					</attRef>
					<attRef name="sdAOA">
						<content>20.24</content>
					</attRef>
					<attRef name="MinAoA">
						<content>19.0</content>
					</attRef>
					<attRef name="MaxAoA">
						<content>102.0</content>
					</attRef>
					<attRef name="OralFreq_Log">
						<content>28.66</content>
					</attRef>
					<attRef name="WrittenFreq_Log">
						<content>29.84</content>
					</attRef>
					<attRef name="n_aoa">
						<content>10</content>
					</attRef>
					<attRef name="Max_AoA">
						<content>8.98</content>
					</attRef>
					<attRef name="Min_AoA">
						<content>1.64</content>
					</attRef>
					<attRef name="AoASpan">
						<content>7.34</content>
					</attRef>
					<attRef name="Max_sdAOA">
						<content>2.476</content>
					</attRef>
					<attRef name="Min_sdAOA">
						<content>0.921</content>
					</attRef>
					<attRef name="sdAOASpan">
						<content>1.555</content>
					</attRef>
					<attRef name="Max_logOralFreq">
						<content>4.257</content>
					</attRef>
					<attRef name="Min_logOralFreq">
						<content>1.653</content>
					</attRef>
					<attRef name="logOralFreqSpan">
						<content>2.604</content>
					</attRef>
					<attRef name="Max_logWrittenFreq">
						<content>4.003</content>
					</attRef>
					<attRef name="Min_logWrittenFreq">
						<content>2.207</content>
					</attRef>
					<attRef name="logWrittenFreqSpan">
						<content>1.796</content>
					</attRef>
					<attRef name="CorAoA">
						<content>0.3657</content>
					</attRef>
				</param>
			</lg>
			<lg n="4" type="terceto">
				<l n="12" met="+-+--+-+-+-">no tu pálido aspecto me intimida,</l>
				<l n="13" met="--++-+---+-">que será el ver que pisas mis umbrales</l>
				<l n="14" met="-+---+-+-+-">el único placer que tuve en vida.</l>
				<param name="AffectiveFeatures">
					<attRef name="Hap_Mean">
						<content>8.97</content>
					</attRef>
					<attRef name="Hap_SD">
						<content>1.59</content>
					</attRef>
					<attRef name="Ang_Mean">
						<content>2.8</content>
					</attRef>
					<attRef name="Ang_SD">
						<content>1.79</content>
					</attRef>
					<attRef name="Sad_Mean">
						<content>3.24</content>
					</attRef>
					<attRef name="Sad_SD">
						<content>1.64</content>
					</attRef>
					<attRef name="Fear_Mean">
						<content>3.67</content>
					</attRef>
					<attRef name="Fear_SD">
						<content>2.25</content>
					</attRef>
					<attRef name="Disg_Mean">
						<content>2.4</content>
					</attRef>
					<attRef name="Disg_SD">
						<content>1.33</content>
					</attRef>
					<attRef name="n_affective">
						<content>2</content>
					</attRef>
					<attRef name="ValenceMean">
						<content>51.38</content>
					</attRef>
					<attRef name="ValenceSD">
						<content>11.37</content>
					</attRef>
					<attRef name="ArousalMean">
						<content>53.45</content>
					</attRef>
					<attRef name="ArousalSD">
						<content>15.97</content>
					</attRef>
					<attRef name="n_v_a">
						<content>9</content>
					</attRef>
					<attRef name="Max_Aro">
						<content>6.7</content>
					</attRef>
					<attRef name="Min_Aro">
						<content>5.1</content>
					</attRef>
					<attRef name="ArousalSpan">
						<content>1.6</content>
					</attRef>
					<attRef name="Max_Val">
						<content>8.25</content>
					</attRef>
					<attRef name="Min_Val">
						<content>3.0</content>
					</attRef>
					<attRef name="ValenceSpan">
						<content>5.25</content>
					</attRef>
					<attRef name="CorAro">
						<content>0.1927</content>
					</attRef>
					<attRef name="CorVal">
						<content>0.7594</content>
					</attRef>
					<attRef name="averageAoA">
						<content>34.66</content>
					</attRef>
					<attRef name="sdAOA">
						<content>10.83</content>
					</attRef>
					<attRef name="MinAoA">
						<content>13.0</content>
					</attRef>
					<attRef name="MaxAoA">
						<content>59.0</content>
					</attRef>
					<attRef name="OralFreq_Log">
						<content>15.65</content>
					</attRef>
					<attRef name="WrittenFreq_Log">
						<content>17.18</content>
					</attRef>
					<attRef name="n_aoa">
						<content>6</content>
					</attRef>
					<attRef name="Max_AoA">
						<content>9.06</content>
					</attRef>
					<attRef name="Min_AoA">
						<content>2.72</content>
					</attRef>
					<attRef name="AoASpan">
						<content>6.34</content>
					</attRef>
					<attRef name="Max_sdAOA">
						<content>2.441</content>
					</attRef>
					<attRef name="Min_sdAOA">
						<content>1.443</content>
					</attRef>
					<attRef name="sdAOASpan">
						<content>0.998</content>
					</attRef>
					<attRef name="Max_logOralFreq">
						<content>3.724</content>
					</attRef>
					<attRef name="Min_logOralFreq">
						<content>1.204</content>
					</attRef>
					<attRef name="logOralFreqSpan">
						<content>2.52</content>
					</attRef>
					<attRef name="Max_logWrittenFreq">
						<content>3.678</content>
					</attRef>
					<attRef name="Min_logWrittenFreq">
						<content>1.6230000000000002</content>
					</attRef>
					<attRef name="logWrittenFreqSpan">
						<content>2.055</content>
					</attRef>
					<attRef name="CorAoA">
						<content>0.1033</content>
					</attRef>
				</param>
			</lg>
			<param name="AffectiveFeatures">
				<attRef name="Hap_Mean">
					<content>31.5</content>
				</attRef>
				<attRef name="Hap_SD">
					<content>8.74</content>
				</attRef>
				<attRef name="Ang_Mean">
					<content>21.5</content>
				</attRef>
				<attRef name="Ang_SD">
					<content>10.87</content>
				</attRef>
				<attRef name="Sad_Mean">
					<content>28.11</content>
				</attRef>
				<attRef name="Sad_SD">
					<content>10.29</content>
				</attRef>
				<attRef name="Fear_Mean">
					<content>28.73</content>
				</attRef>
				<attRef name="Fear_SD">
					<content>12.78</content>
				</attRef>
				<attRef name="Disg_Mean">
					<content>17.66</content>
				</attRef>
				<attRef name="Disg_SD">
					<content>8.85</content>
				</attRef>
				<attRef name="n_affective">
					<content>12</content>
				</attRef>
				<attRef name="ValenceMean">
					<content>215.3</content>
				</attRef>
				<attRef name="ValenceSD">
					<content>53.25</content>
				</attRef>
				<attRef name="ArousalMean">
					<content>233.22</content>
				</attRef>
				<attRef name="ArousalSD">
					<content>67.0</content>
				</attRef>
				<attRef name="n_v_a">
					<content>41</content>
				</attRef>
				<attRef name="Max_Aro">
					<content>8.05</content>
				</attRef>
				<attRef name="Min_Aro">
					<content>2.05</content>
				</attRef>
				<attRef name="ArousalSpan">
					<content>6.0</content>
				</attRef>
				<attRef name="Max_Val">
					<content>8.4</content>
				</attRef>
				<attRef name="Min_Val">
					<content>1.45</content>
				</attRef>
				<attRef name="ValenceSpan">
					<content>6.95</content>
				</attRef>
				<attRef name="CorAro">
					<content>0.027</content>
				</attRef>
				<attRef name="CorVal">
					<content>0.0816</content>
				</attRef>
				<attRef name="averageAoA">
					<content>199.73</content>
				</attRef>
				<attRef name="sdAOA">
					<content>66.13</content>
				</attRef>
				<attRef name="MinAoA">
					<content>67.0</content>
				</attRef>
				<attRef name="MaxAoA">
					<content>337.33</content>
				</attRef>
				<attRef name="OralFreq_Log">
					<content>81.14</content>
				</attRef>
				<attRef name="WrittenFreq_Log">
					<content>91.08</content>
				</attRef>
				<attRef name="n_aoa">
					<content>33</content>
				</attRef>
				<attRef name="Max_AoA">
					<content>9.4</content>
				</attRef>
				<attRef name="Min_AoA">
					<content>1.64</content>
				</attRef>
				<attRef name="AoASpan">
					<content>7.76</content>
				</attRef>
				<attRef name="Max_sdAOA">
					<content>2.819</content>
				</attRef>
				<attRef name="Min_sdAOA">
					<content>0.921</content>
				</attRef>
				<attRef name="sdAOASpan">
					<content>1.898</content>
				</attRef>
				<attRef name="Max_logOralFreq">
					<content>4.257</content>
				</attRef>
				<attRef name="Min_logOralFreq">
					<content>0.954</content>
				</attRef>
				<attRef name="logOralFreqSpan">
					<content>3.303</content>
				</attRef>
				<attRef name="Max_logWrittenFreq">
					<content>4.003</content>
				</attRef>
				<attRef name="Min_logWrittenFreq">
					<content>1.6230000000000002</content>
				</attRef>
				<attRef name="logWrittenFreqSpan">
					<content>2.38</content>
				</attRef>
				<attRef name="CorAoA">
					<content>-0.1031</content>
				</attRef>
			</param>
		</body>
	</text>
</TEI>