<?xml version="1.0" encoding="utf-8"?>
<TEI xmlns="http://www.tei-c.org/ns/1.0">
	<teiHeader>
		<fileDesc>
			<titleStmt about="disco:po_048e0295">
				<title property="dc:title">A Mariano de Arriaza</title>
				<author property="dc:creator" resource="disco:048e" corresp="#disco_048e">Juan Bautista Arriaza</author>
				<principal xml:id="prf">Pablo Ruiz Fabo</principal>
				<principal xml:id="heb">Helena Bermúdez Sabel</principal>
				<principal xml:id="jct">José Calvo Tello</principal>
				<principal xml:id="cimc">Clara Isabel Martínez Cantón</principal>
				<respStmt>
					<resp>Metrical annotation by</resp>
					<name xml:id="bnc">Borja Navarro Colorado</name>
				</respStmt>
			</titleStmt>
			<extent>
				<measure unit="sonnets">1</measure>
				<measure unit="tokens">98</measure>
				<measure unit="line">14</measure>
			</extent>
			<publicationStmt>
				<publisher>Diachronic Spanish Sonnet Corpus</publisher>
				<authority>POSTDATA Project</authority>
				<pubPlace>Madrid</pubPlace>
				<availability status="free">
					<p>The text is freely available</p>
				</availability>
				<date when="2017">2017</date>
				<idno type="#disco" xml:id="file_po_048e0295"></idno>
			</publicationStmt>
			<sourceDesc>
				<bibl type="digital-source">
					<hi rend="italics">Sonetos del siglo XVIII</hi>
					<date when="2006">2006</date>
					<ref target="http://www.cervantesvirtual.com/nd/ark:/59851/bmc12653"></ref>
					<ref target="http://www.cervantesvirtual.com/obra/sonetos-del-siglo-xviii--0/"></ref>
Biblioteca Cervantes Virtual,  / editados por Ramón García González, , , .				</bibl>
			</sourceDesc>
		</fileDesc>
		<profileDesc>
			<langUsage>
				<language ident="es" about="disco:po_048e0295" property="dc:language" resource="dbpedia:Idioma_español">Spanish</language>
			</langUsage>
			<particDesc>
				<listPerson>
					<person xml:id="disco_048e" about="disco:048e" typeOf="foaf:Person">
						<idno cert="high" property="rdfs:seeAlso" resource="https://viaf.org/viaf/35385691"></idno>
						<persName type="short">Arriaza</persName>
						<persName type="full">
							<forename property="foaf:givenName">Juan Bautista</forename>
							<surname property="foaf:familyName">Arriaza</surname>
						</persName>
						<persName type="source" property="foaf:name">Juan Bautista Arriaza</persName>
						<sex property="foaf:gender" content="M"></sex>
						<birth>
							<location>
								<placeName>
									<settlement property="schema:birthPlace" inlist="">Madrid</settlement>
									<country property="schema:birthPlace" inlist="">España</country>
									<bloc property="schema:birthPlace" inlist="">Europa</bloc>
								</placeName>
							</location>
							<date property="schema:birthDate" content="1770" cert="high"></date>
							<date type="century">18</date>
						</birth>
						<death>
							<date property="schema:deathDate" content="1837" cert="high"></date>
							<date type="century">19</date>
						</death>
						<listBibl inlist="" rel="blterms:hasCreated" typeOf="schema:CreativeWork">
							<bibl resource="disco:s048e0295">
								<title property="dc:title">A Mariano de Arriaza</title>
								<title type="incipit" property="dc:alternative">Hoy se presenta a mi memoria triste</title>
							</bibl>
						</listBibl>
					</person>
				</listPerson>
			</particDesc>
		</profileDesc>
		<encodingDesc>
			<listPrefixDef>
				<prefixDef ident="foaf" matchPattern="([A-Za-z]+)" replacementPattern="http://xmlns.com/foaf/0.1/$1"></prefixDef>
				<prefixDef ident="dc" matchPattern="([A-Za-z]+)" replacementPattern="http://purl.org/dc/terms/$1"></prefixDef>
				<prefixDef ident="schema" matchPattern="([A-Za-z]+)" replacementPattern="http://schema.org/$1"></prefixDef>
				<prefixDef ident="dbpedia" matchPattern="([A-Za-z]+(_[A-Za-z])*)" replacementPattern="http://es.dbpedia.org/page/"></prefixDef>
				<prefixDef ident="blterms" matchPattern="([A-Za-z]+)" replacementPattern="http://www.bl.uk/schemas/bibliographic/blterms#$1"></prefixDef>
				<prefixDef ident="rdfs" matchPattern="([A-Za-z]+)" replacementPattern="http://www.w3.org/2000/01/rdf-schema#$1"></prefixDef>
			</listPrefixDef>
			<metDecl type="met" pattern="((\+|\-)+)*">
				<metSym value="+">stressed syllable</metSym>
				<metSym value="-">unstressed syllable</metSym>
			</metDecl>
			<metDecl type="met">
				<p>
					<ref target="https://github.com/bncolorado/adsoScansionSystem">ADSO</ref>
The metrical patterns were extracted automatically using the 
                    tool.				</p>
			</metDecl>
			<metDecl type="enjamb">
				<p>
					<att>enjamb</att>
					<att>cert</att>
					<ref target="https://sites.google.com/site/spanishenjambment/">ANJA
                        (Automatic eNJambment Analysis)</ref>
					<ref target="https://sites.google.com/site/spanishenjambment/enjambment-types">documentation</ref>
					<ref target="https://sites.google.com/site/spanishenjambment/tei-certitude-values">report</ref>
The values of the  atributes were extracted automatically using
                    the  tool. For more information about the
                    types of enjambment as defined in this corpus, read the . In addition, a  was added to express the
                    degree of certainty concerning the characterisation of the enjambment. The following 
                     covers this feature in deep detail.				</p>
			</metDecl>
		</encodingDesc>
		<revisionDesc>
			<change when="2017-11-02" who="#prf">Initial TEI version</change>
			<change when="2017-11-27" who="#prf">Addition of metrical annotation</change>
			<change when="2017-11-27" who="#heb">Review of authors’ metadata</change>
			<change when="2017-12-01" who="#prf">Encoding of enjambment</change>
			<change when="2017-12-01" who="#heb">Publication of 19th, 18th and Golden Age version</change>
			<change when="2018-05-16" who="#heb">Revision of RDFa attributes</change>
		</revisionDesc>
	</teiHeader>
	<text>
		<front>
			<head>A Mariano de Arriaza</head>
		</front>
		<body>
			<lg n="1" type="cuarteto">
				<l n="1" met="+--+---+-+-" enjamb="B-ex_dobj_verb" cert="low">Hoy se presenta a mi memoria triste</l>
				<l n="2" met="-+-+---+-+-" enjamb="I-ex_dobj_verb" cert="low">tu fin sangriento ¡oh malogrado hermano!</l>
				<l n="3" met="-+-+---+-+-" enjamb="B-ex_subj_verb" cert="low">Con tanta pena, que la gloria en vano</l>
				<l n="4" met="-+-+---+-+-" enjamb="I-ex_subj_verb" cert="low">tu cara imagen de laurel reviste.</l>
				<param name="AffectiveFeatures">
					<attRef name="Hap_Mean">
						<content>19.73</content>
					</attRef>
					<attRef name="Hap_SD">
						<content>6.34</content>
					</attRef>
					<attRef name="Ang_Mean">
						<content>13.83</content>
					</attRef>
					<attRef name="Ang_SD">
						<content>8.19</content>
					</attRef>
					<attRef name="Sad_Mean">
						<content>20.21</content>
					</attRef>
					<attRef name="Sad_SD">
						<content>8.09</content>
					</attRef>
					<attRef name="Fear_Mean">
						<content>16.34</content>
					</attRef>
					<attRef name="Fear_SD">
						<content>8.54</content>
					</attRef>
					<attRef name="Disg_Mean">
						<content>13.53</content>
					</attRef>
					<attRef name="Disg_SD">
						<content>6.88</content>
					</attRef>
					<attRef name="n_affective">
						<content>8</content>
					</attRef>
					<attRef name="ValenceMean">
						<content>71.64</content>
					</attRef>
					<attRef name="ValenceSD">
						<content>17.69</content>
					</attRef>
					<attRef name="ArousalMean">
						<content>73.54</content>
					</attRef>
					<attRef name="ArousalSD">
						<content>24.28</content>
					</attRef>
					<attRef name="n_v_a">
						<content>14</content>
					</attRef>
					<attRef name="Max_Aro">
						<content>7.65</content>
					</attRef>
					<attRef name="Min_Aro">
						<content>3.55</content>
					</attRef>
					<attRef name="ArousalSpan">
						<content>4.1</content>
					</attRef>
					<attRef name="Max_Val">
						<content>8.18</content>
					</attRef>
					<attRef name="Min_Val">
						<content>1.9</content>
					</attRef>
					<attRef name="ValenceSpan">
						<content>6.28</content>
					</attRef>
					<attRef name="CorAro">
						<content>-0.4625</content>
					</attRef>
					<attRef name="CorVal">
						<content>0.1478</content>
					</attRef>
					<attRef name="averageAoA">
						<content>72.9</content>
					</attRef>
					<attRef name="sdAOA">
						<content>23.68</content>
					</attRef>
					<attRef name="MinAoA">
						<content>26.0</content>
					</attRef>
					<attRef name="MaxAoA">
						<content>127.0</content>
					</attRef>
					<attRef name="OralFreq_Log">
						<content>30.71</content>
					</attRef>
					<attRef name="WrittenFreq_Log">
						<content>34.28</content>
					</attRef>
					<attRef name="n_aoa">
						<content>13</content>
					</attRef>
					<attRef name="Max_AoA">
						<content>7.98</content>
					</attRef>
					<attRef name="Min_AoA">
						<content>2.42</content>
					</attRef>
					<attRef name="AoASpan">
						<content>5.56</content>
					</attRef>
					<attRef name="Max_sdAOA">
						<content>2.449</content>
					</attRef>
					<attRef name="Min_sdAOA">
						<content>1.41</content>
					</attRef>
					<attRef name="sdAOASpan">
						<content>1.039</content>
					</attRef>
					<attRef name="Max_logOralFreq">
						<content>3.536</content>
					</attRef>
					<attRef name="Min_logOralFreq">
						<content>0.602</content>
					</attRef>
					<attRef name="logOralFreqSpan">
						<content>2.934</content>
					</attRef>
					<attRef name="Max_logWrittenFreq">
						<content>3.395</content>
					</attRef>
					<attRef name="Min_logWrittenFreq">
						<content>1.362</content>
					</attRef>
					<attRef name="logWrittenFreqSpan">
						<content>2.033</content>
					</attRef>
					<attRef name="CorAoA">
						<content>0.1612</content>
					</attRef>
				</param>
			</lg>
			<lg n="2" type="cuarteto">
				<l n="5" met="+--+-+-+-+-">«Viva mi patria, y muera yo» dijiste,</l>
				<l n="6" met="+--+---+-+-">firme en el muro, y con espada en mano;</l>
				<l n="7" met="-+-+---+-+-">responde el trueno del cañón tirano,</l>
				<l n="8" met="-+-+---+-+-">y envuelto en sangre a su rigor cediste.</l>
				<param name="AffectiveFeatures">
					<attRef name="Hap_Mean">
						<content>10.51</content>
					</attRef>
					<attRef name="Hap_SD">
						<content>4.3</content>
					</attRef>
					<attRef name="Ang_Mean">
						<content>14.27</content>
					</attRef>
					<attRef name="Ang_SD">
						<content>7.06</content>
					</attRef>
					<attRef name="Sad_Mean">
						<content>13.99</content>
					</attRef>
					<attRef name="Sad_SD">
						<content>6.34</content>
					</attRef>
					<attRef name="Fear_Mean">
						<content>15.76</content>
					</attRef>
					<attRef name="Fear_SD">
						<content>7.08</content>
					</attRef>
					<attRef name="Disg_Mean">
						<content>10.31</content>
					</attRef>
					<attRef name="Disg_SD">
						<content>6.33</content>
					</attRef>
					<attRef name="n_affective">
						<content>6</content>
					</attRef>
					<attRef name="ValenceMean">
						<content>60.33</content>
					</attRef>
					<attRef name="ValenceSD">
						<content>19.13</content>
					</attRef>
					<attRef name="ArousalMean">
						<content>76.49</content>
					</attRef>
					<attRef name="ArousalSD">
						<content>19.94</content>
					</attRef>
					<attRef name="n_v_a">
						<content>13</content>
					</attRef>
					<attRef name="Max_Aro">
						<content>7.4</content>
					</attRef>
					<attRef name="Min_Aro">
						<content>4.5</content>
					</attRef>
					<attRef name="ArousalSpan">
						<content>2.9</content>
					</attRef>
					<attRef name="Max_Val">
						<content>6.05</content>
					</attRef>
					<attRef name="Min_Val">
						<content>1.7</content>
					</attRef>
					<attRef name="ValenceSpan">
						<content>4.35</content>
					</attRef>
					<attRef name="CorAro">
						<content>0.2734</content>
					</attRef>
					<attRef name="CorVal">
						<content>-0.13</content>
					</attRef>
					<attRef name="averageAoA">
						<content>72.51</content>
					</attRef>
					<attRef name="sdAOA">
						<content>20.53</content>
					</attRef>
					<attRef name="MinAoA">
						<content>29.0</content>
					</attRef>
					<attRef name="MaxAoA">
						<content>117.0</content>
					</attRef>
					<attRef name="OralFreq_Log">
						<content>22.02</content>
					</attRef>
					<attRef name="WrittenFreq_Log">
						<content>27.8</content>
					</attRef>
					<attRef name="n_aoa">
						<content>12</content>
					</attRef>
					<attRef name="Max_AoA">
						<content>10.0</content>
					</attRef>
					<attRef name="Min_AoA">
						<content>2.22</content>
					</attRef>
					<attRef name="AoASpan">
						<content>7.78</content>
					</attRef>
					<attRef name="Max_sdAOA">
						<content>2.226</content>
					</attRef>
					<attRef name="Min_sdAOA">
						<content>1.218</content>
					</attRef>
					<attRef name="sdAOASpan">
						<content>1.008</content>
					</attRef>
					<attRef name="Max_logOralFreq">
						<content>3.769</content>
					</attRef>
					<attRef name="Min_logOralFreq">
						<content>0.301</content>
					</attRef>
					<attRef name="logOralFreqSpan">
						<content>3.468</content>
					</attRef>
					<attRef name="Max_logWrittenFreq">
						<content>3.3360000000000003</content>
					</attRef>
					<attRef name="Min_logWrittenFreq">
						<content>1.38</content>
					</attRef>
					<attRef name="logWrittenFreqSpan">
						<content>1.956</content>
					</attRef>
					<attRef name="CorAoA">
						<content>0.2076</content>
					</attRef>
				</param>
			</lg>
			<lg n="3" type="terceto">
				<l n="9" met="---+-+-+-+-" enjamb="B-ex_subj_verb" cert="low">Consternación, pavor, silencio, y llama</l>
				<l n="10" met="-+-+---+-+-" enjamb="I-ex_subj_verb" cert="low">siguió al desmayo de tu brazo fuerte,</l>
				<l n="11" met="-----+---+-">y sobre tu sepulcro se derrama.</l>
				<param name="AffectiveFeatures">
					<attRef name="Hap_Mean">
						<content>6.52</content>
					</attRef>
					<attRef name="Hap_SD">
						<content>3.46</content>
					</attRef>
					<attRef name="Ang_Mean">
						<content>3.86</content>
					</attRef>
					<attRef name="Ang_SD">
						<content>1.99</content>
					</attRef>
					<attRef name="Sad_Mean">
						<content>3.93</content>
					</attRef>
					<attRef name="Sad_SD">
						<content>1.92</content>
					</attRef>
					<attRef name="Fear_Mean">
						<content>5.12</content>
					</attRef>
					<attRef name="Fear_SD">
						<content>2.82</content>
					</attRef>
					<attRef name="Disg_Mean">
						<content>3.31</content>
					</attRef>
					<attRef name="Disg_SD">
						<content>1.11</content>
					</attRef>
					<attRef name="n_affective">
						<content>3</content>
					</attRef>
					<attRef name="ValenceMean">
						<content>43.39</content>
					</attRef>
					<attRef name="ValenceSD">
						<content>11.48</content>
					</attRef>
					<attRef name="ArousalMean">
						<content>51.69</content>
					</attRef>
					<attRef name="ArousalSD">
						<content>17.16</content>
					</attRef>
					<attRef name="n_v_a">
						<content>10</content>
					</attRef>
					<attRef name="Max_Aro">
						<content>6.16</content>
					</attRef>
					<attRef name="Min_Aro">
						<content>2.0</content>
					</attRef>
					<attRef name="ArousalSpan">
						<content>4.16</content>
					</attRef>
					<attRef name="Max_Val">
						<content>6.8</content>
					</attRef>
					<attRef name="Min_Val">
						<content>1.7</content>
					</attRef>
					<attRef name="ValenceSpan">
						<content>5.1</content>
					</attRef>
					<attRef name="CorAro">
						<content>0.264</content>
					</attRef>
					<attRef name="CorVal">
						<content>0.0247</content>
					</attRef>
					<attRef name="averageAoA">
						<content>29.94</content>
					</attRef>
					<attRef name="sdAOA">
						<content>9.92</content>
					</attRef>
					<attRef name="MinAoA">
						<content>11.0</content>
					</attRef>
					<attRef name="MaxAoA">
						<content>56.0</content>
					</attRef>
					<attRef name="OralFreq_Log">
						<content>13.09</content>
					</attRef>
					<attRef name="WrittenFreq_Log">
						<content>15.35</content>
					</attRef>
					<attRef name="n_aoa">
						<content>6</content>
					</attRef>
					<attRef name="Max_AoA">
						<content>10.28</content>
					</attRef>
					<attRef name="Min_AoA">
						<content>3.02</content>
					</attRef>
					<attRef name="AoASpan">
						<content>7.26</content>
					</attRef>
					<attRef name="Max_sdAOA">
						<content>2.033</content>
					</attRef>
					<attRef name="Min_sdAOA">
						<content>1.262</content>
					</attRef>
					<attRef name="sdAOASpan">
						<content>0.771</content>
					</attRef>
					<attRef name="Max_logOralFreq">
						<content>2.765</content>
					</attRef>
					<attRef name="Min_logOralFreq">
						<content>1.079</content>
					</attRef>
					<attRef name="logOralFreqSpan">
						<content>1.686</content>
					</attRef>
					<attRef name="Max_logWrittenFreq">
						<content>2.9730000000000003</content>
					</attRef>
					<attRef name="Min_logWrittenFreq">
						<content>1.505</content>
					</attRef>
					<attRef name="logWrittenFreqSpan">
						<content>1.468</content>
					</attRef>
					<attRef name="CorAoA">
						<content>-0.5686</content>
					</attRef>
				</param>
			</lg>
			<lg n="4" type="terceto">
				<l n="12" met="---+---+++-">¡Ay! Que también en el morir hay suerte,</l>
				<l n="13" met="--++---+-+-">que el terror mismo enmudeció a la Fama,</l>
				<l n="14" met="-+-+-+-+-+-">y el mundo ignora tan gloriosa muerte.</l>
				<param name="AffectiveFeatures">
					<attRef name="Hap_Mean">
						<content>9.8</content>
					</attRef>
					<attRef name="Hap_SD">
						<content>2.76</content>
					</attRef>
					<attRef name="Ang_Mean">
						<content>12.64</content>
					</attRef>
					<attRef name="Ang_SD">
						<content>5.71</content>
					</attRef>
					<attRef name="Sad_Mean">
						<content>16.47</content>
					</attRef>
					<attRef name="Sad_SD">
						<content>5.14</content>
					</attRef>
					<attRef name="Fear_Mean">
						<content>16.43</content>
					</attRef>
					<attRef name="Fear_SD">
						<content>6.15</content>
					</attRef>
					<attRef name="Disg_Mean">
						<content>11.23</content>
					</attRef>
					<attRef name="Disg_SD">
						<content>6.36</content>
					</attRef>
					<attRef name="n_affective">
						<content>5</content>
					</attRef>
					<attRef name="ValenceMean">
						<content>45.63</content>
					</attRef>
					<attRef name="ValenceSD">
						<content>12.58</content>
					</attRef>
					<attRef name="ArousalMean">
						<content>60.84</content>
					</attRef>
					<attRef name="ArousalSD">
						<content>17.77</content>
					</attRef>
					<attRef name="n_v_a">
						<content>10</content>
					</attRef>
					<attRef name="Max_Aro">
						<content>7.95</content>
					</attRef>
					<attRef name="Min_Aro">
						<content>4.65</content>
					</attRef>
					<attRef name="ArousalSpan">
						<content>3.3</content>
					</attRef>
					<attRef name="Max_Val">
						<content>7.85</content>
					</attRef>
					<attRef name="Min_Val">
						<content>1.45</content>
					</attRef>
					<attRef name="ValenceSpan">
						<content>6.4</content>
					</attRef>
					<attRef name="CorAro">
						<content>-0.2343</content>
					</attRef>
					<attRef name="CorVal">
						<content>-0.0052</content>
					</attRef>
					<attRef name="averageAoA">
						<content>55.28</content>
					</attRef>
					<attRef name="sdAOA">
						<content>19.4</content>
					</attRef>
					<attRef name="MinAoA">
						<content>15.0</content>
					</attRef>
					<attRef name="MaxAoA">
						<content>95.0</content>
					</attRef>
					<attRef name="OralFreq_Log">
						<content>22.43</content>
					</attRef>
					<attRef name="WrittenFreq_Log">
						<content>25.8</content>
					</attRef>
					<attRef name="n_aoa">
						<content>9</content>
					</attRef>
					<attRef name="Max_AoA">
						<content>8.32</content>
					</attRef>
					<attRef name="Min_AoA">
						<content>4.8</content>
					</attRef>
					<attRef name="AoASpan">
						<content>3.52</content>
					</attRef>
					<attRef name="Max_sdAOA">
						<content>2.488</content>
					</attRef>
					<attRef name="Min_sdAOA">
						<content>1.796</content>
					</attRef>
					<attRef name="sdAOASpan">
						<content>0.692</content>
					</attRef>
					<attRef name="Max_logOralFreq">
						<content>3.446</content>
					</attRef>
					<attRef name="Min_logOralFreq">
						<content>0.954</content>
					</attRef>
					<attRef name="logOralFreqSpan">
						<content>2.492</content>
					</attRef>
					<attRef name="Max_logWrittenFreq">
						<content>3.783</content>
					</attRef>
					<attRef name="Min_logWrittenFreq">
						<content>1.633</content>
					</attRef>
					<attRef name="logWrittenFreqSpan">
						<content>2.15</content>
					</attRef>
					<attRef name="CorAoA">
						<content>0.0548</content>
					</attRef>
				</param>
			</lg>
			<param name="AffectiveFeatures">
				<attRef name="Hap_Mean">
					<content>46.56</content>
				</attRef>
				<attRef name="Hap_SD">
					<content>16.86</content>
				</attRef>
				<attRef name="Ang_Mean">
					<content>44.6</content>
				</attRef>
				<attRef name="Ang_SD">
					<content>22.95</content>
				</attRef>
				<attRef name="Sad_Mean">
					<content>54.6</content>
				</attRef>
				<attRef name="Sad_SD">
					<content>21.49</content>
				</attRef>
				<attRef name="Fear_Mean">
					<content>53.65</content>
				</attRef>
				<attRef name="Fear_SD">
					<content>24.59</content>
				</attRef>
				<attRef name="Disg_Mean">
					<content>38.37</content>
				</attRef>
				<attRef name="Disg_SD">
					<content>20.68</content>
				</attRef>
				<attRef name="n_affective">
					<content>22</content>
				</attRef>
				<attRef name="ValenceMean">
					<content>220.99</content>
				</attRef>
				<attRef name="ValenceSD">
					<content>60.88</content>
				</attRef>
				<attRef name="ArousalMean">
					<content>262.56</content>
				</attRef>
				<attRef name="ArousalSD">
					<content>79.15</content>
				</attRef>
				<attRef name="n_v_a">
					<content>47</content>
				</attRef>
				<attRef name="Max_Aro">
					<content>7.95</content>
				</attRef>
				<attRef name="Min_Aro">
					<content>2.0</content>
				</attRef>
				<attRef name="ArousalSpan">
					<content>5.95</content>
				</attRef>
				<attRef name="Max_Val">
					<content>8.18</content>
				</attRef>
				<attRef name="Min_Val">
					<content>1.45</content>
				</attRef>
				<attRef name="ValenceSpan">
					<content>6.73</content>
				</attRef>
				<attRef name="CorAro">
					<content>0.1529</content>
				</attRef>
				<attRef name="CorVal">
					<content>-0.1213</content>
				</attRef>
				<attRef name="averageAoA">
					<content>230.63</content>
				</attRef>
				<attRef name="sdAOA">
					<content>73.52</content>
				</attRef>
				<attRef name="MinAoA">
					<content>81.0</content>
				</attRef>
				<attRef name="MaxAoA">
					<content>395.0</content>
				</attRef>
				<attRef name="OralFreq_Log">
					<content>88.27</content>
				</attRef>
				<attRef name="WrittenFreq_Log">
					<content>103.21</content>
				</attRef>
				<attRef name="n_aoa">
					<content>40</content>
				</attRef>
				<attRef name="Max_AoA">
					<content>10.28</content>
				</attRef>
				<attRef name="Min_AoA">
					<content>2.22</content>
				</attRef>
				<attRef name="AoASpan">
					<content>8.06</content>
				</attRef>
				<attRef name="Max_sdAOA">
					<content>2.488</content>
				</attRef>
				<attRef name="Min_sdAOA">
					<content>1.218</content>
				</attRef>
				<attRef name="sdAOASpan">
					<content>1.27</content>
				</attRef>
				<attRef name="Max_logOralFreq">
					<content>3.769</content>
				</attRef>
				<attRef name="Min_logOralFreq">
					<content>0.301</content>
				</attRef>
				<attRef name="logOralFreqSpan">
					<content>3.468</content>
				</attRef>
				<attRef name="Max_logWrittenFreq">
					<content>3.783</content>
				</attRef>
				<attRef name="Min_logWrittenFreq">
					<content>1.362</content>
				</attRef>
				<attRef name="logWrittenFreqSpan">
					<content>2.421</content>
				</attRef>
				<attRef name="CorAoA">
					<content>0.0652</content>
				</attRef>
			</param>
		</body>
	</text>
</TEI>