<?xml version="1.0" encoding="utf-8"?>
<TEI xmlns="http://www.tei-c.org/ns/1.0">
	<teiHeader>
		<fileDesc>
			<titleStmt about="disco:po_048e0294">
				<title property="dc:title">Virtudes militares más dignamente premiadas</title>
				<author property="dc:creator" resource="disco:048e" corresp="#disco_048e">Juan Bautista Arriaza</author>
				<principal xml:id="prf">Pablo Ruiz Fabo</principal>
				<principal xml:id="heb">Helena Bermúdez Sabel</principal>
				<principal xml:id="jct">José Calvo Tello</principal>
				<principal xml:id="cimc">Clara Isabel Martínez Cantón</principal>
				<respStmt>
					<resp>Metrical annotation by</resp>
					<name xml:id="bnc">Borja Navarro Colorado</name>
				</respStmt>
			</titleStmt>
			<extent>
				<measure unit="sonnets">1</measure>
				<measure unit="tokens">95</measure>
				<measure unit="line">14</measure>
			</extent>
			<publicationStmt>
				<publisher>Diachronic Spanish Sonnet Corpus</publisher>
				<authority>POSTDATA Project</authority>
				<pubPlace>Madrid</pubPlace>
				<availability status="free">
					<p>The text is freely available</p>
				</availability>
				<date when="2017">2017</date>
				<idno type="#disco" xml:id="file_po_048e0294"></idno>
			</publicationStmt>
			<sourceDesc>
				<bibl type="digital-source">
					<hi rend="italics">Sonetos del siglo XVIII</hi>
					<date when="2006">2006</date>
					<ref target="http://www.cervantesvirtual.com/nd/ark:/59851/bmc12653"></ref>
					<ref target="http://www.cervantesvirtual.com/obra/sonetos-del-siglo-xviii--0/"></ref>
Biblioteca Cervantes Virtual,  / editados por Ramón García González, , , .				</bibl>
			</sourceDesc>
		</fileDesc>
		<profileDesc>
			<langUsage>
				<language ident="es" about="disco:po_048e0294" property="dc:language" resource="dbpedia:Idioma_español">Spanish</language>
			</langUsage>
			<particDesc>
				<listPerson>
					<person xml:id="disco_048e" about="disco:048e" typeOf="foaf:Person">
						<idno cert="high" property="rdfs:seeAlso" resource="https://viaf.org/viaf/35385691"></idno>
						<persName type="short">Arriaza</persName>
						<persName type="full">
							<forename property="foaf:givenName">Juan Bautista</forename>
							<surname property="foaf:familyName">Arriaza</surname>
						</persName>
						<persName type="source" property="foaf:name">Juan Bautista Arriaza</persName>
						<sex property="foaf:gender" content="M"></sex>
						<birth>
							<location>
								<placeName>
									<settlement property="schema:birthPlace" inlist="">Madrid</settlement>
									<country property="schema:birthPlace" inlist="">España</country>
									<bloc property="schema:birthPlace" inlist="">Europa</bloc>
								</placeName>
							</location>
							<date property="schema:birthDate" content="1770" cert="high"></date>
							<date type="century">18</date>
						</birth>
						<death>
							<date property="schema:deathDate" content="1837" cert="high"></date>
							<date type="century">19</date>
						</death>
						<listBibl inlist="" rel="blterms:hasCreated" typeOf="schema:CreativeWork">
							<bibl resource="disco:s048e0294">
								<title property="dc:title">Virtudes militares más dignamente premiadas</title>
								<title type="incipit" property="dc:alternative">Tú que audaz recorriste sin cansarte</title>
							</bibl>
						</listBibl>
					</person>
				</listPerson>
			</particDesc>
		</profileDesc>
		<encodingDesc>
			<listPrefixDef>
				<prefixDef ident="foaf" matchPattern="([A-Za-z]+)" replacementPattern="http://xmlns.com/foaf/0.1/$1"></prefixDef>
				<prefixDef ident="dc" matchPattern="([A-Za-z]+)" replacementPattern="http://purl.org/dc/terms/$1"></prefixDef>
				<prefixDef ident="schema" matchPattern="([A-Za-z]+)" replacementPattern="http://schema.org/$1"></prefixDef>
				<prefixDef ident="dbpedia" matchPattern="([A-Za-z]+(_[A-Za-z])*)" replacementPattern="http://es.dbpedia.org/page/"></prefixDef>
				<prefixDef ident="blterms" matchPattern="([A-Za-z]+)" replacementPattern="http://www.bl.uk/schemas/bibliographic/blterms#$1"></prefixDef>
				<prefixDef ident="rdfs" matchPattern="([A-Za-z]+)" replacementPattern="http://www.w3.org/2000/01/rdf-schema#$1"></prefixDef>
			</listPrefixDef>
			<metDecl type="met" pattern="((\+|\-)+)*">
				<metSym value="+">stressed syllable</metSym>
				<metSym value="-">unstressed syllable</metSym>
			</metDecl>
			<metDecl type="met">
				<p>
					<ref target="https://github.com/bncolorado/adsoScansionSystem">ADSO</ref>
The metrical patterns were extracted automatically using the 
                    tool.				</p>
			</metDecl>
			<metDecl type="enjamb">
				<p>
					<att>enjamb</att>
					<att>cert</att>
					<ref target="https://sites.google.com/site/spanishenjambment/">ANJA
                        (Automatic eNJambment Analysis)</ref>
					<ref target="https://sites.google.com/site/spanishenjambment/enjambment-types">documentation</ref>
					<ref target="https://sites.google.com/site/spanishenjambment/tei-certitude-values">report</ref>
The values of the  atributes were extracted automatically using
                    the  tool. For more information about the
                    types of enjambment as defined in this corpus, read the . In addition, a  was added to express the
                    degree of certainty concerning the characterisation of the enjambment. The following 
                     covers this feature in deep detail.				</p>
			</metDecl>
		</encodingDesc>
		<revisionDesc>
			<change when="2017-11-02" who="#prf">Initial TEI version</change>
			<change when="2017-11-27" who="#prf">Addition of metrical annotation</change>
			<change when="2017-11-27" who="#heb">Review of authors’ metadata</change>
			<change when="2017-12-01" who="#prf">Encoding of enjambment</change>
			<change when="2017-12-01" who="#heb">Publication of 19th, 18th and Golden Age version</change>
			<change when="2018-05-16" who="#heb">Revision of RDFa attributes</change>
		</revisionDesc>
	</teiHeader>
	<text>
		<front>
			<head>Virtudes militares más dignamente premiadas</head>
		</front>
		<body>
			<lg n="1" type="cuarteto">
				<l n="1" met="+-+--+---+-" enjamb="B-ex_dobj_verb" cert="low">Tú que audaz recorriste sin cansarte</l>
				<l n="2" met="-+---+---+-" enjamb="I-ex_dobj_verb" cert="low">los reinos de Cibeles y Neptuno,</l>
				<l n="3" met="--+--+-+-+-" enjamb="B-cc_crossclause" cert="high">superando los riesgos uno a uno</l>
				<l n="4" met="--+--+-+-+-" enjamb="I-cc_crossclause" cert="high">que al constante valor presenta Marte.</l>
				<param name="AffectiveFeatures">
					<attRef name="Hap_Mean">
						<content>2.4</content>
					</attRef>
					<attRef name="Hap_SD">
						<content>1.22</content>
					</attRef>
					<attRef name="Ang_Mean">
						<content>1.47</content>
					</attRef>
					<attRef name="Ang_SD">
						<content>0.78</content>
					</attRef>
					<attRef name="Sad_Mean">
						<content>1.5</content>
					</attRef>
					<attRef name="Sad_SD">
						<content>0.82</content>
					</attRef>
					<attRef name="Fear_Mean">
						<content>3.43</content>
					</attRef>
					<attRef name="Fear_SD">
						<content>1.17</content>
					</attRef>
					<attRef name="Disg_Mean">
						<content>1.03</content>
					</attRef>
					<attRef name="Disg_SD">
						<content>0.18</content>
					</attRef>
					<attRef name="n_affective">
						<content>1</content>
					</attRef>
					<attRef name="ValenceMean">
						<content>44.15</content>
					</attRef>
					<attRef name="ValenceSD">
						<content>10.51</content>
					</attRef>
					<attRef name="ArousalMean">
						<content>40.8</content>
					</attRef>
					<attRef name="ArousalSD">
						<content>11.52</content>
					</attRef>
					<attRef name="n_v_a">
						<content>7</content>
					</attRef>
					<attRef name="Max_Aro">
						<content>7.1</content>
					</attRef>
					<attRef name="Min_Aro">
						<content>5.05</content>
					</attRef>
					<attRef name="ArousalSpan">
						<content>2.05</content>
					</attRef>
					<attRef name="Max_Val">
						<content>7.85</content>
					</attRef>
					<attRef name="Min_Val">
						<content>4.6</content>
					</attRef>
					<attRef name="ValenceSpan">
						<content>3.25</content>
					</attRef>
					<attRef name="CorAro">
						<content>0.4568</content>
					</attRef>
					<attRef name="CorVal">
						<content>0.1651</content>
					</attRef>
					<attRef name="averageAoA">
						<content>56.12</content>
					</attRef>
					<attRef name="sdAOA">
						<content>13.39</content>
					</attRef>
					<attRef name="MinAoA">
						<content>24.0</content>
					</attRef>
					<attRef name="MaxAoA">
						<content>76.0</content>
					</attRef>
					<attRef name="OralFreq_Log">
						<content>12.5</content>
					</attRef>
					<attRef name="WrittenFreq_Log">
						<content>14.82</content>
					</attRef>
					<attRef name="n_aoa">
						<content>7</content>
					</attRef>
					<attRef name="Max_AoA">
						<content>9.92</content>
					</attRef>
					<attRef name="Min_AoA">
						<content>6.16</content>
					</attRef>
					<attRef name="AoASpan">
						<content>3.76</content>
					</attRef>
					<attRef name="Max_sdAOA">
						<content>2.371</content>
					</attRef>
					<attRef name="Min_sdAOA">
						<content>1.455</content>
					</attRef>
					<attRef name="sdAOASpan">
						<content>0.916</content>
					</attRef>
					<attRef name="Max_logOralFreq">
						<content>2.354</content>
					</attRef>
					<attRef name="Min_logOralFreq">
						<content>0.778</content>
					</attRef>
					<attRef name="logOralFreqSpan">
						<content>1.576</content>
					</attRef>
					<attRef name="Max_logWrittenFreq">
						<content>2.768</content>
					</attRef>
					<attRef name="Min_logWrittenFreq">
						<content>1.431</content>
					</attRef>
					<attRef name="logWrittenFreqSpan">
						<content>1.337</content>
					</attRef>
					<attRef name="CorAoA">
						<content>-0.4793</content>
					</attRef>
				</param>
			</lg>
			<lg n="2" type="cuarteto">
				<l n="5" met="+--+-++--+-">Tú que de Iberia un tiempo baluarte,</l>
				<l n="6" met="++---+---+-">y hoy rayo a los rebeldes importuno,</l>
				<l n="7" met="+----+-+-+-">lidias porque en el orbe no haya alguno</l>
				<l n="8" met="---+-+---+-">que de tu patria insulte al estandarte.</l>
				<param name="AffectiveFeatures">
					<attRef name="Hap_Mean">
						<content>4.03</content>
					</attRef>
					<attRef name="Hap_SD">
						<content>2.5</content>
					</attRef>
					<attRef name="Ang_Mean">
						<content>4.23</content>
					</attRef>
					<attRef name="Ang_SD">
						<content>2.37</content>
					</attRef>
					<attRef name="Sad_Mean">
						<content>4.14</content>
					</attRef>
					<attRef name="Sad_SD">
						<content>2.53</content>
					</attRef>
					<attRef name="Fear_Mean">
						<content>4.4</content>
					</attRef>
					<attRef name="Fear_SD">
						<content>2.72</content>
					</attRef>
					<attRef name="Disg_Mean">
						<content>2.6</content>
					</attRef>
					<attRef name="Disg_SD">
						<content>1.48</content>
					</attRef>
					<attRef name="n_affective">
						<content>2</content>
					</attRef>
					<attRef name="ValenceMean">
						<content>58.79</content>
					</attRef>
					<attRef name="ValenceSD">
						<content>15.98</content>
					</attRef>
					<attRef name="ArousalMean">
						<content>67.15</content>
					</attRef>
					<attRef name="ArousalSD">
						<content>16.78</content>
					</attRef>
					<attRef name="n_v_a">
						<content>12</content>
					</attRef>
					<attRef name="Max_Aro">
						<content>7.2</content>
					</attRef>
					<attRef name="Min_Aro">
						<content>4.1</content>
					</attRef>
					<attRef name="ArousalSpan">
						<content>3.1</content>
					</attRef>
					<attRef name="Max_Val">
						<content>5.85</content>
					</attRef>
					<attRef name="Min_Val">
						<content>2.65</content>
					</attRef>
					<attRef name="ValenceSpan">
						<content>3.2</content>
					</attRef>
					<attRef name="CorAro">
						<content>-0.1307</content>
					</attRef>
					<attRef name="CorVal">
						<content>-0.1943</content>
					</attRef>
					<attRef name="averageAoA">
						<content>47.24</content>
					</attRef>
					<attRef name="sdAOA">
						<content>12.32</content>
					</attRef>
					<attRef name="MinAoA">
						<content>20.0</content>
					</attRef>
					<attRef name="MaxAoA">
						<content>72.0</content>
					</attRef>
					<attRef name="OralFreq_Log">
						<content>14.54</content>
					</attRef>
					<attRef name="WrittenFreq_Log">
						<content>16.86</content>
					</attRef>
					<attRef name="n_aoa">
						<content>7</content>
					</attRef>
					<attRef name="Max_AoA">
						<content>10.64</content>
					</attRef>
					<attRef name="Min_AoA">
						<content>3.4</content>
					</attRef>
					<attRef name="AoASpan">
						<content>7.24</content>
					</attRef>
					<attRef name="Max_sdAOA">
						<content>2.315</content>
					</attRef>
					<attRef name="Min_sdAOA">
						<content>0.749</content>
					</attRef>
					<attRef name="sdAOASpan">
						<content>1.566</content>
					</attRef>
					<attRef name="Max_logOralFreq">
						<content>3.536</content>
					</attRef>
					<attRef name="Min_logOralFreq">
						<content>0.301</content>
					</attRef>
					<attRef name="logOralFreqSpan">
						<content>3.235</content>
					</attRef>
					<attRef name="Max_logWrittenFreq">
						<content>3.62</content>
					</attRef>
					<attRef name="Min_logWrittenFreq">
						<content>1.146</content>
					</attRef>
					<attRef name="logWrittenFreqSpan">
						<content>2.474</content>
					</attRef>
					<attRef name="CorAoA">
						<content>0.6746</content>
					</attRef>
				</param>
			</lg>
			<lg n="3" type="terceto">
				<l n="9" met="++-+-+---+-">Yo te saludo ¡oh bravo sin pretextos!</l>
				<l n="10" met="-+---+---+-">Soldado entre soldados sin segundo,</l>
				<l n="11" met="+-+--+---+-">norma igual de leales y modestos;</l>
				<param name="AffectiveFeatures">
					<attRef name="Hap_Mean">
						<content>13.4</content>
					</attRef>
					<attRef name="Hap_SD">
						<content>5.8</content>
					</attRef>
					<attRef name="Ang_Mean">
						<content>7.47</content>
					</attRef>
					<attRef name="Ang_SD">
						<content>3.38</content>
					</attRef>
					<attRef name="Sad_Mean">
						<content>8.94</content>
					</attRef>
					<attRef name="Sad_SD">
						<content>4.13</content>
					</attRef>
					<attRef name="Fear_Mean">
						<content>8.44</content>
					</attRef>
					<attRef name="Fear_SD">
						<content>4.53</content>
					</attRef>
					<attRef name="Disg_Mean">
						<content>6.07</content>
					</attRef>
					<attRef name="Disg_SD">
						<content>2.53</content>
					</attRef>
					<attRef name="n_affective">
						<content>5</content>
					</attRef>
					<attRef name="ValenceMean">
						<content>54.18</content>
					</attRef>
					<attRef name="ValenceSD">
						<content>13.55</content>
					</attRef>
					<attRef name="ArousalMean">
						<content>52.79</content>
					</attRef>
					<attRef name="ArousalSD">
						<content>15.6</content>
					</attRef>
					<attRef name="n_v_a">
						<content>10</content>
					</attRef>
					<attRef name="Max_Aro">
						<content>6.65</content>
					</attRef>
					<attRef name="Min_Aro">
						<content>3.78</content>
					</attRef>
					<attRef name="ArousalSpan">
						<content>2.87</content>
					</attRef>
					<attRef name="Max_Val">
						<content>7.8</content>
					</attRef>
					<attRef name="Min_Val">
						<content>3.5</content>
					</attRef>
					<attRef name="ValenceSpan">
						<content>4.3</content>
					</attRef>
					<attRef name="CorAro">
						<content>-0.5049</content>
					</attRef>
					<attRef name="CorVal">
						<content>0.1948</content>
					</attRef>
					<attRef name="averageAoA">
						<content>65.18</content>
					</attRef>
					<attRef name="sdAOA">
						<content>19.72</content>
					</attRef>
					<attRef name="MinAoA">
						<content>27.0</content>
					</attRef>
					<attRef name="MaxAoA">
						<content>104.5</content>
					</attRef>
					<attRef name="OralFreq_Log">
						<content>18.51</content>
					</attRef>
					<attRef name="WrittenFreq_Log">
						<content>21.43</content>
					</attRef>
					<attRef name="n_aoa">
						<content>10</content>
					</attRef>
					<attRef name="Max_AoA">
						<content>10.0</content>
					</attRef>
					<attRef name="Min_AoA">
						<content>3.96</content>
					</attRef>
					<attRef name="AoASpan">
						<content>6.04</content>
					</attRef>
					<attRef name="Max_sdAOA">
						<content>2.639</content>
					</attRef>
					<attRef name="Min_sdAOA">
						<content>1.457</content>
					</attRef>
					<attRef name="sdAOASpan">
						<content>1.182</content>
					</attRef>
					<attRef name="Max_logOralFreq">
						<content>3.153</content>
					</attRef>
					<attRef name="Min_logOralFreq">
						<content>0.954</content>
					</attRef>
					<attRef name="logOralFreqSpan">
						<content>2.199</content>
					</attRef>
					<attRef name="Max_logWrittenFreq">
						<content>2.9730000000000003</content>
					</attRef>
					<attRef name="Min_logWrittenFreq">
						<content>1.591</content>
					</attRef>
					<attRef name="logWrittenFreqSpan">
						<content>1.382</content>
					</attRef>
					<attRef name="CorAoA">
						<content>0.3353</content>
					</attRef>
				</param>
			</lg>
			<lg n="4" type="terceto">
				<l n="12" met="---+-+---+-">y de mi pecho digo en lo profundo:</l>
				<l n="13" met="+--++--+-+-">ciña mi rey muchos laureles de estos,</l>
				<l n="14" met="-++++-+--+-">y yo le fío rey de todo el mundo.</l>
				<param name="AffectiveFeatures">
					<attRef name="Hap_Mean">
						<content>9.63</content>
					</attRef>
					<attRef name="Hap_SD">
						<content>3.76</content>
					</attRef>
					<attRef name="Ang_Mean">
						<content>8.84</content>
					</attRef>
					<attRef name="Ang_SD">
						<content>4.54</content>
					</attRef>
					<attRef name="Sad_Mean">
						<content>7.57</content>
					</attRef>
					<attRef name="Sad_SD">
						<content>4.03</content>
					</attRef>
					<attRef name="Fear_Mean">
						<content>6.44</content>
					</attRef>
					<attRef name="Fear_SD">
						<content>4.08</content>
					</attRef>
					<attRef name="Disg_Mean">
						<content>8.13</content>
					</attRef>
					<attRef name="Disg_SD">
						<content>4.13</content>
					</attRef>
					<attRef name="n_affective">
						<content>4</content>
					</attRef>
					<attRef name="ValenceMean">
						<content>44.58</content>
					</attRef>
					<attRef name="ValenceSD">
						<content>11.4</content>
					</attRef>
					<attRef name="ArousalMean">
						<content>38.5</content>
					</attRef>
					<attRef name="ArousalSD">
						<content>12.78</content>
					</attRef>
					<attRef name="n_v_a">
						<content>8</content>
					</attRef>
					<attRef name="Max_Aro">
						<content>5.8</content>
					</attRef>
					<attRef name="Min_Aro">
						<content>3.55</content>
					</attRef>
					<attRef name="ArousalSpan">
						<content>2.25</content>
					</attRef>
					<attRef name="Max_Val">
						<content>6.43</content>
					</attRef>
					<attRef name="Min_Val">
						<content>4.65</content>
					</attRef>
					<attRef name="ValenceSpan">
						<content>1.78</content>
					</attRef>
					<attRef name="CorAro">
						<content>-0.4216</content>
					</attRef>
					<attRef name="CorVal">
						<content>-0.081</content>
					</attRef>
					<attRef name="averageAoA">
						<content>38.39</content>
					</attRef>
					<attRef name="sdAOA">
						<content>13.73</content>
					</attRef>
					<attRef name="MinAoA">
						<content>10.0</content>
					</attRef>
					<attRef name="MaxAoA">
						<content>66.0</content>
					</attRef>
					<attRef name="OralFreq_Log">
						<content>16.65</content>
					</attRef>
					<attRef name="WrittenFreq_Log">
						<content>19.08</content>
					</attRef>
					<attRef name="n_aoa">
						<content>7</content>
					</attRef>
					<attRef name="Max_AoA">
						<content>7.66</content>
					</attRef>
					<attRef name="Min_AoA">
						<content>4.39</content>
					</attRef>
					<attRef name="AoASpan">
						<content>3.27</content>
					</attRef>
					<attRef name="Max_sdAOA">
						<content>2.479</content>
					</attRef>
					<attRef name="Min_sdAOA">
						<content>1.218</content>
					</attRef>
					<attRef name="sdAOASpan">
						<content>1.261</content>
					</attRef>
					<attRef name="Max_logOralFreq">
						<content>3.769</content>
					</attRef>
					<attRef name="Min_logOralFreq">
						<content>0.699</content>
					</attRef>
					<attRef name="logOralFreqSpan">
						<content>3.07</content>
					</attRef>
					<attRef name="Max_logWrittenFreq">
						<content>3.5780000000000003</content>
					</attRef>
					<attRef name="Min_logWrittenFreq">
						<content>1.415</content>
					</attRef>
					<attRef name="logWrittenFreqSpan">
						<content>2.163</content>
					</attRef>
					<attRef name="CorAoA">
						<content>-0.184</content>
					</attRef>
				</param>
			</lg>
			<param name="AffectiveFeatures">
				<attRef name="Hap_Mean">
					<content>29.46</content>
				</attRef>
				<attRef name="Hap_SD">
					<content>13.28</content>
				</attRef>
				<attRef name="Ang_Mean">
					<content>22.01</content>
				</attRef>
				<attRef name="Ang_SD">
					<content>11.07</content>
				</attRef>
				<attRef name="Sad_Mean">
					<content>22.15</content>
				</attRef>
				<attRef name="Sad_SD">
					<content>11.51</content>
				</attRef>
				<attRef name="Fear_Mean">
					<content>22.71</content>
				</attRef>
				<attRef name="Fear_SD">
					<content>12.5</content>
				</attRef>
				<attRef name="Disg_Mean">
					<content>17.83</content>
				</attRef>
				<attRef name="Disg_SD">
					<content>8.32</content>
				</attRef>
				<attRef name="n_affective">
					<content>12</content>
				</attRef>
				<attRef name="ValenceMean">
					<content>201.7</content>
				</attRef>
				<attRef name="ValenceSD">
					<content>51.44</content>
				</attRef>
				<attRef name="ArousalMean">
					<content>199.23</content>
				</attRef>
				<attRef name="ArousalSD">
					<content>56.68</content>
				</attRef>
				<attRef name="n_v_a">
					<content>37</content>
				</attRef>
				<attRef name="Max_Aro">
					<content>7.2</content>
				</attRef>
				<attRef name="Min_Aro">
					<content>3.55</content>
				</attRef>
				<attRef name="ArousalSpan">
					<content>3.65</content>
				</attRef>
				<attRef name="Max_Val">
					<content>7.85</content>
				</attRef>
				<attRef name="Min_Val">
					<content>2.65</content>
				</attRef>
				<attRef name="ValenceSpan">
					<content>5.2</content>
				</attRef>
				<attRef name="CorAro">
					<content>-0.4007</content>
				</attRef>
				<attRef name="CorVal">
					<content>-0.104</content>
				</attRef>
				<attRef name="averageAoA">
					<content>206.93</content>
				</attRef>
				<attRef name="sdAOA">
					<content>59.18</content>
				</attRef>
				<attRef name="MinAoA">
					<content>81.0</content>
				</attRef>
				<attRef name="MaxAoA">
					<content>318.5</content>
				</attRef>
				<attRef name="OralFreq_Log">
					<content>62.19</content>
				</attRef>
				<attRef name="WrittenFreq_Log">
					<content>72.2</content>
				</attRef>
				<attRef name="n_aoa">
					<content>31</content>
				</attRef>
				<attRef name="Max_AoA">
					<content>10.64</content>
				</attRef>
				<attRef name="Min_AoA">
					<content>3.4</content>
				</attRef>
				<attRef name="AoASpan">
					<content>7.24</content>
				</attRef>
				<attRef name="Max_sdAOA">
					<content>2.639</content>
				</attRef>
				<attRef name="Min_sdAOA">
					<content>0.749</content>
				</attRef>
				<attRef name="sdAOASpan">
					<content>1.89</content>
				</attRef>
				<attRef name="Max_logOralFreq">
					<content>3.769</content>
				</attRef>
				<attRef name="Min_logOralFreq">
					<content>0.301</content>
				</attRef>
				<attRef name="logOralFreqSpan">
					<content>3.468</content>
				</attRef>
				<attRef name="Max_logWrittenFreq">
					<content>3.62</content>
				</attRef>
				<attRef name="Min_logWrittenFreq">
					<content>1.146</content>
				</attRef>
				<attRef name="logWrittenFreqSpan">
					<content>2.474</content>
				</attRef>
				<attRef name="CorAoA">
					<content>-0.3448</content>
				</attRef>
			</param>
		</body>
	</text>
</TEI>