<?xml version="1.0" encoding="utf-8"?>
<TEI xmlns="http://www.tei-c.org/ns/1.0">
	<teiHeader>
		<fileDesc>
			<titleStmt about="disco:po_048e0290">
				<title property="dc:title">Brindando por la última batalla ganada en España por el Duque de Ciudad Rodrigo</title>
				<author property="dc:creator" resource="disco:048e" corresp="#disco_048e">Juan Bautista Arriaza</author>
				<principal xml:id="prf">Pablo Ruiz Fabo</principal>
				<principal xml:id="heb">Helena Bermúdez Sabel</principal>
				<principal xml:id="jct">José Calvo Tello</principal>
				<principal xml:id="cimc">Clara Isabel Martínez Cantón</principal>
				<respStmt>
					<resp>Metrical annotation by</resp>
					<name xml:id="bnc">Borja Navarro Colorado</name>
				</respStmt>
			</titleStmt>
			<extent>
				<measure unit="sonnets">1</measure>
				<measure unit="tokens">82</measure>
				<measure unit="line">14</measure>
			</extent>
			<publicationStmt>
				<publisher>Diachronic Spanish Sonnet Corpus</publisher>
				<authority>POSTDATA Project</authority>
				<pubPlace>Madrid</pubPlace>
				<availability status="free">
					<p>The text is freely available</p>
				</availability>
				<date when="2017">2017</date>
				<idno type="#disco" xml:id="file_po_048e0290"></idno>
			</publicationStmt>
			<sourceDesc>
				<bibl type="digital-source">
					<hi rend="italics">Sonetos del siglo XVIII</hi>
					<date when="2006">2006</date>
					<ref target="http://www.cervantesvirtual.com/nd/ark:/59851/bmc12653"></ref>
					<ref target="http://www.cervantesvirtual.com/obra/sonetos-del-siglo-xviii--0/"></ref>
Biblioteca Cervantes Virtual,  / editados por Ramón García González, , , .				</bibl>
			</sourceDesc>
		</fileDesc>
		<profileDesc>
			<langUsage>
				<language ident="es" about="disco:po_048e0290" property="dc:language" resource="dbpedia:Idioma_español">Spanish</language>
			</langUsage>
			<particDesc>
				<listPerson>
					<person xml:id="disco_048e" about="disco:048e" typeOf="foaf:Person">
						<idno cert="high" property="rdfs:seeAlso" resource="https://viaf.org/viaf/35385691"></idno>
						<persName type="short">Arriaza</persName>
						<persName type="full">
							<forename property="foaf:givenName">Juan Bautista</forename>
							<surname property="foaf:familyName">Arriaza</surname>
						</persName>
						<persName type="source" property="foaf:name">Juan Bautista Arriaza</persName>
						<sex property="foaf:gender" content="M"></sex>
						<birth>
							<location>
								<placeName>
									<settlement property="schema:birthPlace" inlist="">Madrid</settlement>
									<country property="schema:birthPlace" inlist="">España</country>
									<bloc property="schema:birthPlace" inlist="">Europa</bloc>
								</placeName>
							</location>
							<date property="schema:birthDate" content="1770" cert="high"></date>
							<date type="century">18</date>
						</birth>
						<death>
							<date property="schema:deathDate" content="1837" cert="high"></date>
							<date type="century">19</date>
						</death>
						<listBibl inlist="" rel="blterms:hasCreated" typeOf="schema:CreativeWork">
							<bibl resource="disco:s048e0290">
								<title property="dc:title">Brindando por la última batalla ganada en España por el Duque de Ciudad Rodrigo</title>
								<title type="incipit" property="dc:alternative">Venid, ticianos, a ilustrar pinceles:</title>
							</bibl>
						</listBibl>
					</person>
				</listPerson>
			</particDesc>
		</profileDesc>
		<encodingDesc>
			<listPrefixDef>
				<prefixDef ident="foaf" matchPattern="([A-Za-z]+)" replacementPattern="http://xmlns.com/foaf/0.1/$1"></prefixDef>
				<prefixDef ident="dc" matchPattern="([A-Za-z]+)" replacementPattern="http://purl.org/dc/terms/$1"></prefixDef>
				<prefixDef ident="schema" matchPattern="([A-Za-z]+)" replacementPattern="http://schema.org/$1"></prefixDef>
				<prefixDef ident="dbpedia" matchPattern="([A-Za-z]+(_[A-Za-z])*)" replacementPattern="http://es.dbpedia.org/page/"></prefixDef>
				<prefixDef ident="blterms" matchPattern="([A-Za-z]+)" replacementPattern="http://www.bl.uk/schemas/bibliographic/blterms#$1"></prefixDef>
				<prefixDef ident="rdfs" matchPattern="([A-Za-z]+)" replacementPattern="http://www.w3.org/2000/01/rdf-schema#$1"></prefixDef>
			</listPrefixDef>
			<metDecl type="met" pattern="((\+|\-)+)*">
				<metSym value="+">stressed syllable</metSym>
				<metSym value="-">unstressed syllable</metSym>
			</metDecl>
			<metDecl type="met">
				<p>
					<ref target="https://github.com/bncolorado/adsoScansionSystem">ADSO</ref>
The metrical patterns were extracted automatically using the 
                    tool.				</p>
			</metDecl>
			<metDecl type="enjamb">
				<p>
					<att>enjamb</att>
					<att>cert</att>
					<ref target="https://sites.google.com/site/spanishenjambment/">ANJA
                        (Automatic eNJambment Analysis)</ref>
					<ref target="https://sites.google.com/site/spanishenjambment/enjambment-types">documentation</ref>
					<ref target="https://sites.google.com/site/spanishenjambment/tei-certitude-values">report</ref>
The values of the  atributes were extracted automatically using
                    the  tool. For more information about the
                    types of enjambment as defined in this corpus, read the . In addition, a  was added to express the
                    degree of certainty concerning the characterisation of the enjambment. The following 
                     covers this feature in deep detail.				</p>
			</metDecl>
		</encodingDesc>
		<revisionDesc>
			<change when="2017-11-02" who="#prf">Initial TEI version</change>
			<change when="2017-11-27" who="#prf">Addition of metrical annotation</change>
			<change when="2017-11-27" who="#heb">Review of authors’ metadata</change>
			<change when="2017-12-01" who="#prf">Encoding of enjambment</change>
			<change when="2017-12-01" who="#heb">Publication of 19th, 18th and Golden Age version</change>
			<change when="2018-05-16" who="#heb">Revision of RDFa attributes</change>
		</revisionDesc>
	</teiHeader>
	<text>
		<front>
			<head>Brindando por la última batalla ganada en España por el Duque de Ciudad Rodrigo</head>
		</front>
		<body>
			<lg n="1" type="cuarteto">
				<l n="1" met="-+-+---+-+-">Venid, ticianos, a ilustrar pinceles:</l>
				<l n="2" met="+--+---+-+-">Fidias, llegad a eternizar metales:</l>
				<l n="3" met="--++-+---+-" enjamb="B-pb_adj_noun" cert="medium">prevenid plumas, cisnes inmortales</l>
				<l n="4" met="--++-+---+-" enjamb="I-pb_adj_noun" cert="medium">prodigad, Musas, cantos y laureles.</l>
				<param name="AffectiveFeatures">
					<attRef name="Hap_Mean">
						<content>6.53</content>
					</attRef>
					<attRef name="Hap_SD">
						<content>3.18</content>
					</attRef>
					<attRef name="Ang_Mean">
						<content>4.04</content>
					</attRef>
					<attRef name="Ang_SD">
						<content>2.55</content>
					</attRef>
					<attRef name="Sad_Mean">
						<content>4.37</content>
					</attRef>
					<attRef name="Sad_SD">
						<content>2.87</content>
					</attRef>
					<attRef name="Fear_Mean">
						<content>4.57</content>
					</attRef>
					<attRef name="Fear_SD">
						<content>2.98</content>
					</attRef>
					<attRef name="Disg_Mean">
						<content>3.83</content>
					</attRef>
					<attRef name="Disg_SD">
						<content>1.86</content>
					</attRef>
					<attRef name="n_affective">
						<content>3</content>
					</attRef>
					<attRef name="ValenceMean">
						<content>51.7</content>
					</attRef>
					<attRef name="ValenceSD">
						<content>9.54</content>
					</attRef>
					<attRef name="ArousalMean">
						<content>35.48</content>
					</attRef>
					<attRef name="ArousalSD">
						<content>12.92</content>
					</attRef>
					<attRef name="n_v_a">
						<content>8</content>
					</attRef>
					<attRef name="Max_Aro">
						<content>6.2</content>
					</attRef>
					<attRef name="Min_Aro">
						<content>3.55</content>
					</attRef>
					<attRef name="ArousalSpan">
						<content>2.65</content>
					</attRef>
					<attRef name="Max_Val">
						<content>7.7</content>
					</attRef>
					<attRef name="Min_Val">
						<content>5.4</content>
					</attRef>
					<attRef name="ValenceSpan">
						<content>2.3</content>
					</attRef>
					<attRef name="CorAro">
						<content>-0.0575</content>
					</attRef>
					<attRef name="CorVal">
						<content>0.195</content>
					</attRef>
					<attRef name="averageAoA">
						<content>52.07</content>
					</attRef>
					<attRef name="sdAOA">
						<content>15.02</content>
					</attRef>
					<attRef name="MinAoA">
						<content>18.0</content>
					</attRef>
					<attRef name="MaxAoA">
						<content>86.0</content>
					</attRef>
					<attRef name="OralFreq_Log">
						<content>10.22</content>
					</attRef>
					<attRef name="WrittenFreq_Log">
						<content>14.32</content>
					</attRef>
					<attRef name="n_aoa">
						<content>8</content>
					</attRef>
					<attRef name="Max_AoA">
						<content>9.94</content>
					</attRef>
					<attRef name="Min_AoA">
						<content>3.56</content>
					</attRef>
					<attRef name="AoASpan">
						<content>6.38</content>
					</attRef>
					<attRef name="Max_sdAOA">
						<content>2.436</content>
					</attRef>
					<attRef name="Min_sdAOA">
						<content>1.365</content>
					</attRef>
					<attRef name="sdAOASpan">
						<content>1.071</content>
					</attRef>
					<attRef name="Max_logOralFreq">
						<content>2.708</content>
					</attRef>
					<attRef name="Min_logOralFreq">
						<content>0.477</content>
					</attRef>
					<attRef name="logOralFreqSpan">
						<content>2.231</content>
					</attRef>
					<attRef name="Max_logWrittenFreq">
						<content>2.458</content>
					</attRef>
					<attRef name="Min_logWrittenFreq">
						<content>1.279</content>
					</attRef>
					<attRef name="logWrittenFreqSpan">
						<content>1.179</content>
					</attRef>
					<attRef name="CorAoA">
						<content>0.5831</content>
					</attRef>
				</param>
			</lg>
			<lg n="2" type="cuarteto">
				<l n="5" met="-+-+---+++-" enjamb="B-ex_subj_verb" cert="low">Seréis divinos cuando seáis más fieles</l>
				<l n="6" met="-+-+-+---+-" enjamb="I-ex_subj_verb" cert="low">pintando, ya de Galia en los umbrales,</l>
				<l n="7" met="-+-+-+-+-+-">al Cid britano; y d pavor mortales</l>
				<l n="8" met="-+--+-+--+-">huyendo de él los bárbaros crueles.</l>
				<param name="AffectiveFeatures">
					<attRef name="Hap_Mean">
						<content>3.3</content>
					</attRef>
					<attRef name="Hap_SD">
						<content>1.63</content>
					</attRef>
					<attRef name="Ang_Mean">
						<content>4.83</content>
					</attRef>
					<attRef name="Ang_SD">
						<content>1.65</content>
					</attRef>
					<attRef name="Sad_Mean">
						<content>4.77</content>
					</attRef>
					<attRef name="Sad_SD">
						<content>1.99</content>
					</attRef>
					<attRef name="Fear_Mean">
						<content>4.44</content>
					</attRef>
					<attRef name="Fear_SD">
						<content>1.68</content>
					</attRef>
					<attRef name="Disg_Mean">
						<content>4.6</content>
					</attRef>
					<attRef name="Disg_SD">
						<content>2.24</content>
					</attRef>
					<attRef name="n_affective">
						<content>2</content>
					</attRef>
					<attRef name="ValenceMean">
						<content>38.98</content>
					</attRef>
					<attRef name="ValenceSD">
						<content>12.35</content>
					</attRef>
					<attRef name="ArousalMean">
						<content>51.14</content>
					</attRef>
					<attRef name="ArousalSD">
						<content>15.72</content>
					</attRef>
					<attRef name="n_v_a">
						<content>9</content>
					</attRef>
					<attRef name="Max_Aro">
						<content>7.38</content>
					</attRef>
					<attRef name="Min_Aro">
						<content>3.45</content>
					</attRef>
					<attRef name="ArousalSpan">
						<content>3.93</content>
					</attRef>
					<attRef name="Max_Val">
						<content>8.15</content>
					</attRef>
					<attRef name="Min_Val">
						<content>2.05</content>
					</attRef>
					<attRef name="ValenceSpan">
						<content>6.1</content>
					</attRef>
					<attRef name="CorAro">
						<content>0.8783</content>
					</attRef>
					<attRef name="CorVal">
						<content>-0.9215</content>
					</attRef>
					<attRef name="averageAoA">
						<content>52.78</content>
					</attRef>
					<attRef name="sdAOA">
						<content>13.22</content>
					</attRef>
					<attRef name="MinAoA">
						<content>22.0</content>
					</attRef>
					<attRef name="MaxAoA">
						<content>73.0</content>
					</attRef>
					<attRef name="OralFreq_Log">
						<content>9.81</content>
					</attRef>
					<attRef name="WrittenFreq_Log">
						<content>13.45</content>
					</attRef>
					<attRef name="n_aoa">
						<content>7</content>
					</attRef>
					<attRef name="Max_AoA">
						<content>10.28</content>
					</attRef>
					<attRef name="Min_AoA">
						<content>2.52</content>
					</attRef>
					<attRef name="AoASpan">
						<content>7.76</content>
					</attRef>
					<attRef name="Max_sdAOA">
						<content>2.249</content>
					</attRef>
					<attRef name="Min_sdAOA">
						<content>1.262</content>
					</attRef>
					<attRef name="sdAOASpan">
						<content>0.987</content>
					</attRef>
					<attRef name="Max_logOralFreq">
						<content>1.663</content>
					</attRef>
					<attRef name="Min_logOralFreq">
						<content>1.079</content>
					</attRef>
					<attRef name="logOralFreqSpan">
						<content>0.584</content>
					</attRef>
					<attRef name="Max_logWrittenFreq">
						<content>2.238</content>
					</attRef>
					<attRef name="Min_logWrittenFreq">
						<content>1.505</content>
					</attRef>
					<attRef name="logWrittenFreqSpan">
						<content>0.733</content>
					</attRef>
					<attRef name="CorAoA">
						<content>0.1823</content>
					</attRef>
				</param>
			</lg>
			<lg n="3" type="terceto">
				<l n="9" met="-+-+-+---+-">Unid al cuadro en mágicos colores</l>
				<l n="10" met="---+-+-+-+-">la independencia hispana, y su alta gloria,</l>
				<l n="11" met="--+--+-+-+-">como hermanas gozándose entre flores.</l>
				<param name="AffectiveFeatures">
					<attRef name="Hap_Mean">
						<content>18.64</content>
					</attRef>
					<attRef name="Hap_SD">
						<content>5.7</content>
					</attRef>
					<attRef name="Ang_Mean">
						<content>6.3</content>
					</attRef>
					<attRef name="Ang_SD">
						<content>2.46</content>
					</attRef>
					<attRef name="Sad_Mean">
						<content>6.97</content>
					</attRef>
					<attRef name="Sad_SD">
						<content>3.92</content>
					</attRef>
					<attRef name="Fear_Mean">
						<content>6.86</content>
					</attRef>
					<attRef name="Fear_SD">
						<content>3.62</content>
					</attRef>
					<attRef name="Disg_Mean">
						<content>5.63</content>
					</attRef>
					<attRef name="Disg_SD">
						<content>2.0</content>
					</attRef>
					<attRef name="n_affective">
						<content>5</content>
					</attRef>
					<attRef name="ValenceMean">
						<content>62.61</content>
					</attRef>
					<attRef name="ValenceSD">
						<content>11.48</content>
					</attRef>
					<attRef name="ArousalMean">
						<content>42.83</content>
					</attRef>
					<attRef name="ArousalSD">
						<content>18.45</content>
					</attRef>
					<attRef name="n_v_a">
						<content>9</content>
					</attRef>
					<attRef name="Max_Aro">
						<content>5.75</content>
					</attRef>
					<attRef name="Min_Aro">
						<content>3.4</content>
					</attRef>
					<attRef name="ArousalSpan">
						<content>2.35</content>
					</attRef>
					<attRef name="Max_Val">
						<content>8.18</content>
					</attRef>
					<attRef name="Min_Val">
						<content>5.75</content>
					</attRef>
					<attRef name="ValenceSpan">
						<content>2.43</content>
					</attRef>
					<attRef name="CorAro">
						<content>-0.4919</content>
					</attRef>
					<attRef name="CorVal">
						<content>0.4927</content>
					</attRef>
					<attRef name="averageAoA">
						<content>46.71</content>
					</attRef>
					<attRef name="sdAOA">
						<content>14.96</content>
					</attRef>
					<attRef name="MinAoA">
						<content>18.67</content>
					</attRef>
					<attRef name="MaxAoA">
						<content>78.83</content>
					</attRef>
					<attRef name="OralFreq_Log">
						<content>18.6</content>
					</attRef>
					<attRef name="WrittenFreq_Log">
						<content>21.03</content>
					</attRef>
					<attRef name="n_aoa">
						<content>9</content>
					</attRef>
					<attRef name="Max_AoA">
						<content>9.74</content>
					</attRef>
					<attRef name="Min_AoA">
						<content>2.42</content>
					</attRef>
					<attRef name="AoASpan">
						<content>7.32</content>
					</attRef>
					<attRef name="Max_sdAOA">
						<content>2.308</content>
					</attRef>
					<attRef name="Min_sdAOA">
						<content>1.382</content>
					</attRef>
					<attRef name="sdAOASpan">
						<content>0.926</content>
					</attRef>
					<attRef name="Max_logOralFreq">
						<content>2.594</content>
					</attRef>
					<attRef name="Min_logOralFreq">
						<content>1.556</content>
					</attRef>
					<attRef name="logOralFreqSpan">
						<content>1.038</content>
					</attRef>
					<attRef name="Max_logWrittenFreq">
						<content>2.813</content>
					</attRef>
					<attRef name="Min_logWrittenFreq">
						<content>1.883</content>
					</attRef>
					<attRef name="logWrittenFreqSpan">
						<content>0.93</content>
					</attRef>
					<attRef name="CorAoA">
						<content>-0.3323</content>
					</attRef>
				</param>
			</lg>
			<lg n="4" type="terceto">
				<l n="12" met="---+++---+-">Y si queréis más timbre a su memoria,</l>
				<l n="13" met="-++--+---+-">llamadle vencedor de vencedores,</l>
				<l n="14" met="--+--+---+-">y a su triunfo victoria de Vitoria.</l>
				<param name="AffectiveFeatures">
					<attRef name="Hap_Mean">
						<content>23.1</content>
					</attRef>
					<attRef name="Hap_SD">
						<content>6.85</content>
					</attRef>
					<attRef name="Ang_Mean">
						<content>9.26</content>
					</attRef>
					<attRef name="Ang_SD">
						<content>5.5</content>
					</attRef>
					<attRef name="Sad_Mean">
						<content>9.58</content>
					</attRef>
					<attRef name="Sad_SD">
						<content>5.75</content>
					</attRef>
					<attRef name="Fear_Mean">
						<content>9.73</content>
					</attRef>
					<attRef name="Fear_SD">
						<content>5.08</content>
					</attRef>
					<attRef name="Disg_Mean">
						<content>7.4</content>
					</attRef>
					<attRef name="Disg_SD">
						<content>3.18</content>
					</attRef>
					<attRef name="n_affective">
						<content>6</content>
					</attRef>
					<attRef name="ValenceMean">
						<content>50.31</content>
					</attRef>
					<attRef name="ValenceSD">
						<content>9.13</content>
					</attRef>
					<attRef name="ArousalMean">
						<content>45.15</content>
					</attRef>
					<attRef name="ArousalSD">
						<content>12.72</content>
					</attRef>
					<attRef name="n_v_a">
						<content>7</content>
					</attRef>
					<attRef name="Max_Aro">
						<content>7.5</content>
					</attRef>
					<attRef name="Min_Aro">
						<content>4.9</content>
					</attRef>
					<attRef name="ArousalSpan">
						<content>2.6</content>
					</attRef>
					<attRef name="Max_Val">
						<content>8.0</content>
					</attRef>
					<attRef name="Min_Val">
						<content>5.35</content>
					</attRef>
					<attRef name="ValenceSpan">
						<content>2.65</content>
					</attRef>
					<attRef name="CorAro">
						<content>0.7659</content>
					</attRef>
					<attRef name="CorVal">
						<content>0.3613</content>
					</attRef>
					<attRef name="averageAoA">
						<content>44.0</content>
					</attRef>
					<attRef name="sdAOA">
						<content>15.83</content>
					</attRef>
					<attRef name="MinAoA">
						<content>13.0</content>
					</attRef>
					<attRef name="MaxAoA">
						<content>80.0</content>
					</attRef>
					<attRef name="OralFreq_Log">
						<content>17.17</content>
					</attRef>
					<attRef name="WrittenFreq_Log">
						<content>20.05</content>
					</attRef>
					<attRef name="n_aoa">
						<content>8</content>
					</attRef>
					<attRef name="Max_AoA">
						<content>7.68</content>
					</attRef>
					<attRef name="Min_AoA">
						<content>1.64</content>
					</attRef>
					<attRef name="AoASpan">
						<content>6.04</content>
					</attRef>
					<attRef name="Max_sdAOA">
						<content>2.346</content>
					</attRef>
					<attRef name="Min_sdAOA">
						<content>0.921</content>
					</attRef>
					<attRef name="sdAOASpan">
						<content>1.425</content>
					</attRef>
					<attRef name="Max_logOralFreq">
						<content>4.152</content>
					</attRef>
					<attRef name="Min_logOralFreq">
						<content>1.255</content>
					</attRef>
					<attRef name="logOralFreqSpan">
						<content>2.897</content>
					</attRef>
					<attRef name="Max_logWrittenFreq">
						<content>4.003</content>
					</attRef>
					<attRef name="Min_logWrittenFreq">
						<content>1.851</content>
					</attRef>
					<attRef name="logWrittenFreqSpan">
						<content>2.152</content>
					</attRef>
					<attRef name="CorAoA">
						<content>0.8436</content>
					</attRef>
				</param>
			</lg>
			<param name="AffectiveFeatures">
				<attRef name="Hap_Mean">
					<content>51.57</content>
				</attRef>
				<attRef name="Hap_SD">
					<content>17.36</content>
				</attRef>
				<attRef name="Ang_Mean">
					<content>24.43</content>
				</attRef>
				<attRef name="Ang_SD">
					<content>12.16</content>
				</attRef>
				<attRef name="Sad_Mean">
					<content>25.69</content>
				</attRef>
				<attRef name="Sad_SD">
					<content>14.53</content>
				</attRef>
				<attRef name="Fear_Mean">
					<content>25.6</content>
				</attRef>
				<attRef name="Fear_SD">
					<content>13.36</content>
				</attRef>
				<attRef name="Disg_Mean">
					<content>21.46</content>
				</attRef>
				<attRef name="Disg_SD">
					<content>9.28</content>
				</attRef>
				<attRef name="n_affective">
					<content>16</content>
				</attRef>
				<attRef name="ValenceMean">
					<content>203.6</content>
				</attRef>
				<attRef name="ValenceSD">
					<content>42.51</content>
				</attRef>
				<attRef name="ArousalMean">
					<content>174.6</content>
				</attRef>
				<attRef name="ArousalSD">
					<content>59.81</content>
				</attRef>
				<attRef name="n_v_a">
					<content>33</content>
				</attRef>
				<attRef name="Max_Aro">
					<content>7.5</content>
				</attRef>
				<attRef name="Min_Aro">
					<content>3.4</content>
				</attRef>
				<attRef name="ArousalSpan">
					<content>4.1</content>
				</attRef>
				<attRef name="Max_Val">
					<content>8.18</content>
				</attRef>
				<attRef name="Min_Val">
					<content>2.05</content>
				</attRef>
				<attRef name="ValenceSpan">
					<content>6.13</content>
				</attRef>
				<attRef name="CorAro">
					<content>0.4894</content>
				</attRef>
				<attRef name="CorVal">
					<content>0.1911</content>
				</attRef>
				<attRef name="averageAoA">
					<content>195.56</content>
				</attRef>
				<attRef name="sdAOA">
					<content>59.03</content>
				</attRef>
				<attRef name="MinAoA">
					<content>71.67</content>
				</attRef>
				<attRef name="MaxAoA">
					<content>317.83</content>
				</attRef>
				<attRef name="OralFreq_Log">
					<content>55.81</content>
				</attRef>
				<attRef name="WrittenFreq_Log">
					<content>68.85</content>
				</attRef>
				<attRef name="n_aoa">
					<content>32</content>
				</attRef>
				<attRef name="Max_AoA">
					<content>10.28</content>
				</attRef>
				<attRef name="Min_AoA">
					<content>1.64</content>
				</attRef>
				<attRef name="AoASpan">
					<content>8.64</content>
				</attRef>
				<attRef name="Max_sdAOA">
					<content>2.436</content>
				</attRef>
				<attRef name="Min_sdAOA">
					<content>0.921</content>
				</attRef>
				<attRef name="sdAOASpan">
					<content>1.515</content>
				</attRef>
				<attRef name="Max_logOralFreq">
					<content>4.152</content>
				</attRef>
				<attRef name="Min_logOralFreq">
					<content>0.477</content>
				</attRef>
				<attRef name="logOralFreqSpan">
					<content>3.675</content>
				</attRef>
				<attRef name="Max_logWrittenFreq">
					<content>4.003</content>
				</attRef>
				<attRef name="Min_logWrittenFreq">
					<content>1.279</content>
				</attRef>
				<attRef name="logWrittenFreqSpan">
					<content>2.724</content>
				</attRef>
				<attRef name="CorAoA">
					<content>-0.1809</content>
				</attRef>
			</param>
		</body>
	</text>
</TEI>