<?xml version="1.0" encoding="utf-8"?>
<TEI xmlns="http://www.tei-c.org/ns/1.0">
	<teiHeader>
		<fileDesc>
			<titleStmt about="disco:po_048e0278">
				<title property="dc:title">El no</title>
				<author property="dc:creator" resource="disco:048e" corresp="#disco_048e">Juan Bautista Arriaza</author>
				<principal xml:id="prf">Pablo Ruiz Fabo</principal>
				<principal xml:id="heb">Helena Bermúdez Sabel</principal>
				<principal xml:id="jct">José Calvo Tello</principal>
				<principal xml:id="cimc">Clara Isabel Martínez Cantón</principal>
				<respStmt>
					<resp>Metrical annotation by</resp>
					<name xml:id="bnc">Borja Navarro Colorado</name>
				</respStmt>
			</titleStmt>
			<extent>
				<measure unit="sonnets">1</measure>
				<measure unit="tokens">99</measure>
				<measure unit="line">14</measure>
			</extent>
			<publicationStmt>
				<publisher>Diachronic Spanish Sonnet Corpus</publisher>
				<authority>POSTDATA Project</authority>
				<pubPlace>Madrid</pubPlace>
				<availability status="free">
					<p>The text is freely available</p>
				</availability>
				<date when="2017">2017</date>
				<idno type="#disco" xml:id="file_po_048e0278"></idno>
			</publicationStmt>
			<sourceDesc>
				<bibl type="digital-source">
					<hi rend="italics">Sonetos del siglo XVIII</hi>
					<date when="2006">2006</date>
					<ref target="http://www.cervantesvirtual.com/nd/ark:/59851/bmc12653"></ref>
					<ref target="http://www.cervantesvirtual.com/obra/sonetos-del-siglo-xviii--0/"></ref>
Biblioteca Cervantes Virtual,  / editados por Ramón García González, , , .				</bibl>
			</sourceDesc>
		</fileDesc>
		<profileDesc>
			<langUsage>
				<language ident="es" about="disco:po_048e0278" property="dc:language" resource="dbpedia:Idioma_español">Spanish</language>
			</langUsage>
			<particDesc>
				<listPerson>
					<person xml:id="disco_048e" about="disco:048e" typeOf="foaf:Person">
						<idno cert="high" property="rdfs:seeAlso" resource="https://viaf.org/viaf/35385691"></idno>
						<persName type="short">Arriaza</persName>
						<persName type="full">
							<forename property="foaf:givenName">Juan Bautista</forename>
							<surname property="foaf:familyName">Arriaza</surname>
						</persName>
						<persName type="source" property="foaf:name">Juan Bautista Arriaza</persName>
						<sex property="foaf:gender" content="M"></sex>
						<birth>
							<location>
								<placeName>
									<settlement property="schema:birthPlace" inlist="">Madrid</settlement>
									<country property="schema:birthPlace" inlist="">España</country>
									<bloc property="schema:birthPlace" inlist="">Europa</bloc>
								</placeName>
							</location>
							<date property="schema:birthDate" content="1770" cert="high"></date>
							<date type="century">18</date>
						</birth>
						<death>
							<date property="schema:deathDate" content="1837" cert="high"></date>
							<date type="century">19</date>
						</death>
						<listBibl inlist="" rel="blterms:hasCreated" typeOf="schema:CreativeWork">
							<bibl resource="disco:s048e0278">
								<title property="dc:title">El no</title>
								<title type="incipit" property="dc:alternative">¡Ay, cuántas veces a tus pies postrado,</title>
							</bibl>
						</listBibl>
					</person>
				</listPerson>
			</particDesc>
		</profileDesc>
		<encodingDesc>
			<listPrefixDef>
				<prefixDef ident="foaf" matchPattern="([A-Za-z]+)" replacementPattern="http://xmlns.com/foaf/0.1/$1"></prefixDef>
				<prefixDef ident="dc" matchPattern="([A-Za-z]+)" replacementPattern="http://purl.org/dc/terms/$1"></prefixDef>
				<prefixDef ident="schema" matchPattern="([A-Za-z]+)" replacementPattern="http://schema.org/$1"></prefixDef>
				<prefixDef ident="dbpedia" matchPattern="([A-Za-z]+(_[A-Za-z])*)" replacementPattern="http://es.dbpedia.org/page/"></prefixDef>
				<prefixDef ident="blterms" matchPattern="([A-Za-z]+)" replacementPattern="http://www.bl.uk/schemas/bibliographic/blterms#$1"></prefixDef>
				<prefixDef ident="rdfs" matchPattern="([A-Za-z]+)" replacementPattern="http://www.w3.org/2000/01/rdf-schema#$1"></prefixDef>
			</listPrefixDef>
			<metDecl type="met" pattern="((\+|\-)+)*">
				<metSym value="+">stressed syllable</metSym>
				<metSym value="-">unstressed syllable</metSym>
			</metDecl>
			<metDecl type="met">
				<p>
					<ref target="https://github.com/bncolorado/adsoScansionSystem">ADSO</ref>
The metrical patterns were extracted automatically using the 
                    tool.				</p>
			</metDecl>
			<metDecl type="enjamb">
				<p>
					<att>enjamb</att>
					<att>cert</att>
					<ref target="https://sites.google.com/site/spanishenjambment/">ANJA
                        (Automatic eNJambment Analysis)</ref>
					<ref target="https://sites.google.com/site/spanishenjambment/enjambment-types">documentation</ref>
					<ref target="https://sites.google.com/site/spanishenjambment/tei-certitude-values">report</ref>
The values of the  atributes were extracted automatically using
                    the  tool. For more information about the
                    types of enjambment as defined in this corpus, read the . In addition, a  was added to express the
                    degree of certainty concerning the characterisation of the enjambment. The following 
                     covers this feature in deep detail.				</p>
			</metDecl>
		</encodingDesc>
		<revisionDesc>
			<change when="2017-11-02" who="#prf">Initial TEI version</change>
			<change when="2017-11-27" who="#prf">Addition of metrical annotation</change>
			<change when="2017-11-27" who="#heb">Review of authors’ metadata</change>
			<change when="2017-12-01" who="#prf">Encoding of enjambment</change>
			<change when="2017-12-01" who="#heb">Publication of 19th, 18th and Golden Age version</change>
			<change when="2018-05-16" who="#heb">Revision of RDFa attributes</change>
		</revisionDesc>
	</teiHeader>
	<text>
		<front>
			<head>El no</head>
		</front>
		<body>
			<lg n="1" type="cuarteto">
				<l n="1" met="-+-+---+-+-">¡Ay, cuántas veces a tus pies postrado,</l>
				<l n="2" met="-+---+---+-">en lágrimas el rostro sumergido,</l>
				<l n="3" met="---+-+-+-+-" enjamb="B-ex_dobj_verb" cert="low">a tus divinos labios he pedido</l>
				<l n="4" met="+++-+-++-+-" enjamb="I-ex_dobj_verb" cert="low">un sí, cruel, que siempre me han negado!</l>
				<param name="AffectiveFeatures">
					<attRef name="Hap_Mean">
						<content>3.04</content>
					</attRef>
					<attRef name="Hap_SD">
						<content>1.77</content>
					</attRef>
					<attRef name="Ang_Mean">
						<content>6.23</content>
					</attRef>
					<attRef name="Ang_SD">
						<content>2.89</content>
					</attRef>
					<attRef name="Sad_Mean">
						<content>7.57</content>
					</attRef>
					<attRef name="Sad_SD">
						<content>2.49</content>
					</attRef>
					<attRef name="Fear_Mean">
						<content>5.44</content>
					</attRef>
					<attRef name="Fear_SD">
						<content>2.6</content>
					</attRef>
					<attRef name="Disg_Mean">
						<content>4.36</content>
					</attRef>
					<attRef name="Disg_SD">
						<content>2.0</content>
					</attRef>
					<attRef name="n_affective">
						<content>2</content>
					</attRef>
					<attRef name="ValenceMean">
						<content>61.93</content>
					</attRef>
					<attRef name="ValenceSD">
						<content>16.2</content>
					</attRef>
					<attRef name="ArousalMean">
						<content>65.78</content>
					</attRef>
					<attRef name="ArousalSD">
						<content>19.99</content>
					</attRef>
					<attRef name="n_v_a">
						<content>12</content>
					</attRef>
					<attRef name="Max_Aro">
						<content>7.38</content>
					</attRef>
					<attRef name="Min_Aro">
						<content>4.2</content>
					</attRef>
					<attRef name="ArousalSpan">
						<content>3.18</content>
					</attRef>
					<attRef name="Max_Val">
						<content>7.55</content>
					</attRef>
					<attRef name="Min_Val">
						<content>2.23</content>
					</attRef>
					<attRef name="ValenceSpan">
						<content>5.32</content>
					</attRef>
					<attRef name="CorAro">
						<content>0.5671</content>
					</attRef>
					<attRef name="CorVal">
						<content>-0.2765</content>
					</attRef>
					<attRef name="averageAoA">
						<content>62.82</content>
					</attRef>
					<attRef name="sdAOA">
						<content>24.95</content>
					</attRef>
					<attRef name="MinAoA">
						<content>18.0</content>
					</attRef>
					<attRef name="MaxAoA">
						<content>116.0</content>
					</attRef>
					<attRef name="OralFreq_Log">
						<content>23.6</content>
					</attRef>
					<attRef name="WrittenFreq_Log">
						<content>28.53</content>
					</attRef>
					<attRef name="n_aoa">
						<content>12</content>
					</attRef>
					<attRef name="Max_AoA">
						<content>8.38</content>
					</attRef>
					<attRef name="Min_AoA">
						<content>2.42</content>
					</attRef>
					<attRef name="AoASpan">
						<content>5.96</content>
					</attRef>
					<attRef name="Max_sdAOA">
						<content>2.814</content>
					</attRef>
					<attRef name="Min_sdAOA">
						<content>1.326</content>
					</attRef>
					<attRef name="sdAOASpan">
						<content>1.488</content>
					</attRef>
					<attRef name="Max_logOralFreq">
						<content>3.625</content>
					</attRef>
					<attRef name="Min_logOralFreq">
						<content>0.903</content>
					</attRef>
					<attRef name="logOralFreqSpan">
						<content>2.722</content>
					</attRef>
					<attRef name="Max_logWrittenFreq">
						<content>3.685</content>
					</attRef>
					<attRef name="Min_logWrittenFreq">
						<content>1.6130000000000002</content>
					</attRef>
					<attRef name="logWrittenFreqSpan">
						<content>2.072</content>
					</attRef>
					<attRef name="CorAoA">
						<content>0.4445</content>
					</attRef>
				</param>
			</lg>
			<lg n="2" type="cuarteto">
				<l n="5" met="--+-++-+-+-" enjamb="B-pb_noun_prep" cert="medium">Y pensando ya ver tu pecho helado</l>
				<l n="6" met="---+---+-+-" enjamb="I-pb_noun_prep" cert="medium">de mi tormento a compasión movido,</l>
				<l n="7" met="---+-++--+-" enjamb="B-ex_dobj_verb" cert="low">en vez de sí, ¡ay dolor! he recibido</l>
				<l n="8" met="++---++--+-" enjamb="I-ex_dobj_verb" cert="low">un no, que mi esperanza ha devorado.</l>
				<param name="AffectiveFeatures">
					<attRef name="Hap_Mean">
						<content>7.3</content>
					</attRef>
					<attRef name="Hap_SD">
						<content>2.26</content>
					</attRef>
					<attRef name="Ang_Mean">
						<content>5.44</content>
					</attRef>
					<attRef name="Ang_SD">
						<content>2.41</content>
					</attRef>
					<attRef name="Sad_Mean">
						<content>7.9</content>
					</attRef>
					<attRef name="Sad_SD">
						<content>3.11</content>
					</attRef>
					<attRef name="Fear_Mean">
						<content>6.03</content>
					</attRef>
					<attRef name="Fear_SD">
						<content>2.29</content>
					</attRef>
					<attRef name="Disg_Mean">
						<content>4.0</content>
					</attRef>
					<attRef name="Disg_SD">
						<content>1.91</content>
					</attRef>
					<attRef name="n_affective">
						<content>3</content>
					</attRef>
					<attRef name="ValenceMean">
						<content>64.58</content>
					</attRef>
					<attRef name="ValenceSD">
						<content>16.92</content>
					</attRef>
					<attRef name="ArousalMean">
						<content>67.45</content>
					</attRef>
					<attRef name="ArousalSD">
						<content>19.25</content>
					</attRef>
					<attRef name="n_v_a">
						<content>12</content>
					</attRef>
					<attRef name="Max_Aro">
						<content>8.25</content>
					</attRef>
					<attRef name="Min_Aro">
						<content>3.7</content>
					</attRef>
					<attRef name="ArousalSpan">
						<content>4.55</content>
					</attRef>
					<attRef name="Max_Val">
						<content>7.73</content>
					</attRef>
					<attRef name="Min_Val">
						<content>2.15</content>
					</attRef>
					<attRef name="ValenceSpan">
						<content>5.58</content>
					</attRef>
					<attRef name="CorAro">
						<content>0.3062</content>
					</attRef>
					<attRef name="CorVal">
						<content>-0.2119</content>
					</attRef>
					<attRef name="averageAoA">
						<content>53.26</content>
					</attRef>
					<attRef name="sdAOA">
						<content>18.96</content>
					</attRef>
					<attRef name="MinAoA">
						<content>17.0</content>
					</attRef>
					<attRef name="MaxAoA">
						<content>93.0</content>
					</attRef>
					<attRef name="OralFreq_Log">
						<content>21.98</content>
					</attRef>
					<attRef name="WrittenFreq_Log">
						<content>25.83</content>
					</attRef>
					<attRef name="n_aoa">
						<content>10</content>
					</attRef>
					<attRef name="Max_AoA">
						<content>9.14</content>
					</attRef>
					<attRef name="Min_AoA">
						<content>2.72</content>
					</attRef>
					<attRef name="AoASpan">
						<content>6.42</content>
					</attRef>
					<attRef name="Max_sdAOA">
						<content>2.814</content>
					</attRef>
					<attRef name="Min_sdAOA">
						<content>1.443</content>
					</attRef>
					<attRef name="sdAOASpan">
						<content>1.371</content>
					</attRef>
					<attRef name="Max_logOralFreq">
						<content>3.724</content>
					</attRef>
					<attRef name="Min_logOralFreq">
						<content>0.477</content>
					</attRef>
					<attRef name="logOralFreqSpan">
						<content>3.247</content>
					</attRef>
					<attRef name="Max_logWrittenFreq">
						<content>3.62</content>
					</attRef>
					<attRef name="Min_logWrittenFreq">
						<content>1.591</content>
					</attRef>
					<attRef name="logWrittenFreqSpan">
						<content>2.029</content>
					</attRef>
					<attRef name="CorAoA">
						<content>0.3018</content>
					</attRef>
				</param>
			</lg>
			<lg n="3" type="terceto">
				<l n="9" met="---+-+-+-+-">Mas si mi llanto no es de algún provecho,</l>
				<l n="10" met="---+---+-+-">si contra mí su indignación descarga,</l>
				<l n="11" met="-+-+---+++-">y si una ley de aniquilarme has hecho,</l>
				<param name="AffectiveFeatures">
					<attRef name="n_affective">
						<content>0</content>
					</attRef>
					<attRef name="ValenceMean">
						<content>39.79</content>
					</attRef>
					<attRef name="ValenceSD">
						<content>11.5</content>
					</attRef>
					<attRef name="ArousalMean">
						<content>44.67</content>
					</attRef>
					<attRef name="ArousalSD">
						<content>11.08</content>
					</attRef>
					<attRef name="n_v_a">
						<content>8</content>
					</attRef>
					<attRef name="Max_Aro">
						<content>7.6</content>
					</attRef>
					<attRef name="Min_Aro">
						<content>4.1</content>
					</attRef>
					<attRef name="ArousalSpan">
						<content>3.5</content>
					</attRef>
					<attRef name="Max_Val">
						<content>6.65</content>
					</attRef>
					<attRef name="Min_Val">
						<content>2.3</content>
					</attRef>
					<attRef name="ValenceSpan">
						<content>4.35</content>
					</attRef>
					<attRef name="CorAro">
						<content>0.0428</content>
					</attRef>
					<attRef name="CorVal">
						<content>0.292</content>
					</attRef>
					<attRef name="averageAoA">
						<content>62.01</content>
					</attRef>
					<attRef name="sdAOA">
						<content>17.96</content>
					</attRef>
					<attRef name="MinAoA">
						<content>28.0</content>
					</attRef>
					<attRef name="MaxAoA">
						<content>99.33</content>
					</attRef>
					<attRef name="OralFreq_Log">
						<content>28.23</content>
					</attRef>
					<attRef name="WrittenFreq_Log">
						<content>31.48</content>
					</attRef>
					<attRef name="n_aoa">
						<content>11</content>
					</attRef>
					<attRef name="Max_AoA">
						<content>9.66</content>
					</attRef>
					<attRef name="Min_AoA">
						<content>1.64</content>
					</attRef>
					<attRef name="AoASpan">
						<content>8.02</content>
					</attRef>
					<attRef name="Max_sdAOA">
						<content>2.365</content>
					</attRef>
					<attRef name="Min_sdAOA">
						<content>0.921</content>
					</attRef>
					<attRef name="sdAOASpan">
						<content>1.444</content>
					</attRef>
					<attRef name="Max_logOralFreq">
						<content>4.152</content>
					</attRef>
					<attRef name="Min_logOralFreq">
						<content>0.602</content>
					</attRef>
					<attRef name="logOralFreqSpan">
						<content>3.55</content>
					</attRef>
					<attRef name="Max_logWrittenFreq">
						<content>4.003</content>
					</attRef>
					<attRef name="Min_logWrittenFreq">
						<content>1.724</content>
					</attRef>
					<attRef name="logWrittenFreqSpan">
						<content>2.279</content>
					</attRef>
					<attRef name="CorAoA">
						<content>0.1081</content>
					</attRef>
				</param>
			</lg>
			<lg n="4" type="terceto">
				<l n="12" met="+-++-++-++-">quítame de una vez pena tan larga,</l>
				<l n="13" met="-+-+-+-+-+-">escóndeme un puñal en este pecho,</l>
				<l n="14" met="-+++++-+-+-">y no me des un no que tanto amarga.</l>
				<param name="AffectiveFeatures">
					<attRef name="Hap_Mean">
						<content>2.23</content>
					</attRef>
					<attRef name="Hap_SD">
						<content>0.57</content>
					</attRef>
					<attRef name="Ang_Mean">
						<content>4.83</content>
					</attRef>
					<attRef name="Ang_SD">
						<content>2.66</content>
					</attRef>
					<attRef name="Sad_Mean">
						<content>7.0</content>
					</attRef>
					<attRef name="Sad_SD">
						<content>2.35</content>
					</attRef>
					<attRef name="Fear_Mean">
						<content>6.5</content>
					</attRef>
					<attRef name="Fear_SD">
						<content>2.57</content>
					</attRef>
					<attRef name="Disg_Mean">
						<content>3.76</content>
					</attRef>
					<attRef name="Disg_SD">
						<content>2.39</content>
					</attRef>
					<attRef name="n_affective">
						<content>2</content>
					</attRef>
					<attRef name="ValenceMean">
						<content>31.25</content>
					</attRef>
					<attRef name="ValenceSD">
						<content>7.73</content>
					</attRef>
					<attRef name="ArousalMean">
						<content>39.46</content>
					</attRef>
					<attRef name="ArousalSD">
						<content>9.49</content>
					</attRef>
					<attRef name="n_v_a">
						<content>7</content>
					</attRef>
					<attRef name="Max_Aro">
						<content>7.75</content>
					</attRef>
					<attRef name="Min_Aro">
						<content>4.75</content>
					</attRef>
					<attRef name="ArousalSpan">
						<content>3.0</content>
					</attRef>
					<attRef name="Max_Val">
						<content>6.65</content>
					</attRef>
					<attRef name="Min_Val">
						<content>1.9</content>
					</attRef>
					<attRef name="ValenceSpan">
						<content>4.75</content>
					</attRef>
					<attRef name="CorAro">
						<content>0.2828</content>
					</attRef>
					<attRef name="CorVal">
						<content>0.279</content>
					</attRef>
					<attRef name="averageAoA">
						<content>38.56</content>
					</attRef>
					<attRef name="sdAOA">
						<content>16.05</content>
					</attRef>
					<attRef name="MinAoA">
						<content>10.0</content>
					</attRef>
					<attRef name="MaxAoA">
						<content>72.0</content>
					</attRef>
					<attRef name="OralFreq_Log">
						<content>17.56</content>
					</attRef>
					<attRef name="WrittenFreq_Log">
						<content>20.0</content>
					</attRef>
					<attRef name="n_aoa">
						<content>7</content>
					</attRef>
					<attRef name="Max_AoA">
						<content>8.18</content>
					</attRef>
					<attRef name="Min_AoA">
						<content>3.0</content>
					</attRef>
					<attRef name="AoASpan">
						<content>5.18</content>
					</attRef>
					<attRef name="Max_sdAOA">
						<content>2.814</content>
					</attRef>
					<attRef name="Min_sdAOA">
						<content>1.829</content>
					</attRef>
					<attRef name="sdAOASpan">
						<content>0.985</content>
					</attRef>
					<attRef name="Max_logOralFreq">
						<content>3.51</content>
					</attRef>
					<attRef name="Min_logOralFreq">
						<content>0.903</content>
					</attRef>
					<attRef name="logOralFreqSpan">
						<content>2.607</content>
					</attRef>
					<attRef name="Max_logWrittenFreq">
						<content>3.783</content>
					</attRef>
					<attRef name="Min_logWrittenFreq">
						<content>1.531</content>
					</attRef>
					<attRef name="logWrittenFreqSpan">
						<content>2.252</content>
					</attRef>
					<attRef name="CorAoA">
						<content>-0.2485</content>
					</attRef>
				</param>
			</lg>
			<param name="AffectiveFeatures">
				<attRef name="Hap_Mean">
					<content>12.57</content>
				</attRef>
				<attRef name="Hap_SD">
					<content>4.6</content>
				</attRef>
				<attRef name="Ang_Mean">
					<content>16.5</content>
				</attRef>
				<attRef name="Ang_SD">
					<content>7.96</content>
				</attRef>
				<attRef name="Sad_Mean">
					<content>22.47</content>
				</attRef>
				<attRef name="Sad_SD">
					<content>7.95</content>
				</attRef>
				<attRef name="Fear_Mean">
					<content>17.97</content>
				</attRef>
				<attRef name="Fear_SD">
					<content>7.46</content>
				</attRef>
				<attRef name="Disg_Mean">
					<content>12.12</content>
				</attRef>
				<attRef name="Disg_SD">
					<content>6.3</content>
				</attRef>
				<attRef name="n_affective">
					<content>7</content>
				</attRef>
				<attRef name="ValenceMean">
					<content>197.55</content>
				</attRef>
				<attRef name="ValenceSD">
					<content>52.35</content>
				</attRef>
				<attRef name="ArousalMean">
					<content>217.36</content>
				</attRef>
				<attRef name="ArousalSD">
					<content>59.81</content>
				</attRef>
				<attRef name="n_v_a">
					<content>39</content>
				</attRef>
				<attRef name="Max_Aro">
					<content>8.25</content>
				</attRef>
				<attRef name="Min_Aro">
					<content>3.7</content>
				</attRef>
				<attRef name="ArousalSpan">
					<content>4.55</content>
				</attRef>
				<attRef name="Max_Val">
					<content>7.73</content>
				</attRef>
				<attRef name="Min_Val">
					<content>1.9</content>
				</attRef>
				<attRef name="ValenceSpan">
					<content>5.83</content>
				</attRef>
				<attRef name="CorAro">
					<content>0.1256</content>
				</attRef>
				<attRef name="CorVal">
					<content>-0.1611</content>
				</attRef>
				<attRef name="averageAoA">
					<content>216.65</content>
				</attRef>
				<attRef name="sdAOA">
					<content>77.91</content>
				</attRef>
				<attRef name="MinAoA">
					<content>73.0</content>
				</attRef>
				<attRef name="MaxAoA">
					<content>380.33</content>
				</attRef>
				<attRef name="OralFreq_Log">
					<content>91.37</content>
				</attRef>
				<attRef name="WrittenFreq_Log">
					<content>105.84</content>
				</attRef>
				<attRef name="n_aoa">
					<content>40</content>
				</attRef>
				<attRef name="Max_AoA">
					<content>9.66</content>
				</attRef>
				<attRef name="Min_AoA">
					<content>1.64</content>
				</attRef>
				<attRef name="AoASpan">
					<content>8.02</content>
				</attRef>
				<attRef name="Max_sdAOA">
					<content>2.814</content>
				</attRef>
				<attRef name="Min_sdAOA">
					<content>0.921</content>
				</attRef>
				<attRef name="sdAOASpan">
					<content>1.893</content>
				</attRef>
				<attRef name="Max_logOralFreq">
					<content>4.152</content>
				</attRef>
				<attRef name="Min_logOralFreq">
					<content>0.477</content>
				</attRef>
				<attRef name="logOralFreqSpan">
					<content>3.675</content>
				</attRef>
				<attRef name="Max_logWrittenFreq">
					<content>4.003</content>
				</attRef>
				<attRef name="Min_logWrittenFreq">
					<content>1.531</content>
				</attRef>
				<attRef name="logWrittenFreqSpan">
					<content>2.472</content>
				</attRef>
				<attRef name="CorAoA">
					<content>0.113</content>
				</attRef>
			</param>
		</body>
	</text>
</TEI>