<?xml version="1.0" encoding="utf-8"?>
<TEI xmlns="http://www.tei-c.org/ns/1.0">
	<teiHeader>
		<fileDesc>
			<titleStmt about="disco:po_048e0283">
				<title property="dc:title">Brindando en un banquete de bodas</title>
				<author property="dc:creator" resource="disco:048e" corresp="#disco_048e">Juan Bautista Arriaza</author>
				<principal xml:id="prf">Pablo Ruiz Fabo</principal>
				<principal xml:id="heb">Helena Bermúdez Sabel</principal>
				<principal xml:id="jct">José Calvo Tello</principal>
				<principal xml:id="cimc">Clara Isabel Martínez Cantón</principal>
				<respStmt>
					<resp>Metrical annotation by</resp>
					<name xml:id="bnc">Borja Navarro Colorado</name>
				</respStmt>
			</titleStmt>
			<extent>
				<measure unit="sonnets">1</measure>
				<measure unit="tokens">100</measure>
				<measure unit="line">14</measure>
			</extent>
			<publicationStmt>
				<publisher>Diachronic Spanish Sonnet Corpus</publisher>
				<authority>POSTDATA Project</authority>
				<pubPlace>Madrid</pubPlace>
				<availability status="free">
					<p>The text is freely available</p>
				</availability>
				<date when="2017">2017</date>
				<idno type="#disco" xml:id="file_po_048e0283"></idno>
			</publicationStmt>
			<sourceDesc>
				<bibl type="digital-source">
					<hi rend="italics">Sonetos del siglo XVIII</hi>
					<date when="2006">2006</date>
					<ref target="http://www.cervantesvirtual.com/nd/ark:/59851/bmc12653"></ref>
					<ref target="http://www.cervantesvirtual.com/obra/sonetos-del-siglo-xviii--0/"></ref>
Biblioteca Cervantes Virtual,  / editados por Ramón García González, , , .				</bibl>
			</sourceDesc>
		</fileDesc>
		<profileDesc>
			<langUsage>
				<language ident="es" about="disco:po_048e0283" property="dc:language" resource="dbpedia:Idioma_español">Spanish</language>
			</langUsage>
			<particDesc>
				<listPerson>
					<person xml:id="disco_048e" about="disco:048e" typeOf="foaf:Person">
						<idno cert="high" property="rdfs:seeAlso" resource="https://viaf.org/viaf/35385691"></idno>
						<persName type="short">Arriaza</persName>
						<persName type="full">
							<forename property="foaf:givenName">Juan Bautista</forename>
							<surname property="foaf:familyName">Arriaza</surname>
						</persName>
						<persName type="source" property="foaf:name">Juan Bautista Arriaza</persName>
						<sex property="foaf:gender" content="M"></sex>
						<birth>
							<location>
								<placeName>
									<settlement property="schema:birthPlace" inlist="">Madrid</settlement>
									<country property="schema:birthPlace" inlist="">España</country>
									<bloc property="schema:birthPlace" inlist="">Europa</bloc>
								</placeName>
							</location>
							<date property="schema:birthDate" content="1770" cert="high"></date>
							<date type="century">18</date>
						</birth>
						<death>
							<date property="schema:deathDate" content="1837" cert="high"></date>
							<date type="century">19</date>
						</death>
						<listBibl inlist="" rel="blterms:hasCreated" typeOf="schema:CreativeWork">
							<bibl resource="disco:s048e0283">
								<title property="dc:title">Brindando en un banquete de bodas</title>
								<title type="incipit" property="dc:alternative">Gime la prensa cuna al pliego ajusta</title>
							</bibl>
						</listBibl>
					</person>
				</listPerson>
			</particDesc>
		</profileDesc>
		<encodingDesc>
			<listPrefixDef>
				<prefixDef ident="foaf" matchPattern="([A-Za-z]+)" replacementPattern="http://xmlns.com/foaf/0.1/$1"></prefixDef>
				<prefixDef ident="dc" matchPattern="([A-Za-z]+)" replacementPattern="http://purl.org/dc/terms/$1"></prefixDef>
				<prefixDef ident="schema" matchPattern="([A-Za-z]+)" replacementPattern="http://schema.org/$1"></prefixDef>
				<prefixDef ident="dbpedia" matchPattern="([A-Za-z]+(_[A-Za-z])*)" replacementPattern="http://es.dbpedia.org/page/"></prefixDef>
				<prefixDef ident="blterms" matchPattern="([A-Za-z]+)" replacementPattern="http://www.bl.uk/schemas/bibliographic/blterms#$1"></prefixDef>
				<prefixDef ident="rdfs" matchPattern="([A-Za-z]+)" replacementPattern="http://www.w3.org/2000/01/rdf-schema#$1"></prefixDef>
			</listPrefixDef>
			<metDecl type="met" pattern="((\+|\-)+)*">
				<metSym value="+">stressed syllable</metSym>
				<metSym value="-">unstressed syllable</metSym>
			</metDecl>
			<metDecl type="met">
				<p>
					<ref target="https://github.com/bncolorado/adsoScansionSystem">ADSO</ref>
The metrical patterns were extracted automatically using the 
                    tool.				</p>
			</metDecl>
			<metDecl type="enjamb">
				<p>
					<att>enjamb</att>
					<att>cert</att>
					<ref target="https://sites.google.com/site/spanishenjambment/">ANJA
                        (Automatic eNJambment Analysis)</ref>
					<ref target="https://sites.google.com/site/spanishenjambment/enjambment-types">documentation</ref>
					<ref target="https://sites.google.com/site/spanishenjambment/tei-certitude-values">report</ref>
The values of the  atributes were extracted automatically using
                    the  tool. For more information about the
                    types of enjambment as defined in this corpus, read the . In addition, a  was added to express the
                    degree of certainty concerning the characterisation of the enjambment. The following 
                     covers this feature in deep detail.				</p>
			</metDecl>
		</encodingDesc>
		<revisionDesc>
			<change when="2017-11-02" who="#prf">Initial TEI version</change>
			<change when="2017-11-27" who="#prf">Addition of metrical annotation</change>
			<change when="2017-11-27" who="#heb">Review of authors’ metadata</change>
			<change when="2017-12-01" who="#prf">Encoding of enjambment</change>
			<change when="2017-12-01" who="#heb">Publication of 19th, 18th and Golden Age version</change>
			<change when="2018-05-16" who="#heb">Revision of RDFa attributes</change>
		</revisionDesc>
	</teiHeader>
	<text>
		<front>
			<head>Brindando en un banquete de bodas</head>
		</front>
		<body>
			<lg n="1" type="cuarteto">
				<l n="1" met="+--+-+-+-+-" enjamb="B-ex_dobj_verb" cert="low">Gime la prensa cuna al pliego ajusta</l>
				<l n="2" met="--+--+---+-" enjamb="I-ex_dobj_verb" cert="low">vuestro nombre, Isabel, y el de Fernando;</l>
				<l n="3" met="++--+--+-+-" enjamb="B-pb_verb_cprep" cert="medium">gime, y es de placer de estar gozando</l>
				<l n="4" met="+--+---+-+-" enjamb="I-pb_verb_cprep" cert="medium">de ambos monarcas la presencia augusta.</l>
				<param name="AffectiveFeatures">
					<attRef name="Hap_Mean">
						<content>11.9</content>
					</attRef>
					<attRef name="Hap_SD">
						<content>2.84</content>
					</attRef>
					<attRef name="Ang_Mean">
						<content>5.44</content>
					</attRef>
					<attRef name="Ang_SD">
						<content>2.69</content>
					</attRef>
					<attRef name="Sad_Mean">
						<content>5.24</content>
					</attRef>
					<attRef name="Sad_SD">
						<content>2.45</content>
					</attRef>
					<attRef name="Fear_Mean">
						<content>5.34</content>
					</attRef>
					<attRef name="Fear_SD">
						<content>2.54</content>
					</attRef>
					<attRef name="Disg_Mean">
						<content>5.17</content>
					</attRef>
					<attRef name="Disg_SD">
						<content>2.46</content>
					</attRef>
					<attRef name="n_affective">
						<content>4</content>
					</attRef>
					<attRef name="ValenceMean">
						<content>50.79</content>
					</attRef>
					<attRef name="ValenceSD">
						<content>9.5</content>
					</attRef>
					<attRef name="ArousalMean">
						<content>40.93</content>
					</attRef>
					<attRef name="ArousalSD">
						<content>14.58</content>
					</attRef>
					<attRef name="n_v_a">
						<content>8</content>
					</attRef>
					<attRef name="Max_Aro">
						<content>6.7</content>
					</attRef>
					<attRef name="Min_Aro">
						<content>3.05</content>
					</attRef>
					<attRef name="ArousalSpan">
						<content>3.65</content>
					</attRef>
					<attRef name="Max_Val">
						<content>8.25</content>
					</attRef>
					<attRef name="Min_Val">
						<content>4.5</content>
					</attRef>
					<attRef name="ValenceSpan">
						<content>3.75</content>
					</attRef>
					<attRef name="CorAro">
						<content>0.4709</content>
					</attRef>
					<attRef name="CorVal">
						<content>0.1033</content>
					</attRef>
					<attRef name="averageAoA">
						<content>65.95</content>
					</attRef>
					<attRef name="sdAOA">
						<content>16.25</content>
					</attRef>
					<attRef name="MinAoA">
						<content>25.0</content>
					</attRef>
					<attRef name="MaxAoA">
						<content>90.0</content>
					</attRef>
					<attRef name="OralFreq_Log">
						<content>16.14</content>
					</attRef>
					<attRef name="WrittenFreq_Log">
						<content>21.37</content>
					</attRef>
					<attRef name="n_aoa">
						<content>9</content>
					</attRef>
					<attRef name="Max_AoA">
						<content>9.96</content>
					</attRef>
					<attRef name="Min_AoA">
						<content>2.48</content>
					</attRef>
					<attRef name="AoASpan">
						<content>7.48</content>
					</attRef>
					<attRef name="Max_sdAOA">
						<content>2.5885</content>
					</attRef>
					<attRef name="Min_sdAOA">
						<content>1.216</content>
					</attRef>
					<attRef name="sdAOASpan">
						<content>1.3725</content>
					</attRef>
					<attRef name="Max_logOralFreq">
						<content>2.78</content>
					</attRef>
					<attRef name="Min_logOralFreq">
						<content>0.477</content>
					</attRef>
					<attRef name="logOralFreqSpan">
						<content>2.303</content>
					</attRef>
					<attRef name="Max_logWrittenFreq">
						<content>3.184</content>
					</attRef>
					<attRef name="Min_logWrittenFreq">
						<content>1.255</content>
					</attRef>
					<attRef name="logWrittenFreqSpan">
						<content>1.929</content>
					</attRef>
					<attRef name="CorAoA">
						<content>0.4583</content>
					</attRef>
				</param>
			</lg>
			<lg n="2" type="cuarteto">
				<l n="5" met="-+-+-+-+-+-">materia hallar quisiera más robusta</l>
				<l n="6" met="---+-+---+-" enjamb="B-ex_dobj_verb" cert="low">en que imprimir, la gloria eternizando</l>
				<l n="7" met="+++-+-+--+-" enjamb="I-ex_dobj_verb" cert="low">de un rey al pueblo tan benigno y blando,</l>
				<l n="8" met="+-+-++-+-+-">de una reina tan bella, amable y justa.</l>
				<param name="AffectiveFeatures">
					<attRef name="Hap_Mean">
						<content>20.49</content>
					</attRef>
					<attRef name="Hap_SD">
						<content>7.62</content>
					</attRef>
					<attRef name="Ang_Mean">
						<content>11.26</content>
					</attRef>
					<attRef name="Ang_SD">
						<content>6.48</content>
					</attRef>
					<attRef name="Sad_Mean">
						<content>10.98</content>
					</attRef>
					<attRef name="Sad_SD">
						<content>6.12</content>
					</attRef>
					<attRef name="Fear_Mean">
						<content>10.92</content>
					</attRef>
					<attRef name="Fear_SD">
						<content>6.74</content>
					</attRef>
					<attRef name="Disg_Mean">
						<content>10.72</content>
					</attRef>
					<attRef name="Disg_SD">
						<content>5.51</content>
					</attRef>
					<attRef name="n_affective">
						<content>7</content>
					</attRef>
					<attRef name="ValenceMean">
						<content>86.73</content>
					</attRef>
					<attRef name="ValenceSD">
						<content>16.52</content>
					</attRef>
					<attRef name="ArousalMean">
						<content>66.91</content>
					</attRef>
					<attRef name="ArousalSD">
						<content>27.29</content>
					</attRef>
					<attRef name="n_v_a">
						<content>14</content>
					</attRef>
					<attRef name="Max_Aro">
						<content>5.7</content>
					</attRef>
					<attRef name="Min_Aro">
						<content>3.63</content>
					</attRef>
					<attRef name="ArousalSpan">
						<content>2.07</content>
					</attRef>
					<attRef name="Max_Val">
						<content>8.5</content>
					</attRef>
					<attRef name="Min_Val">
						<content>4.55</content>
					</attRef>
					<attRef name="ValenceSpan">
						<content>3.95</content>
					</attRef>
					<attRef name="CorAro">
						<content>-0.2573</content>
					</attRef>
					<attRef name="CorVal">
						<content>0.189</content>
					</attRef>
					<attRef name="averageAoA">
						<content>67.2</content>
					</attRef>
					<attRef name="sdAOA">
						<content>24.12</content>
					</attRef>
					<attRef name="MinAoA">
						<content>23.0</content>
					</attRef>
					<attRef name="MaxAoA">
						<content>124.0</content>
					</attRef>
					<attRef name="OralFreq_Log">
						<content>27.37</content>
					</attRef>
					<attRef name="WrittenFreq_Log">
						<content>31.55</content>
					</attRef>
					<attRef name="n_aoa">
						<content>12</content>
					</attRef>
					<attRef name="Max_AoA">
						<content>8.98</content>
					</attRef>
					<attRef name="Min_AoA">
						<content>3.98</content>
					</attRef>
					<attRef name="AoASpan">
						<content>5.0</content>
					</attRef>
					<attRef name="Max_sdAOA">
						<content>2.488</content>
					</attRef>
					<attRef name="Min_sdAOA">
						<content>1.647</content>
					</attRef>
					<attRef name="sdAOASpan">
						<content>0.841</content>
					</attRef>
					<attRef name="Max_logOralFreq">
						<content>3.398</content>
					</attRef>
					<attRef name="Min_logOralFreq">
						<content>1.301</content>
					</attRef>
					<attRef name="logOralFreqSpan">
						<content>2.097</content>
					</attRef>
					<attRef name="Max_logWrittenFreq">
						<content>3.783</content>
					</attRef>
					<attRef name="Min_logWrittenFreq">
						<content>1.6230000000000002</content>
					</attRef>
					<attRef name="logWrittenFreqSpan">
						<content>2.16</content>
					</attRef>
					<attRef name="CorAoA">
						<content>-0.2571</content>
					</attRef>
				</param>
			</lg>
			<lg n="3" type="terceto">
				<l n="9" met="-+-+-++--+-" enjamb="B-pb_noun_prep" cert="medium">Mas no, Fernando, no la huella intensa</l>
				<l n="10" met="--+--+---+-" enjamb="I-pb_noun_prep" cert="medium">del buril, ni pincel en sus matices</l>
				<l n="11" met="+--+---+-+-">cede en su obsequio la afanosa prensa;</l>
				<param name="AffectiveFeatures">
					<attRef name="Hap_Mean">
						<content>8.27</content>
					</attRef>
					<attRef name="Hap_SD">
						<content>2.7</content>
					</attRef>
					<attRef name="Ang_Mean">
						<content>3.8</content>
					</attRef>
					<attRef name="Ang_SD">
						<content>1.53</content>
					</attRef>
					<attRef name="Sad_Mean">
						<content>4.03</content>
					</attRef>
					<attRef name="Sad_SD">
						<content>1.79</content>
					</attRef>
					<attRef name="Fear_Mean">
						<content>3.83</content>
					</attRef>
					<attRef name="Fear_SD">
						<content>1.29</content>
					</attRef>
					<attRef name="Disg_Mean">
						<content>3.93</content>
					</attRef>
					<attRef name="Disg_SD">
						<content>1.81</content>
					</attRef>
					<attRef name="n_affective">
						<content>3</content>
					</attRef>
					<attRef name="ValenceMean">
						<content>46.6</content>
					</attRef>
					<attRef name="ValenceSD">
						<content>9.58</content>
					</attRef>
					<attRef name="ArousalMean">
						<content>41.92</content>
					</attRef>
					<attRef name="ArousalSD">
						<content>11.25</content>
					</attRef>
					<attRef name="n_v_a">
						<content>8</content>
					</attRef>
					<attRef name="Max_Aro">
						<content>7.15</content>
					</attRef>
					<attRef name="Min_Aro">
						<content>3.2</content>
					</attRef>
					<attRef name="ArousalSpan">
						<content>3.95</content>
					</attRef>
					<attRef name="Max_Val">
						<content>7.45</content>
					</attRef>
					<attRef name="Min_Val">
						<content>5.26</content>
					</attRef>
					<attRef name="ValenceSpan">
						<content>2.19</content>
					</attRef>
					<attRef name="CorAro">
						<content>-0.1353</content>
					</attRef>
					<attRef name="CorVal">
						<content>0.2479</content>
					</attRef>
					<attRef name="averageAoA">
						<content>41.32</content>
					</attRef>
					<attRef name="sdAOA">
						<content>11.56</content>
					</attRef>
					<attRef name="MinAoA">
						<content>18.0</content>
					</attRef>
					<attRef name="MaxAoA">
						<content>65.33</content>
					</attRef>
					<attRef name="OralFreq_Log">
						<content>8.67</content>
					</attRef>
					<attRef name="WrittenFreq_Log">
						<content>12.3</content>
					</attRef>
					<attRef name="n_aoa">
						<content>6</content>
					</attRef>
					<attRef name="Max_AoA">
						<content>8.84</content>
					</attRef>
					<attRef name="Min_AoA">
						<content>4.28</content>
					</attRef>
					<attRef name="AoASpan">
						<content>4.56</content>
					</attRef>
					<attRef name="Max_sdAOA">
						<content>2.403</content>
					</attRef>
					<attRef name="Min_sdAOA">
						<content>1.271</content>
					</attRef>
					<attRef name="sdAOASpan">
						<content>1.132</content>
					</attRef>
					<attRef name="Max_logOralFreq">
						<content>2.555</content>
					</attRef>
					<attRef name="Min_logOralFreq">
						<content>0.477</content>
					</attRef>
					<attRef name="logOralFreqSpan">
						<content>2.078</content>
					</attRef>
					<attRef name="Max_logWrittenFreq">
						<content>3.032666666666667</content>
					</attRef>
					<attRef name="Min_logWrittenFreq">
						<content>1.204</content>
					</attRef>
					<attRef name="logWrittenFreqSpan">
						<content>1.8287</content>
					</attRef>
					<attRef name="CorAoA">
						<content>0.468</content>
					</attRef>
				</param>
			</lg>
			<lg n="4" type="terceto">
				<l n="12" met="+--+-+---+-" enjamb="B-ex_subj_verb" cert="low">que es su blasón con tipos y matices</l>
				<l n="13" met="-+-++--+-+-" enjamb="I-ex_subj_verb" cert="low">llevar tu voz a una distancia inmensa,</l>
				<l n="14" met="--+-++-+-+-">y a doquier que la lleve hacer felice.</l>
				<param name="AffectiveFeatures">
					<attRef name="Hap_Mean">
						<content>4.63</content>
					</attRef>
					<attRef name="Hap_SD">
						<content>0.76</content>
					</attRef>
					<attRef name="Ang_Mean">
						<content>1.0</content>
					</attRef>
					<attRef name="Ang_SD">
						<content>0.0</content>
					</attRef>
					<attRef name="Sad_Mean">
						<content>1.1</content>
					</attRef>
					<attRef name="Sad_SD">
						<content>0.4</content>
					</attRef>
					<attRef name="Fear_Mean">
						<content>1.2</content>
					</attRef>
					<attRef name="Fear_SD">
						<content>0.76</content>
					</attRef>
					<attRef name="Disg_Mean">
						<content>1.0</content>
					</attRef>
					<attRef name="Disg_SD">
						<content>0.0</content>
					</attRef>
					<attRef name="n_affective">
						<content>1</content>
					</attRef>
					<attRef name="ValenceMean">
						<content>64.13</content>
					</attRef>
					<attRef name="ValenceSD">
						<content>14.42</content>
					</attRef>
					<attRef name="ArousalMean">
						<content>56.66</content>
					</attRef>
					<attRef name="ArousalSD">
						<content>18.19</content>
					</attRef>
					<attRef name="n_v_a">
						<content>11</content>
					</attRef>
					<attRef name="Max_Aro">
						<content>6.0</content>
					</attRef>
					<attRef name="Min_Aro">
						<content>4.09</content>
					</attRef>
					<attRef name="ArousalSpan">
						<content>1.91</content>
					</attRef>
					<attRef name="Max_Val">
						<content>8.3</content>
					</attRef>
					<attRef name="Min_Val">
						<content>3.05</content>
					</attRef>
					<attRef name="ValenceSpan">
						<content>5.25</content>
					</attRef>
					<attRef name="CorAro">
						<content>0.5665</content>
					</attRef>
					<attRef name="CorVal">
						<content>0.5383</content>
					</attRef>
					<attRef name="averageAoA">
						<content>47.06</content>
					</attRef>
					<attRef name="sdAOA">
						<content>14.66</content>
					</attRef>
					<attRef name="MinAoA">
						<content>17.0</content>
					</attRef>
					<attRef name="MaxAoA">
						<content>78.0</content>
					</attRef>
					<attRef name="OralFreq_Log">
						<content>19.46</content>
					</attRef>
					<attRef name="WrittenFreq_Log">
						<content>21.54</content>
					</attRef>
					<attRef name="n_aoa">
						<content>8</content>
					</attRef>
					<attRef name="Max_AoA">
						<content>10.8</content>
					</attRef>
					<attRef name="Min_AoA">
						<content>3.52</content>
					</attRef>
					<attRef name="AoASpan">
						<content>7.28</content>
					</attRef>
					<attRef name="Max_sdAOA">
						<content>2.358</content>
					</attRef>
					<attRef name="Min_sdAOA">
						<content>0.67</content>
					</attRef>
					<attRef name="sdAOASpan">
						<content>1.688</content>
					</attRef>
					<attRef name="Max_logOralFreq">
						<content>3.684</content>
					</attRef>
					<attRef name="Min_logOralFreq">
						<content>0.301</content>
					</attRef>
					<attRef name="logOralFreqSpan">
						<content>3.383</content>
					</attRef>
					<attRef name="Max_logWrittenFreq">
						<content>3.504</content>
					</attRef>
					<attRef name="Min_logWrittenFreq">
						<content>0.903</content>
					</attRef>
					<attRef name="logWrittenFreqSpan">
						<content>2.601</content>
					</attRef>
					<attRef name="CorAoA">
						<content>-0.7189</content>
					</attRef>
				</param>
			</lg>
			<param name="AffectiveFeatures">
				<attRef name="Hap_Mean">
					<content>45.29</content>
				</attRef>
				<attRef name="Hap_SD">
					<content>13.92</content>
				</attRef>
				<attRef name="Ang_Mean">
					<content>21.5</content>
				</attRef>
				<attRef name="Ang_SD">
					<content>10.7</content>
				</attRef>
				<attRef name="Sad_Mean">
					<content>21.35</content>
				</attRef>
				<attRef name="Sad_SD">
					<content>10.76</content>
				</attRef>
				<attRef name="Fear_Mean">
					<content>21.29</content>
				</attRef>
				<attRef name="Fear_SD">
					<content>11.33</content>
				</attRef>
				<attRef name="Disg_Mean">
					<content>20.82</content>
				</attRef>
				<attRef name="Disg_SD">
					<content>9.78</content>
				</attRef>
				<attRef name="n_affective">
					<content>15</content>
				</attRef>
				<attRef name="ValenceMean">
					<content>248.25</content>
				</attRef>
				<attRef name="ValenceSD">
					<content>50.02</content>
				</attRef>
				<attRef name="ArousalMean">
					<content>206.42</content>
				</attRef>
				<attRef name="ArousalSD">
					<content>71.31</content>
				</attRef>
				<attRef name="n_v_a">
					<content>41</content>
				</attRef>
				<attRef name="Max_Aro">
					<content>7.15</content>
				</attRef>
				<attRef name="Min_Aro">
					<content>3.05</content>
				</attRef>
				<attRef name="ArousalSpan">
					<content>4.1</content>
				</attRef>
				<attRef name="Max_Val">
					<content>8.5</content>
				</attRef>
				<attRef name="Min_Val">
					<content>3.05</content>
				</attRef>
				<attRef name="ValenceSpan">
					<content>5.45</content>
				</attRef>
				<attRef name="CorAro">
					<content>0.1102</content>
				</attRef>
				<attRef name="CorVal">
					<content>-0.1041</content>
				</attRef>
				<attRef name="averageAoA">
					<content>221.53</content>
				</attRef>
				<attRef name="sdAOA">
					<content>66.59</content>
				</attRef>
				<attRef name="MinAoA">
					<content>83.0</content>
				</attRef>
				<attRef name="MaxAoA">
					<content>357.33</content>
				</attRef>
				<attRef name="OralFreq_Log">
					<content>71.64</content>
				</attRef>
				<attRef name="WrittenFreq_Log">
					<content>86.75</content>
				</attRef>
				<attRef name="n_aoa">
					<content>35</content>
				</attRef>
				<attRef name="Max_AoA">
					<content>10.8</content>
				</attRef>
				<attRef name="Min_AoA">
					<content>2.48</content>
				</attRef>
				<attRef name="AoASpan">
					<content>8.32</content>
				</attRef>
				<attRef name="Max_sdAOA">
					<content>2.5885</content>
				</attRef>
				<attRef name="Min_sdAOA">
					<content>0.67</content>
				</attRef>
				<attRef name="sdAOASpan">
					<content>1.9185</content>
				</attRef>
				<attRef name="Max_logOralFreq">
					<content>3.684</content>
				</attRef>
				<attRef name="Min_logOralFreq">
					<content>0.301</content>
				</attRef>
				<attRef name="logOralFreqSpan">
					<content>3.383</content>
				</attRef>
				<attRef name="Max_logWrittenFreq">
					<content>3.783</content>
				</attRef>
				<attRef name="Min_logWrittenFreq">
					<content>0.903</content>
				</attRef>
				<attRef name="logWrittenFreqSpan">
					<content>2.88</content>
				</attRef>
				<attRef name="CorAoA">
					<content>-0.1751</content>
				</attRef>
			</param>
		</body>
	</text>
</TEI>