<?xml version="1.0" encoding="utf-8"?>
<TEI xmlns="http://www.tei-c.org/ns/1.0">
	<teiHeader>
		<fileDesc>
			<titleStmt about="disco:po_257g0539">
				<title property="dc:title">A la muerte de Lope de Vega</title>
				<author property="dc:creator" resource="disco:257g" corresp="#disco_257g">Juan Astete de Monroy</author>
				<principal xml:id="prf">Pablo Ruiz Fabo</principal>
				<principal xml:id="heb">Helena Bermúdez Sabel</principal>
				<principal xml:id="jct">José Calvo Tello</principal>
				<principal xml:id="cimc">Clara Isabel Martínez Cantón</principal>
				<respStmt>
					<resp>Metrical annotation by</resp>
					<name xml:id="bnc">Borja Navarro Colorado</name>
				</respStmt>
			</titleStmt>
			<extent>
				<measure unit="sonnets">1</measure>
				<measure unit="tokens">86</measure>
				<measure unit="line">14</measure>
			</extent>
			<publicationStmt>
				<publisher>Diachronic Spanish Sonnet Corpus</publisher>
				<authority>POSTDATA Project</authority>
				<pubPlace>Madrid</pubPlace>
				<availability status="free">
					<p>The text is freely available</p>
				</availability>
				<date when="2017">2017</date>
				<idno type="#disco" xml:id="file_po_257g0539"></idno>
			</publicationStmt>
			<sourceDesc>
				<bibl type="digital-source">
					<hi rend="italics">Sonetos del siglo XV al XVII</hi>
					<date when="2006">2006</date>
					<ref target="http://www.cervantesvirtual.com/nd/ark:/59851/bmc2r439"></ref>
					<ref target="http://www.cervantesvirtual.com/obra/sonetos-del-siglo-xv-al-xvii--0/"></ref>
Biblioteca Cervantes Virtual,  / editados por Ramón García González, , , .				</bibl>
			</sourceDesc>
		</fileDesc>
		<profileDesc>
			<langUsage>
				<language ident="es" about="disco:po_257g0539" property="dc:language" resource="dbpedia:Idioma_español">Spanish</language>
			</langUsage>
			<particDesc>
				<listPerson>
					<person xml:id="disco_257g" about="disco:257g" typeOf="foaf:Person">
						<persName type="short">Astete de Monroy</persName>
						<persName type="full">
							<forename property="foaf:givenName">Juan</forename>
							<surname property="foaf:familyName">Astete de Monroy</surname>
						</persName>
						<persName type="source" property="foaf:name">Juan Astete de Monroy</persName>
						<sex property="foaf:gender" content="M"></sex>
						<birth>
							<location>
								<placeName>
									<settlement property="schema:birthPlace" inlist="">Valladolid</settlement>
									<country property="schema:birthPlace" inlist="">España</country>
									<bloc property="schema:birthPlace" inlist="">Europa</bloc>
								</placeName>
							</location>
							<date type="century">17</date>
						</birth>
						<death>
							<date type="century">17</date>
						</death>
						<listBibl inlist="" rel="blterms:hasCreated" typeOf="schema:CreativeWork">
							<bibl resource="disco:s257g0539">
								<title property="dc:title">A la muerte de Lope de Vega</title>
								<title type="incipit" property="dc:alternative">El grande, el raro, el solo, el peregrino</title>
							</bibl>
						</listBibl>
					</person>
				</listPerson>
			</particDesc>
		</profileDesc>
		<encodingDesc>
			<listPrefixDef>
				<prefixDef ident="foaf" matchPattern="([A-Za-z]+)" replacementPattern="http://xmlns.com/foaf/0.1/$1"></prefixDef>
				<prefixDef ident="dc" matchPattern="([A-Za-z]+)" replacementPattern="http://purl.org/dc/terms/$1"></prefixDef>
				<prefixDef ident="schema" matchPattern="([A-Za-z]+)" replacementPattern="http://schema.org/$1"></prefixDef>
				<prefixDef ident="dbpedia" matchPattern="([A-Za-z]+(_[A-Za-z])*)" replacementPattern="http://es.dbpedia.org/page/"></prefixDef>
				<prefixDef ident="blterms" matchPattern="([A-Za-z]+)" replacementPattern="http://www.bl.uk/schemas/bibliographic/blterms#$1"></prefixDef>
				<prefixDef ident="rdfs" matchPattern="([A-Za-z]+)" replacementPattern="http://www.w3.org/2000/01/rdf-schema#$1"></prefixDef>
			</listPrefixDef>
			<metDecl type="met" pattern="((\+|\-)+)*">
				<metSym value="+">stressed syllable</metSym>
				<metSym value="-">unstressed syllable</metSym>
			</metDecl>
			<metDecl type="met">
				<p>
					<ref target="https://github.com/bncolorado/adsoScansionSystem">ADSO</ref>
The metrical patterns were extracted automatically using the 
                    tool.				</p>
			</metDecl>
			<metDecl type="enjamb">
				<p>
					<att>enjamb</att>
					<att>cert</att>
					<ref target="https://sites.google.com/site/spanishenjambment/">ANJA
                        (Automatic eNJambment Analysis)</ref>
					<ref target="https://sites.google.com/site/spanishenjambment/enjambment-types">documentation</ref>
					<ref target="https://sites.google.com/site/spanishenjambment/tei-certitude-values">report</ref>
The values of the  atributes were extracted automatically using
                    the  tool. For more information about the
                    types of enjambment as defined in this corpus, read the . In addition, a  was added to express the
                    degree of certainty concerning the characterisation of the enjambment. The following 
                     covers this feature in deep detail.				</p>
			</metDecl>
		</encodingDesc>
		<revisionDesc>
			<change when="2017-11-02" who="#prf">Initial TEI version</change>
			<change when="2017-11-27" who="#prf">Addition of metrical annotation</change>
			<change when="2017-11-27" who="#heb">Review of authors’ metadata</change>
			<change when="2017-12-01" who="#prf">Encoding of enjambment</change>
			<change when="2017-12-01" who="#heb">Publication of 19th, 18th and Golden Age version</change>
			<change when="2018-05-16" who="#heb">Revision of RDFa attributes</change>
		</revisionDesc>
	</teiHeader>
	<text>
		<front>
			<head>A la muerte de Lope de Vega</head>
		</front>
		<body>
			<lg n="1" type="cuarteto">
				<l n="1" met="-+-+-+---+-" enjamb="B-pb_adj_noun" cert="medium">El grande, el raro, el solo, el peregrino</l>
				<l n="2" met="--+--+-+-+-" enjamb="I-pb_adj_noun" cert="medium">admirado esplendor del suelo Hispano,</l>
				<l n="3" met="+-+---+--+-" enjamb="B-ex_dobj_verb" cert="low">hoy a la muerte satisfizo humano</l>
				<l n="4" met="--+--+---+-" enjamb="I-ex_dobj_verb" cert="low">las sospechas que tuvo de divino.</l>
				<param name="AffectiveFeatures">
					<attRef name="Hap_Mean">
						<content>10.97</content>
					</attRef>
					<attRef name="Hap_SD">
						<content>4.19</content>
					</attRef>
					<attRef name="Ang_Mean">
						<content>8.63</content>
					</attRef>
					<attRef name="Ang_SD">
						<content>4.73</content>
					</attRef>
					<attRef name="Sad_Mean">
						<content>13.33</content>
					</attRef>
					<attRef name="Sad_SD">
						<content>5.24</content>
					</attRef>
					<attRef name="Fear_Mean">
						<content>12.5</content>
					</attRef>
					<attRef name="Fear_SD">
						<content>5.82</content>
					</attRef>
					<attRef name="Disg_Mean">
						<content>7.4</content>
					</attRef>
					<attRef name="Disg_SD">
						<content>4.53</content>
					</attRef>
					<attRef name="n_affective">
						<content>5</content>
					</attRef>
					<attRef name="ValenceMean">
						<content>61.99</content>
					</attRef>
					<attRef name="ValenceSD">
						<content>15.75</content>
					</attRef>
					<attRef name="ArousalMean">
						<content>65.41</content>
					</attRef>
					<attRef name="ArousalSD">
						<content>19.17</content>
					</attRef>
					<attRef name="n_v_a">
						<content>12</content>
					</attRef>
					<attRef name="Max_Aro">
						<content>7.93</content>
					</attRef>
					<attRef name="Min_Aro">
						<content>4.15</content>
					</attRef>
					<attRef name="ArousalSpan">
						<content>3.78</content>
					</attRef>
					<attRef name="Max_Val">
						<content>7.18</content>
					</attRef>
					<attRef name="Min_Val">
						<content>1.45</content>
					</attRef>
					<attRef name="ValenceSpan">
						<content>5.73</content>
					</attRef>
					<attRef name="CorAro">
						<content>0.2629</content>
					</attRef>
					<attRef name="CorVal">
						<content>0.0113</content>
					</attRef>
					<attRef name="averageAoA">
						<content>65.98</content>
					</attRef>
					<attRef name="sdAOA">
						<content>21.99</content>
					</attRef>
					<attRef name="MinAoA">
						<content>26.0</content>
					</attRef>
					<attRef name="MaxAoA">
						<content>113.0</content>
					</attRef>
					<attRef name="OralFreq_Log">
						<content>23.48</content>
					</attRef>
					<attRef name="WrittenFreq_Log">
						<content>27.78</content>
					</attRef>
					<attRef name="n_aoa">
						<content>11</content>
					</attRef>
					<attRef name="Max_AoA">
						<content>8.82</content>
					</attRef>
					<attRef name="Min_AoA">
						<content>3.14</content>
					</attRef>
					<attRef name="AoASpan">
						<content>5.68</content>
					</attRef>
					<attRef name="Max_sdAOA">
						<content>2.249</content>
					</attRef>
					<attRef name="Min_sdAOA">
						<content>1.738</content>
					</attRef>
					<attRef name="sdAOASpan">
						<content>0.511</content>
					</attRef>
					<attRef name="Max_logOralFreq">
						<content>3.536</content>
					</attRef>
					<attRef name="Min_logOralFreq">
						<content>0.954</content>
					</attRef>
					<attRef name="logOralFreqSpan">
						<content>2.582</content>
					</attRef>
					<attRef name="Max_logWrittenFreq">
						<content>3.369</content>
					</attRef>
					<attRef name="Min_logWrittenFreq">
						<content>1.462</content>
					</attRef>
					<attRef name="logWrittenFreqSpan">
						<content>1.907</content>
					</attRef>
					<attRef name="CorAoA">
						<content>0.4478</content>
					</attRef>
				</param>
			</lg>
			<lg n="2" type="cuarteto">
				<l n="5" met="--+--+---+-">En sus obras la pira se previno,</l>
				<l n="6" met="--++++-+-+-">que ofrecérsela digna fuera en vano,</l>
				<l n="7" met="+-+--+----">cuanto excelsa Pirámide el Gitano</l>
				<l n="8" met="+-+--+---+-">Nilo ostenta en espejo cristalino.</l>
				<param name="AffectiveFeatures">
					<attRef name="n_affective">
						<content>0</content>
					</attRef>
					<attRef name="ValenceMean">
						<content>40.88</content>
					</attRef>
					<attRef name="ValenceSD">
						<content>8.75</content>
					</attRef>
					<attRef name="ArousalMean">
						<content>44.1</content>
					</attRef>
					<attRef name="ArousalSD">
						<content>8.62</content>
					</attRef>
					<attRef name="n_v_a">
						<content>8</content>
					</attRef>
					<attRef name="Max_Aro">
						<content>6.55</content>
					</attRef>
					<attRef name="Min_Aro">
						<content>4.85</content>
					</attRef>
					<attRef name="ArousalSpan">
						<content>1.7</content>
					</attRef>
					<attRef name="Max_Val">
						<content>6.7</content>
					</attRef>
					<attRef name="Min_Val">
						<content>4.33</content>
					</attRef>
					<attRef name="ValenceSpan">
						<content>2.37</content>
					</attRef>
					<attRef name="CorAro">
						<content>0.3964</content>
					</attRef>
					<attRef name="CorVal">
						<content>0.4496</content>
					</attRef>
					<attRef name="averageAoA">
						<content>28.08</content>
					</attRef>
					<attRef name="sdAOA">
						<content>9.64</content>
					</attRef>
					<attRef name="MinAoA">
						<content>10.0</content>
					</attRef>
					<attRef name="MaxAoA">
						<content>48.0</content>
					</attRef>
					<attRef name="OralFreq_Log">
						<content>9.97</content>
					</attRef>
					<attRef name="WrittenFreq_Log">
						<content>11.17</content>
					</attRef>
					<attRef name="n_aoa">
						<content>5</content>
					</attRef>
					<attRef name="Max_AoA">
						<content>6.8</content>
					</attRef>
					<attRef name="Min_AoA">
						<content>3.78</content>
					</attRef>
					<attRef name="AoASpan">
						<content>3.02</content>
					</attRef>
					<attRef name="Max_sdAOA">
						<content>2.52</content>
					</attRef>
					<attRef name="Min_sdAOA">
						<content>1.542</content>
					</attRef>
					<attRef name="sdAOASpan">
						<content>0.978</content>
					</attRef>
					<attRef name="Max_logOralFreq">
						<content>2.968</content>
					</attRef>
					<attRef name="Min_logOralFreq">
						<content>1.255</content>
					</attRef>
					<attRef name="logOralFreqSpan">
						<content>1.713</content>
					</attRef>
					<attRef name="Max_logWrittenFreq">
						<content>2.9560000000000004</content>
					</attRef>
					<attRef name="Min_logWrittenFreq">
						<content>1.342</content>
					</attRef>
					<attRef name="logWrittenFreqSpan">
						<content>1.614</content>
					</attRef>
					<attRef name="CorAoA">
						<content>-0.5116</content>
					</attRef>
				</param>
			</lg>
			<lg n="3" type="terceto">
				<l n="9" met="-+---+-+-+-">Emula de su fama, ¡o muerte fiera!</l>
				<l n="10" met="--++---+-+-" enjamb="B-ex_subj_verb" cert="low">el vital tronco tu fatal guadaña</l>
				<l n="11" met="-+-+---+-+-" enjamb="I-ex_subj_verb" cert="low">deshizo al golpe de mortal herida.</l>
				<param name="AffectiveFeatures">
					<attRef name="Hap_Mean">
						<content>12.72</content>
					</attRef>
					<attRef name="Hap_SD">
						<content>3.42</content>
					</attRef>
					<attRef name="Ang_Mean">
						<content>14.39</content>
					</attRef>
					<attRef name="Ang_SD">
						<content>7.14</content>
					</attRef>
					<attRef name="Sad_Mean">
						<content>19.13</content>
					</attRef>
					<attRef name="Sad_SD">
						<content>6.69</content>
					</attRef>
					<attRef name="Fear_Mean">
						<content>19.7</content>
					</attRef>
					<attRef name="Fear_SD">
						<content>7.78</content>
					</attRef>
					<attRef name="Disg_Mean">
						<content>11.07</content>
					</attRef>
					<attRef name="Disg_SD">
						<content>6.26</content>
					</attRef>
					<attRef name="n_affective">
						<content>7</content>
					</attRef>
					<attRef name="ValenceMean">
						<content>40.29</content>
					</attRef>
					<attRef name="ValenceSD">
						<content>14.89</content>
					</attRef>
					<attRef name="ArousalMean">
						<content>70.09</content>
					</attRef>
					<attRef name="ArousalSD">
						<content>17.08</content>
					</attRef>
					<attRef name="n_v_a">
						<content>11</content>
					</attRef>
					<attRef name="Max_Aro">
						<content>7.93</content>
					</attRef>
					<attRef name="Min_Aro">
						<content>4.45</content>
					</attRef>
					<attRef name="ArousalSpan">
						<content>3.48</content>
					</attRef>
					<attRef name="Max_Val">
						<content>6.35</content>
					</attRef>
					<attRef name="Min_Val">
						<content>1.45</content>
					</attRef>
					<attRef name="ValenceSpan">
						<content>4.9</content>
					</attRef>
					<attRef name="CorAro">
						<content>-0.0094</content>
					</attRef>
					<attRef name="CorVal">
						<content>-0.5091</content>
					</attRef>
					<attRef name="averageAoA">
						<content>67.56</content>
					</attRef>
					<attRef name="sdAOA">
						<content>20.65</content>
					</attRef>
					<attRef name="MinAoA">
						<content>24.33</content>
					</attRef>
					<attRef name="MaxAoA">
						<content>105.33</content>
					</attRef>
					<attRef name="OralFreq_Log">
						<content>16.16</content>
					</attRef>
					<attRef name="WrittenFreq_Log">
						<content>21.17</content>
					</attRef>
					<attRef name="n_aoa">
						<content>10</content>
					</attRef>
					<attRef name="Max_AoA">
						<content>8.98</content>
					</attRef>
					<attRef name="Min_AoA">
						<content>4.04</content>
					</attRef>
					<attRef name="AoASpan">
						<content>4.94</content>
					</attRef>
					<attRef name="Max_sdAOA">
						<content>2.257</content>
					</attRef>
					<attRef name="Min_sdAOA">
						<content>1.801</content>
					</attRef>
					<attRef name="sdAOASpan">
						<content>0.456</content>
					</attRef>
					<attRef name="Max_logOralFreq">
						<content>2.631</content>
					</attRef>
					<attRef name="Min_logOralFreq">
						<content>0.301</content>
					</attRef>
					<attRef name="logOralFreqSpan">
						<content>2.33</content>
					</attRef>
					<attRef name="Max_logWrittenFreq">
						<content>3.159</content>
					</attRef>
					<attRef name="Min_logWrittenFreq">
						<content>1.176</content>
					</attRef>
					<attRef name="logWrittenFreqSpan">
						<content>1.983</content>
					</attRef>
					<attRef name="CorAoA">
						<content>-0.443</content>
					</attRef>
				</param>
			</lg>
			<lg n="4" type="terceto">
				<l n="12" met="---+---+-+-" enjamb="B-ex_subj_verb" cert="low">Mas renaciendo a superior esfera</l>
				<l n="13" met="--+--+-+-+-" enjamb="I-ex_subj_verb" cert="low">procedió del eclipse luz a España,</l>
				<l n="14" met="---+---+-+-">y de la muerte a su memoria vida.</l>
				<param name="AffectiveFeatures">
					<attRef name="Hap_Mean">
						<content>11.57</content>
					</attRef>
					<attRef name="Hap_SD">
						<content>4.54</content>
					</attRef>
					<attRef name="Ang_Mean">
						<content>10.83</content>
					</attRef>
					<attRef name="Ang_SD">
						<content>5.86</content>
					</attRef>
					<attRef name="Sad_Mean">
						<content>13.01</content>
					</attRef>
					<attRef name="Sad_SD">
						<content>5.46</content>
					</attRef>
					<attRef name="Fear_Mean">
						<content>12.3</content>
					</attRef>
					<attRef name="Fear_SD">
						<content>6.11</content>
					</attRef>
					<attRef name="Disg_Mean">
						<content>8.16</content>
					</attRef>
					<attRef name="Disg_SD">
						<content>5.16</content>
					</attRef>
					<attRef name="n_affective">
						<content>5</content>
					</attRef>
					<attRef name="ValenceMean">
						<content>60.74</content>
					</attRef>
					<attRef name="ValenceSD">
						<content>13.68</content>
					</attRef>
					<attRef name="ArousalMean">
						<content>55.1</content>
					</attRef>
					<attRef name="ArousalSD">
						<content>16.28</content>
					</attRef>
					<attRef name="n_v_a">
						<content>10</content>
					</attRef>
					<attRef name="Max_Aro">
						<content>7.93</content>
					</attRef>
					<attRef name="Min_Aro">
						<content>4.2</content>
					</attRef>
					<attRef name="ArousalSpan">
						<content>3.73</content>
					</attRef>
					<attRef name="Max_Val">
						<content>8.25</content>
					</attRef>
					<attRef name="Min_Val">
						<content>1.45</content>
					</attRef>
					<attRef name="ValenceSpan">
						<content>6.8</content>
					</attRef>
					<attRef name="CorAro">
						<content>0.3095</content>
					</attRef>
					<attRef name="CorVal">
						<content>0.0096</content>
					</attRef>
					<attRef name="averageAoA">
						<content>48.81</content>
					</attRef>
					<attRef name="sdAOA">
						<content>16.05</content>
					</attRef>
					<attRef name="MinAoA">
						<content>16.0</content>
					</attRef>
					<attRef name="MaxAoA">
						<content>81.33</content>
					</attRef>
					<attRef name="OralFreq_Log">
						<content>20.67</content>
					</attRef>
					<attRef name="WrittenFreq_Log">
						<content>24.02</content>
					</attRef>
					<attRef name="n_aoa">
						<content>8</content>
					</attRef>
					<attRef name="Max_AoA">
						<content>7.98</content>
					</attRef>
					<attRef name="Min_AoA">
						<content>3.18</content>
					</attRef>
					<attRef name="AoASpan">
						<content>4.8</content>
					</attRef>
					<attRef name="Max_sdAOA">
						<content>2.47</content>
					</attRef>
					<attRef name="Min_sdAOA">
						<content>1.699</content>
					</attRef>
					<attRef name="sdAOASpan">
						<content>0.771</content>
					</attRef>
					<attRef name="Max_logOralFreq">
						<content>3.436</content>
					</attRef>
					<attRef name="Min_logOralFreq">
						<content>1.672</content>
					</attRef>
					<attRef name="logOralFreqSpan">
						<content>1.764</content>
					</attRef>
					<attRef name="Max_logWrittenFreq">
						<content>3.678</content>
					</attRef>
					<attRef name="Min_logWrittenFreq">
						<content>1.929</content>
					</attRef>
					<attRef name="logWrittenFreqSpan">
						<content>1.749</content>
					</attRef>
					<attRef name="CorAoA">
						<content>-0.4525</content>
					</attRef>
				</param>
			</lg>
			<param name="AffectiveFeatures">
				<attRef name="Hap_Mean">
					<content>35.27</content>
				</attRef>
				<attRef name="Hap_SD">
					<content>12.14</content>
				</attRef>
				<attRef name="Ang_Mean">
					<content>33.85</content>
				</attRef>
				<attRef name="Ang_SD">
					<content>17.73</content>
				</attRef>
				<attRef name="Sad_Mean">
					<content>45.48</content>
				</attRef>
				<attRef name="Sad_SD">
					<content>17.39</content>
				</attRef>
				<attRef name="Fear_Mean">
					<content>44.5</content>
				</attRef>
				<attRef name="Fear_SD">
					<content>19.71</content>
				</attRef>
				<attRef name="Disg_Mean">
					<content>26.62</content>
				</attRef>
				<attRef name="Disg_SD">
					<content>15.94</content>
				</attRef>
				<attRef name="n_affective">
					<content>17</content>
				</attRef>
				<attRef name="ValenceMean">
					<content>203.9</content>
				</attRef>
				<attRef name="ValenceSD">
					<content>53.07</content>
				</attRef>
				<attRef name="ArousalMean">
					<content>234.7</content>
				</attRef>
				<attRef name="ArousalSD">
					<content>61.15</content>
				</attRef>
				<attRef name="n_v_a">
					<content>41</content>
				</attRef>
				<attRef name="Max_Aro">
					<content>7.93</content>
				</attRef>
				<attRef name="Min_Aro">
					<content>4.15</content>
				</attRef>
				<attRef name="ArousalSpan">
					<content>3.78</content>
				</attRef>
				<attRef name="Max_Val">
					<content>8.25</content>
				</attRef>
				<attRef name="Min_Val">
					<content>1.45</content>
				</attRef>
				<attRef name="ValenceSpan">
					<content>6.8</content>
				</attRef>
				<attRef name="CorAro">
					<content>0.192</content>
				</attRef>
				<attRef name="CorVal">
					<content>0.021</content>
				</attRef>
				<attRef name="averageAoA">
					<content>210.43</content>
				</attRef>
				<attRef name="sdAOA">
					<content>68.34</content>
				</attRef>
				<attRef name="MinAoA">
					<content>76.33</content>
				</attRef>
				<attRef name="MaxAoA">
					<content>347.66</content>
				</attRef>
				<attRef name="OralFreq_Log">
					<content>70.27</content>
				</attRef>
				<attRef name="WrittenFreq_Log">
					<content>84.15</content>
				</attRef>
				<attRef name="n_aoa">
					<content>34</content>
				</attRef>
				<attRef name="Max_AoA">
					<content>8.98</content>
				</attRef>
				<attRef name="Min_AoA">
					<content>3.14</content>
				</attRef>
				<attRef name="AoASpan">
					<content>5.84</content>
				</attRef>
				<attRef name="Max_sdAOA">
					<content>2.52</content>
				</attRef>
				<attRef name="Min_sdAOA">
					<content>1.542</content>
				</attRef>
				<attRef name="sdAOASpan">
					<content>0.978</content>
				</attRef>
				<attRef name="Max_logOralFreq">
					<content>3.536</content>
				</attRef>
				<attRef name="Min_logOralFreq">
					<content>0.301</content>
				</attRef>
				<attRef name="logOralFreqSpan">
					<content>3.235</content>
				</attRef>
				<attRef name="Max_logWrittenFreq">
					<content>3.678</content>
				</attRef>
				<attRef name="Min_logWrittenFreq">
					<content>1.176</content>
				</attRef>
				<attRef name="logWrittenFreqSpan">
					<content>2.502</content>
				</attRef>
				<attRef name="CorAoA">
					<content>0.0808</content>
				</attRef>
			</param>
		</body>
	</text>
</TEI>