<?xml version="1.0" encoding="utf-8"?>
<TEI xmlns="http://www.tei-c.org/ns/1.0">
	<teiHeader>
		<fileDesc>
			<titleStmt about="disco:po_172n0552">
				<title property="dc:title">A mi amigo C***</title>
				<author property="dc:creator" resource="disco:172n" corresp="#disco_172n">Federico Balart</author>
				<principal xml:id="prf">Pablo Ruiz Fabo</principal>
				<principal xml:id="heb">Helena Bermúdez Sabel</principal>
				<principal xml:id="jct">José Calvo Tello</principal>
				<principal xml:id="cimc">Clara Isabel Martínez Cantón</principal>
				<respStmt>
					<resp>Metrical annotation by</resp>
					<name xml:id="bnc">Borja Navarro Colorado</name>
				</respStmt>
			</titleStmt>
			<extent>
				<measure unit="sonnets">1</measure>
				<measure unit="tokens">91</measure>
				<measure unit="line">14</measure>
			</extent>
			<publicationStmt>
				<publisher>Diachronic Spanish Sonnet Corpus</publisher>
				<authority>POSTDATA Project</authority>
				<pubPlace>Madrid</pubPlace>
				<availability status="free">
					<p>The text is freely available</p>
				</availability>
				<date when="2017">2017</date>
				<idno type="#disco" xml:id="file_po_172n0552"></idno>
			</publicationStmt>
			<sourceDesc>
				<bibl type="digital-source">
					<hi rend="italics">Sonetos del siglo XIX</hi>
					<date when="2006">2006</date>
					<ref target="http://www.cervantesvirtual.com/nd/ark:/59851/bmc4q861"></ref>
					<ref target="http://www.cervantesvirtual.com/obra/sonetos-del-siglo-xix--0/"></ref>
Biblioteca Cervantes Virtual,  / editados por Ramón García González, , , .				</bibl>
			</sourceDesc>
		</fileDesc>
		<profileDesc>
			<langUsage>
				<language ident="es" about="disco:po_172n0552" property="dc:language" resource="dbpedia:Idioma_español">Spanish</language>
			</langUsage>
			<particDesc>
				<listPerson>
					<person xml:id="disco_172n" about="disco:172n" typeOf="foaf:Person">
						<idno cert="high" property="rdfs:seeAlso" resource="https://viaf.org/viaf/56173138"></idno>
						<persName type="short">Balart</persName>
						<persName type="full">
							<forename property="foaf:givenName">Federico</forename>
							<surname property="foaf:familyName">Balart</surname>
						</persName>
						<persName type="source" property="foaf:name">Federico Balart</persName>
						<sex property="foaf:gender" content="M"></sex>
						<birth>
							<location>
								<placeName>
									<settlement property="schema:birthPlace" inlist="">Priego (Murcia)</settlement>
									<country property="schema:birthPlace" inlist="">España</country>
									<bloc property="schema:birthPlace" inlist="">Europa</bloc>
								</placeName>
							</location>
							<date property="schema:birthDate" content="1831" cert="high"></date>
							<date type="century">20</date>
						</birth>
						<death>
							<location>
								<placeName>
									<settlement property="schema:deathPlace" inlist="">Madrid</settlement>
								</placeName>
							</location>
							<date property="schema:deathDate" content="1905" cert="high"></date>
							<date type="century">20</date>
						</death>
						<listBibl inlist="" rel="blterms:hasCreated" typeOf="schema:CreativeWork">
							<bibl resource="disco:s172n0552">
								<title property="dc:title">A mi amigo C***</title>
								<title type="incipit" property="dc:alternative">¡Cumpliste tu deber! Compadecida</title>
							</bibl>
						</listBibl>
					</person>
				</listPerson>
			</particDesc>
		</profileDesc>
		<encodingDesc>
			<listPrefixDef>
				<prefixDef ident="foaf" matchPattern="([A-Za-z]+)" replacementPattern="http://xmlns.com/foaf/0.1/$1"></prefixDef>
				<prefixDef ident="dc" matchPattern="([A-Za-z]+)" replacementPattern="http://purl.org/dc/terms/$1"></prefixDef>
				<prefixDef ident="schema" matchPattern="([A-Za-z]+)" replacementPattern="http://schema.org/$1"></prefixDef>
				<prefixDef ident="dbpedia" matchPattern="([A-Za-z]+(_[A-Za-z])*)" replacementPattern="http://es.dbpedia.org/page/"></prefixDef>
				<prefixDef ident="blterms" matchPattern="([A-Za-z]+)" replacementPattern="http://www.bl.uk/schemas/bibliographic/blterms#$1"></prefixDef>
				<prefixDef ident="rdfs" matchPattern="([A-Za-z]+)" replacementPattern="http://www.w3.org/2000/01/rdf-schema#$1"></prefixDef>
			</listPrefixDef>
			<metDecl type="met" pattern="((\+|\-)+)*">
				<metSym value="+">stressed syllable</metSym>
				<metSym value="-">unstressed syllable</metSym>
			</metDecl>
			<metDecl type="met">
				<p>
					<ref target="https://github.com/bncolorado/adsoScansionSystem">ADSO</ref>
The metrical patterns were extracted automatically using the 
                    tool.				</p>
			</metDecl>
			<metDecl type="enjamb">
				<p>
					<att>enjamb</att>
					<att>cert</att>
					<ref target="https://sites.google.com/site/spanishenjambment/">ANJA
                        (Automatic eNJambment Analysis)</ref>
					<ref target="https://sites.google.com/site/spanishenjambment/enjambment-types">documentation</ref>
					<ref target="https://sites.google.com/site/spanishenjambment/tei-certitude-values">report</ref>
The values of the  atributes were extracted automatically using
                    the  tool. For more information about the
                    types of enjambment as defined in this corpus, read the . In addition, a  was added to express the
                    degree of certainty concerning the characterisation of the enjambment. The following 
                     covers this feature in deep detail.				</p>
			</metDecl>
		</encodingDesc>
		<revisionDesc>
			<change when="2017-11-02" who="#prf">Initial TEI version</change>
			<change when="2017-11-27" who="#prf">Addition of metrical annotation</change>
			<change when="2017-11-27" who="#heb">Review of authors’ metadata</change>
			<change when="2017-12-01" who="#prf">Encoding of enjambment</change>
			<change when="2017-12-01" who="#heb">Publication of 19th, 18th and Golden Age version</change>
			<change when="2018-05-16" who="#heb">Revision of RDFa attributes</change>
		</revisionDesc>
	</teiHeader>
	<text>
		<front>
			<head>A mi amigo C***</head>
		</front>
		<body>
			<lg n="1" type="cuarteto">
				<l n="1" met="-+---+-" enjamb="B-ex_subj_verb" cert="low">¡Cumpliste tu deber! Compadecida</l>
				<l n="2" met="+-+--+---+-" enjamb="I-ex_subj_verb" cert="low">ve tu acerbo dolor, desde la altura,</l>
				<l n="3" met="--++-++--+-">la que no pudo darte, en su amargura,</l>
				<l n="4" met="-+---+---+-">el beso de la eterna despedida.</l>
				<param name="AffectiveFeatures">
					<attRef name="Hap_Mean">
						<content>7.8</content>
					</attRef>
					<attRef name="Hap_SD">
						<content>2.8</content>
					</attRef>
					<attRef name="Ang_Mean">
						<content>6.04</content>
					</attRef>
					<attRef name="Ang_SD">
						<content>3.12</content>
					</attRef>
					<attRef name="Sad_Mean">
						<content>6.83</content>
					</attRef>
					<attRef name="Sad_SD">
						<content>3.31</content>
					</attRef>
					<attRef name="Fear_Mean">
						<content>7.6</content>
					</attRef>
					<attRef name="Fear_SD">
						<content>3.47</content>
					</attRef>
					<attRef name="Disg_Mean">
						<content>5.07</content>
					</attRef>
					<attRef name="Disg_SD">
						<content>2.81</content>
					</attRef>
					<attRef name="n_affective">
						<content>3</content>
					</attRef>
					<attRef name="ValenceMean">
						<content>36.83</content>
					</attRef>
					<attRef name="ValenceSD">
						<content>9.65</content>
					</attRef>
					<attRef name="ArousalMean">
						<content>52.53</content>
					</attRef>
					<attRef name="ArousalSD">
						<content>13.27</content>
					</attRef>
					<attRef name="n_v_a">
						<content>8</content>
					</attRef>
					<attRef name="Max_Aro">
						<content>8.25</content>
					</attRef>
					<attRef name="Min_Aro">
						<content>5.45</content>
					</attRef>
					<attRef name="ArousalSpan">
						<content>2.8</content>
					</attRef>
					<attRef name="Max_Val">
						<content>8.2</content>
					</attRef>
					<attRef name="Min_Val">
						<content>1.7</content>
					</attRef>
					<attRef name="ValenceSpan">
						<content>6.5</content>
					</attRef>
					<attRef name="CorAro">
						<content>0.213</content>
					</attRef>
					<attRef name="CorVal">
						<content>-0.1713</content>
					</attRef>
					<attRef name="averageAoA">
						<content>42.86</content>
					</attRef>
					<attRef name="sdAOA">
						<content>15.7</content>
					</attRef>
					<attRef name="MinAoA">
						<content>14.0</content>
					</attRef>
					<attRef name="MaxAoA">
						<content>76.0</content>
					</attRef>
					<attRef name="OralFreq_Log">
						<content>17.86</content>
					</attRef>
					<attRef name="WrittenFreq_Log">
						<content>20.4</content>
					</attRef>
					<attRef name="n_aoa">
						<content>8</content>
					</attRef>
					<attRef name="Max_AoA">
						<content>9.22</content>
					</attRef>
					<attRef name="Min_AoA">
						<content>2.5</content>
					</attRef>
					<attRef name="AoASpan">
						<content>6.72</content>
					</attRef>
					<attRef name="Max_sdAOA">
						<content>2.443</content>
					</attRef>
					<attRef name="Min_sdAOA">
						<content>1.443</content>
					</attRef>
					<attRef name="sdAOASpan">
						<content>1.0</content>
					</attRef>
					<attRef name="Max_logOralFreq">
						<content>3.724</content>
					</attRef>
					<attRef name="Min_logOralFreq">
						<content>1.079</content>
					</attRef>
					<attRef name="logOralFreqSpan">
						<content>2.645</content>
					</attRef>
					<attRef name="Max_logWrittenFreq">
						<content>3.405</content>
					</attRef>
					<attRef name="Min_logWrittenFreq">
						<content>1.875</content>
					</attRef>
					<attRef name="logWrittenFreqSpan">
						<content>1.53</content>
					</attRef>
					<attRef name="CorAoA">
						<content>0.1077</content>
					</attRef>
				</param>
			</lg>
			<lg n="2" type="cuarteto">
				<l n="5" met="---+-+---+-">Por el materno amor enaltecida,</l>
				<l n="6" met="-+---+---+-">su lágrima postrera de ternura</l>
				<l n="7" met="+--+-+---+-">hoy, en su frente, vívida fulgura,</l>
				<l n="8" met="-+-+---+-+-">corona santa de su santa vida.</l>
				<param name="AffectiveFeatures">
					<attRef name="Hap_Mean">
						<content>19.65</content>
					</attRef>
					<attRef name="Hap_SD">
						<content>8.54</content>
					</attRef>
					<attRef name="Ang_Mean">
						<content>11.0</content>
					</attRef>
					<attRef name="Ang_SD">
						<content>6.94</content>
					</attRef>
					<attRef name="Sad_Mean">
						<content>13.86</content>
					</attRef>
					<attRef name="Sad_SD">
						<content>7.09</content>
					</attRef>
					<attRef name="Fear_Mean">
						<content>12.55</content>
					</attRef>
					<attRef name="Fear_SD">
						<content>7.59</content>
					</attRef>
					<attRef name="Disg_Mean">
						<content>9.2</content>
					</attRef>
					<attRef name="Disg_SD">
						<content>5.49</content>
					</attRef>
					<attRef name="n_affective">
						<content>7</content>
					</attRef>
					<attRef name="ValenceMean">
						<content>61.32</content>
					</attRef>
					<attRef name="ValenceSD">
						<content>12.64</content>
					</attRef>
					<attRef name="ArousalMean">
						<content>52.88</content>
					</attRef>
					<attRef name="ArousalSD">
						<content>19.57</content>
					</attRef>
					<attRef name="n_v_a">
						<content>10</content>
					</attRef>
					<attRef name="Max_Aro">
						<content>6.6</content>
					</attRef>
					<attRef name="Min_Aro">
						<content>2.8</content>
					</attRef>
					<attRef name="ArousalSpan">
						<content>3.8</content>
					</attRef>
					<attRef name="Max_Val">
						<content>8.4</content>
					</attRef>
					<attRef name="Min_Val">
						<content>3.05</content>
					</attRef>
					<attRef name="ValenceSpan">
						<content>5.35</content>
					</attRef>
					<attRef name="CorAro">
						<content>0.04</content>
					</attRef>
					<attRef name="CorVal">
						<content>0.0344</content>
					</attRef>
					<attRef name="averageAoA">
						<content>54.12</content>
					</attRef>
					<attRef name="sdAOA">
						<content>21.46</content>
					</attRef>
					<attRef name="MinAoA">
						<content>14.0</content>
					</attRef>
					<attRef name="MaxAoA">
						<content>100.0</content>
					</attRef>
					<attRef name="OralFreq_Log">
						<content>21.71</content>
					</attRef>
					<attRef name="WrittenFreq_Log">
						<content>24.22</content>
					</attRef>
					<attRef name="n_aoa">
						<content>10</content>
					</attRef>
					<attRef name="Max_AoA">
						<content>9.12</content>
					</attRef>
					<attRef name="Min_AoA">
						<content>3.4</content>
					</attRef>
					<attRef name="AoASpan">
						<content>5.72</content>
					</attRef>
					<attRef name="Max_sdAOA">
						<content>2.93</content>
					</attRef>
					<attRef name="Min_sdAOA">
						<content>1.446</content>
					</attRef>
					<attRef name="sdAOASpan">
						<content>1.484</content>
					</attRef>
					<attRef name="Max_logOralFreq">
						<content>3.536</content>
					</attRef>
					<attRef name="Min_logOralFreq">
						<content>0.301</content>
					</attRef>
					<attRef name="logOralFreqSpan">
						<content>3.235</content>
					</attRef>
					<attRef name="Max_logWrittenFreq">
						<content>3.678</content>
					</attRef>
					<attRef name="Min_logWrittenFreq">
						<content>0.477</content>
					</attRef>
					<attRef name="logWrittenFreqSpan">
						<content>3.201</content>
					</attRef>
					<attRef name="CorAoA">
						<content>0.1581</content>
					</attRef>
				</param>
			</lg>
			<lg n="3" type="terceto">
				<l n="9" met="+--+---+-+-">Ella, que supo con delirio amarte,</l>
				<l n="10" met="+-+--+---+-">hoy, que el lauro alcanzó de la victoria,</l>
				<l n="11" met="-+---+---+-">sabrá desde los cielos consolarte;</l>
				<param name="AffectiveFeatures">
					<attRef name="Hap_Mean">
						<content>9.87</content>
					</attRef>
					<attRef name="Hap_SD">
						<content>2.37</content>
					</attRef>
					<attRef name="Ang_Mean">
						<content>4.26</content>
					</attRef>
					<attRef name="Ang_SD">
						<content>2.31</content>
					</attRef>
					<attRef name="Sad_Mean">
						<content>5.57</content>
					</attRef>
					<attRef name="Sad_SD">
						<content>3.19</content>
					</attRef>
					<attRef name="Fear_Mean">
						<content>6.27</content>
					</attRef>
					<attRef name="Fear_SD">
						<content>3.04</content>
					</attRef>
					<attRef name="Disg_Mean">
						<content>3.4</content>
					</attRef>
					<attRef name="Disg_SD">
						<content>1.11</content>
					</attRef>
					<attRef name="n_affective">
						<content>3</content>
					</attRef>
					<attRef name="ValenceMean">
						<content>46.13</content>
					</attRef>
					<attRef name="ValenceSD">
						<content>8.54</content>
					</attRef>
					<attRef name="ArousalMean">
						<content>37.01</content>
					</attRef>
					<attRef name="ArousalSD">
						<content>12.33</content>
					</attRef>
					<attRef name="n_v_a">
						<content>7</content>
					</attRef>
					<attRef name="Max_Aro">
						<content>7.5</content>
					</attRef>
					<attRef name="Min_Aro">
						<content>2.95</content>
					</attRef>
					<attRef name="ArousalSpan">
						<content>4.55</content>
					</attRef>
					<attRef name="Max_Val">
						<content>7.68</content>
					</attRef>
					<attRef name="Min_Val">
						<content>3.75</content>
					</attRef>
					<attRef name="ValenceSpan">
						<content>3.93</content>
					</attRef>
					<attRef name="CorAro">
						<content>-0.2888</content>
					</attRef>
					<attRef name="CorVal">
						<content>0.5681</content>
					</attRef>
					<attRef name="averageAoA">
						<content>41.9</content>
					</attRef>
					<attRef name="sdAOA">
						<content>13.89</content>
					</attRef>
					<attRef name="MinAoA">
						<content>12.0</content>
					</attRef>
					<attRef name="MaxAoA">
						<content>73.0</content>
					</attRef>
					<attRef name="OralFreq_Log">
						<content>16.34</content>
					</attRef>
					<attRef name="WrittenFreq_Log">
						<content>19.18</content>
					</attRef>
					<attRef name="n_aoa">
						<content>7</content>
					</attRef>
					<attRef name="Max_AoA">
						<content>10.2</content>
					</attRef>
					<attRef name="Min_AoA">
						<content>3.4</content>
					</attRef>
					<attRef name="AoASpan">
						<content>6.8</content>
					</attRef>
					<attRef name="Max_sdAOA">
						<content>2.431</content>
					</attRef>
					<attRef name="Min_sdAOA">
						<content>1.414</content>
					</attRef>
					<attRef name="sdAOASpan">
						<content>1.017</content>
					</attRef>
					<attRef name="Max_logOralFreq">
						<content>3.536</content>
					</attRef>
					<attRef name="Min_logOralFreq">
						<content>0.477</content>
					</attRef>
					<attRef name="logOralFreqSpan">
						<content>3.059</content>
					</attRef>
					<attRef name="Max_logWrittenFreq">
						<content>3.369</content>
					</attRef>
					<attRef name="Min_logWrittenFreq">
						<content>1.778</content>
					</attRef>
					<attRef name="logWrittenFreqSpan">
						<content>1.591</content>
					</attRef>
					<attRef name="CorAoA">
						<content>-0.3863</content>
					</attRef>
				</param>
			</lg>
			<lg n="4" type="terceto">
				<l n="12" met="---+---+-+-">y, de tu esencia al conocer la historia,</l>
				<l n="13" met="-+---+++-+-">el beso que al morir no pudo darte,</l>
				<l n="14" met="-+-+--++-+-">será el primero que te dé en la gloria.</l>
				<param name="AffectiveFeatures">
					<attRef name="Hap_Mean">
						<content>13.84</content>
					</attRef>
					<attRef name="Hap_SD">
						<content>4.8</content>
					</attRef>
					<attRef name="Ang_Mean">
						<content>8.17</content>
					</attRef>
					<attRef name="Ang_SD">
						<content>4.28</content>
					</attRef>
					<attRef name="Sad_Mean">
						<content>10.5</content>
					</attRef>
					<attRef name="Sad_SD">
						<content>4.58</content>
					</attRef>
					<attRef name="Fear_Mean">
						<content>10.43</content>
					</attRef>
					<attRef name="Fear_SD">
						<content>5.33</content>
					</attRef>
					<attRef name="Disg_Mean">
						<content>7.84</content>
					</attRef>
					<attRef name="Disg_SD">
						<content>3.7</content>
					</attRef>
					<attRef name="n_affective">
						<content>5</content>
					</attRef>
					<attRef name="ValenceMean">
						<content>50.26</content>
					</attRef>
					<attRef name="ValenceSD">
						<content>11.58</content>
					</attRef>
					<attRef name="ArousalMean">
						<content>45.48</content>
					</attRef>
					<attRef name="ArousalSD">
						<content>16.57</content>
					</attRef>
					<attRef name="n_v_a">
						<content>8</content>
					</attRef>
					<attRef name="Max_Aro">
						<content>7.35</content>
					</attRef>
					<attRef name="Min_Aro">
						<content>4.65</content>
					</attRef>
					<attRef name="ArousalSpan">
						<content>2.7</content>
					</attRef>
					<attRef name="Max_Val">
						<content>8.2</content>
					</attRef>
					<attRef name="Min_Val">
						<content>1.7</content>
					</attRef>
					<attRef name="ValenceSpan">
						<content>6.5</content>
					</attRef>
					<attRef name="CorAro">
						<content>-0.1531</content>
					</attRef>
					<attRef name="CorVal">
						<content>-0.0178</content>
					</attRef>
					<attRef name="averageAoA">
						<content>51.46</content>
					</attRef>
					<attRef name="sdAOA">
						<content>17.98</content>
					</attRef>
					<attRef name="MinAoA">
						<content>18.0</content>
					</attRef>
					<attRef name="MaxAoA">
						<content>92.0</content>
					</attRef>
					<attRef name="OralFreq_Log">
						<content>22.82</content>
					</attRef>
					<attRef name="WrittenFreq_Log">
						<content>24.98</content>
					</attRef>
					<attRef name="n_aoa">
						<content>9</content>
					</attRef>
					<attRef name="Max_AoA">
						<content>9.44</content>
					</attRef>
					<attRef name="Min_AoA">
						<content>2.5</content>
					</attRef>
					<attRef name="AoASpan">
						<content>6.94</content>
					</attRef>
					<attRef name="Max_sdAOA">
						<content>2.443</content>
					</attRef>
					<attRef name="Min_sdAOA">
						<content>1.594</content>
					</attRef>
					<attRef name="sdAOASpan">
						<content>0.849</content>
					</attRef>
					<attRef name="Max_logOralFreq">
						<content>3.137</content>
					</attRef>
					<attRef name="Min_logOralFreq">
						<content>1.447</content>
					</attRef>
					<attRef name="logOralFreqSpan">
						<content>1.69</content>
					</attRef>
					<attRef name="Max_logWrittenFreq">
						<content>3.341</content>
					</attRef>
					<attRef name="Min_logWrittenFreq">
						<content>2.053</content>
					</attRef>
					<attRef name="logWrittenFreqSpan">
						<content>1.288</content>
					</attRef>
					<attRef name="CorAoA">
						<content>-0.2809</content>
					</attRef>
				</param>
			</lg>
			<param name="AffectiveFeatures">
				<attRef name="Hap_Mean">
					<content>51.16</content>
				</attRef>
				<attRef name="Hap_SD">
					<content>18.51</content>
				</attRef>
				<attRef name="Ang_Mean">
					<content>29.47</content>
				</attRef>
				<attRef name="Ang_SD">
					<content>16.65</content>
				</attRef>
				<attRef name="Sad_Mean">
					<content>36.76</content>
				</attRef>
				<attRef name="Sad_SD">
					<content>18.17</content>
				</attRef>
				<attRef name="Fear_Mean">
					<content>36.85</content>
				</attRef>
				<attRef name="Fear_SD">
					<content>19.43</content>
				</attRef>
				<attRef name="Disg_Mean">
					<content>25.51</content>
				</attRef>
				<attRef name="Disg_SD">
					<content>13.11</content>
				</attRef>
				<attRef name="n_affective">
					<content>18</content>
				</attRef>
				<attRef name="ValenceMean">
					<content>194.54</content>
				</attRef>
				<attRef name="ValenceSD">
					<content>42.41</content>
				</attRef>
				<attRef name="ArousalMean">
					<content>187.9</content>
				</attRef>
				<attRef name="ArousalSD">
					<content>61.74</content>
				</attRef>
				<attRef name="n_v_a">
					<content>33</content>
				</attRef>
				<attRef name="Max_Aro">
					<content>8.25</content>
				</attRef>
				<attRef name="Min_Aro">
					<content>2.8</content>
				</attRef>
				<attRef name="ArousalSpan">
					<content>5.45</content>
				</attRef>
				<attRef name="Max_Val">
					<content>8.4</content>
				</attRef>
				<attRef name="Min_Val">
					<content>1.7</content>
				</attRef>
				<attRef name="ValenceSpan">
					<content>6.7</content>
				</attRef>
				<attRef name="CorAro">
					<content>-0.2582</content>
				</attRef>
				<attRef name="CorVal">
					<content>0.3149</content>
				</attRef>
				<attRef name="averageAoA">
					<content>190.34</content>
				</attRef>
				<attRef name="sdAOA">
					<content>69.03</content>
				</attRef>
				<attRef name="MinAoA">
					<content>58.0</content>
				</attRef>
				<attRef name="MaxAoA">
					<content>341.0</content>
				</attRef>
				<attRef name="OralFreq_Log">
					<content>78.74</content>
				</attRef>
				<attRef name="WrittenFreq_Log">
					<content>88.76</content>
				</attRef>
				<attRef name="n_aoa">
					<content>34</content>
				</attRef>
				<attRef name="Max_AoA">
					<content>10.2</content>
				</attRef>
				<attRef name="Min_AoA">
					<content>2.5</content>
				</attRef>
				<attRef name="AoASpan">
					<content>7.7</content>
				</attRef>
				<attRef name="Max_sdAOA">
					<content>2.93</content>
				</attRef>
				<attRef name="Min_sdAOA">
					<content>1.414</content>
				</attRef>
				<attRef name="sdAOASpan">
					<content>1.516</content>
				</attRef>
				<attRef name="Max_logOralFreq">
					<content>3.724</content>
				</attRef>
				<attRef name="Min_logOralFreq">
					<content>0.301</content>
				</attRef>
				<attRef name="logOralFreqSpan">
					<content>3.423</content>
				</attRef>
				<attRef name="Max_logWrittenFreq">
					<content>3.678</content>
				</attRef>
				<attRef name="Min_logWrittenFreq">
					<content>0.477</content>
				</attRef>
				<attRef name="logWrittenFreqSpan">
					<content>3.201</content>
				</attRef>
				<attRef name="CorAoA">
					<content>0.0679</content>
				</attRef>
			</param>
		</body>
	</text>
</TEI>