<?xml version="1.0" encoding="utf-8"?>
<TEI xmlns="http://www.tei-c.org/ns/1.0">
	<teiHeader>
		<fileDesc>
			<titleStmt about="disco:po_378n1452">
				<title property="dc:title">A S. M. la reina doña Isabel II</title>
				<author property="dc:creator" resource="disco:378n" corresp="#disco_378n">Rafael María Baralt</author>
				<principal xml:id="prf">Pablo Ruiz Fabo</principal>
				<principal xml:id="heb">Helena Bermúdez Sabel</principal>
				<principal xml:id="jct">José Calvo Tello</principal>
				<principal xml:id="cimc">Clara Isabel Martínez Cantón</principal>
				<respStmt>
					<resp>Metrical annotation by</resp>
					<name xml:id="bnc">Borja Navarro Colorado</name>
				</respStmt>
			</titleStmt>
			<extent>
				<measure unit="sonnets">1</measure>
				<measure unit="tokens">95</measure>
				<measure unit="line">14</measure>
			</extent>
			<publicationStmt>
				<publisher>Diachronic Spanish Sonnet Corpus</publisher>
				<authority>POSTDATA Project</authority>
				<pubPlace>Madrid</pubPlace>
				<availability status="free">
					<p>The text is freely available</p>
				</availability>
				<date when="2017">2017</date>
				<idno type="#disco" xml:id="file_po_378n1452"></idno>
			</publicationStmt>
			<sourceDesc>
				<bibl type="digital-source">
					<hi rend="italics">Sonetos del siglo XIX</hi>
					<date when="2006">2006</date>
					<ref target="http://www.cervantesvirtual.com/nd/ark:/59851/bmc4q861"></ref>
					<ref target="http://www.cervantesvirtual.com/obra/sonetos-del-siglo-xix--0/"></ref>
Biblioteca Cervantes Virtual,  / editados por Ramón García González, , , .				</bibl>
			</sourceDesc>
		</fileDesc>
		<profileDesc>
			<langUsage>
				<language ident="es" about="disco:po_378n1452" property="dc:language" resource="dbpedia:Idioma_español">Spanish</language>
			</langUsage>
			<particDesc>
				<listPerson>
					<person xml:id="disco_378n" about="disco:378n" typeOf="foaf:Person">
						<idno cert="high" property="rdfs:seeAlso" resource="https://viaf.org/viaf/49956738"></idno>
						<persName type="short">Baralt</persName>
						<persName type="full">
							<forename property="foaf:givenName">Rafael María</forename>
							<surname property="foaf:familyName">Baralt</surname>
						</persName>
						<persName type="source" property="foaf:name">Rafael María Baralt</persName>
						<sex property="foaf:gender" content="M"></sex>
						<birth>
							<location>
								<placeName>
									<settlement property="schema:birthPlace" inlist="">Maracaibo</settlement>
									<country property="schema:birthPlace" inlist="">Venezuela</country>
									<bloc property="schema:birthPlace" inlist="">América</bloc>
								</placeName>
							</location>
							<date property="schema:birthDate" content="1819" cert="high"></date>
							<date type="century">19</date>
						</birth>
						<death>
							<location>
								<placeName>
									<settlement property="schema:deathPlace" inlist="">Madrid</settlement>
								</placeName>
							</location>
							<date property="schema:deathDate" content="1960" cert="high"></date>
							<date type="century">20</date>
						</death>
						<listBibl inlist="" rel="blterms:hasCreated" typeOf="schema:CreativeWork">
							<bibl resource="disco:s378n1452">
								<title property="dc:title">A S. M. la reina doña Isabel II</title>
								<title type="incipit" property="dc:alternative">Vierte tu sangre con furor insano</title>
							</bibl>
						</listBibl>
					</person>
				</listPerson>
			</particDesc>
		</profileDesc>
		<encodingDesc>
			<listPrefixDef>
				<prefixDef ident="foaf" matchPattern="([A-Za-z]+)" replacementPattern="http://xmlns.com/foaf/0.1/$1"></prefixDef>
				<prefixDef ident="dc" matchPattern="([A-Za-z]+)" replacementPattern="http://purl.org/dc/terms/$1"></prefixDef>
				<prefixDef ident="schema" matchPattern="([A-Za-z]+)" replacementPattern="http://schema.org/$1"></prefixDef>
				<prefixDef ident="dbpedia" matchPattern="([A-Za-z]+(_[A-Za-z])*)" replacementPattern="http://es.dbpedia.org/page/"></prefixDef>
				<prefixDef ident="blterms" matchPattern="([A-Za-z]+)" replacementPattern="http://www.bl.uk/schemas/bibliographic/blterms#$1"></prefixDef>
				<prefixDef ident="rdfs" matchPattern="([A-Za-z]+)" replacementPattern="http://www.w3.org/2000/01/rdf-schema#$1"></prefixDef>
			</listPrefixDef>
			<metDecl type="met" pattern="((\+|\-)+)*">
				<metSym value="+">stressed syllable</metSym>
				<metSym value="-">unstressed syllable</metSym>
			</metDecl>
			<metDecl type="met">
				<p>
					<ref target="https://github.com/bncolorado/adsoScansionSystem">ADSO</ref>
The metrical patterns were extracted automatically using the 
                    tool.				</p>
			</metDecl>
			<metDecl type="enjamb">
				<p>
					<att>enjamb</att>
					<att>cert</att>
					<ref target="https://sites.google.com/site/spanishenjambment/">ANJA
                        (Automatic eNJambment Analysis)</ref>
					<ref target="https://sites.google.com/site/spanishenjambment/enjambment-types">documentation</ref>
					<ref target="https://sites.google.com/site/spanishenjambment/tei-certitude-values">report</ref>
The values of the  atributes were extracted automatically using
                    the  tool. For more information about the
                    types of enjambment as defined in this corpus, read the . In addition, a  was added to express the
                    degree of certainty concerning the characterisation of the enjambment. The following 
                     covers this feature in deep detail.				</p>
			</metDecl>
		</encodingDesc>
		<revisionDesc>
			<change when="2017-11-02" who="#prf">Initial TEI version</change>
			<change when="2017-11-27" who="#prf">Addition of metrical annotation</change>
			<change when="2017-11-27" who="#heb">Review of authors’ metadata</change>
			<change when="2017-12-01" who="#prf">Encoding of enjambment</change>
			<change when="2017-12-01" who="#heb">Publication of 19th, 18th and Golden Age version</change>
			<change when="2018-05-16" who="#heb">Revision of RDFa attributes</change>
		</revisionDesc>
	</teiHeader>
	<text>
		<front>
			<head>A S. M. la reina doña Isabel II</head>
		</front>
		<body>
			<lg n="1" type="cuarteto">
				<l n="1" met="+--+---+-+-">Vierte tu sangre con furor insano</l>
				<l n="2" met="-+-+---+-+-" enjamb="B-pb_adj_noun" cert="medium">horrendo crimen, y al trocar la tierra</l>
				<l n="3" met="--+--+---+-" enjamb="B-pb_verb_cprep I-pb_adj_noun" cert="medium medium">fecundiza tu sangre cuanto encierra</l>
				<l n="4" met="--+-+-+--+-" enjamb="I-pb_verb_cprep" cert="medium">de sublime y heroico el pueblo hispano.</l>
				<param name="AffectiveFeatures">
					<attRef name="Hap_Mean">
						<content>6.63</content>
					</attRef>
					<attRef name="Hap_SD">
						<content>2.93</content>
					</attRef>
					<attRef name="Ang_Mean">
						<content>6.1</content>
					</attRef>
					<attRef name="Ang_SD">
						<content>2.71</content>
					</attRef>
					<attRef name="Sad_Mean">
						<content>6.36</content>
					</attRef>
					<attRef name="Sad_SD">
						<content>3.0</content>
					</attRef>
					<attRef name="Fear_Mean">
						<content>6.4</content>
					</attRef>
					<attRef name="Fear_SD">
						<content>2.87</content>
					</attRef>
					<attRef name="Disg_Mean">
						<content>5.13</content>
					</attRef>
					<attRef name="Disg_SD">
						<content>2.62</content>
					</attRef>
					<attRef name="n_affective">
						<content>3</content>
					</attRef>
					<attRef name="ValenceMean">
						<content>59.1</content>
					</attRef>
					<attRef name="ValenceSD">
						<content>15.46</content>
					</attRef>
					<attRef name="ArousalMean">
						<content>72.28</content>
					</attRef>
					<attRef name="ArousalSD">
						<content>18.23</content>
					</attRef>
					<attRef name="n_v_a">
						<content>12</content>
					</attRef>
					<attRef name="Max_Aro">
						<content>7.9</content>
					</attRef>
					<attRef name="Min_Aro">
						<content>3.78</content>
					</attRef>
					<attRef name="ArousalSpan">
						<content>4.12</content>
					</attRef>
					<attRef name="Max_Val">
						<content>7.55</content>
					</attRef>
					<attRef name="Min_Val">
						<content>2.15</content>
					</attRef>
					<attRef name="ValenceSpan">
						<content>5.4</content>
					</attRef>
					<attRef name="CorAro">
						<content>-0.3173</content>
					</attRef>
					<attRef name="CorVal">
						<content>0.5052</content>
					</attRef>
					<attRef name="averageAoA">
						<content>43.76</content>
					</attRef>
					<attRef name="sdAOA">
						<content>15.41</content>
					</attRef>
					<attRef name="MinAoA">
						<content>18.0</content>
					</attRef>
					<attRef name="MaxAoA">
						<content>81.0</content>
					</attRef>
					<attRef name="OralFreq_Log">
						<content>16.66</content>
					</attRef>
					<attRef name="WrittenFreq_Log">
						<content>20.96</content>
					</attRef>
					<attRef name="n_aoa">
						<content>8</content>
					</attRef>
					<attRef name="Max_AoA">
						<content>9.48</content>
					</attRef>
					<attRef name="Min_AoA">
						<content>3.2</content>
					</attRef>
					<attRef name="AoASpan">
						<content>6.28</content>
					</attRef>
					<attRef name="Max_sdAOA">
						<content>2.178</content>
					</attRef>
					<attRef name="Min_sdAOA">
						<content>1.619</content>
					</attRef>
					<attRef name="sdAOASpan">
						<content>0.559</content>
					</attRef>
					<attRef name="Max_logOralFreq">
						<content>2.968</content>
					</attRef>
					<attRef name="Min_logOralFreq">
						<content>0.477</content>
					</attRef>
					<attRef name="logOralFreqSpan">
						<content>2.491</content>
					</attRef>
					<attRef name="Max_logWrittenFreq">
						<content>3.116</content>
					</attRef>
					<attRef name="Min_logWrittenFreq">
						<content>1.602</content>
					</attRef>
					<attRef name="logWrittenFreqSpan">
						<content>1.514</content>
					</attRef>
					<attRef name="CorAoA">
						<content>-0.3919</content>
					</attRef>
				</param>
			</lg>
			<lg n="2" type="cuarteto">
				<l n="5" met="+-+--+-+-+-">Te protege el Señor; por él, en vano</l>
				<l n="6" met="-+-+---+-+-">tu cuna de oro contrastó la guerra;</l>
				<l n="7" met="---+---+++-">y del puñal, que a tu valor no aterra,</l>
				<l n="8" met="++-+-+-+-+-">más grande y bella te guardó tu mano.</l>
				<param name="AffectiveFeatures">
					<attRef name="Hap_Mean">
						<content>11.16</content>
					</attRef>
					<attRef name="Hap_SD">
						<content>5.0</content>
					</attRef>
					<attRef name="Ang_Mean">
						<content>10.99</content>
					</attRef>
					<attRef name="Ang_SD">
						<content>4.13</content>
					</attRef>
					<attRef name="Sad_Mean">
						<content>10.83</content>
					</attRef>
					<attRef name="Sad_SD">
						<content>4.43</content>
					</attRef>
					<attRef name="Fear_Mean">
						<content>13.03</content>
					</attRef>
					<attRef name="Fear_SD">
						<content>4.93</content>
					</attRef>
					<attRef name="Disg_Mean">
						<content>8.66</content>
					</attRef>
					<attRef name="Disg_SD">
						<content>4.49</content>
					</attRef>
					<attRef name="n_affective">
						<content>5</content>
					</attRef>
					<attRef name="ValenceMean">
						<content>67.45</content>
					</attRef>
					<attRef name="ValenceSD">
						<content>15.48</content>
					</attRef>
					<attRef name="ArousalMean">
						<content>66.91</content>
					</attRef>
					<attRef name="ArousalSD">
						<content>17.79</content>
					</attRef>
					<attRef name="n_v_a">
						<content>12</content>
					</attRef>
					<attRef name="Max_Aro">
						<content>8.45</content>
					</attRef>
					<attRef name="Min_Aro">
						<content>3.05</content>
					</attRef>
					<attRef name="ArousalSpan">
						<content>5.4</content>
					</attRef>
					<attRef name="Max_Val">
						<content>7.85</content>
					</attRef>
					<attRef name="Min_Val">
						<content>1.9</content>
					</attRef>
					<attRef name="ValenceSpan">
						<content>5.95</content>
					</attRef>
					<attRef name="CorAro">
						<content>0.2977</content>
					</attRef>
					<attRef name="CorVal">
						<content>0.0306</content>
					</attRef>
					<attRef name="averageAoA">
						<content>53.14</content>
					</attRef>
					<attRef name="sdAOA">
						<content>19.21</content>
					</attRef>
					<attRef name="MinAoA">
						<content>15.0</content>
					</attRef>
					<attRef name="MaxAoA">
						<content>94.0</content>
					</attRef>
					<attRef name="OralFreq_Log">
						<content>22.18</content>
					</attRef>
					<attRef name="WrittenFreq_Log">
						<content>25.56</content>
					</attRef>
					<attRef name="n_aoa">
						<content>10</content>
					</attRef>
					<attRef name="Max_AoA">
						<content>8.18</content>
					</attRef>
					<attRef name="Min_AoA">
						<content>2.22</content>
					</attRef>
					<attRef name="AoASpan">
						<content>5.96</content>
					</attRef>
					<attRef name="Max_sdAOA">
						<content>2.261</content>
					</attRef>
					<attRef name="Min_sdAOA">
						<content>1.216</content>
					</attRef>
					<attRef name="sdAOASpan">
						<content>1.045</content>
					</attRef>
					<attRef name="Max_logOralFreq">
						<content>3.472</content>
					</attRef>
					<attRef name="Min_logOralFreq">
						<content>0.903</content>
					</attRef>
					<attRef name="logOralFreqSpan">
						<content>2.569</content>
					</attRef>
					<attRef name="Max_logWrittenFreq">
						<content>3.3360000000000003</content>
					</attRef>
					<attRef name="Min_logWrittenFreq">
						<content>1.531</content>
					</attRef>
					<attRef name="logWrittenFreqSpan">
						<content>1.805</content>
					</attRef>
					<attRef name="CorAoA">
						<content>-0.2102</content>
					</attRef>
				</param>
			</lg>
			<lg n="3" type="terceto">
				<l n="9" met="-+-+---+-+-">Así tras noche tenebrosa y fría</l>
				<l n="10" met="-+++---+-+-" enjamb="B-ex_subj_verb" cert="low">al sol más puro que el rosado Oriente</l>
				<l n="11" met="---+-+-+-+-" enjamb="I-ex_subj_verb" cert="low">con acrecido amor saluda el hombre;</l>
				<param name="AffectiveFeatures">
					<attRef name="Hap_Mean">
						<content>16.93</content>
					</attRef>
					<attRef name="Hap_SD">
						<content>4.26</content>
					</attRef>
					<attRef name="Ang_Mean">
						<content>6.91</content>
					</attRef>
					<attRef name="Ang_SD">
						<content>3.83</content>
					</attRef>
					<attRef name="Sad_Mean">
						<content>8.93</content>
					</attRef>
					<attRef name="Sad_SD">
						<content>4.77</content>
					</attRef>
					<attRef name="Fear_Mean">
						<content>8.4</content>
					</attRef>
					<attRef name="Fear_SD">
						<content>4.68</content>
					</attRef>
					<attRef name="Disg_Mean">
						<content>5.8</content>
					</attRef>
					<attRef name="Disg_SD">
						<content>1.87</content>
					</attRef>
					<attRef name="n_affective">
						<content>5</content>
					</attRef>
					<attRef name="ValenceMean">
						<content>62.03</content>
					</attRef>
					<attRef name="ValenceSD">
						<content>11.94</content>
					</attRef>
					<attRef name="ArousalMean">
						<content>50.47</content>
					</attRef>
					<attRef name="ArousalSD">
						<content>20.12</content>
					</attRef>
					<attRef name="n_v_a">
						<content>10</content>
					</attRef>
					<attRef name="Max_Aro">
						<content>6.4</content>
					</attRef>
					<attRef name="Min_Aro">
						<content>3.85</content>
					</attRef>
					<attRef name="ArousalSpan">
						<content>2.55</content>
					</attRef>
					<attRef name="Max_Val">
						<content>8.4</content>
					</attRef>
					<attRef name="Min_Val">
						<content>4.03</content>
					</attRef>
					<attRef name="ValenceSpan">
						<content>4.37</content>
					</attRef>
					<attRef name="CorAro">
						<content>0.4601</content>
					</attRef>
					<attRef name="CorVal">
						<content>0.6176</content>
					</attRef>
					<attRef name="averageAoA">
						<content>51.06</content>
					</attRef>
					<attRef name="sdAOA">
						<content>21.71</content>
					</attRef>
					<attRef name="MinAoA">
						<content>12.0</content>
					</attRef>
					<attRef name="MaxAoA">
						<content>99.0</content>
					</attRef>
					<attRef name="OralFreq_Log">
						<content>26.5</content>
					</attRef>
					<attRef name="WrittenFreq_Log">
						<content>30.03</content>
					</attRef>
					<attRef name="n_aoa">
						<content>11</content>
					</attRef>
					<attRef name="Max_AoA">
						<content>8.28</content>
					</attRef>
					<attRef name="Min_AoA">
						<content>2.92</content>
					</attRef>
					<attRef name="AoASpan">
						<content>5.36</content>
					</attRef>
					<attRef name="Max_sdAOA">
						<content>2.819</content>
					</attRef>
					<attRef name="Min_sdAOA">
						<content>1.443</content>
					</attRef>
					<attRef name="sdAOASpan">
						<content>1.376</content>
					</attRef>
					<attRef name="Max_logOralFreq">
						<content>3.694</content>
					</attRef>
					<attRef name="Min_logOralFreq">
						<content>0.602</content>
					</attRef>
					<attRef name="logOralFreqSpan">
						<content>3.092</content>
					</attRef>
					<attRef name="Max_logWrittenFreq">
						<content>3.631</content>
					</attRef>
					<attRef name="Min_logWrittenFreq">
						<content>1.176</content>
					</attRef>
					<attRef name="logWrittenFreqSpan">
						<content>2.455</content>
					</attRef>
					<attRef name="CorAoA">
						<content>-0.0715</content>
					</attRef>
				</param>
			</lg>
			<lg n="4" type="terceto">
				<l n="12" met="---+---+-+-">Y la belleza al contemplar del día,</l>
				<l n="13" met="-+-+-+---+-" enjamb="B-pb_verb_adv" cert="medium">del sumo Dios con pasmo reverente</l>
				<l n="14" met="-+-+---+-+-" enjamb="I-pb_verb_adv" cert="medium">saluda humilde el infernal renombre.</l>
				<param name="AffectiveFeatures">
					<attRef name="Hap_Mean">
						<content>15.01</content>
					</attRef>
					<attRef name="Hap_SD">
						<content>6.28</content>
					</attRef>
					<attRef name="Ang_Mean">
						<content>6.11</content>
					</attRef>
					<attRef name="Ang_SD">
						<content>3.1</content>
					</attRef>
					<attRef name="Sad_Mean">
						<content>7.08</content>
					</attRef>
					<attRef name="Sad_SD">
						<content>4.21</content>
					</attRef>
					<attRef name="Fear_Mean">
						<content>6.83</content>
					</attRef>
					<attRef name="Fear_SD">
						<content>3.85</content>
					</attRef>
					<attRef name="Disg_Mean">
						<content>6.11</content>
					</attRef>
					<attRef name="Disg_SD">
						<content>2.71</content>
					</attRef>
					<attRef name="n_affective">
						<content>5</content>
					</attRef>
					<attRef name="ValenceMean">
						<content>56.94</content>
					</attRef>
					<attRef name="ValenceSD">
						<content>13.22</content>
					</attRef>
					<attRef name="ArousalMean">
						<content>51.27</content>
					</attRef>
					<attRef name="ArousalSD">
						<content>16.13</content>
					</attRef>
					<attRef name="n_v_a">
						<content>10</content>
					</attRef>
					<attRef name="Max_Aro">
						<content>7.3</content>
					</attRef>
					<attRef name="Min_Aro">
						<content>3.15</content>
					</attRef>
					<attRef name="ArousalSpan">
						<content>4.15</content>
					</attRef>
					<attRef name="Max_Val">
						<content>7.8</content>
					</attRef>
					<attRef name="Min_Val">
						<content>2.25</content>
					</attRef>
					<attRef name="ValenceSpan">
						<content>5.55</content>
					</attRef>
					<attRef name="CorAro">
						<content>0.077</content>
					</attRef>
					<attRef name="CorVal">
						<content>-0.4448</content>
					</attRef>
					<attRef name="averageAoA">
						<content>44.1</content>
					</attRef>
					<attRef name="sdAOA">
						<content>12.21</content>
					</attRef>
					<attRef name="MinAoA">
						<content>18.0</content>
					</attRef>
					<attRef name="MaxAoA">
						<content>70.0</content>
					</attRef>
					<attRef name="OralFreq_Log">
						<content>nan</content>
					</attRef>
					<attRef name="WrittenFreq_Log">
						<content>15.94</content>
					</attRef>
					<attRef name="n_aoa">
						<content>7</content>
					</attRef>
					<attRef name="Max_AoA">
						<content>10.14</content>
					</attRef>
					<attRef name="Min_AoA">
						<content>3.2</content>
					</attRef>
					<attRef name="AoASpan">
						<content>6.94</content>
					</attRef>
					<attRef name="Max_sdAOA">
						<content>2.635</content>
					</attRef>
					<attRef name="Min_sdAOA">
						<content>1.134</content>
					</attRef>
					<attRef name="sdAOASpan">
						<content>1.501</content>
					</attRef>
					<attRef name="Max_logOralFreq">
						<content>3.586</content>
					</attRef>
					<attRef name="Min_logOralFreq">
						<content>1.447</content>
					</attRef>
					<attRef name="logOralFreqSpan">
						<content>2.139</content>
					</attRef>
					<attRef name="Max_logWrittenFreq">
						<content>3.596</content>
					</attRef>
					<attRef name="Min_logWrittenFreq">
						<content>0.602</content>
					</attRef>
					<attRef name="logWrittenFreqSpan">
						<content>2.994</content>
					</attRef>
					<attRef name="CorAoA">
						<content>0.0648</content>
					</attRef>
				</param>
			</lg>
			<param name="AffectiveFeatures">
				<attRef name="Hap_Mean">
					<content>49.73</content>
				</attRef>
				<attRef name="Hap_SD">
					<content>18.47</content>
				</attRef>
				<attRef name="Ang_Mean">
					<content>30.11</content>
				</attRef>
				<attRef name="Ang_SD">
					<content>13.77</content>
				</attRef>
				<attRef name="Sad_Mean">
					<content>33.2</content>
				</attRef>
				<attRef name="Sad_SD">
					<content>16.41</content>
				</attRef>
				<attRef name="Fear_Mean">
					<content>34.66</content>
				</attRef>
				<attRef name="Fear_SD">
					<content>16.33</content>
				</attRef>
				<attRef name="Disg_Mean">
					<content>25.7</content>
				</attRef>
				<attRef name="Disg_SD">
					<content>11.69</content>
				</attRef>
				<attRef name="n_affective">
					<content>18</content>
				</attRef>
				<attRef name="ValenceMean">
					<content>245.52</content>
				</attRef>
				<attRef name="ValenceSD">
					<content>56.1</content>
				</attRef>
				<attRef name="ArousalMean">
					<content>240.93</content>
				</attRef>
				<attRef name="ArousalSD">
					<content>72.27</content>
				</attRef>
				<attRef name="n_v_a">
					<content>44</content>
				</attRef>
				<attRef name="Max_Aro">
					<content>8.45</content>
				</attRef>
				<attRef name="Min_Aro">
					<content>3.05</content>
				</attRef>
				<attRef name="ArousalSpan">
					<content>5.4</content>
				</attRef>
				<attRef name="Max_Val">
					<content>8.4</content>
				</attRef>
				<attRef name="Min_Val">
					<content>1.9</content>
				</attRef>
				<attRef name="ValenceSpan">
					<content>6.5</content>
				</attRef>
				<attRef name="CorAro">
					<content>-0.271</content>
				</attRef>
				<attRef name="CorVal">
					<content>0.2434</content>
				</attRef>
				<attRef name="averageAoA">
					<content>192.06</content>
				</attRef>
				<attRef name="sdAOA">
					<content>68.53</content>
				</attRef>
				<attRef name="MinAoA">
					<content>63.0</content>
				</attRef>
				<attRef name="MaxAoA">
					<content>344.0</content>
				</attRef>
				<attRef name="OralFreq_Log">
					<content>nan</content>
				</attRef>
				<attRef name="WrittenFreq_Log">
					<content>92.48</content>
				</attRef>
				<attRef name="n_aoa">
					<content>36</content>
				</attRef>
				<attRef name="Max_AoA">
					<content>10.14</content>
				</attRef>
				<attRef name="Min_AoA">
					<content>2.22</content>
				</attRef>
				<attRef name="AoASpan">
					<content>7.92</content>
				</attRef>
				<attRef name="Max_sdAOA">
					<content>2.819</content>
				</attRef>
				<attRef name="Min_sdAOA">
					<content>1.134</content>
				</attRef>
				<attRef name="sdAOASpan">
					<content>1.685</content>
				</attRef>
				<attRef name="Max_logOralFreq">
					<content>3.694</content>
				</attRef>
				<attRef name="Min_logOralFreq">
					<content>0.477</content>
				</attRef>
				<attRef name="logOralFreqSpan">
					<content>3.217</content>
				</attRef>
				<attRef name="Max_logWrittenFreq">
					<content>3.631</content>
				</attRef>
				<attRef name="Min_logWrittenFreq">
					<content>0.602</content>
				</attRef>
				<attRef name="logWrittenFreqSpan">
					<content>3.029</content>
				</attRef>
				<attRef name="CorAoA">
					<content>0.0007</content>
				</attRef>
			</param>
		</body>
	</text>
</TEI>