<?xml version="1.0" encoding="utf-8"?>
<TEI xmlns="http://www.tei-c.org/ns/1.0">
	<teiHeader>
		<fileDesc>
			<titleStmt about="disco:po_378n1457">
				<title property="dc:title">Variante del anterior</title>
				<author property="dc:creator" resource="disco:378n" corresp="#disco_378n">Rafael María Baralt</author>
				<principal xml:id="prf">Pablo Ruiz Fabo</principal>
				<principal xml:id="heb">Helena Bermúdez Sabel</principal>
				<principal xml:id="jct">José Calvo Tello</principal>
				<principal xml:id="cimc">Clara Isabel Martínez Cantón</principal>
				<respStmt>
					<resp>Metrical annotation by</resp>
					<name xml:id="bnc">Borja Navarro Colorado</name>
				</respStmt>
			</titleStmt>
			<extent>
				<measure unit="sonnets">1</measure>
				<measure unit="tokens">98</measure>
				<measure unit="line">14</measure>
			</extent>
			<publicationStmt>
				<publisher>Diachronic Spanish Sonnet Corpus</publisher>
				<authority>POSTDATA Project</authority>
				<pubPlace>Madrid</pubPlace>
				<availability status="free">
					<p>The text is freely available</p>
				</availability>
				<date when="2017">2017</date>
				<idno type="#disco" xml:id="file_po_378n1457"></idno>
			</publicationStmt>
			<sourceDesc>
				<bibl type="digital-source">
					<hi rend="italics">Sonetos del siglo XIX</hi>
					<date when="2006">2006</date>
					<ref target="http://www.cervantesvirtual.com/nd/ark:/59851/bmc4q861"></ref>
					<ref target="http://www.cervantesvirtual.com/obra/sonetos-del-siglo-xix--0/"></ref>
Biblioteca Cervantes Virtual,  / editados por Ramón García González, , , .				</bibl>
			</sourceDesc>
		</fileDesc>
		<profileDesc>
			<langUsage>
				<language ident="es" about="disco:po_378n1457" property="dc:language" resource="dbpedia:Idioma_español">Spanish</language>
			</langUsage>
			<particDesc>
				<listPerson>
					<person xml:id="disco_378n" about="disco:378n" typeOf="foaf:Person">
						<idno cert="high" property="rdfs:seeAlso" resource="https://viaf.org/viaf/49956738"></idno>
						<persName type="short">Baralt</persName>
						<persName type="full">
							<forename property="foaf:givenName">Rafael María</forename>
							<surname property="foaf:familyName">Baralt</surname>
						</persName>
						<persName type="source" property="foaf:name">Rafael María Baralt</persName>
						<sex property="foaf:gender" content="M"></sex>
						<birth>
							<location>
								<placeName>
									<settlement property="schema:birthPlace" inlist="">Maracaibo</settlement>
									<country property="schema:birthPlace" inlist="">Venezuela</country>
									<bloc property="schema:birthPlace" inlist="">América</bloc>
								</placeName>
							</location>
							<date property="schema:birthDate" content="1819" cert="high"></date>
							<date type="century">19</date>
						</birth>
						<death>
							<location>
								<placeName>
									<settlement property="schema:deathPlace" inlist="">Madrid</settlement>
								</placeName>
							</location>
							<date property="schema:deathDate" content="1960" cert="high"></date>
							<date type="century">20</date>
						</death>
						<listBibl inlist="" rel="blterms:hasCreated" typeOf="schema:CreativeWork">
							<bibl resource="disco:s378n1457">
								<title property="dc:title">Variante del anterior</title>
								<title type="incipit" property="dc:alternative">Mares de luz por la sonante esfera,</title>
							</bibl>
						</listBibl>
					</person>
				</listPerson>
			</particDesc>
		</profileDesc>
		<encodingDesc>
			<listPrefixDef>
				<prefixDef ident="foaf" matchPattern="([A-Za-z]+)" replacementPattern="http://xmlns.com/foaf/0.1/$1"></prefixDef>
				<prefixDef ident="dc" matchPattern="([A-Za-z]+)" replacementPattern="http://purl.org/dc/terms/$1"></prefixDef>
				<prefixDef ident="schema" matchPattern="([A-Za-z]+)" replacementPattern="http://schema.org/$1"></prefixDef>
				<prefixDef ident="dbpedia" matchPattern="([A-Za-z]+(_[A-Za-z])*)" replacementPattern="http://es.dbpedia.org/page/"></prefixDef>
				<prefixDef ident="blterms" matchPattern="([A-Za-z]+)" replacementPattern="http://www.bl.uk/schemas/bibliographic/blterms#$1"></prefixDef>
				<prefixDef ident="rdfs" matchPattern="([A-Za-z]+)" replacementPattern="http://www.w3.org/2000/01/rdf-schema#$1"></prefixDef>
			</listPrefixDef>
			<metDecl type="met" pattern="((\+|\-)+)*">
				<metSym value="+">stressed syllable</metSym>
				<metSym value="-">unstressed syllable</metSym>
			</metDecl>
			<metDecl type="met">
				<p>
					<ref target="https://github.com/bncolorado/adsoScansionSystem">ADSO</ref>
The metrical patterns were extracted automatically using the 
                    tool.				</p>
			</metDecl>
			<metDecl type="enjamb">
				<p>
					<att>enjamb</att>
					<att>cert</att>
					<ref target="https://sites.google.com/site/spanishenjambment/">ANJA
                        (Automatic eNJambment Analysis)</ref>
					<ref target="https://sites.google.com/site/spanishenjambment/enjambment-types">documentation</ref>
					<ref target="https://sites.google.com/site/spanishenjambment/tei-certitude-values">report</ref>
The values of the  atributes were extracted automatically using
                    the  tool. For more information about the
                    types of enjambment as defined in this corpus, read the . In addition, a  was added to express the
                    degree of certainty concerning the characterisation of the enjambment. The following 
                     covers this feature in deep detail.				</p>
			</metDecl>
		</encodingDesc>
		<revisionDesc>
			<change when="2017-11-02" who="#prf">Initial TEI version</change>
			<change when="2017-11-27" who="#prf">Addition of metrical annotation</change>
			<change when="2017-11-27" who="#heb">Review of authors’ metadata</change>
			<change when="2017-12-01" who="#prf">Encoding of enjambment</change>
			<change when="2017-12-01" who="#heb">Publication of 19th, 18th and Golden Age version</change>
			<change when="2018-05-16" who="#heb">Revision of RDFa attributes</change>
		</revisionDesc>
	</teiHeader>
	<text>
		<front>
			<head>Variante del anterior</head>
		</front>
		<body>
			<lg n="1" type="cuarteto">
				<l n="1" met="+--+---+-+-">Mares de luz por la sonante esfera,</l>
				<l n="2" met="--+--+-+-+-" enjamb="B-ex_subj_verb" cert="low">triunfador de la noche, el carro de oro</l>
				<l n="3" met="+--+---+-+-" enjamb="B-ex_subj_verb I-ex_subj_verb" cert="low low">lanza del sol, y su perenne lloro</l>
				<l n="4" met="-+-+---+-+-" enjamb="I-ex_subj_verb" cert="low">suspende el mundo y su aflicción severa.</l>
				<param name="AffectiveFeatures">
					<attRef name="Hap_Mean">
						<content>18.06</content>
					</attRef>
					<attRef name="Hap_SD">
						<content>6.63</content>
					</attRef>
					<attRef name="Ang_Mean">
						<content>10.57</content>
					</attRef>
					<attRef name="Ang_SD">
						<content>5.31</content>
					</attRef>
					<attRef name="Sad_Mean">
						<content>11.1</content>
					</attRef>
					<attRef name="Sad_SD">
						<content>5.77</content>
					</attRef>
					<attRef name="Fear_Mean">
						<content>12.15</content>
					</attRef>
					<attRef name="Fear_SD">
						<content>6.56</content>
					</attRef>
					<attRef name="Disg_Mean">
						<content>9.47</content>
					</attRef>
					<attRef name="Disg_SD">
						<content>4.15</content>
					</attRef>
					<attRef name="n_affective">
						<content>7</content>
					</attRef>
					<attRef name="ValenceMean">
						<content>82.84</content>
					</attRef>
					<attRef name="ValenceSD">
						<content>18.76</content>
					</attRef>
					<attRef name="ArousalMean">
						<content>78.19</content>
					</attRef>
					<attRef name="ArousalSD">
						<content>26.11</content>
					</attRef>
					<attRef name="n_v_a">
						<content>15</content>
					</attRef>
					<attRef name="Max_Aro">
						<content>7.65</content>
					</attRef>
					<attRef name="Min_Aro">
						<content>2.9</content>
					</attRef>
					<attRef name="ArousalSpan">
						<content>4.75</content>
					</attRef>
					<attRef name="Max_Val">
						<content>8.05</content>
					</attRef>
					<attRef name="Min_Val">
						<content>2.25</content>
					</attRef>
					<attRef name="ValenceSpan">
						<content>5.8</content>
					</attRef>
					<attRef name="CorAro">
						<content>0.5047</content>
					</attRef>
					<attRef name="CorVal">
						<content>-0.6717</content>
					</attRef>
					<attRef name="averageAoA">
						<content>55.36</content>
					</attRef>
					<attRef name="sdAOA">
						<content>19.69</content>
					</attRef>
					<attRef name="MinAoA">
						<content>19.0</content>
					</attRef>
					<attRef name="MaxAoA">
						<content>100.0</content>
					</attRef>
					<attRef name="OralFreq_Log">
						<content>23.25</content>
					</attRef>
					<attRef name="WrittenFreq_Log">
						<content>28.08</content>
					</attRef>
					<attRef name="n_aoa">
						<content>11</content>
					</attRef>
					<attRef name="Max_AoA">
						<content>10.58</content>
					</attRef>
					<attRef name="Min_AoA">
						<content>2.84</content>
					</attRef>
					<attRef name="AoASpan">
						<content>7.74</content>
					</attRef>
					<attRef name="Max_sdAOA">
						<content>2.47</content>
					</attRef>
					<attRef name="Min_sdAOA">
						<content>0.81</content>
					</attRef>
					<attRef name="sdAOASpan">
						<content>1.66</content>
					</attRef>
					<attRef name="Max_logOralFreq">
						<content>3.429</content>
					</attRef>
					<attRef name="Min_logOralFreq">
						<content>0.301</content>
					</attRef>
					<attRef name="logOralFreqSpan">
						<content>3.128</content>
					</attRef>
					<attRef name="Max_logWrittenFreq">
						<content>3.5780000000000003</content>
					</attRef>
					<attRef name="Min_logWrittenFreq">
						<content>0.954</content>
					</attRef>
					<attRef name="logWrittenFreqSpan">
						<content>2.624</content>
					</attRef>
					<attRef name="CorAoA">
						<content>0.3722</content>
					</attRef>
				</param>
			</lg>
			<lg n="2" type="cuarteto">
				<l n="5" met="-+---+-+-+-">Dichosa al firmamento va ligera,</l>
				<l n="6" met="+--+-+-+-+-">cual despedida flecha audaz condoro,</l>
				<l n="7" met="-+-+---+-+-" enjamb="B-pb_adj_prep" cert="low">y esparce al viento su cantar sonoro</l>
				<l n="8" met="--+--++--+-" enjamb="I-pb_adj_prep" cert="low">del umbroso pensil ave parlera.</l>
				<param name="AffectiveFeatures">
					<attRef name="Hap_Mean">
						<content>4.2</content>
					</attRef>
					<attRef name="Hap_SD">
						<content>2.42</content>
					</attRef>
					<attRef name="Ang_Mean">
						<content>3.47</content>
					</attRef>
					<attRef name="Ang_SD">
						<content>2.19</content>
					</attRef>
					<attRef name="Sad_Mean">
						<content>3.4</content>
					</attRef>
					<attRef name="Sad_SD">
						<content>2.26</content>
					</attRef>
					<attRef name="Fear_Mean">
						<content>5.07</content>
					</attRef>
					<attRef name="Fear_SD">
						<content>2.49</content>
					</attRef>
					<attRef name="Disg_Mean">
						<content>2.57</content>
					</attRef>
					<attRef name="Disg_SD">
						<content>1.41</content>
					</attRef>
					<attRef name="n_affective">
						<content>2</content>
					</attRef>
					<attRef name="ValenceMean">
						<content>48.68</content>
					</attRef>
					<attRef name="ValenceSD">
						<content>11.31</content>
					</attRef>
					<attRef name="ArousalMean">
						<content>46.53</content>
					</attRef>
					<attRef name="ArousalSD">
						<content>14.86</content>
					</attRef>
					<attRef name="n_v_a">
						<content>9</content>
					</attRef>
					<attRef name="Max_Aro">
						<content>6.4</content>
					</attRef>
					<attRef name="Min_Aro">
						<content>3.7</content>
					</attRef>
					<attRef name="ArousalSpan">
						<content>2.7</content>
					</attRef>
					<attRef name="Max_Val">
						<content>6.95</content>
					</attRef>
					<attRef name="Min_Val">
						<content>1.7</content>
					</attRef>
					<attRef name="ValenceSpan">
						<content>5.25</content>
					</attRef>
					<attRef name="CorAro">
						<content>0.1931</content>
					</attRef>
					<attRef name="CorVal">
						<content>0.2775</content>
					</attRef>
					<attRef name="averageAoA">
						<content>54.01</content>
					</attRef>
					<attRef name="sdAOA">
						<content>15.43</content>
					</attRef>
					<attRef name="MinAoA">
						<content>25.0</content>
					</attRef>
					<attRef name="MaxAoA">
						<content>86.0</content>
					</attRef>
					<attRef name="OralFreq_Log">
						<content>14.59</content>
					</attRef>
					<attRef name="WrittenFreq_Log">
						<content>18.41</content>
					</attRef>
					<attRef name="n_aoa">
						<content>9</content>
					</attRef>
					<attRef name="Max_AoA">
						<content>9.92</content>
					</attRef>
					<attRef name="Min_AoA">
						<content>3.22</content>
					</attRef>
					<attRef name="AoASpan">
						<content>6.7</content>
					</attRef>
					<attRef name="Max_sdAOA">
						<content>2.227</content>
					</attRef>
					<attRef name="Min_sdAOA">
						<content>1.217</content>
					</attRef>
					<attRef name="sdAOASpan">
						<content>1.01</content>
					</attRef>
					<attRef name="Max_logOralFreq">
						<content>3.27</content>
					</attRef>
					<attRef name="Min_logOralFreq">
						<content>0.699</content>
					</attRef>
					<attRef name="logOralFreqSpan">
						<content>2.571</content>
					</attRef>
					<attRef name="Max_logWrittenFreq">
						<content>3.029</content>
					</attRef>
					<attRef name="Min_logWrittenFreq">
						<content>1.415</content>
					</attRef>
					<attRef name="logWrittenFreqSpan">
						<content>1.614</content>
					</attRef>
					<attRef name="CorAoA">
						<content>-0.4596</content>
					</attRef>
				</param>
			</lg>
			<lg n="3" type="terceto">
				<l n="9" met="--+-+--+-+-" enjamb="B-pb_noun_prep" cert="medium">Y la tierra y el mar y el claro cielo</l>
				<l n="10" met="--+--++--+-" enjamb="I-pb_noun_prep" cert="medium">en alegre bullir hierven de amores,</l>
				<l n="11" met="---+---+-+-">cuando fecundo el luminar su vuelo.</l>
				<param name="AffectiveFeatures">
					<attRef name="Hap_Mean">
						<content>19.53</content>
					</attRef>
					<attRef name="Hap_SD">
						<content>4.97</content>
					</attRef>
					<attRef name="Ang_Mean">
						<content>7.77</content>
					</attRef>
					<attRef name="Ang_SD">
						<content>3.92</content>
					</attRef>
					<attRef name="Sad_Mean">
						<content>9.61</content>
					</attRef>
					<attRef name="Sad_SD">
						<content>5.26</content>
					</attRef>
					<attRef name="Fear_Mean">
						<content>10.99</content>
					</attRef>
					<attRef name="Fear_SD">
						<content>6.2</content>
					</attRef>
					<attRef name="Disg_Mean">
						<content>7.21</content>
					</attRef>
					<attRef name="Disg_SD">
						<content>2.46</content>
					</attRef>
					<attRef name="n_affective">
						<content>6</content>
					</attRef>
					<attRef name="ValenceMean">
						<content>56.46</content>
					</attRef>
					<attRef name="ValenceSD">
						<content>9.62</content>
					</attRef>
					<attRef name="ArousalMean">
						<content>37.48</content>
					</attRef>
					<attRef name="ArousalSD">
						<content>18.46</content>
					</attRef>
					<attRef name="n_v_a">
						<content>8</content>
					</attRef>
					<attRef name="Max_Aro">
						<content>6.4</content>
					</attRef>
					<attRef name="Min_Aro">
						<content>2.9</content>
					</attRef>
					<attRef name="ArousalSpan">
						<content>3.5</content>
					</attRef>
					<attRef name="Max_Val">
						<content>8.5</content>
					</attRef>
					<attRef name="Min_Val">
						<content>5.13</content>
					</attRef>
					<attRef name="ValenceSpan">
						<content>3.37</content>
					</attRef>
					<attRef name="CorAro">
						<content>0.7688</content>
					</attRef>
					<attRef name="CorVal">
						<content>-0.0993</content>
					</attRef>
					<attRef name="averageAoA">
						<content>37.92</content>
					</attRef>
					<attRef name="sdAOA">
						<content>16.01</content>
					</attRef>
					<attRef name="MinAoA">
						<content>9.0</content>
					</attRef>
					<attRef name="MaxAoA">
						<content>78.0</content>
					</attRef>
					<attRef name="OralFreq_Log">
						<content>18.19</content>
					</attRef>
					<attRef name="WrittenFreq_Log">
						<content>20.93</content>
					</attRef>
					<attRef name="n_aoa">
						<content>8</content>
					</attRef>
					<attRef name="Max_AoA">
						<content>6.54</content>
					</attRef>
					<attRef name="Min_AoA">
						<content>3.1</content>
					</attRef>
					<attRef name="AoASpan">
						<content>3.44</content>
					</attRef>
					<attRef name="Max_sdAOA">
						<content>2.819</content>
					</attRef>
					<attRef name="Min_sdAOA">
						<content>1.579</content>
					</attRef>
					<attRef name="sdAOASpan">
						<content>1.24</content>
					</attRef>
					<attRef name="Max_logOralFreq">
						<content>3.818</content>
					</attRef>
					<attRef name="Min_logOralFreq">
						<content>0.845</content>
					</attRef>
					<attRef name="logOralFreqSpan">
						<content>2.973</content>
					</attRef>
					<attRef name="Max_logWrittenFreq">
						<content>3.176</content>
					</attRef>
					<attRef name="Min_logWrittenFreq">
						<content>1.079</content>
					</attRef>
					<attRef name="logWrittenFreqSpan">
						<content>2.097</content>
					</attRef>
					<attRef name="CorAoA">
						<content>0.6695</content>
					</attRef>
				</param>
			</lg>
			<lg n="4" type="terceto">
				<l n="12" met="-+-+-++--+-">¿Quién la lumbre te da? ¿Quién los ardores?</l>
				<l n="13" met="-+---+-+-+-">El ser a quien tu luz, que nos asombra,</l>
				<l n="14" met="++---+++++-">es fuego sin calor, es mancha, es sombra.</l>
				<param name="AffectiveFeatures">
					<attRef name="Hap_Mean">
						<content>9.1</content>
					</attRef>
					<attRef name="Hap_SD">
						<content>4.45</content>
					</attRef>
					<attRef name="Ang_Mean">
						<content>6.36</content>
					</attRef>
					<attRef name="Ang_SD">
						<content>3.82</content>
					</attRef>
					<attRef name="Sad_Mean">
						<content>6.41</content>
					</attRef>
					<attRef name="Sad_SD">
						<content>3.77</content>
					</attRef>
					<attRef name="Fear_Mean">
						<content>9.14</content>
					</attRef>
					<attRef name="Fear_SD">
						<content>4.15</content>
					</attRef>
					<attRef name="Disg_Mean">
						<content>5.24</content>
					</attRef>
					<attRef name="Disg_SD">
						<content>2.81</content>
					</attRef>
					<attRef name="n_affective">
						<content>4</content>
					</attRef>
					<attRef name="ValenceMean">
						<content>55.95</content>
					</attRef>
					<attRef name="ValenceSD">
						<content>15.01</content>
					</attRef>
					<attRef name="ArousalMean">
						<content>56.28</content>
					</attRef>
					<attRef name="ArousalSD">
						<content>17.12</content>
					</attRef>
					<attRef name="n_v_a">
						<content>10</content>
					</attRef>
					<attRef name="Max_Aro">
						<content>7.5</content>
					</attRef>
					<attRef name="Min_Aro">
						<content>3.95</content>
					</attRef>
					<attRef name="ArousalSpan">
						<content>3.55</content>
					</attRef>
					<attRef name="Max_Val">
						<content>7.1</content>
					</attRef>
					<attRef name="Min_Val">
						<content>2.4</content>
					</attRef>
					<attRef name="ValenceSpan">
						<content>4.7</content>
					</attRef>
					<attRef name="CorAro">
						<content>0.5022</content>
					</attRef>
					<attRef name="CorVal">
						<content>-0.3213</content>
					</attRef>
					<attRef name="averageAoA">
						<content>52.0</content>
					</attRef>
					<attRef name="sdAOA">
						<content>20.86</content>
					</attRef>
					<attRef name="MinAoA">
						<content>17.0</content>
					</attRef>
					<attRef name="MaxAoA">
						<content>95.0</content>
					</attRef>
					<attRef name="OralFreq_Log">
						<content>nan</content>
					</attRef>
					<attRef name="WrittenFreq_Log">
						<content>28.53</content>
					</attRef>
					<attRef name="n_aoa">
						<content>11</content>
					</attRef>
					<attRef name="Max_AoA">
						<content>7.44</content>
					</attRef>
					<attRef name="Min_AoA">
						<content>3.0</content>
					</attRef>
					<attRef name="AoASpan">
						<content>4.44</content>
					</attRef>
					<attRef name="Max_sdAOA">
						<content>2.712</content>
					</attRef>
					<attRef name="Min_sdAOA">
						<content>1.478</content>
					</attRef>
					<attRef name="sdAOASpan">
						<content>1.234</content>
					</attRef>
					<attRef name="Max_logOralFreq">
						<content>3.731</content>
					</attRef>
					<attRef name="Min_logOralFreq">
						<content>0.903</content>
					</attRef>
					<attRef name="logOralFreqSpan">
						<content>2.828</content>
					</attRef>
					<attRef name="Max_logWrittenFreq">
						<content>3.924</content>
					</attRef>
					<attRef name="Min_logWrittenFreq">
						<content>0.6990000000000001</content>
					</attRef>
					<attRef name="logWrittenFreqSpan">
						<content>3.225</content>
					</attRef>
					<attRef name="CorAoA">
						<content>-0.007</content>
					</attRef>
				</param>
			</lg>
			<param name="AffectiveFeatures">
				<attRef name="Hap_Mean">
					<content>50.89</content>
				</attRef>
				<attRef name="Hap_SD">
					<content>18.47</content>
				</attRef>
				<attRef name="Ang_Mean">
					<content>28.17</content>
				</attRef>
				<attRef name="Ang_SD">
					<content>15.24</content>
				</attRef>
				<attRef name="Sad_Mean">
					<content>30.52</content>
				</attRef>
				<attRef name="Sad_SD">
					<content>17.06</content>
				</attRef>
				<attRef name="Fear_Mean">
					<content>37.34</content>
				</attRef>
				<attRef name="Fear_SD">
					<content>19.4</content>
				</attRef>
				<attRef name="Disg_Mean">
					<content>24.49</content>
				</attRef>
				<attRef name="Disg_SD">
					<content>10.83</content>
				</attRef>
				<attRef name="n_affective">
					<content>19</content>
				</attRef>
				<attRef name="ValenceMean">
					<content>243.93</content>
				</attRef>
				<attRef name="ValenceSD">
					<content>54.7</content>
				</attRef>
				<attRef name="ArousalMean">
					<content>218.48</content>
				</attRef>
				<attRef name="ArousalSD">
					<content>76.55</content>
				</attRef>
				<attRef name="n_v_a">
					<content>42</content>
				</attRef>
				<attRef name="Max_Aro">
					<content>7.65</content>
				</attRef>
				<attRef name="Min_Aro">
					<content>2.9</content>
				</attRef>
				<attRef name="ArousalSpan">
					<content>4.75</content>
				</attRef>
				<attRef name="Max_Val">
					<content>8.5</content>
				</attRef>
				<attRef name="Min_Val">
					<content>1.7</content>
				</attRef>
				<attRef name="ValenceSpan">
					<content>6.8</content>
				</attRef>
				<attRef name="CorAro">
					<content>0.1748</content>
				</attRef>
				<attRef name="CorVal">
					<content>0.0508</content>
				</attRef>
				<attRef name="averageAoA">
					<content>199.29</content>
				</attRef>
				<attRef name="sdAOA">
					<content>72.0</content>
				</attRef>
				<attRef name="MinAoA">
					<content>70.0</content>
				</attRef>
				<attRef name="MaxAoA">
					<content>359.0</content>
				</attRef>
				<attRef name="OralFreq_Log">
					<content>nan</content>
				</attRef>
				<attRef name="WrittenFreq_Log">
					<content>95.96</content>
				</attRef>
				<attRef name="n_aoa">
					<content>39</content>
				</attRef>
				<attRef name="Max_AoA">
					<content>10.58</content>
				</attRef>
				<attRef name="Min_AoA">
					<content>2.84</content>
				</attRef>
				<attRef name="AoASpan">
					<content>7.74</content>
				</attRef>
				<attRef name="Max_sdAOA">
					<content>2.819</content>
				</attRef>
				<attRef name="Min_sdAOA">
					<content>0.81</content>
				</attRef>
				<attRef name="sdAOASpan">
					<content>2.009</content>
				</attRef>
				<attRef name="Max_logOralFreq">
					<content>3.818</content>
				</attRef>
				<attRef name="Min_logOralFreq">
					<content>0.301</content>
				</attRef>
				<attRef name="logOralFreqSpan">
					<content>3.517</content>
				</attRef>
				<attRef name="Max_logWrittenFreq">
					<content>3.924</content>
				</attRef>
				<attRef name="Min_logWrittenFreq">
					<content>0.6990000000000001</content>
				</attRef>
				<attRef name="logWrittenFreqSpan">
					<content>3.225</content>
				</attRef>
				<attRef name="CorAoA">
					<content>-0.0885</content>
				</attRef>
			</param>
		</body>
	</text>
</TEI>