<?xml version="1.0" encoding="utf-8"?>
<TEI xmlns="http://www.tei-c.org/ns/1.0">
	<teiHeader>
		<fileDesc>
			<titleStmt about="disco:po_378n1435">
				<title property="dc:title">Imprecación al sol</title>
				<author property="dc:creator" resource="disco:378n" corresp="#disco_378n">Rafael María Baralt</author>
				<principal xml:id="prf">Pablo Ruiz Fabo</principal>
				<principal xml:id="heb">Helena Bermúdez Sabel</principal>
				<principal xml:id="jct">José Calvo Tello</principal>
				<principal xml:id="cimc">Clara Isabel Martínez Cantón</principal>
				<respStmt>
					<resp>Metrical annotation by</resp>
					<name xml:id="bnc">Borja Navarro Colorado</name>
				</respStmt>
			</titleStmt>
			<extent>
				<measure unit="sonnets">1</measure>
				<measure unit="tokens">96</measure>
				<measure unit="line">14</measure>
			</extent>
			<publicationStmt>
				<publisher>Diachronic Spanish Sonnet Corpus</publisher>
				<authority>POSTDATA Project</authority>
				<pubPlace>Madrid</pubPlace>
				<availability status="free">
					<p>The text is freely available</p>
				</availability>
				<date when="2017">2017</date>
				<idno type="#disco" xml:id="file_po_378n1435"></idno>
			</publicationStmt>
			<sourceDesc>
				<bibl type="digital-source">
					<hi rend="italics">Sonetos del siglo XIX</hi>
					<date when="2006">2006</date>
					<ref target="http://www.cervantesvirtual.com/nd/ark:/59851/bmc4q861"></ref>
					<ref target="http://www.cervantesvirtual.com/obra/sonetos-del-siglo-xix--0/"></ref>
Biblioteca Cervantes Virtual,  / editados por Ramón García González, , , .				</bibl>
			</sourceDesc>
		</fileDesc>
		<profileDesc>
			<langUsage>
				<language ident="es" about="disco:po_378n1435" property="dc:language" resource="dbpedia:Idioma_español">Spanish</language>
			</langUsage>
			<particDesc>
				<listPerson>
					<person xml:id="disco_378n" about="disco:378n" typeOf="foaf:Person">
						<idno cert="high" property="rdfs:seeAlso" resource="https://viaf.org/viaf/49956738"></idno>
						<persName type="short">Baralt</persName>
						<persName type="full">
							<forename property="foaf:givenName">Rafael María</forename>
							<surname property="foaf:familyName">Baralt</surname>
						</persName>
						<persName type="source" property="foaf:name">Rafael María Baralt</persName>
						<sex property="foaf:gender" content="M"></sex>
						<birth>
							<location>
								<placeName>
									<settlement property="schema:birthPlace" inlist="">Maracaibo</settlement>
									<country property="schema:birthPlace" inlist="">Venezuela</country>
									<bloc property="schema:birthPlace" inlist="">América</bloc>
								</placeName>
							</location>
							<date property="schema:birthDate" content="1819" cert="high"></date>
							<date type="century">19</date>
						</birth>
						<death>
							<location>
								<placeName>
									<settlement property="schema:deathPlace" inlist="">Madrid</settlement>
								</placeName>
							</location>
							<date property="schema:deathDate" content="1960" cert="high"></date>
							<date type="century">20</date>
						</death>
						<listBibl inlist="" rel="blterms:hasCreated" typeOf="schema:CreativeWork">
							<bibl resource="disco:s378n1435">
								<title property="dc:title">Imprecación al sol</title>
								<title type="incipit" property="dc:alternative">¡Rey de los astros, eternal lumbrera,</title>
							</bibl>
						</listBibl>
					</person>
				</listPerson>
			</particDesc>
		</profileDesc>
		<encodingDesc>
			<listPrefixDef>
				<prefixDef ident="foaf" matchPattern="([A-Za-z]+)" replacementPattern="http://xmlns.com/foaf/0.1/$1"></prefixDef>
				<prefixDef ident="dc" matchPattern="([A-Za-z]+)" replacementPattern="http://purl.org/dc/terms/$1"></prefixDef>
				<prefixDef ident="schema" matchPattern="([A-Za-z]+)" replacementPattern="http://schema.org/$1"></prefixDef>
				<prefixDef ident="dbpedia" matchPattern="([A-Za-z]+(_[A-Za-z])*)" replacementPattern="http://es.dbpedia.org/page/"></prefixDef>
				<prefixDef ident="blterms" matchPattern="([A-Za-z]+)" replacementPattern="http://www.bl.uk/schemas/bibliographic/blterms#$1"></prefixDef>
				<prefixDef ident="rdfs" matchPattern="([A-Za-z]+)" replacementPattern="http://www.w3.org/2000/01/rdf-schema#$1"></prefixDef>
			</listPrefixDef>
			<metDecl type="met" pattern="((\+|\-)+)*">
				<metSym value="+">stressed syllable</metSym>
				<metSym value="-">unstressed syllable</metSym>
			</metDecl>
			<metDecl type="met">
				<p>
					<ref target="https://github.com/bncolorado/adsoScansionSystem">ADSO</ref>
The metrical patterns were extracted automatically using the 
                    tool.				</p>
			</metDecl>
			<metDecl type="enjamb">
				<p>
					<att>enjamb</att>
					<att>cert</att>
					<ref target="https://sites.google.com/site/spanishenjambment/">ANJA
                        (Automatic eNJambment Analysis)</ref>
					<ref target="https://sites.google.com/site/spanishenjambment/enjambment-types">documentation</ref>
					<ref target="https://sites.google.com/site/spanishenjambment/tei-certitude-values">report</ref>
The values of the  atributes were extracted automatically using
                    the  tool. For more information about the
                    types of enjambment as defined in this corpus, read the . In addition, a  was added to express the
                    degree of certainty concerning the characterisation of the enjambment. The following 
                     covers this feature in deep detail.				</p>
			</metDecl>
		</encodingDesc>
		<revisionDesc>
			<change when="2017-11-02" who="#prf">Initial TEI version</change>
			<change when="2017-11-27" who="#prf">Addition of metrical annotation</change>
			<change when="2017-11-27" who="#heb">Review of authors’ metadata</change>
			<change when="2017-12-01" who="#prf">Encoding of enjambment</change>
			<change when="2017-12-01" who="#heb">Publication of 19th, 18th and Golden Age version</change>
			<change when="2018-05-16" who="#heb">Revision of RDFa attributes</change>
		</revisionDesc>
	</teiHeader>
	<text>
		<front>
			<head>Imprecación al sol</head>
		</front>
		<body>
			<lg n="1" type="cuarteto">
				<l n="1" met="+--+---+-+-">¡Rey de los astros, eternal lumbrera,</l>
				<l n="2" met="-+-+---+-+-">del vasto mundo, fecundante llama</l>
				<l n="3" met="-+-+---+-+-">que al hombre, al bruto, al vegetal inflama,</l>
				<l n="4" met="-++--++-++-">y luz, vida, y amor vierte do quiera!</l>
				<param name="AffectiveFeatures">
					<attRef name="Hap_Mean">
						<content>22.85</content>
					</attRef>
					<attRef name="Hap_SD">
						<content>7.65</content>
					</attRef>
					<attRef name="Ang_Mean">
						<content>12.85</content>
					</attRef>
					<attRef name="Ang_SD">
						<content>8.0</content>
					</attRef>
					<attRef name="Sad_Mean">
						<content>14.31</content>
					</attRef>
					<attRef name="Sad_SD">
						<content>8.59</content>
					</attRef>
					<attRef name="Fear_Mean">
						<content>14.85</content>
					</attRef>
					<attRef name="Fear_SD">
						<content>8.73</content>
					</attRef>
					<attRef name="Disg_Mean">
						<content>10.93</content>
					</attRef>
					<attRef name="Disg_SD">
						<content>5.84</content>
					</attRef>
					<attRef name="n_affective">
						<content>7</content>
					</attRef>
					<attRef name="ValenceMean">
						<content>84.32</content>
					</attRef>
					<attRef name="ValenceSD">
						<content>18.78</content>
					</attRef>
					<attRef name="ArousalMean">
						<content>74.8</content>
					</attRef>
					<attRef name="ArousalSD">
						<content>24.66</content>
					</attRef>
					<attRef name="n_v_a">
						<content>14</content>
					</attRef>
					<attRef name="Max_Aro">
						<content>6.6</content>
					</attRef>
					<attRef name="Min_Aro">
						<content>4.2</content>
					</attRef>
					<attRef name="ArousalSpan">
						<content>2.4</content>
					</attRef>
					<attRef name="Max_Val">
						<content>8.4</content>
					</attRef>
					<attRef name="Min_Val">
						<content>2.9</content>
					</attRef>
					<attRef name="ValenceSpan">
						<content>5.5</content>
					</attRef>
					<attRef name="CorAro">
						<content>0.2017</content>
					</attRef>
					<attRef name="CorVal">
						<content>0.392</content>
					</attRef>
					<attRef name="averageAoA">
						<content>67.06</content>
					</attRef>
					<attRef name="sdAOA">
						<content>24.45</content>
					</attRef>
					<attRef name="MinAoA">
						<content>22.0</content>
					</attRef>
					<attRef name="MaxAoA">
						<content>127.0</content>
					</attRef>
					<attRef name="OralFreq_Log">
						<content>30.13</content>
					</attRef>
					<attRef name="WrittenFreq_Log">
						<content>34.57</content>
					</attRef>
					<attRef name="n_aoa">
						<content>13</content>
					</attRef>
					<attRef name="Max_AoA">
						<content>10.3</content>
					</attRef>
					<attRef name="Min_AoA">
						<content>2.24</content>
					</attRef>
					<attRef name="AoASpan">
						<content>8.06</content>
					</attRef>
					<attRef name="Max_sdAOA">
						<content>2.819</content>
					</attRef>
					<attRef name="Min_sdAOA">
						<content>1.098</content>
					</attRef>
					<attRef name="sdAOASpan">
						<content>1.721</content>
					</attRef>
					<attRef name="Max_logOralFreq">
						<content>3.813</content>
					</attRef>
					<attRef name="Min_logOralFreq">
						<content>0.301</content>
					</attRef>
					<attRef name="logOralFreqSpan">
						<content>3.512</content>
					</attRef>
					<attRef name="Max_logWrittenFreq">
						<content>3.869</content>
					</attRef>
					<attRef name="Min_logWrittenFreq">
						<content>0.778</content>
					</attRef>
					<attRef name="logWrittenFreqSpan">
						<content>3.091</content>
					</attRef>
					<attRef name="CorAoA">
						<content>-0.5814</content>
					</attRef>
				</param>
			</lg>
			<lg n="2" type="cuarteto">
				<l n="5" met="-+-+---+-+-">Por ti se rige la anchurosa esfera;</l>
				<l n="6" met="--+--++--+-">el jilguero feliz trina en su rama;</l>
				<l n="7" met="+--+---+-+-">brilla el rocío, y su caudal derrama,</l>
				<l n="8" met="-+---+---+-">de flores coronada, primavera.</l>
				<param name="AffectiveFeatures">
					<attRef name="Hap_Mean">
						<content>16.06</content>
					</attRef>
					<attRef name="Hap_SD">
						<content>4.95</content>
					</attRef>
					<attRef name="Ang_Mean">
						<content>5.51</content>
					</attRef>
					<attRef name="Ang_SD">
						<content>1.42</content>
					</attRef>
					<attRef name="Sad_Mean">
						<content>6.65</content>
					</attRef>
					<attRef name="Sad_SD">
						<content>3.9</content>
					</attRef>
					<attRef name="Fear_Mean">
						<content>6.5</content>
					</attRef>
					<attRef name="Fear_SD">
						<content>3.4</content>
					</attRef>
					<attRef name="Disg_Mean">
						<content>5.49</content>
					</attRef>
					<attRef name="Disg_SD">
						<content>1.44</content>
					</attRef>
					<attRef name="n_affective">
						<content>5</content>
					</attRef>
					<attRef name="ValenceMean">
						<content>79.54</content>
					</attRef>
					<attRef name="ValenceSD">
						<content>16.97</content>
					</attRef>
					<attRef name="ArousalMean">
						<content>62.99</content>
					</attRef>
					<attRef name="ArousalSD">
						<content>21.58</content>
					</attRef>
					<attRef name="n_v_a">
						<content>13</content>
					</attRef>
					<attRef name="Max_Aro">
						<content>5.9</content>
					</attRef>
					<attRef name="Min_Aro">
						<content>3.4</content>
					</attRef>
					<attRef name="ArousalSpan">
						<content>2.5</content>
					</attRef>
					<attRef name="Max_Val">
						<content>8.3</content>
					</attRef>
					<attRef name="Min_Val">
						<content>3.8</content>
					</attRef>
					<attRef name="ValenceSpan">
						<content>4.5</content>
					</attRef>
					<attRef name="CorAro">
						<content>-0.1539</content>
					</attRef>
					<attRef name="CorVal">
						<content>0.2342</content>
					</attRef>
					<attRef name="averageAoA">
						<content>44.66</content>
					</attRef>
					<attRef name="sdAOA">
						<content>12.67</content>
					</attRef>
					<attRef name="MinAoA">
						<content>19.0</content>
					</attRef>
					<attRef name="MaxAoA">
						<content>71.0</content>
					</attRef>
					<attRef name="OralFreq_Log">
						<content>nan</content>
					</attRef>
					<attRef name="WrittenFreq_Log">
						<content>13.1</content>
					</attRef>
					<attRef name="n_aoa">
						<content>7</content>
					</attRef>
					<attRef name="Max_AoA">
						<content>9.8</content>
					</attRef>
					<attRef name="Min_AoA">
						<content>2.68</content>
					</attRef>
					<attRef name="AoASpan">
						<content>7.12</content>
					</attRef>
					<attRef name="Max_sdAOA">
						<content>2.47</content>
					</attRef>
					<attRef name="Min_sdAOA">
						<content>1.422</content>
					</attRef>
					<attRef name="sdAOASpan">
						<content>1.048</content>
					</attRef>
					<attRef name="Max_logOralFreq">
						<content>2.396</content>
					</attRef>
					<attRef name="Min_logOralFreq">
						<content>0.699</content>
					</attRef>
					<attRef name="logOralFreqSpan">
						<content>1.697</content>
					</attRef>
					<attRef name="Max_logWrittenFreq">
						<content>2.624</content>
					</attRef>
					<attRef name="Min_logWrittenFreq">
						<content>0.845</content>
					</attRef>
					<attRef name="logWrittenFreqSpan">
						<content>1.779</content>
					</attRef>
					<attRef name="CorAoA">
						<content>-0.4651</content>
					</attRef>
				</param>
			</lg>
			<lg n="3" type="terceto">
				<l n="9" met="-+-+-+-+-+-">¿Por qué, cual barro vil, inerte y ciego,</l>
				<l n="10" met="--+-+--+-+-" enjamb="B-ex_dobj_verb" cert="low">al malvado y al justo igual concedes</l>
				<l n="11" met="-+-+---+-+-" enjamb="I-ex_dobj_verb" cert="low">tus rayos de oro, tu esplendor, tu fuego?</l>
				<param name="AffectiveFeatures">
					<attRef name="Hap_Mean">
						<content>7.13</content>
					</attRef>
					<attRef name="Hap_SD">
						<content>2.83</content>
					</attRef>
					<attRef name="Ang_Mean">
						<content>8.2</content>
					</attRef>
					<attRef name="Ang_SD">
						<content>4.57</content>
					</attRef>
					<attRef name="Sad_Mean">
						<content>9.4</content>
					</attRef>
					<attRef name="Sad_SD">
						<content>4.6</content>
					</attRef>
					<attRef name="Fear_Mean">
						<content>10.67</content>
					</attRef>
					<attRef name="Fear_SD">
						<content>5.26</content>
					</attRef>
					<attRef name="Disg_Mean">
						<content>5.86</content>
					</attRef>
					<attRef name="Disg_SD">
						<content>3.19</content>
					</attRef>
					<attRef name="n_affective">
						<content>4</content>
					</attRef>
					<attRef name="ValenceMean">
						<content>59.87</content>
					</attRef>
					<attRef name="ValenceSD">
						<content>17.07</content>
					</attRef>
					<attRef name="ArousalMean">
						<content>69.54</content>
					</attRef>
					<attRef name="ArousalSD">
						<content>18.85</content>
					</attRef>
					<attRef name="n_v_a">
						<content>12</content>
					</attRef>
					<attRef name="Max_Aro">
						<content>7.5</content>
					</attRef>
					<attRef name="Min_Aro">
						<content>4.4</content>
					</attRef>
					<attRef name="ArousalSpan">
						<content>3.1</content>
					</attRef>
					<attRef name="Max_Val">
						<content>7.15</content>
					</attRef>
					<attRef name="Min_Val">
						<content>2.41</content>
					</attRef>
					<attRef name="ValenceSpan">
						<content>4.74</content>
					</attRef>
					<attRef name="CorAro">
						<content>0.3437</content>
					</attRef>
					<attRef name="CorVal">
						<content>0.5408</content>
					</attRef>
					<attRef name="averageAoA">
						<content>51.04</content>
					</attRef>
					<attRef name="sdAOA">
						<content>16.78</content>
					</attRef>
					<attRef name="MinAoA">
						<content>19.0</content>
					</attRef>
					<attRef name="MaxAoA">
						<content>87.0</content>
					</attRef>
					<attRef name="OralFreq_Log">
						<content>16.11</content>
					</attRef>
					<attRef name="WrittenFreq_Log">
						<content>20.16</content>
					</attRef>
					<attRef name="n_aoa">
						<content>9</content>
					</attRef>
					<attRef name="Max_AoA">
						<content>8.82</content>
					</attRef>
					<attRef name="Min_AoA">
						<content>3.68</content>
					</attRef>
					<attRef name="AoASpan">
						<content>5.14</content>
					</attRef>
					<attRef name="Max_sdAOA">
						<content>2.208</content>
					</attRef>
					<attRef name="Min_sdAOA">
						<content>1.542</content>
					</attRef>
					<attRef name="sdAOASpan">
						<content>0.666</content>
					</attRef>
					<attRef name="Max_logOralFreq">
						<content>3.153</content>
					</attRef>
					<attRef name="Min_logOralFreq">
						<content>0.301</content>
					</attRef>
					<attRef name="logOralFreqSpan">
						<content>2.852</content>
					</attRef>
					<attRef name="Max_logWrittenFreq">
						<content>2.768</content>
					</attRef>
					<attRef name="Min_logWrittenFreq">
						<content>1.176</content>
					</attRef>
					<attRef name="logWrittenFreqSpan">
						<content>1.592</content>
					</attRef>
					<attRef name="CorAoA">
						<content>0.1434</content>
					</attRef>
				</param>
			</lg>
			<lg n="4" type="terceto">
				<l n="12" met="-+---+-+-+-">¡Oh! La luz celestial, al bien propicia,</l>
				<l n="13" met="--+--+-+-+-">si severa castiga, da mercedes;</l>
				<l n="14" met="-++--++--+-">pues Dios no es la Igualdad: es la Justicia.</l>
				<param name="AffectiveFeatures">
					<attRef name="Hap_Mean">
						<content>6.66</content>
					</attRef>
					<attRef name="Hap_SD">
						<content>2.92</content>
					</attRef>
					<attRef name="Ang_Mean">
						<content>7.57</content>
					</attRef>
					<attRef name="Ang_SD">
						<content>3.55</content>
					</attRef>
					<attRef name="Sad_Mean">
						<content>7.5</content>
					</attRef>
					<attRef name="Sad_SD">
						<content>3.64</content>
					</attRef>
					<attRef name="Fear_Mean">
						<content>7.63</content>
					</attRef>
					<attRef name="Fear_SD">
						<content>3.68</content>
					</attRef>
					<attRef name="Disg_Mean">
						<content>6.33</content>
					</attRef>
					<attRef name="Disg_SD">
						<content>4.37</content>
					</attRef>
					<attRef name="n_affective">
						<content>3</content>
					</attRef>
					<attRef name="ValenceMean">
						<content>56.3</content>
					</attRef>
					<attRef name="ValenceSD">
						<content>12.97</content>
					</attRef>
					<attRef name="ArousalMean">
						<content>49.8</content>
					</attRef>
					<attRef name="ArousalSD">
						<content>16.33</content>
					</attRef>
					<attRef name="n_v_a">
						<content>10</content>
					</attRef>
					<attRef name="Max_Aro">
						<content>7.2</content>
					</attRef>
					<attRef name="Min_Aro">
						<content>3.9</content>
					</attRef>
					<attRef name="ArousalSpan">
						<content>3.3</content>
					</attRef>
					<attRef name="Max_Val">
						<content>8.15</content>
					</attRef>
					<attRef name="Min_Val">
						<content>2.15</content>
					</attRef>
					<attRef name="ValenceSpan">
						<content>6.0</content>
					</attRef>
					<attRef name="CorAro">
						<content>0.0469</content>
					</attRef>
					<attRef name="CorVal">
						<content>-0.1007</content>
					</attRef>
					<attRef name="averageAoA">
						<content>40.62</content>
					</attRef>
					<attRef name="sdAOA">
						<content>15.63</content>
					</attRef>
					<attRef name="MinAoA">
						<content>14.0</content>
					</attRef>
					<attRef name="MaxAoA">
						<content>83.0</content>
					</attRef>
					<attRef name="OralFreq_Log">
						<content>26.13</content>
					</attRef>
					<attRef name="WrittenFreq_Log">
						<content>26.6</content>
					</attRef>
					<attRef name="n_aoa">
						<content>9</content>
					</attRef>
					<attRef name="Max_AoA">
						<content>8.62</content>
					</attRef>
					<attRef name="Min_AoA">
						<content>1.64</content>
					</attRef>
					<attRef name="AoASpan">
						<content>6.98</content>
					</attRef>
					<attRef name="Max_sdAOA">
						<content>2.418</content>
					</attRef>
					<attRef name="Min_sdAOA">
						<content>0.921</content>
					</attRef>
					<attRef name="sdAOASpan">
						<content>1.497</content>
					</attRef>
					<attRef name="Max_logOralFreq">
						<content>4.257</content>
					</attRef>
					<attRef name="Min_logOralFreq">
						<content>0.845</content>
					</attRef>
					<attRef name="logOralFreqSpan">
						<content>3.412</content>
					</attRef>
					<attRef name="Max_logWrittenFreq">
						<content>4.003</content>
					</attRef>
					<attRef name="Min_logWrittenFreq">
						<content>1.477</content>
					</attRef>
					<attRef name="logWrittenFreqSpan">
						<content>2.526</content>
					</attRef>
					<attRef name="CorAoA">
						<content>0.778</content>
					</attRef>
				</param>
			</lg>
			<param name="AffectiveFeatures">
				<attRef name="Hap_Mean">
					<content>52.7</content>
				</attRef>
				<attRef name="Hap_SD">
					<content>18.35</content>
				</attRef>
				<attRef name="Ang_Mean">
					<content>34.13</content>
				</attRef>
				<attRef name="Ang_SD">
					<content>17.54</content>
				</attRef>
				<attRef name="Sad_Mean">
					<content>37.86</content>
				</attRef>
				<attRef name="Sad_SD">
					<content>20.73</content>
				</attRef>
				<attRef name="Fear_Mean">
					<content>39.65</content>
				</attRef>
				<attRef name="Fear_SD">
					<content>21.07</content>
				</attRef>
				<attRef name="Disg_Mean">
					<content>28.61</content>
				</attRef>
				<attRef name="Disg_SD">
					<content>14.84</content>
				</attRef>
				<attRef name="n_affective">
					<content>19</content>
				</attRef>
				<attRef name="ValenceMean">
					<content>280.03</content>
				</attRef>
				<attRef name="ValenceSD">
					<content>65.79</content>
				</attRef>
				<attRef name="ArousalMean">
					<content>257.13</content>
				</attRef>
				<attRef name="ArousalSD">
					<content>81.42</content>
				</attRef>
				<attRef name="n_v_a">
					<content>49</content>
				</attRef>
				<attRef name="Max_Aro">
					<content>7.5</content>
				</attRef>
				<attRef name="Min_Aro">
					<content>3.4</content>
				</attRef>
				<attRef name="ArousalSpan">
					<content>4.1</content>
				</attRef>
				<attRef name="Max_Val">
					<content>8.4</content>
				</attRef>
				<attRef name="Min_Val">
					<content>2.15</content>
				</attRef>
				<attRef name="ValenceSpan">
					<content>6.25</content>
				</attRef>
				<attRef name="CorAro">
					<content>0.0137</content>
				</attRef>
				<attRef name="CorVal">
					<content>-0.0899</content>
				</attRef>
				<attRef name="averageAoA">
					<content>203.38</content>
				</attRef>
				<attRef name="sdAOA">
					<content>69.53</content>
				</attRef>
				<attRef name="MinAoA">
					<content>74.0</content>
				</attRef>
				<attRef name="MaxAoA">
					<content>368.0</content>
				</attRef>
				<attRef name="OralFreq_Log">
					<content>nan</content>
				</attRef>
				<attRef name="WrittenFreq_Log">
					<content>94.44</content>
				</attRef>
				<attRef name="n_aoa">
					<content>38</content>
				</attRef>
				<attRef name="Max_AoA">
					<content>10.3</content>
				</attRef>
				<attRef name="Min_AoA">
					<content>1.64</content>
				</attRef>
				<attRef name="AoASpan">
					<content>8.66</content>
				</attRef>
				<attRef name="Max_sdAOA">
					<content>2.819</content>
				</attRef>
				<attRef name="Min_sdAOA">
					<content>0.921</content>
				</attRef>
				<attRef name="sdAOASpan">
					<content>1.898</content>
				</attRef>
				<attRef name="Max_logOralFreq">
					<content>4.257</content>
				</attRef>
				<attRef name="Min_logOralFreq">
					<content>0.301</content>
				</attRef>
				<attRef name="logOralFreqSpan">
					<content>3.956</content>
				</attRef>
				<attRef name="Max_logWrittenFreq">
					<content>4.003</content>
				</attRef>
				<attRef name="Min_logWrittenFreq">
					<content>0.778</content>
				</attRef>
				<attRef name="logWrittenFreqSpan">
					<content>3.225</content>
				</attRef>
				<attRef name="CorAoA">
					<content>-0.1208</content>
				</attRef>
			</param>
		</body>
	</text>
</TEI>