<?xml version="1.0" encoding="utf-8"?>
<TEI xmlns="http://www.tei-c.org/ns/1.0">
	<teiHeader>
		<fileDesc>
			<titleStmt about="disco:po_392g0868">
				<title property="dc:title">- I -</title>
				<author property="dc:creator" resource="disco:392g" corresp="#disco_392g">Luis Barahona de Soto</author>
				<principal xml:id="prf">Pablo Ruiz Fabo</principal>
				<principal xml:id="heb">Helena Bermúdez Sabel</principal>
				<principal xml:id="jct">José Calvo Tello</principal>
				<principal xml:id="cimc">Clara Isabel Martínez Cantón</principal>
				<respStmt>
					<resp>Metrical annotation by</resp>
					<name xml:id="bnc">Borja Navarro Colorado</name>
				</respStmt>
			</titleStmt>
			<extent>
				<measure unit="sonnets">1</measure>
				<measure unit="tokens">95</measure>
				<measure unit="line">14</measure>
			</extent>
			<publicationStmt>
				<publisher>Diachronic Spanish Sonnet Corpus</publisher>
				<authority>POSTDATA Project</authority>
				<pubPlace>Madrid</pubPlace>
				<availability status="free">
					<p>The text is freely available</p>
				</availability>
				<date when="2017">2017</date>
				<idno type="#disco" xml:id="file_po_392g0868"></idno>
			</publicationStmt>
			<sourceDesc>
				<bibl type="digital-source">
					<hi rend="italics">Sonetos del siglo XV al XVII</hi>
					<date when="2006">2006</date>
					<ref target="http://www.cervantesvirtual.com/nd/ark:/59851/bmc2r439"></ref>
					<ref target="http://www.cervantesvirtual.com/obra/sonetos-del-siglo-xv-al-xvii--0/"></ref>
Biblioteca Cervantes Virtual,  / editados por Ramón García González, , , .				</bibl>
			</sourceDesc>
		</fileDesc>
		<profileDesc>
			<langUsage>
				<language ident="es" about="disco:po_392g0868" property="dc:language" resource="dbpedia:Idioma_español">Spanish</language>
			</langUsage>
			<particDesc>
				<listPerson>
					<person xml:id="disco_392g" about="disco:392g" typeOf="foaf:Person">
						<idno cert="high" property="rdfs:seeAlso" resource="https://viaf.org/viaf/51697972"></idno>
						<persName type="short">Barahona de Soto</persName>
						<persName type="full">
							<forename property="foaf:givenName">Luis</forename>
							<surname property="foaf:familyName">Barahona de Soto</surname>
						</persName>
						<persName type="source" property="foaf:name">Luis Barahona de Soto</persName>
						<sex property="foaf:gender" content="M"></sex>
						<birth>
							<location>
								<placeName>
									<settlement property="schema:birthPlace" inlist="">Lucena</settlement>
									<country property="schema:birthPlace" inlist="">España</country>
									<bloc property="schema:birthPlace" inlist="">Europa</bloc>
								</placeName>
							</location>
							<date property="schema:birthDate" content="1548" cert="high"></date>
							<date type="century">16</date>
						</birth>
						<death>
							<location>
								<placeName>
									<settlement property="schema:deathPlace" inlist="">Antequera</settlement>
								</placeName>
							</location>
							<date property="schema:deathDate" content="1595" cert="high"></date>
							<date type="century">16</date>
						</death>
						<listBibl inlist="" rel="blterms:hasCreated" typeOf="schema:CreativeWork">
							<bibl resource="disco:s392g0868">
								<title property="dc:title">- I -</title>
								<title type="incipit" property="dc:alternative">Genil, que ves la sombra en tu corriente,</title>
							</bibl>
						</listBibl>
					</person>
				</listPerson>
			</particDesc>
		</profileDesc>
		<encodingDesc>
			<listPrefixDef>
				<prefixDef ident="foaf" matchPattern="([A-Za-z]+)" replacementPattern="http://xmlns.com/foaf/0.1/$1"></prefixDef>
				<prefixDef ident="dc" matchPattern="([A-Za-z]+)" replacementPattern="http://purl.org/dc/terms/$1"></prefixDef>
				<prefixDef ident="schema" matchPattern="([A-Za-z]+)" replacementPattern="http://schema.org/$1"></prefixDef>
				<prefixDef ident="dbpedia" matchPattern="([A-Za-z]+(_[A-Za-z])*)" replacementPattern="http://es.dbpedia.org/page/"></prefixDef>
				<prefixDef ident="blterms" matchPattern="([A-Za-z]+)" replacementPattern="http://www.bl.uk/schemas/bibliographic/blterms#$1"></prefixDef>
				<prefixDef ident="rdfs" matchPattern="([A-Za-z]+)" replacementPattern="http://www.w3.org/2000/01/rdf-schema#$1"></prefixDef>
			</listPrefixDef>
			<metDecl type="met" pattern="((\+|\-)+)*">
				<metSym value="+">stressed syllable</metSym>
				<metSym value="-">unstressed syllable</metSym>
			</metDecl>
			<metDecl type="met">
				<p>
					<ref target="https://github.com/bncolorado/adsoScansionSystem">ADSO</ref>
The metrical patterns were extracted automatically using the 
                    tool.				</p>
			</metDecl>
			<metDecl type="enjamb">
				<p>
					<att>enjamb</att>
					<att>cert</att>
					<ref target="https://sites.google.com/site/spanishenjambment/">ANJA
                        (Automatic eNJambment Analysis)</ref>
					<ref target="https://sites.google.com/site/spanishenjambment/enjambment-types">documentation</ref>
					<ref target="https://sites.google.com/site/spanishenjambment/tei-certitude-values">report</ref>
The values of the  atributes were extracted automatically using
                    the  tool. For more information about the
                    types of enjambment as defined in this corpus, read the . In addition, a  was added to express the
                    degree of certainty concerning the characterisation of the enjambment. The following 
                     covers this feature in deep detail.				</p>
			</metDecl>
		</encodingDesc>
		<revisionDesc>
			<change when="2017-11-02" who="#prf">Initial TEI version</change>
			<change when="2017-11-27" who="#prf">Addition of metrical annotation</change>
			<change when="2017-11-27" who="#heb">Review of authors’ metadata</change>
			<change when="2017-12-01" who="#prf">Encoding of enjambment</change>
			<change when="2017-12-01" who="#heb">Publication of 19th, 18th and Golden Age version</change>
			<change when="2018-05-16" who="#heb">Revision of RDFa attributes</change>
		</revisionDesc>
	</teiHeader>
	<text>
		<front>
			<head>- I -</head>
		</front>
		<body>
			<lg n="1" type="cuarteto">
				<l n="1" met="-+-+-+---+-">Genil, que ves la sombra en tu corriente,</l>
				<l n="2" met="-+-+-+---+-" enjamb="B-ex_dobj_verb" cert="low">que amor llenó de glorias y despojos</l>
				<l n="3" met="-+-+---+-+-" enjamb="I-ex_dobj_verb" cert="low">la lumbre digo de los claros ojos,</l>
				<l n="4" met="-+-+-++--+-">que sombra en tanta luz no se consiente;</l>
				<param name="AffectiveFeatures">
					<attRef name="Hap_Mean">
						<content>14.77</content>
					</attRef>
					<attRef name="Hap_SD">
						<content>4.85</content>
					</attRef>
					<attRef name="Ang_Mean">
						<content>6.66</content>
					</attRef>
					<attRef name="Ang_SD">
						<content>3.87</content>
					</attRef>
					<attRef name="Sad_Mean">
						<content>8.3</content>
					</attRef>
					<attRef name="Sad_SD">
						<content>4.74</content>
					</attRef>
					<attRef name="Fear_Mean">
						<content>9.97</content>
					</attRef>
					<attRef name="Fear_SD">
						<content>5.68</content>
					</attRef>
					<attRef name="Disg_Mean">
						<content>5.51</content>
					</attRef>
					<attRef name="Disg_SD">
						<content>1.83</content>
					</attRef>
					<attRef name="n_affective">
						<content>5</content>
					</attRef>
					<attRef name="ValenceMean">
						<content>88.79</content>
					</attRef>
					<attRef name="ValenceSD">
						<content>20.49</content>
					</attRef>
					<attRef name="ArousalMean">
						<content>77.36</content>
					</attRef>
					<attRef name="ArousalSD">
						<content>26.94</content>
					</attRef>
					<attRef name="n_v_a">
						<content>15</content>
					</attRef>
					<attRef name="Max_Aro">
						<content>6.4</content>
					</attRef>
					<attRef name="Min_Aro">
						<content>3.95</content>
					</attRef>
					<attRef name="ArousalSpan">
						<content>2.45</content>
					</attRef>
					<attRef name="Max_Val">
						<content>8.4</content>
					</attRef>
					<attRef name="Min_Val">
						<content>3.35</content>
					</attRef>
					<attRef name="ValenceSpan">
						<content>5.05</content>
					</attRef>
					<attRef name="CorAro">
						<content>-0.3399</content>
					</attRef>
					<attRef name="CorVal">
						<content>-0.1845</content>
					</attRef>
					<attRef name="averageAoA">
						<content>61.95</content>
					</attRef>
					<attRef name="sdAOA">
						<content>23.16</content>
					</attRef>
					<attRef name="MinAoA">
						<content>19.0</content>
					</attRef>
					<attRef name="MaxAoA">
						<content>111.0</content>
					</attRef>
					<attRef name="OralFreq_Log">
						<content>31.08</content>
					</attRef>
					<attRef name="WrittenFreq_Log">
						<content>33.76</content>
					</attRef>
					<attRef name="n_aoa">
						<content>12</content>
					</attRef>
					<attRef name="Max_AoA">
						<content>7.98</content>
					</attRef>
					<attRef name="Min_AoA">
						<content>2.72</content>
					</attRef>
					<attRef name="AoASpan">
						<content>5.26</content>
					</attRef>
					<attRef name="Max_sdAOA">
						<content>2.819</content>
					</attRef>
					<attRef name="Min_sdAOA">
						<content>1.218</content>
					</attRef>
					<attRef name="sdAOASpan">
						<content>1.601</content>
					</attRef>
					<attRef name="Max_logOralFreq">
						<content>3.818</content>
					</attRef>
					<attRef name="Min_logOralFreq">
						<content>0.845</content>
					</attRef>
					<attRef name="logOralFreqSpan">
						<content>2.973</content>
					</attRef>
					<attRef name="Max_logWrittenFreq">
						<content>3.405</content>
					</attRef>
					<attRef name="Min_logWrittenFreq">
						<content>1.255</content>
					</attRef>
					<attRef name="logWrittenFreqSpan">
						<content>2.15</content>
					</attRef>
					<attRef name="CorAoA">
						<content>0.0958</content>
					</attRef>
				</param>
			</lg>
			<lg n="2" type="cuarteto">
				<l n="5" met="---+---+-+-">en beneficio del amigo ausente</l>
				<l n="6" met="-+---+---+-">revuelve de tus riendas los manojos,</l>
				<l n="7" met="-+---+---+-">con nuevas de mis lástimas y enojos,</l>
				<l n="8" met="--+--+---+-">adonde es mi levante y tu poniente;</l>
				<param name="AffectiveFeatures">
					<attRef name="Hap_Mean">
						<content>7.03</content>
					</attRef>
					<attRef name="Hap_SD">
						<content>1.77</content>
					</attRef>
					<attRef name="Ang_Mean">
						<content>5.83</content>
					</attRef>
					<attRef name="Ang_SD">
						<content>3.24</content>
					</attRef>
					<attRef name="Sad_Mean">
						<content>7.39</content>
					</attRef>
					<attRef name="Sad_SD">
						<content>2.91</content>
					</attRef>
					<attRef name="Fear_Mean">
						<content>6.14</content>
					</attRef>
					<attRef name="Fear_SD">
						<content>3.66</content>
					</attRef>
					<attRef name="Disg_Mean">
						<content>4.26</content>
					</attRef>
					<attRef name="Disg_SD">
						<content>2.52</content>
					</attRef>
					<attRef name="n_affective">
						<content>3</content>
					</attRef>
					<attRef name="ValenceMean">
						<content>57.72</content>
					</attRef>
					<attRef name="ValenceSD">
						<content>14.05</content>
					</attRef>
					<attRef name="ArousalMean">
						<content>57.7</content>
					</attRef>
					<attRef name="ArousalSD">
						<content>19.29</content>
					</attRef>
					<attRef name="n_v_a">
						<content>11</content>
					</attRef>
					<attRef name="Max_Aro">
						<content>6.85</content>
					</attRef>
					<attRef name="Min_Aro">
						<content>3.42</content>
					</attRef>
					<attRef name="ArousalSpan">
						<content>3.43</content>
					</attRef>
					<attRef name="Max_Val">
						<content>8.1</content>
					</attRef>
					<attRef name="Min_Val">
						<content>2.65</content>
					</attRef>
					<attRef name="ValenceSpan">
						<content>5.45</content>
					</attRef>
					<attRef name="CorAro">
						<content>-0.0101</content>
					</attRef>
					<attRef name="CorVal">
						<content>-0.2236</content>
					</attRef>
					<attRef name="averageAoA">
						<content>45.18</content>
					</attRef>
					<attRef name="sdAOA">
						<content>14.09</content>
					</attRef>
					<attRef name="MinAoA">
						<content>12.0</content>
					</attRef>
					<attRef name="MaxAoA">
						<content>70.0</content>
					</attRef>
					<attRef name="OralFreq_Log">
						<content>12.54</content>
					</attRef>
					<attRef name="WrittenFreq_Log">
						<content>15.49</content>
					</attRef>
					<attRef name="n_aoa">
						<content>7</content>
					</attRef>
					<attRef name="Max_AoA">
						<content>8.5</content>
					</attRef>
					<attRef name="Min_AoA">
						<content>3.54</content>
					</attRef>
					<attRef name="AoASpan">
						<content>4.96</content>
					</attRef>
					<attRef name="Max_sdAOA">
						<content>2.688</content>
					</attRef>
					<attRef name="Min_sdAOA">
						<content>1.539</content>
					</attRef>
					<attRef name="sdAOASpan">
						<content>1.149</content>
					</attRef>
					<attRef name="Max_logOralFreq">
						<content>2.985</content>
					</attRef>
					<attRef name="Min_logOralFreq">
						<content>0.602</content>
					</attRef>
					<attRef name="logOralFreqSpan">
						<content>2.383</content>
					</attRef>
					<attRef name="Max_logWrittenFreq">
						<content>3.127</content>
					</attRef>
					<attRef name="Min_logWrittenFreq">
						<content>1.38</content>
					</attRef>
					<attRef name="logWrittenFreqSpan">
						<content>1.747</content>
					</attRef>
					<attRef name="CorAoA">
						<content>-0.039</content>
					</attRef>
				</param>
			</lg>
			<lg n="3" type="terceto">
				<l n="9" met="-----+-+-+-" enjamb="B-pb_verb_cprep" cert="medium">y al tiempo que el sereno rostro veas</l>
				<l n="10" met="-+-+-++--+-" enjamb="I-pb_verb_cprep" cert="medium">de aquellos ojos verse entre tus ondas,</l>
				<l n="11" met="-+--+---+-+-">dirásle: "Ingrato corazón, venciste.</l>
				<param name="AffectiveFeatures">
					<attRef name="Hap_Mean">
						<content>5.73</content>
					</attRef>
					<attRef name="Hap_SD">
						<content>2.9</content>
					</attRef>
					<attRef name="Ang_Mean">
						<content>2.93</content>
					</attRef>
					<attRef name="Ang_SD">
						<content>1.86</content>
					</attRef>
					<attRef name="Sad_Mean">
						<content>3.8</content>
					</attRef>
					<attRef name="Sad_SD">
						<content>2.34</content>
					</attRef>
					<attRef name="Fear_Mean">
						<content>3.7</content>
					</attRef>
					<attRef name="Fear_SD">
						<content>2.32</content>
					</attRef>
					<attRef name="Disg_Mean">
						<content>2.6</content>
					</attRef>
					<attRef name="Disg_SD">
						<content>1.56</content>
					</attRef>
					<attRef name="n_affective">
						<content>2</content>
					</attRef>
					<attRef name="ValenceMean">
						<content>51.4</content>
					</attRef>
					<attRef name="ValenceSD">
						<content>11.32</content>
					</attRef>
					<attRef name="ArousalMean">
						<content>43.96</content>
					</attRef>
					<attRef name="ArousalSD">
						<content>15.19</content>
					</attRef>
					<attRef name="n_v_a">
						<content>9</content>
					</attRef>
					<attRef name="Max_Aro">
						<content>6.0</content>
					</attRef>
					<attRef name="Min_Aro">
						<content>2.75</content>
					</attRef>
					<attRef name="ArousalSpan">
						<content>3.25</content>
					</attRef>
					<attRef name="Max_Val">
						<content>7.0</content>
					</attRef>
					<attRef name="Min_Val">
						<content>2.85</content>
					</attRef>
					<attRef name="ValenceSpan">
						<content>4.15</content>
					</attRef>
					<attRef name="CorAro">
						<content>0.5021</content>
					</attRef>
					<attRef name="CorVal">
						<content>-0.3264</content>
					</attRef>
					<attRef name="averageAoA">
						<content>43.02</content>
					</attRef>
					<attRef name="sdAOA">
						<content>17.28</content>
					</attRef>
					<attRef name="MinAoA">
						<content>12.0</content>
					</attRef>
					<attRef name="MaxAoA">
						<content>78.0</content>
					</attRef>
					<attRef name="OralFreq_Log">
						<content>19.18</content>
					</attRef>
					<attRef name="WrittenFreq_Log">
						<content>22.64</content>
					</attRef>
					<attRef name="n_aoa">
						<content>8</content>
					</attRef>
					<attRef name="Max_AoA">
						<content>8.2</content>
					</attRef>
					<attRef name="Min_AoA">
						<content>2.72</content>
					</attRef>
					<attRef name="AoASpan">
						<content>5.48</content>
					</attRef>
					<attRef name="Max_sdAOA">
						<content>3.086</content>
					</attRef>
					<attRef name="Min_sdAOA">
						<content>1.443</content>
					</attRef>
					<attRef name="sdAOASpan">
						<content>1.643</content>
					</attRef>
					<attRef name="Max_logOralFreq">
						<content>3.724</content>
					</attRef>
					<attRef name="Min_logOralFreq">
						<content>1.146</content>
					</attRef>
					<attRef name="logOralFreqSpan">
						<content>2.578</content>
					</attRef>
					<attRef name="Max_logWrittenFreq">
						<content>3.62</content>
					</attRef>
					<attRef name="Min_logWrittenFreq">
						<content>1.778</content>
					</attRef>
					<attRef name="logWrittenFreqSpan">
						<content>1.842</content>
					</attRef>
					<attRef name="CorAoA">
						<content>-0.1141</content>
					</attRef>
				</param>
			</lg>
			<lg n="4" type="terceto">
				<l n="12" met="-+-++--+-+-">Venciste, no me huyas ni te escondas:</l>
				<l n="13" met="-+-+-+-+-+-">alégrate, pues sé que lo deseas;</l>
				<l n="14" met="-+++-+---+-">que muerto es ya el que tanto aborreciste.</l>
				<param name="AffectiveFeatures">
					<attRef name="Hap_Mean">
						<content>6.53</content>
					</attRef>
					<attRef name="Hap_SD">
						<content>1.69</content>
					</attRef>
					<attRef name="Ang_Mean">
						<content>5.24</content>
					</attRef>
					<attRef name="Ang_SD">
						<content>2.89</content>
					</attRef>
					<attRef name="Sad_Mean">
						<content>7.8</content>
					</attRef>
					<attRef name="Sad_SD">
						<content>2.93</content>
					</attRef>
					<attRef name="Fear_Mean">
						<content>7.6</content>
					</attRef>
					<attRef name="Fear_SD">
						<content>4.23</content>
					</attRef>
					<attRef name="Disg_Mean">
						<content>4.44</content>
					</attRef>
					<attRef name="Disg_SD">
						<content>2.16</content>
					</attRef>
					<attRef name="n_affective">
						<content>3</content>
					</attRef>
					<attRef name="ValenceMean">
						<content>26.93</content>
					</attRef>
					<attRef name="ValenceSD">
						<content>8.19</content>
					</attRef>
					<attRef name="ArousalMean">
						<content>35.25</content>
					</attRef>
					<attRef name="ArousalSD">
						<content>10.58</content>
					</attRef>
					<attRef name="n_v_a">
						<content>6</content>
					</attRef>
					<attRef name="Max_Aro">
						<content>7.35</content>
					</attRef>
					<attRef name="Min_Aro">
						<content>4.5</content>
					</attRef>
					<attRef name="ArousalSpan">
						<content>2.85</content>
					</attRef>
					<attRef name="Max_Val">
						<content>7.1</content>
					</attRef>
					<attRef name="Min_Val">
						<content>1.7</content>
					</attRef>
					<attRef name="ValenceSpan">
						<content>5.4</content>
					</attRef>
					<attRef name="CorAro">
						<content>-0.0616</content>
					</attRef>
					<attRef name="CorVal">
						<content>0.2602</content>
					</attRef>
					<attRef name="averageAoA">
						<content>36.08</content>
					</attRef>
					<attRef name="sdAOA">
						<content>12.63</content>
					</attRef>
					<attRef name="MinAoA">
						<content>11.0</content>
					</attRef>
					<attRef name="MaxAoA">
						<content>61.0</content>
					</attRef>
					<attRef name="OralFreq_Log">
						<content>14.84</content>
					</attRef>
					<attRef name="WrittenFreq_Log">
						<content>16.37</content>
					</attRef>
					<attRef name="n_aoa">
						<content>6</content>
					</attRef>
					<attRef name="Max_AoA">
						<content>7.22</content>
					</attRef>
					<attRef name="Min_AoA">
						<content>3.66</content>
					</attRef>
					<attRef name="AoASpan">
						<content>3.56</content>
					</attRef>
					<attRef name="Max_sdAOA">
						<content>2.754</content>
					</attRef>
					<attRef name="Min_sdAOA">
						<content>1.533</content>
					</attRef>
					<attRef name="sdAOASpan">
						<content>1.221</content>
					</attRef>
					<attRef name="Max_logOralFreq">
						<content>4.257</content>
					</attRef>
					<attRef name="Min_logOralFreq">
						<content>1.176</content>
					</attRef>
					<attRef name="logOralFreqSpan">
						<content>3.081</content>
					</attRef>
					<attRef name="Max_logWrittenFreq">
						<content>3.924</content>
					</attRef>
					<attRef name="Min_logWrittenFreq">
						<content>1.491</content>
					</attRef>
					<attRef name="logWrittenFreqSpan">
						<content>2.433</content>
					</attRef>
					<attRef name="CorAoA">
						<content>0.1104</content>
					</attRef>
				</param>
			</lg>
			<param name="AffectiveFeatures">
				<attRef name="Hap_Mean">
					<content>34.06</content>
				</attRef>
				<attRef name="Hap_SD">
					<content>11.21</content>
				</attRef>
				<attRef name="Ang_Mean">
					<content>20.66</content>
				</attRef>
				<attRef name="Ang_SD">
					<content>11.86</content>
				</attRef>
				<attRef name="Sad_Mean">
					<content>27.29</content>
				</attRef>
				<attRef name="Sad_SD">
					<content>12.92</content>
				</attRef>
				<attRef name="Fear_Mean">
					<content>27.41</content>
				</attRef>
				<attRef name="Fear_SD">
					<content>15.89</content>
				</attRef>
				<attRef name="Disg_Mean">
					<content>16.81</content>
				</attRef>
				<attRef name="Disg_SD">
					<content>8.07</content>
				</attRef>
				<attRef name="n_affective">
					<content>13</content>
				</attRef>
				<attRef name="ValenceMean">
					<content>224.84</content>
				</attRef>
				<attRef name="ValenceSD">
					<content>54.05</content>
				</attRef>
				<attRef name="ArousalMean">
					<content>214.27</content>
				</attRef>
				<attRef name="ArousalSD">
					<content>72.0</content>
				</attRef>
				<attRef name="n_v_a">
					<content>41</content>
				</attRef>
				<attRef name="Max_Aro">
					<content>7.35</content>
				</attRef>
				<attRef name="Min_Aro">
					<content>2.75</content>
				</attRef>
				<attRef name="ArousalSpan">
					<content>4.6</content>
				</attRef>
				<attRef name="Max_Val">
					<content>8.4</content>
				</attRef>
				<attRef name="Min_Val">
					<content>1.7</content>
				</attRef>
				<attRef name="ValenceSpan">
					<content>6.7</content>
				</attRef>
				<attRef name="CorAro">
					<content>0.1223</content>
				</attRef>
				<attRef name="CorVal">
					<content>-0.2634</content>
				</attRef>
				<attRef name="averageAoA">
					<content>186.23</content>
				</attRef>
				<attRef name="sdAOA">
					<content>67.15</content>
				</attRef>
				<attRef name="MinAoA">
					<content>54.0</content>
				</attRef>
				<attRef name="MaxAoA">
					<content>320.0</content>
				</attRef>
				<attRef name="OralFreq_Log">
					<content>77.64</content>
				</attRef>
				<attRef name="WrittenFreq_Log">
					<content>88.24</content>
				</attRef>
				<attRef name="n_aoa">
					<content>33</content>
				</attRef>
				<attRef name="Max_AoA">
					<content>8.5</content>
				</attRef>
				<attRef name="Min_AoA">
					<content>2.72</content>
				</attRef>
				<attRef name="AoASpan">
					<content>5.78</content>
				</attRef>
				<attRef name="Max_sdAOA">
					<content>3.086</content>
				</attRef>
				<attRef name="Min_sdAOA">
					<content>1.218</content>
				</attRef>
				<attRef name="sdAOASpan">
					<content>1.868</content>
				</attRef>
				<attRef name="Max_logOralFreq">
					<content>4.257</content>
				</attRef>
				<attRef name="Min_logOralFreq">
					<content>0.602</content>
				</attRef>
				<attRef name="logOralFreqSpan">
					<content>3.655</content>
				</attRef>
				<attRef name="Max_logWrittenFreq">
					<content>3.924</content>
				</attRef>
				<attRef name="Min_logWrittenFreq">
					<content>1.255</content>
				</attRef>
				<attRef name="logWrittenFreqSpan">
					<content>2.669</content>
				</attRef>
				<attRef name="CorAoA">
					<content>0.1256</content>
				</attRef>
			</param>
		</body>
	</text>
</TEI>