<?xml version="1.0" encoding="utf-8"?>
<TEI xmlns="http://www.tei-c.org/ns/1.0">
	<teiHeader>
		<fileDesc>
			<titleStmt about="disco:po_051e0405">
				<title property="dc:title">Volaste, alma inocente</title>
				<author property="dc:creator" resource="disco:051e" corresp="#disco_051e">Manuel María Barbosa de Bocage</author>
				<principal xml:id="prf">Pablo Ruiz Fabo</principal>
				<principal xml:id="heb">Helena Bermúdez Sabel</principal>
				<principal xml:id="jct">José Calvo Tello</principal>
				<principal xml:id="cimc">Clara Isabel Martínez Cantón</principal>
				<respStmt>
					<resp>Metrical annotation by</resp>
					<name xml:id="bnc">Borja Navarro Colorado</name>
				</respStmt>
			</titleStmt>
			<extent>
				<measure unit="sonnets">1</measure>
				<measure unit="tokens">92</measure>
				<measure unit="line">14</measure>
			</extent>
			<publicationStmt>
				<publisher>Diachronic Spanish Sonnet Corpus</publisher>
				<authority>POSTDATA Project</authority>
				<pubPlace>Madrid</pubPlace>
				<availability status="free">
					<p>The text is freely available</p>
				</availability>
				<date when="2017">2017</date>
				<idno type="#disco" xml:id="file_po_051e0405"></idno>
			</publicationStmt>
			<sourceDesc>
				<bibl type="digital-source">
					<hi rend="italics">Sonetos por autor</hi>
					<date when="2017">2017</date>
					<ref target="https://es.wikisource.org/wiki/Categoría:Sonetos_por_autor"></ref>
Wikisource, , , .				</bibl>
			</sourceDesc>
		</fileDesc>
		<profileDesc>
			<langUsage>
				<language ident="es" about="disco:po_051e0405" property="dc:language" resource="dbpedia:Idioma_español">Spanish</language>
			</langUsage>
			<particDesc>
				<listPerson>
					<person xml:id="disco_051e" about="disco:051e" typeOf="foaf:Person">
						<persName type="short">Barbosa de Bocage</persName>
						<persName type="full">
							<forename property="foaf:givenName">Manuel María</forename>
							<surname property="foaf:familyName">Barbosa de Bocage</surname>
						</persName>
						<persName type="source" property="foaf:name">Manuel María Barbosa de
                  Bocage</persName>
						<sex property="foaf:gender" content="M"></sex>
						<birth>
							<location>
								<placeName>
									<country property="schema:birthPlace" inlist="">Portugal</country>
									<bloc property="schema:birthPlace" inlist="">Europa</bloc>
								</placeName>
							</location>
							<date property="schema:birthDate" content="1765" cert="high"></date>
							<date type="century">18</date>
						</birth>
						<death>
							<date property="schema:deathDate" content="1805" cert="high"></date>
							<date type="century">19</date>
						</death>
						<listBibl inlist="" rel="blterms:hasCreated" typeOf="schema:CreativeWork">
							<bibl resource="disco:s051e0405">
								<title property="dc:title">Volaste, alma inocente</title>
								<title type="incipit" property="dc:alternative">Volaste, alma inocente, alma querida,</title>
							</bibl>
						</listBibl>
					</person>
				</listPerson>
			</particDesc>
		</profileDesc>
		<encodingDesc>
			<listPrefixDef>
				<prefixDef ident="foaf" matchPattern="([A-Za-z]+)" replacementPattern="http://xmlns.com/foaf/0.1/$1"></prefixDef>
				<prefixDef ident="dc" matchPattern="([A-Za-z]+)" replacementPattern="http://purl.org/dc/terms/$1"></prefixDef>
				<prefixDef ident="schema" matchPattern="([A-Za-z]+)" replacementPattern="http://schema.org/$1"></prefixDef>
				<prefixDef ident="dbpedia" matchPattern="([A-Za-z]+(_[A-Za-z])*)" replacementPattern="http://es.dbpedia.org/page/"></prefixDef>
				<prefixDef ident="blterms" matchPattern="([A-Za-z]+)" replacementPattern="http://www.bl.uk/schemas/bibliographic/blterms#$1"></prefixDef>
				<prefixDef ident="rdfs" matchPattern="([A-Za-z]+)" replacementPattern="http://www.w3.org/2000/01/rdf-schema#$1"></prefixDef>
			</listPrefixDef>
			<metDecl type="met" pattern="((\+|\-)+)*">
				<metSym value="+">stressed syllable</metSym>
				<metSym value="-">unstressed syllable</metSym>
			</metDecl>
			<metDecl type="met">
				<p>
					<ref target="https://github.com/bncolorado/adsoScansionSystem">ADSO</ref>
The metrical patterns were extracted automatically using the 
                    tool.				</p>
			</metDecl>
			<metDecl type="enjamb">
				<p>
					<att>enjamb</att>
					<att>cert</att>
					<ref target="https://sites.google.com/site/spanishenjambment/">ANJA
                        (Automatic eNJambment Analysis)</ref>
					<ref target="https://sites.google.com/site/spanishenjambment/enjambment-types">documentation</ref>
					<ref target="https://sites.google.com/site/spanishenjambment/tei-certitude-values">report</ref>
The values of the  atributes were extracted automatically using
                    the  tool. For more information about the
                    types of enjambment as defined in this corpus, read the . In addition, a  was added to express the
                    degree of certainty concerning the characterisation of the enjambment. The following 
                     covers this feature in deep detail.				</p>
			</metDecl>
		</encodingDesc>
		<revisionDesc>
			<change when="2017-11-02" who="#prf">Initial TEI version</change>
			<change when="2017-11-27" who="#prf">Addition of metrical annotation</change>
			<change when="2017-11-27" who="#heb">Review of authors’ metadata</change>
			<change when="2017-12-01" who="#prf">Encoding of enjambment</change>
			<change when="2017-12-01" who="#heb">Publication of 19th, 18th and Golden Age version</change>
			<change when="2018-05-16" who="#heb">Revision of RDFa attributes</change>
		</revisionDesc>
	</teiHeader>
	<text>
		<front>
			<head>Volaste, alma inocente</head>
		</front>
		<body>
			<lg n="1" type="cuarteto">
				<l n="1" met="-++--++--+-">Volaste, alma inocente, alma querida,</l>
				<l n="2" met="+-++-+-+++-">Fuiste a ver otro sol de luz más pura;</l>
				<l n="3" met="+-+--+--++-">Falsos bienes de vida que no dura</l>
				<l n="4" met="+--+---+-+-">Truecas por bienes de la eterna vida;</l>
				<param name="AffectiveFeatures">
					<attRef name="Hap_Mean">
						<content>25.5</content>
					</attRef>
					<attRef name="Hap_SD">
						<content>8.35</content>
					</attRef>
					<attRef name="Ang_Mean">
						<content>13.5</content>
					</attRef>
					<attRef name="Ang_SD">
						<content>8.34</content>
					</attRef>
					<attRef name="Sad_Mean">
						<content>16.25</content>
					</attRef>
					<attRef name="Sad_SD">
						<content>9.27</content>
					</attRef>
					<attRef name="Fear_Mean">
						<content>15.67</content>
					</attRef>
					<attRef name="Fear_SD">
						<content>8.76</content>
					</attRef>
					<attRef name="Disg_Mean">
						<content>11.57</content>
					</attRef>
					<attRef name="Disg_SD">
						<content>6.26</content>
					</attRef>
					<attRef name="n_affective">
						<content>8</content>
					</attRef>
					<attRef name="ValenceMean">
						<content>93.85</content>
					</attRef>
					<attRef name="ValenceSD">
						<content>18.6</content>
					</attRef>
					<attRef name="ArousalMean">
						<content>71.45</content>
					</attRef>
					<attRef name="ArousalSD">
						<content>27.43</content>
					</attRef>
					<attRef name="n_v_a">
						<content>14</content>
					</attRef>
					<attRef name="Max_Aro">
						<content>6.95</content>
					</attRef>
					<attRef name="Min_Aro">
						<content>3.75</content>
					</attRef>
					<attRef name="ArousalSpan">
						<content>3.2</content>
					</attRef>
					<attRef name="Max_Val">
						<content>8.25</content>
					</attRef>
					<attRef name="Min_Val">
						<content>2.4</content>
					</attRef>
					<attRef name="ValenceSpan">
						<content>5.85</content>
					</attRef>
					<attRef name="CorAro">
						<content>0.4582</content>
					</attRef>
					<attRef name="CorVal">
						<content>0.2511</content>
					</attRef>
					<attRef name="averageAoA">
						<content>72.45</content>
					</attRef>
					<attRef name="sdAOA">
						<content>27.59</content>
					</attRef>
					<attRef name="MinAoA">
						<content>23.0</content>
					</attRef>
					<attRef name="MaxAoA">
						<content>135.0</content>
					</attRef>
					<attRef name="OralFreq_Log">
						<content>38.34</content>
					</attRef>
					<attRef name="WrittenFreq_Log">
						<content>41.27</content>
					</attRef>
					<attRef name="n_aoa">
						<content>14</content>
					</attRef>
					<attRef name="Max_AoA">
						<content>8.66</content>
					</attRef>
					<attRef name="Min_AoA">
						<content>2.72</content>
					</attRef>
					<attRef name="AoASpan">
						<content>5.94</content>
					</attRef>
					<attRef name="Max_sdAOA">
						<content>2.372</content>
					</attRef>
					<attRef name="Min_sdAOA">
						<content>1.443</content>
					</attRef>
					<attRef name="sdAOASpan">
						<content>0.929</content>
					</attRef>
					<attRef name="Max_logOralFreq">
						<content>3.879</content>
					</attRef>
					<attRef name="Min_logOralFreq">
						<content>1.69</content>
					</attRef>
					<attRef name="logOralFreqSpan">
						<content>2.189</content>
					</attRef>
					<attRef name="Max_logWrittenFreq">
						<content>3.678</content>
					</attRef>
					<attRef name="Min_logWrittenFreq">
						<content>2.009</content>
					</attRef>
					<attRef name="logWrittenFreqSpan">
						<content>1.669</content>
					</attRef>
					<attRef name="CorAoA">
						<content>-0.444</content>
					</attRef>
				</param>
			</lg>
			<lg n="2" type="cuarteto">
				<l n="5" met="-+-+---+-+-">Por Dios llamada, para Dios nacida,</l>
				<l n="6" met="+-+--++--+-">Ya de vana ilusión vives segura;</l>
				<l n="7" met="-+++-----+-">Feliz te creo, pero mi ternura</l>
				<l n="8" met="--+--+-+-+-">Con puñal de tristeza queda herida.</l>
				<param name="AffectiveFeatures">
					<attRef name="Hap_Mean">
						<content>18.05</content>
					</attRef>
					<attRef name="Hap_SD">
						<content>6.5</content>
					</attRef>
					<attRef name="Ang_Mean">
						<content>11.27</content>
					</attRef>
					<attRef name="Ang_SD">
						<content>6.14</content>
					</attRef>
					<attRef name="Sad_Mean">
						<content>13.5</content>
					</attRef>
					<attRef name="Sad_SD">
						<content>7.93</content>
					</attRef>
					<attRef name="Fear_Mean">
						<content>15.97</content>
					</attRef>
					<attRef name="Fear_SD">
						<content>8.0</content>
					</attRef>
					<attRef name="Disg_Mean">
						<content>11.02</content>
					</attRef>
					<attRef name="Disg_SD">
						<content>6.02</content>
					</attRef>
					<attRef name="n_affective">
						<content>7</content>
					</attRef>
					<attRef name="ValenceMean">
						<content>73.62</content>
					</attRef>
					<attRef name="ValenceSD">
						<content>17.62</content>
					</attRef>
					<attRef name="ArousalMean">
						<content>69.32</content>
					</attRef>
					<attRef name="ArousalSD">
						<content>24.46</content>
					</attRef>
					<attRef name="n_v_a">
						<content>13</content>
					</attRef>
					<attRef name="Max_Aro">
						<content>7.75</content>
					</attRef>
					<attRef name="Min_Aro">
						<content>2.8</content>
					</attRef>
					<attRef name="ArousalSpan">
						<content>4.95</content>
					</attRef>
					<attRef name="Max_Val">
						<content>8.55</content>
					</attRef>
					<attRef name="Min_Val">
						<content>1.8</content>
					</attRef>
					<attRef name="ValenceSpan">
						<content>6.75</content>
					</attRef>
					<attRef name="CorAro">
						<content>0.1305</content>
					</attRef>
					<attRef name="CorVal">
						<content>-0.3194</content>
					</attRef>
					<attRef name="averageAoA">
						<content>77.5</content>
					</attRef>
					<attRef name="sdAOA">
						<content>28.19</content>
					</attRef>
					<attRef name="MinAoA">
						<content>22.33</content>
					</attRef>
					<attRef name="MaxAoA">
						<content>148.33</content>
					</attRef>
					<attRef name="OralFreq_Log">
						<content>29.44</content>
					</attRef>
					<attRef name="WrittenFreq_Log">
						<content>33.79</content>
					</attRef>
					<attRef name="n_aoa">
						<content>14</content>
					</attRef>
					<attRef name="Max_AoA">
						<content>8.18</content>
					</attRef>
					<attRef name="Min_AoA">
						<content>3.9</content>
					</attRef>
					<attRef name="AoASpan">
						<content>4.28</content>
					</attRef>
					<attRef name="Max_sdAOA">
						<content>2.93</content>
					</attRef>
					<attRef name="Min_sdAOA">
						<content>1.134</content>
					</attRef>
					<attRef name="sdAOASpan">
						<content>1.796</content>
					</attRef>
					<attRef name="Max_logOralFreq">
						<content>2.918</content>
					</attRef>
					<attRef name="Min_logOralFreq">
						<content>0.903</content>
					</attRef>
					<attRef name="logOralFreqSpan">
						<content>2.015</content>
					</attRef>
					<attRef name="Max_logWrittenFreq">
						<content>3.1060000000000003</content>
					</attRef>
					<attRef name="Min_logWrittenFreq">
						<content>1.531</content>
					</attRef>
					<attRef name="logWrittenFreqSpan">
						<content>1.575</content>
					</attRef>
					<attRef name="CorAoA">
						<content>0.4778</content>
					</attRef>
				</param>
			</lg>
			<lg n="3" type="terceto">
				<l n="9" met="--+--+-+-+-">¡Desdichado el mortal, insano, insano,</l>
				<l n="10" met="--+--+---+-">En llorar por los hados de quien mora</l>
				<l n="11" met="--+--+---+-">En palacio de eterno soberano!</l>
				<param name="AffectiveFeatures">
					<attRef name="Hap_Mean">
						<content>5.46</content>
					</attRef>
					<attRef name="Hap_SD">
						<content>2.61</content>
					</attRef>
					<attRef name="Ang_Mean">
						<content>2.37</content>
					</attRef>
					<attRef name="Ang_SD">
						<content>1.3</content>
					</attRef>
					<attRef name="Sad_Mean">
						<content>2.33</content>
					</attRef>
					<attRef name="Sad_SD">
						<content>0.74</content>
					</attRef>
					<attRef name="Fear_Mean">
						<content>2.13</content>
					</attRef>
					<attRef name="Fear_SD">
						<content>0.49</content>
					</attRef>
					<attRef name="Disg_Mean">
						<content>2.47</content>
					</attRef>
					<attRef name="Disg_SD">
						<content>1.3</content>
					</attRef>
					<attRef name="n_affective">
						<content>2</content>
					</attRef>
					<attRef name="ValenceMean">
						<content>26.13</content>
					</attRef>
					<attRef name="ValenceSD">
						<content>8.4</content>
					</attRef>
					<attRef name="ArousalMean">
						<content>34.5</content>
					</attRef>
					<attRef name="ArousalSD">
						<content>10.18</content>
					</attRef>
					<attRef name="n_v_a">
						<content>6</content>
					</attRef>
					<attRef name="Max_Aro">
						<content>7.05</content>
					</attRef>
					<attRef name="Min_Aro">
						<content>4.1</content>
					</attRef>
					<attRef name="ArousalSpan">
						<content>2.95</content>
					</attRef>
					<attRef name="Max_Val">
						<content>7.05</content>
					</attRef>
					<attRef name="Min_Val">
						<content>2.05</content>
					</attRef>
					<attRef name="ValenceSpan">
						<content>5.0</content>
					</attRef>
					<attRef name="CorAro">
						<content>-0.6656</content>
					</attRef>
					<attRef name="CorVal">
						<content>0.8793</content>
					</attRef>
					<attRef name="averageAoA">
						<content>29.4</content>
					</attRef>
					<attRef name="sdAOA">
						<content>9.98</content>
					</attRef>
					<attRef name="MinAoA">
						<content>10.0</content>
					</attRef>
					<attRef name="MaxAoA">
						<content>51.0</content>
					</attRef>
					<attRef name="OralFreq_Log">
						<content>8.32</content>
					</attRef>
					<attRef name="WrittenFreq_Log">
						<content>10.28</content>
					</attRef>
					<attRef name="n_aoa">
						<content>5</content>
					</attRef>
					<attRef name="Max_AoA">
						<content>8.24</content>
					</attRef>
					<attRef name="Min_AoA">
						<content>2.84</content>
					</attRef>
					<attRef name="AoASpan">
						<content>5.4</content>
					</attRef>
					<attRef name="Max_sdAOA">
						<content>2.226</content>
					</attRef>
					<attRef name="Min_sdAOA">
						<content>1.476</content>
					</attRef>
					<attRef name="sdAOASpan">
						<content>0.75</content>
					</attRef>
					<attRef name="Max_logOralFreq">
						<content>2.25</content>
					</attRef>
					<attRef name="Min_logOralFreq">
						<content>1.362</content>
					</attRef>
					<attRef name="logOralFreqSpan">
						<content>0.888</content>
					</attRef>
					<attRef name="Max_logWrittenFreq">
						<content>2.455</content>
					</attRef>
					<attRef name="Min_logWrittenFreq">
						<content>1.38</content>
					</attRef>
					<attRef name="logWrittenFreqSpan">
						<content>1.075</content>
					</attRef>
					<attRef name="CorAoA">
						<content>0.0072</content>
					</attRef>
				</param>
			</lg>
			<lg n="4" type="terceto">
				<l n="12" met="-+-+-+--++-">Perdona, Anarda, al triste que te adora;</l>
				<l n="13" met="++---+-+-+-">Tal es la condición del pecho humano;</l>
				<l n="14" met="---+-+-+++-">Si la razón se ríe, Amor te llora.</l>
				<param name="AffectiveFeatures">
					<attRef name="Hap_Mean">
						<content>10.07</content>
					</attRef>
					<attRef name="Hap_SD">
						<content>2.88</content>
					</attRef>
					<attRef name="Ang_Mean">
						<content>7.1</content>
					</attRef>
					<attRef name="Ang_SD">
						<content>4.33</content>
					</attRef>
					<attRef name="Sad_Mean">
						<content>10.63</content>
					</attRef>
					<attRef name="Sad_SD">
						<content>4.51</content>
					</attRef>
					<attRef name="Fear_Mean">
						<content>9.04</content>
					</attRef>
					<attRef name="Fear_SD">
						<content>4.93</content>
					</attRef>
					<attRef name="Disg_Mean">
						<content>5.74</content>
					</attRef>
					<attRef name="Disg_SD">
						<content>3.18</content>
					</attRef>
					<attRef name="n_affective">
						<content>4</content>
					</attRef>
					<attRef name="ValenceMean">
						<content>58.94</content>
					</attRef>
					<attRef name="ValenceSD">
						<content>10.43</content>
					</attRef>
					<attRef name="ArousalMean">
						<content>53.95</content>
					</attRef>
					<attRef name="ArousalSD">
						<content>19.31</content>
					</attRef>
					<attRef name="n_v_a">
						<content>10</content>
					</attRef>
					<attRef name="Max_Aro">
						<content>6.4</content>
					</attRef>
					<attRef name="Min_Aro">
						<content>4.65</content>
					</attRef>
					<attRef name="ArousalSpan">
						<content>1.75</content>
					</attRef>
					<attRef name="Max_Val">
						<content>8.45</content>
					</attRef>
					<attRef name="Min_Val">
						<content>2.1</content>
					</attRef>
					<attRef name="ValenceSpan">
						<content>6.35</content>
					</attRef>
					<attRef name="CorAro">
						<content>0.5659</content>
					</attRef>
					<attRef name="CorVal">
						<content>0.1312</content>
					</attRef>
					<attRef name="averageAoA">
						<content>55.63</content>
					</attRef>
					<attRef name="sdAOA">
						<content>21.38</content>
					</attRef>
					<attRef name="MinAoA">
						<content>17.0</content>
					</attRef>
					<attRef name="MaxAoA">
						<content>101.0</content>
					</attRef>
					<attRef name="OralFreq_Log">
						<content>26.41</content>
					</attRef>
					<attRef name="WrittenFreq_Log">
						<content>30.16</content>
					</attRef>
					<attRef name="n_aoa">
						<content>11</content>
					</attRef>
					<attRef name="Max_AoA">
						<content>8.16</content>
					</attRef>
					<attRef name="Min_AoA">
						<content>1.64</content>
					</attRef>
					<attRef name="AoASpan">
						<content>6.52</content>
					</attRef>
					<attRef name="Max_sdAOA">
						<content>2.819</content>
					</attRef>
					<attRef name="Min_sdAOA">
						<content>0.921</content>
					</attRef>
					<attRef name="sdAOASpan">
						<content>1.898</content>
					</attRef>
					<attRef name="Max_logOralFreq">
						<content>4.152</content>
					</attRef>
					<attRef name="Min_logOralFreq">
						<content>1.568</content>
					</attRef>
					<attRef name="logOralFreqSpan">
						<content>2.584</content>
					</attRef>
					<attRef name="Max_logWrittenFreq">
						<content>4.003</content>
					</attRef>
					<attRef name="Min_logWrittenFreq">
						<content>1.505</content>
					</attRef>
					<attRef name="logWrittenFreqSpan">
						<content>2.498</content>
					</attRef>
					<attRef name="CorAoA">
						<content>-0.2746</content>
					</attRef>
				</param>
			</lg>
			<param name="AffectiveFeatures">
				<attRef name="Hap_Mean">
					<content>59.07</content>
				</attRef>
				<attRef name="Hap_SD">
					<content>20.33</content>
				</attRef>
				<attRef name="Ang_Mean">
					<content>34.24</content>
				</attRef>
				<attRef name="Ang_SD">
					<content>20.11</content>
				</attRef>
				<attRef name="Sad_Mean">
					<content>42.7</content>
				</attRef>
				<attRef name="Sad_SD">
					<content>22.45</content>
				</attRef>
				<attRef name="Fear_Mean">
					<content>42.81</content>
				</attRef>
				<attRef name="Fear_SD">
					<content>22.18</content>
				</attRef>
				<attRef name="Disg_Mean">
					<content>30.79</content>
				</attRef>
				<attRef name="Disg_SD">
					<content>16.76</content>
				</attRef>
				<attRef name="n_affective">
					<content>21</content>
				</attRef>
				<attRef name="ValenceMean">
					<content>252.54</content>
				</attRef>
				<attRef name="ValenceSD">
					<content>55.05</content>
				</attRef>
				<attRef name="ArousalMean">
					<content>229.22</content>
				</attRef>
				<attRef name="ArousalSD">
					<content>81.38</content>
				</attRef>
				<attRef name="n_v_a">
					<content>43</content>
				</attRef>
				<attRef name="Max_Aro">
					<content>7.75</content>
				</attRef>
				<attRef name="Min_Aro">
					<content>2.8</content>
				</attRef>
				<attRef name="ArousalSpan">
					<content>4.95</content>
				</attRef>
				<attRef name="Max_Val">
					<content>8.55</content>
				</attRef>
				<attRef name="Min_Val">
					<content>1.8</content>
				</attRef>
				<attRef name="ValenceSpan">
					<content>6.75</content>
				</attRef>
				<attRef name="CorAro">
					<content>0.1928</content>
				</attRef>
				<attRef name="CorVal">
					<content>-0.183</content>
				</attRef>
				<attRef name="averageAoA">
					<content>234.98</content>
				</attRef>
				<attRef name="sdAOA">
					<content>87.13</content>
				</attRef>
				<attRef name="MinAoA">
					<content>72.33</content>
				</attRef>
				<attRef name="MaxAoA">
					<content>435.33</content>
				</attRef>
				<attRef name="OralFreq_Log">
					<content>102.52</content>
				</attRef>
				<attRef name="WrittenFreq_Log">
					<content>115.49</content>
				</attRef>
				<attRef name="n_aoa">
					<content>44</content>
				</attRef>
				<attRef name="Max_AoA">
					<content>8.66</content>
				</attRef>
				<attRef name="Min_AoA">
					<content>1.64</content>
				</attRef>
				<attRef name="AoASpan">
					<content>7.02</content>
				</attRef>
				<attRef name="Max_sdAOA">
					<content>2.93</content>
				</attRef>
				<attRef name="Min_sdAOA">
					<content>0.921</content>
				</attRef>
				<attRef name="sdAOASpan">
					<content>2.009</content>
				</attRef>
				<attRef name="Max_logOralFreq">
					<content>4.152</content>
				</attRef>
				<attRef name="Min_logOralFreq">
					<content>0.903</content>
				</attRef>
				<attRef name="logOralFreqSpan">
					<content>3.249</content>
				</attRef>
				<attRef name="Max_logWrittenFreq">
					<content>4.003</content>
				</attRef>
				<attRef name="Min_logWrittenFreq">
					<content>1.38</content>
				</attRef>
				<attRef name="logWrittenFreqSpan">
					<content>2.623</content>
				</attRef>
				<attRef name="CorAoA">
					<content>-0.0341</content>
				</attRef>
			</param>
		</body>
	</text>
</TEI>