<?xml version="1.0" encoding="utf-8"?>
<TEI xmlns="http://www.tei-c.org/ns/1.0">
	<teiHeader>
		<fileDesc>
			<titleStmt about="disco:po_455g0970">
				<title property="dc:title">A la ingratitud de un criado a quien di mucha rent</title>
				<author property="dc:creator" resource="disco:455g" corresp="#disco_455g">Jerónimo de Barrionuevo</author>
				<principal xml:id="prf">Pablo Ruiz Fabo</principal>
				<principal xml:id="heb">Helena Bermúdez Sabel</principal>
				<principal xml:id="jct">José Calvo Tello</principal>
				<principal xml:id="cimc">Clara Isabel Martínez Cantón</principal>
				<respStmt>
					<resp>Metrical annotation by</resp>
					<name xml:id="bnc">Borja Navarro Colorado</name>
				</respStmt>
			</titleStmt>
			<extent>
				<measure unit="sonnets">1</measure>
				<measure unit="tokens">102</measure>
				<measure unit="line">17</measure>
			</extent>
			<publicationStmt>
				<publisher>Diachronic Spanish Sonnet Corpus</publisher>
				<authority>POSTDATA Project</authority>
				<pubPlace>Madrid</pubPlace>
				<availability status="free">
					<p>The text is freely available</p>
				</availability>
				<date when="2017">2017</date>
				<idno type="#disco" xml:id="file_po_455g0970"></idno>
			</publicationStmt>
			<sourceDesc>
				<bibl type="digital-source">
					<hi rend="italics">Sonetos del siglo XV al XVII</hi>
					<date when="2006">2006</date>
					<ref target="http://www.cervantesvirtual.com/nd/ark:/59851/bmc2r439"></ref>
					<ref target="http://www.cervantesvirtual.com/obra/sonetos-del-siglo-xv-al-xvii--0/"></ref>
Biblioteca Cervantes Virtual,  / editados por Ramón García González, , , .				</bibl>
			</sourceDesc>
		</fileDesc>
		<profileDesc>
			<langUsage>
				<language ident="es" about="disco:po_455g0970" property="dc:language" resource="dbpedia:Idioma_español">Spanish</language>
			</langUsage>
			<particDesc>
				<listPerson>
					<person xml:id="disco_455g" about="disco:455g" typeOf="foaf:Person">
						<idno cert="high" property="rdfs:seeAlso" resource="https://viaf.org/viaf/36961122"></idno>
						<persName type="short">Barrionuevo</persName>
						<persName type="full">
							<forename property="foaf:givenName">Jerónimo</forename>
							<nameLink>de</nameLink>
							<surname property="foaf:familyName">Barrionuevo</surname>
						</persName>
						<persName type="source" property="foaf:name">Jerónimo de Barrionuevo</persName>
						<sex property="foaf:gender" content="M"></sex>
						<birth>
							<location>
								<placeName>
									<settlement property="schema:birthPlace" inlist="">Granada</settlement>
									<country property="schema:birthPlace" inlist="">España</country>
									<bloc property="schema:birthPlace" inlist="">Europa</bloc>
								</placeName>
							</location>
							<date property="schema:birthDate" content="1587" cert="high"></date>
							<date type="century">16</date>
						</birth>
						<death>
							<location>
								<placeName>
									<settlement property="schema:deathPlace" inlist="">Madrid</settlement>
								</placeName>
							</location>
							<date property="schema:deathDate" content="1658" cert="high"></date>
							<date type="century">17</date>
						</death>
						<listBibl inlist="" rel="blterms:hasCreated" typeOf="schema:CreativeWork">
							<bibl resource="disco:s455g0970">
								<title property="dc:title">A la ingratitud de un criado a quien di mucha rent</title>
								<title type="incipit" property="dc:alternative">Viña mía, yo mismo te he criado</title>
							</bibl>
						</listBibl>
					</person>
				</listPerson>
			</particDesc>
		</profileDesc>
		<encodingDesc>
			<listPrefixDef>
				<prefixDef ident="foaf" matchPattern="([A-Za-z]+)" replacementPattern="http://xmlns.com/foaf/0.1/$1"></prefixDef>
				<prefixDef ident="dc" matchPattern="([A-Za-z]+)" replacementPattern="http://purl.org/dc/terms/$1"></prefixDef>
				<prefixDef ident="schema" matchPattern="([A-Za-z]+)" replacementPattern="http://schema.org/$1"></prefixDef>
				<prefixDef ident="dbpedia" matchPattern="([A-Za-z]+(_[A-Za-z])*)" replacementPattern="http://es.dbpedia.org/page/"></prefixDef>
				<prefixDef ident="blterms" matchPattern="([A-Za-z]+)" replacementPattern="http://www.bl.uk/schemas/bibliographic/blterms#$1"></prefixDef>
				<prefixDef ident="rdfs" matchPattern="([A-Za-z]+)" replacementPattern="http://www.w3.org/2000/01/rdf-schema#$1"></prefixDef>
			</listPrefixDef>
			<metDecl type="met" pattern="((\+|\-)+)*">
				<metSym value="+">stressed syllable</metSym>
				<metSym value="-">unstressed syllable</metSym>
			</metDecl>
			<metDecl type="met">
				<p>
					<ref target="https://github.com/bncolorado/adsoScansionSystem">ADSO</ref>
The metrical patterns were extracted automatically using the 
                    tool.				</p>
			</metDecl>
			<metDecl type="enjamb">
				<p>
					<att>enjamb</att>
					<att>cert</att>
					<ref target="https://sites.google.com/site/spanishenjambment/">ANJA
                        (Automatic eNJambment Analysis)</ref>
					<ref target="https://sites.google.com/site/spanishenjambment/enjambment-types">documentation</ref>
					<ref target="https://sites.google.com/site/spanishenjambment/tei-certitude-values">report</ref>
The values of the  atributes were extracted automatically using
                    the  tool. For more information about the
                    types of enjambment as defined in this corpus, read the . In addition, a  was added to express the
                    degree of certainty concerning the characterisation of the enjambment. The following 
                     covers this feature in deep detail.				</p>
			</metDecl>
		</encodingDesc>
		<revisionDesc>
			<change when="2017-11-02" who="#prf">Initial TEI version</change>
			<change when="2017-11-27" who="#prf">Addition of metrical annotation</change>
			<change when="2017-11-27" who="#heb">Review of authors’ metadata</change>
			<change when="2017-12-01" who="#prf">Encoding of enjambment</change>
			<change when="2017-12-01" who="#heb">Publication of 19th, 18th and Golden Age version</change>
			<change when="2018-05-16" who="#heb">Revision of RDFa attributes</change>
		</revisionDesc>
	</teiHeader>
	<text>
		<front>
			<head>A la ingratitud de un criado a quien di mucha rent</head>
		</front>
		<body>
			<lg n="1" type="cuarteto">
				<l n="1" met="+---++-+++-" enjamb="B-pb_verb_chain" cert="high">Viña mía, yo mismo te he criado</l>
				<l n="2" met="-+-+---+-+-" enjamb="I-pb_verb_chain" cert="high">plantando vides y podando flores,</l>
				<l n="3" met="---------+-" enjamb="B-pb_adj_noun" cert="medium">para que en el abril de tus verdores</l>
				<l n="4" met="+--+-+-+-+-" enjamb="I-pb_adj_noun" cert="medium">dieses envidia al más florido prado.</l>
				<param name="AffectiveFeatures">
					<attRef name="Hap_Mean">
						<content>9.34</content>
					</attRef>
					<attRef name="Hap_SD">
						<content>2.85</content>
					</attRef>
					<attRef name="Ang_Mean">
						<content>4.1</content>
					</attRef>
					<attRef name="Ang_SD">
						<content>2.45</content>
					</attRef>
					<attRef name="Sad_Mean">
						<content>5.93</content>
					</attRef>
					<attRef name="Sad_SD">
						<content>3.34</content>
					</attRef>
					<attRef name="Fear_Mean">
						<content>4.54</content>
					</attRef>
					<attRef name="Fear_SD">
						<content>2.32</content>
					</attRef>
					<attRef name="Disg_Mean">
						<content>3.56</content>
					</attRef>
					<attRef name="Disg_SD">
						<content>1.96</content>
					</attRef>
					<attRef name="n_affective">
						<content>3</content>
					</attRef>
					<attRef name="ValenceMean">
						<content>76.28</content>
					</attRef>
					<attRef name="ValenceSD">
						<content>13.93</content>
					</attRef>
					<attRef name="ArousalMean">
						<content>54.89</content>
					</attRef>
					<attRef name="ArousalSD">
						<content>20.52</content>
					</attRef>
					<attRef name="n_v_a">
						<content>12</content>
					</attRef>
					<attRef name="Max_Aro">
						<content>7.1</content>
					</attRef>
					<attRef name="Min_Aro">
						<content>2.9</content>
					</attRef>
					<attRef name="ArousalSpan">
						<content>4.2</content>
					</attRef>
					<attRef name="Max_Val">
						<content>8.25</content>
					</attRef>
					<attRef name="Min_Val">
						<content>2.35</content>
					</attRef>
					<attRef name="ValenceSpan">
						<content>5.9</content>
					</attRef>
					<attRef name="CorAro">
						<content>-0.1202</content>
					</attRef>
					<attRef name="CorVal">
						<content>0.0769</content>
					</attRef>
					<attRef name="averageAoA">
						<content>49.49</content>
					</attRef>
					<attRef name="sdAOA">
						<content>17.17</content>
					</attRef>
					<attRef name="MinAoA">
						<content>15.5</content>
					</attRef>
					<attRef name="MaxAoA">
						<content>90.0</content>
					</attRef>
					<attRef name="OralFreq_Log">
						<content>17.84</content>
					</attRef>
					<attRef name="WrittenFreq_Log">
						<content>20.45</content>
					</attRef>
					<attRef name="n_aoa">
						<content>9</content>
					</attRef>
					<attRef name="Max_AoA">
						<content>8.48</content>
					</attRef>
					<attRef name="Min_AoA">
						<content>2.68</content>
					</attRef>
					<attRef name="AoASpan">
						<content>5.8</content>
					</attRef>
					<attRef name="Max_sdAOA">
						<content>2.501</content>
					</attRef>
					<attRef name="Min_sdAOA">
						<content>1.477</content>
					</attRef>
					<attRef name="sdAOASpan">
						<content>1.024</content>
					</attRef>
					<attRef name="Max_logOralFreq">
						<content>3.446</content>
					</attRef>
					<attRef name="Min_logOralFreq">
						<content>0.301</content>
					</attRef>
					<attRef name="logOralFreqSpan">
						<content>3.145</content>
					</attRef>
					<attRef name="Max_logWrittenFreq">
						<content>3.606</content>
					</attRef>
					<attRef name="Min_logWrittenFreq">
						<content>1.255</content>
					</attRef>
					<attRef name="logWrittenFreqSpan">
						<content>2.351</content>
					</attRef>
					<attRef name="CorAoA">
						<content>-0.0149</content>
					</attRef>
				</param>
			</lg>
			<lg n="2" type="cuarteto">
				<l n="5" met="-+---+-+-+-">De mármol y alabastro te he cercado,</l>
				<l n="6" met="-+-+-+---+-">librándote de todos los rigores,</l>
				<l n="7" met="-+---+---+-">así de pasajeros robadores</l>
				<l n="8" met="-----+---+-">como de golosina del ganado.</l>
				<param name="AffectiveFeatures">
					<attRef name="Hap_Mean">
						<content>4.2</content>
					</attRef>
					<attRef name="Hap_SD">
						<content>1.19</content>
					</attRef>
					<attRef name="Ang_Mean">
						<content>1.23</content>
					</attRef>
					<attRef name="Ang_SD">
						<content>0.63</content>
					</attRef>
					<attRef name="Sad_Mean">
						<content>1.17</content>
					</attRef>
					<attRef name="Sad_SD">
						<content>0.59</content>
					</attRef>
					<attRef name="Fear_Mean">
						<content>1.33</content>
					</attRef>
					<attRef name="Fear_SD">
						<content>0.84</content>
					</attRef>
					<attRef name="Disg_Mean">
						<content>1.0</content>
					</attRef>
					<attRef name="Disg_SD">
						<content>0.0</content>
					</attRef>
					<attRef name="n_affective">
						<content>1</content>
					</attRef>
					<attRef name="ValenceMean">
						<content>41.5</content>
					</attRef>
					<attRef name="ValenceSD">
						<content>7.36</content>
					</attRef>
					<attRef name="ArousalMean">
						<content>35.28</content>
					</attRef>
					<attRef name="ArousalSD">
						<content>9.98</content>
					</attRef>
					<attRef name="n_v_a">
						<content>7</content>
					</attRef>
					<attRef name="Max_Aro">
						<content>7.09</content>
					</attRef>
					<attRef name="Min_Aro">
						<content>4.2</content>
					</attRef>
					<attRef name="ArousalSpan">
						<content>2.89</content>
					</attRef>
					<attRef name="Max_Val">
						<content>7.85</content>
					</attRef>
					<attRef name="Min_Val">
						<content>5.0</content>
					</attRef>
					<attRef name="ValenceSpan">
						<content>2.85</content>
					</attRef>
					<attRef name="CorAro">
						<content>0.5996</content>
					</attRef>
					<attRef name="CorVal">
						<content>0.6515</content>
					</attRef>
					<attRef name="averageAoA">
						<content>38.9</content>
					</attRef>
					<attRef name="sdAOA">
						<content>12.02</content>
					</attRef>
					<attRef name="MinAoA">
						<content>11.0</content>
					</attRef>
					<attRef name="MaxAoA">
						<content>63.0</content>
					</attRef>
					<attRef name="OralFreq_Log">
						<content>12.69</content>
					</attRef>
					<attRef name="WrittenFreq_Log">
						<content>14.34</content>
					</attRef>
					<attRef name="n_aoa">
						<content>6</content>
					</attRef>
					<attRef name="Max_AoA">
						<content>10.0</content>
					</attRef>
					<attRef name="Min_AoA">
						<content>4.2</content>
					</attRef>
					<attRef name="AoASpan">
						<content>5.8</content>
					</attRef>
					<attRef name="Max_sdAOA">
						<content>2.377</content>
					</attRef>
					<attRef name="Min_sdAOA">
						<content>1.471</content>
					</attRef>
					<attRef name="sdAOASpan">
						<content>0.906</content>
					</attRef>
					<attRef name="Max_logOralFreq">
						<content>3.694</content>
					</attRef>
					<attRef name="Min_logOralFreq">
						<content>1.041</content>
					</attRef>
					<attRef name="logOralFreqSpan">
						<content>2.653</content>
					</attRef>
					<attRef name="Max_logWrittenFreq">
						<content>3.631</content>
					</attRef>
					<attRef name="Min_logWrittenFreq">
						<content>1.6230000000000002</content>
					</attRef>
					<attRef name="logWrittenFreqSpan">
						<content>2.008</content>
					</attRef>
					<attRef name="CorAoA">
						<content>-0.2826</content>
					</attRef>
				</param>
			</lg>
			<lg n="3" type="terceto">
				<l n="9" met="-+-+-+-+-+-" enjamb="B-ex_subj_verb" cert="low">La tierra te mullí, podé sarmientos</l>
				<l n="10" met="-+-+-+---+-" enjamb="I-ex_subj_verb" cert="low">dejándote las guías de provecho,</l>
				<l n="11" met="---+-+-+-+-">porque llevases frutos más opimos.</l>
				<param name="AffectiveFeatures">
					<attRef name="Hap_Mean">
						<content>5.43</content>
					</attRef>
					<attRef name="Hap_SD">
						<content>2.72</content>
					</attRef>
					<attRef name="Ang_Mean">
						<content>2.23</content>
					</attRef>
					<attRef name="Ang_SD">
						<content>0.73</content>
					</attRef>
					<attRef name="Sad_Mean">
						<content>2.47</content>
					</attRef>
					<attRef name="Sad_SD">
						<content>1.25</content>
					</attRef>
					<attRef name="Fear_Mean">
						<content>2.43</content>
					</attRef>
					<attRef name="Fear_SD">
						<content>1.1</content>
					</attRef>
					<attRef name="Disg_Mean">
						<content>2.37</content>
					</attRef>
					<attRef name="Disg_SD">
						<content>1.14</content>
					</attRef>
					<attRef name="n_affective">
						<content>2</content>
					</attRef>
					<attRef name="ValenceMean">
						<content>31.5</content>
					</attRef>
					<attRef name="ValenceSD">
						<content>6.64</content>
					</attRef>
					<attRef name="ArousalMean">
						<content>23.3</content>
					</attRef>
					<attRef name="ArousalSD">
						<content>8.21</content>
					</attRef>
					<attRef name="n_v_a">
						<content>5</content>
					</attRef>
					<attRef name="Max_Aro">
						<content>5.45</content>
					</attRef>
					<attRef name="Min_Aro">
						<content>3.7</content>
					</attRef>
					<attRef name="ArousalSpan">
						<content>1.75</content>
					</attRef>
					<attRef name="Max_Val">
						<content>7.1</content>
					</attRef>
					<attRef name="Min_Val">
						<content>6.0</content>
					</attRef>
					<attRef name="ValenceSpan">
						<content>1.1</content>
					</attRef>
					<attRef name="CorAro">
						<content>0.0448</content>
					</attRef>
					<attRef name="CorVal">
						<content>-0.202</content>
					</attRef>
					<attRef name="averageAoA">
						<content>30.08</content>
					</attRef>
					<attRef name="sdAOA">
						<content>9.18</content>
					</attRef>
					<attRef name="MinAoA">
						<content>12.0</content>
					</attRef>
					<attRef name="MaxAoA">
						<content>48.0</content>
					</attRef>
					<attRef name="OralFreq_Log">
						<content>9.88</content>
					</attRef>
					<attRef name="WrittenFreq_Log">
						<content>11.87</content>
					</attRef>
					<attRef name="n_aoa">
						<content>5</content>
					</attRef>
					<attRef name="Max_AoA">
						<content>9.3</content>
					</attRef>
					<attRef name="Min_AoA">
						<content>3.2</content>
					</attRef>
					<attRef name="AoASpan">
						<content>6.1</content>
					</attRef>
					<attRef name="Max_sdAOA">
						<content>2.148</content>
					</attRef>
					<attRef name="Min_sdAOA">
						<content>1.629</content>
					</attRef>
					<attRef name="sdAOASpan">
						<content>0.519</content>
					</attRef>
					<attRef name="Max_logOralFreq">
						<content>2.695</content>
					</attRef>
					<attRef name="Min_logOralFreq">
						<content>1.204</content>
					</attRef>
					<attRef name="logOralFreqSpan">
						<content>1.491</content>
					</attRef>
					<attRef name="Max_logWrittenFreq">
						<content>3.109</content>
					</attRef>
					<attRef name="Min_logWrittenFreq">
						<content>1.724</content>
					</attRef>
					<attRef name="logWrittenFreqSpan">
						<content>1.385</content>
					</attRef>
					<attRef name="CorAoA">
						<content>0.4028</content>
					</attRef>
				</param>
			</lg>
			<lg n="4" type="terceto">
				<l n="12" met="---+-+---+-">Desvaneciste todos mis intentos;</l>
				<l n="13" met="++-+-++--+-">no sé que pude hacer más de lo hecho,</l>
				<l n="14" met="---+-+---+-">cuando en labruscos vuelves los racimos.</l>
				<param name="AffectiveFeatures">
					<attRef name="n_affective">
						<content>0</content>
					</attRef>
					<attRef name="ValenceMean">
						<content>37.75</content>
					</attRef>
					<attRef name="ValenceSD">
						<content>9.69</content>
					</attRef>
					<attRef name="ArousalMean">
						<content>30.35</content>
					</attRef>
					<attRef name="ArousalSD">
						<content>9.12</content>
					</attRef>
					<attRef name="n_v_a">
						<content>6</content>
					</attRef>
					<attRef name="Max_Aro">
						<content>5.8</content>
					</attRef>
					<attRef name="Min_Aro">
						<content>3.85</content>
					</attRef>
					<attRef name="ArousalSpan">
						<content>1.95</content>
					</attRef>
					<attRef name="Max_Val">
						<content>6.7</content>
					</attRef>
					<attRef name="Min_Val">
						<content>5.8</content>
					</attRef>
					<attRef name="ValenceSpan">
						<content>0.9</content>
					</attRef>
					<attRef name="CorAro">
						<content>-0.3143</content>
					</attRef>
					<attRef name="CorVal">
						<content>-0.2284</content>
					</attRef>
					<attRef name="averageAoA">
						<content>26.14</content>
					</attRef>
					<attRef name="sdAOA">
						<content>9.54</content>
					</attRef>
					<attRef name="MinAoA">
						<content>7.0</content>
					</attRef>
					<attRef name="MaxAoA">
						<content>48.0</content>
					</attRef>
					<attRef name="OralFreq_Log">
						<content>15.72</content>
					</attRef>
					<attRef name="WrittenFreq_Log">
						<content>16.23</content>
					</attRef>
					<attRef name="n_aoa">
						<content>5</content>
					</attRef>
					<attRef name="Max_AoA">
						<content>7.02</content>
					</attRef>
					<attRef name="Min_AoA">
						<content>4.12</content>
					</attRef>
					<attRef name="AoASpan">
						<content>2.9</content>
					</attRef>
					<attRef name="Max_sdAOA">
						<content>2.386</content>
					</attRef>
					<attRef name="Min_sdAOA">
						<content>1.447</content>
					</attRef>
					<attRef name="sdAOASpan">
						<content>0.939</content>
					</attRef>
					<attRef name="Max_logOralFreq">
						<content>3.731</content>
					</attRef>
					<attRef name="Min_logOralFreq">
						<content>2.1</content>
					</attRef>
					<attRef name="logOralFreqSpan">
						<content>1.631</content>
					</attRef>
					<attRef name="Max_logWrittenFreq">
						<content>3.924</content>
					</attRef>
					<attRef name="Min_logWrittenFreq">
						<content>2.4730000000000003</content>
					</attRef>
					<attRef name="logWrittenFreqSpan">
						<content>1.451</content>
					</attRef>
					<attRef name="CorAoA">
						<content>-0.8513</content>
					</attRef>
				</param>
			</lg>
			<lg n="5" type="terceto">
				<l n="15" met="--+--+---+-">¡Oh que lindos parecen tus esquilmos!</l>
				<l n="16" met="---+-+-+++-">Pero de mala cepa todo es malo</l>
				<l n="17" met="-++--+---+-">pues no vale el sarmiento para palo.</l>
				<param name="AffectiveFeatures">
					<attRef name="Hap_Mean">
						<content>3.4</content>
					</attRef>
					<attRef name="Hap_SD">
						<content>2.08</content>
					</attRef>
					<attRef name="Ang_Mean">
						<content>2.67</content>
					</attRef>
					<attRef name="Ang_SD">
						<content>1.32</content>
					</attRef>
					<attRef name="Sad_Mean">
						<content>2.4</content>
					</attRef>
					<attRef name="Sad_SD">
						<content>1.12</content>
					</attRef>
					<attRef name="Fear_Mean">
						<content>2.53</content>
					</attRef>
					<attRef name="Fear_SD">
						<content>1.4</content>
					</attRef>
					<attRef name="Disg_Mean">
						<content>2.3</content>
					</attRef>
					<attRef name="Disg_SD">
						<content>0.82</content>
					</attRef>
					<attRef name="n_affective">
						<content>2</content>
					</attRef>
					<attRef name="ValenceMean">
						<content>40.3</content>
					</attRef>
					<attRef name="ValenceSD">
						<content>7.93</content>
					</attRef>
					<attRef name="ArousalMean">
						<content>43.96</content>
					</attRef>
					<attRef name="ArousalSD">
						<content>10.59</content>
					</attRef>
					<attRef name="n_v_a">
						<content>8</content>
					</attRef>
					<attRef name="Max_Aro">
						<content>6.6</content>
					</attRef>
					<attRef name="Min_Aro">
						<content>4.6</content>
					</attRef>
					<attRef name="ArousalSpan">
						<content>2.0</content>
					</attRef>
					<attRef name="Max_Val">
						<content>7.5</content>
					</attRef>
					<attRef name="Min_Val">
						<content>2.4</content>
					</attRef>
					<attRef name="ValenceSpan">
						<content>5.1</content>
					</attRef>
					<attRef name="CorAro">
						<content>-0.3149</content>
					</attRef>
					<attRef name="CorVal">
						<content>-0.1225</content>
					</attRef>
					<attRef name="averageAoA">
						<content>27.68</content>
					</attRef>
					<attRef name="sdAOA">
						<content>12.32</content>
					</attRef>
					<attRef name="MinAoA">
						<content>9.0</content>
					</attRef>
					<attRef name="MaxAoA">
						<content>59.0</content>
					</attRef>
					<attRef name="OralFreq_Log">
						<content>16.55</content>
					</attRef>
					<attRef name="WrittenFreq_Log">
						<content>15.49</content>
					</attRef>
					<attRef name="n_aoa">
						<content>6</content>
					</attRef>
					<attRef name="Max_AoA">
						<content>6.68</content>
					</attRef>
					<attRef name="Min_AoA">
						<content>3.36</content>
					</attRef>
					<attRef name="AoASpan">
						<content>3.32</content>
					</attRef>
					<attRef name="Max_sdAOA">
						<content>2.46</content>
					</attRef>
					<attRef name="Min_sdAOA">
						<content>1.638</content>
					</attRef>
					<attRef name="sdAOASpan">
						<content>0.822</content>
					</attRef>
					<attRef name="Max_logOralFreq">
						<content>4.257</content>
					</attRef>
					<attRef name="Min_logOralFreq">
						<content>1.857</content>
					</attRef>
					<attRef name="logOralFreqSpan">
						<content>2.4</content>
					</attRef>
					<attRef name="Max_logWrittenFreq">
						<content>3.483</content>
					</attRef>
					<attRef name="Min_logWrittenFreq">
						<content>2.017</content>
					</attRef>
					<attRef name="logWrittenFreqSpan">
						<content>1.466</content>
					</attRef>
					<attRef name="CorAoA">
						<content>-0.3417</content>
					</attRef>
				</param>
			</lg>
			<param name="AffectiveFeatures">
				<attRef name="Hap_Mean">
					<content>22.37</content>
				</attRef>
				<attRef name="Hap_SD">
					<content>8.84</content>
				</attRef>
				<attRef name="Ang_Mean">
					<content>10.23</content>
				</attRef>
				<attRef name="Ang_SD">
					<content>5.13</content>
				</attRef>
				<attRef name="Sad_Mean">
					<content>11.97</content>
				</attRef>
				<attRef name="Sad_SD">
					<content>6.3</content>
				</attRef>
				<attRef name="Fear_Mean">
					<content>10.83</content>
				</attRef>
				<attRef name="Fear_SD">
					<content>5.66</content>
				</attRef>
				<attRef name="Disg_Mean">
					<content>9.23</content>
				</attRef>
				<attRef name="Disg_SD">
					<content>3.92</content>
				</attRef>
				<attRef name="n_affective">
					<content>8</content>
				</attRef>
				<attRef name="ValenceMean">
					<content>227.33</content>
				</attRef>
				<attRef name="ValenceSD">
					<content>45.55</content>
				</attRef>
				<attRef name="ArousalMean">
					<content>187.78</content>
				</attRef>
				<attRef name="ArousalSD">
					<content>58.42</content>
				</attRef>
				<attRef name="n_v_a">
					<content>38</content>
				</attRef>
				<attRef name="Max_Aro">
					<content>7.1</content>
				</attRef>
				<attRef name="Min_Aro">
					<content>2.9</content>
				</attRef>
				<attRef name="ArousalSpan">
					<content>4.2</content>
				</attRef>
				<attRef name="Max_Val">
					<content>8.25</content>
				</attRef>
				<attRef name="Min_Val">
					<content>2.35</content>
				</attRef>
				<attRef name="ValenceSpan">
					<content>5.9</content>
				</attRef>
				<attRef name="CorAro">
					<content>0.3183</content>
				</attRef>
				<attRef name="CorVal">
					<content>-0.2693</content>
				</attRef>
				<attRef name="averageAoA">
					<content>172.29</content>
				</attRef>
				<attRef name="sdAOA">
					<content>60.22</content>
				</attRef>
				<attRef name="MinAoA">
					<content>54.5</content>
				</attRef>
				<attRef name="MaxAoA">
					<content>308.0</content>
				</attRef>
				<attRef name="OralFreq_Log">
					<content>72.67</content>
				</attRef>
				<attRef name="WrittenFreq_Log">
					<content>78.37</content>
				</attRef>
				<attRef name="n_aoa">
					<content>31</content>
				</attRef>
				<attRef name="Max_AoA">
					<content>10.0</content>
				</attRef>
				<attRef name="Min_AoA">
					<content>2.68</content>
				</attRef>
				<attRef name="AoASpan">
					<content>7.32</content>
				</attRef>
				<attRef name="Max_sdAOA">
					<content>2.501</content>
				</attRef>
				<attRef name="Min_sdAOA">
					<content>1.447</content>
				</attRef>
				<attRef name="sdAOASpan">
					<content>1.054</content>
				</attRef>
				<attRef name="Max_logOralFreq">
					<content>4.257</content>
				</attRef>
				<attRef name="Min_logOralFreq">
					<content>0.301</content>
				</attRef>
				<attRef name="logOralFreqSpan">
					<content>3.956</content>
				</attRef>
				<attRef name="Max_logWrittenFreq">
					<content>3.924</content>
				</attRef>
				<attRef name="Min_logWrittenFreq">
					<content>1.255</content>
				</attRef>
				<attRef name="logWrittenFreqSpan">
					<content>2.669</content>
				</attRef>
				<attRef name="CorAoA">
					<content>-0.2032</content>
				</attRef>
			</param>
		</body>
	</text>
</TEI>