<?xml version="1.0" encoding="utf-8"?>
<TEI xmlns="http://www.tei-c.org/ns/1.0">
	<teiHeader>
		<fileDesc>
			<titleStmt about="disco:po_041g0069">
				<title property="dc:title">Al mismo tema</title>
				<author property="dc:creator" resource="disco:041g" corresp="#disco_041g">Antonia Jacinta Barreda</author>
				<principal xml:id="prf">Pablo Ruiz Fabo</principal>
				<principal xml:id="heb">Helena Bermúdez Sabel</principal>
				<principal xml:id="jct">José Calvo Tello</principal>
				<principal xml:id="cimc">Clara Isabel Martínez Cantón</principal>
				<respStmt>
					<resp>Metrical annotation by</resp>
					<name xml:id="bnc">Borja Navarro Colorado</name>
				</respStmt>
			</titleStmt>
			<extent>
				<measure unit="sonnets">1</measure>
				<measure unit="tokens">92</measure>
				<measure unit="line">14</measure>
			</extent>
			<publicationStmt>
				<publisher>Diachronic Spanish Sonnet Corpus</publisher>
				<authority>POSTDATA Project</authority>
				<pubPlace>Madrid</pubPlace>
				<availability status="free">
					<p>The text is freely available</p>
				</availability>
				<date when="2017">2017</date>
				<idno type="#disco" xml:id="file_po_041g0069"></idno>
			</publicationStmt>
			<sourceDesc>
				<bibl type="digital-source">
					<hi rend="italics">Sonetos del siglo XV al XVII</hi>
					<date when="2006">2006</date>
					<ref target="http://www.cervantesvirtual.com/nd/ark:/59851/bmc2r439"></ref>
					<ref target="http://www.cervantesvirtual.com/obra/sonetos-del-siglo-xv-al-xvii--0/"></ref>
Biblioteca Cervantes Virtual,  / editados por Ramón García González, , , .				</bibl>
			</sourceDesc>
		</fileDesc>
		<profileDesc>
			<langUsage>
				<language ident="es" about="disco:po_041g0069" property="dc:language" resource="dbpedia:Idioma_español">Spanish</language>
			</langUsage>
			<particDesc>
				<listPerson>
					<person xml:id="disco_041g" about="disco:041g" typeOf="foaf:Person">
						<persName type="short">Barreda</persName>
						<persName type="full">
							<forename property="foaf:givenName">Antonia Jacinta</forename>
							<surname property="foaf:familyName">Barreda</surname>
						</persName>
						<persName type="source" property="foaf:name">Antonia Jacinta Barreda</persName>
						<sex property="foaf:gender" content="F"></sex>
						<birth>
							<location>
								<placeName>
									<settlement property="schema:birthPlace" inlist="">Villalpando</settlement>
									<country property="schema:birthPlace" inlist="">España</country>
									<bloc property="schema:birthPlace" inlist="">Europa</bloc>
								</placeName>
							</location>
							<date type="century">17</date>
						</birth>
						<death>
							<date type="century">17</date>
						</death>
						<listBibl inlist="" rel="blterms:hasCreated" typeOf="schema:CreativeWork">
							<bibl resource="disco:s041g0069">
								<title property="dc:title">Al mismo tema</title>
								<title type="incipit" property="dc:alternative">Suspende el sentimiento, o Caminante,</title>
							</bibl>
						</listBibl>
					</person>
				</listPerson>
			</particDesc>
		</profileDesc>
		<encodingDesc>
			<listPrefixDef>
				<prefixDef ident="foaf" matchPattern="([A-Za-z]+)" replacementPattern="http://xmlns.com/foaf/0.1/$1"></prefixDef>
				<prefixDef ident="dc" matchPattern="([A-Za-z]+)" replacementPattern="http://purl.org/dc/terms/$1"></prefixDef>
				<prefixDef ident="schema" matchPattern="([A-Za-z]+)" replacementPattern="http://schema.org/$1"></prefixDef>
				<prefixDef ident="dbpedia" matchPattern="([A-Za-z]+(_[A-Za-z])*)" replacementPattern="http://es.dbpedia.org/page/"></prefixDef>
				<prefixDef ident="blterms" matchPattern="([A-Za-z]+)" replacementPattern="http://www.bl.uk/schemas/bibliographic/blterms#$1"></prefixDef>
				<prefixDef ident="rdfs" matchPattern="([A-Za-z]+)" replacementPattern="http://www.w3.org/2000/01/rdf-schema#$1"></prefixDef>
			</listPrefixDef>
			<metDecl type="met" pattern="((\+|\-)+)*">
				<metSym value="+">stressed syllable</metSym>
				<metSym value="-">unstressed syllable</metSym>
			</metDecl>
			<metDecl type="met">
				<p>
					<ref target="https://github.com/bncolorado/adsoScansionSystem">ADSO</ref>
The metrical patterns were extracted automatically using the 
                    tool.				</p>
			</metDecl>
			<metDecl type="enjamb">
				<p>
					<att>enjamb</att>
					<att>cert</att>
					<ref target="https://sites.google.com/site/spanishenjambment/">ANJA
                        (Automatic eNJambment Analysis)</ref>
					<ref target="https://sites.google.com/site/spanishenjambment/enjambment-types">documentation</ref>
					<ref target="https://sites.google.com/site/spanishenjambment/tei-certitude-values">report</ref>
The values of the  atributes were extracted automatically using
                    the  tool. For more information about the
                    types of enjambment as defined in this corpus, read the . In addition, a  was added to express the
                    degree of certainty concerning the characterisation of the enjambment. The following 
                     covers this feature in deep detail.				</p>
			</metDecl>
		</encodingDesc>
		<revisionDesc>
			<change when="2017-11-02" who="#prf">Initial TEI version</change>
			<change when="2017-11-27" who="#prf">Addition of metrical annotation</change>
			<change when="2017-11-27" who="#heb">Review of authors’ metadata</change>
			<change when="2017-12-01" who="#prf">Encoding of enjambment</change>
			<change when="2017-12-01" who="#heb">Publication of 19th, 18th and Golden Age version</change>
			<change when="2018-05-16" who="#heb">Revision of RDFa attributes</change>
		</revisionDesc>
	</teiHeader>
	<text>
		<front>
			<head>Al mismo tema</head>
		</front>
		<body>
			<lg n="1" type="cuarteto">
				<l n="1" met="-+---+---+-">Suspende el sentimiento, o Caminante,</l>
				<l n="2" met="-+-+-+---+-">que el bronce más rebelde permitiera,</l>
				<l n="3" met="+----+-+-+-">si alma para sentir aquí tuviera,</l>
				<l n="4" met="---+-+---+-">y el corazón tuviera de diamante.</l>
				<param name="AffectiveFeatures">
					<attRef name="Hap_Mean">
						<content>15.26</content>
					</attRef>
					<attRef name="Hap_SD">
						<content>6.53</content>
					</attRef>
					<attRef name="Ang_Mean">
						<content>9.21</content>
					</attRef>
					<attRef name="Ang_SD">
						<content>5.41</content>
					</attRef>
					<attRef name="Sad_Mean">
						<content>10.17</content>
					</attRef>
					<attRef name="Sad_SD">
						<content>5.56</content>
					</attRef>
					<attRef name="Fear_Mean">
						<content>9.71</content>
					</attRef>
					<attRef name="Fear_SD">
						<content>5.1</content>
					</attRef>
					<attRef name="Disg_Mean">
						<content>7.08</content>
					</attRef>
					<attRef name="Disg_SD">
						<content>4.33</content>
					</attRef>
					<attRef name="n_affective">
						<content>5</content>
					</attRef>
					<attRef name="ValenceMean">
						<content>60.89</content>
					</attRef>
					<attRef name="ValenceSD">
						<content>14.24</content>
					</attRef>
					<attRef name="ArousalMean">
						<content>57.43</content>
					</attRef>
					<attRef name="ArousalSD">
						<content>18.26</content>
					</attRef>
					<attRef name="n_v_a">
						<content>10</content>
					</attRef>
					<attRef name="Max_Aro">
						<content>7.65</content>
					</attRef>
					<attRef name="Min_Aro">
						<content>4.3</content>
					</attRef>
					<attRef name="ArousalSpan">
						<content>3.35</content>
					</attRef>
					<attRef name="Max_Val">
						<content>7.95</content>
					</attRef>
					<attRef name="Min_Val">
						<content>2.75</content>
					</attRef>
					<attRef name="ValenceSpan">
						<content>5.2</content>
					</attRef>
					<attRef name="CorAro">
						<content>-0.3783</content>
					</attRef>
					<attRef name="CorVal">
						<content>0.5524</content>
					</attRef>
					<attRef name="averageAoA">
						<content>61.38</content>
					</attRef>
					<attRef name="sdAOA">
						<content>18.74</content>
					</attRef>
					<attRef name="MinAoA">
						<content>24.0</content>
					</attRef>
					<attRef name="MaxAoA">
						<content>100.0</content>
					</attRef>
					<attRef name="OralFreq_Log">
						<content>22.49</content>
					</attRef>
					<attRef name="WrittenFreq_Log">
						<content>25.36</content>
					</attRef>
					<attRef name="n_aoa">
						<content>10</content>
					</attRef>
					<attRef name="Max_AoA">
						<content>7.9</content>
					</attRef>
					<attRef name="Min_AoA">
						<content>1.64</content>
					</attRef>
					<attRef name="AoASpan">
						<content>6.26</content>
					</attRef>
					<attRef name="Max_sdAOA">
						<content>2.401</content>
					</attRef>
					<attRef name="Min_sdAOA">
						<content>0.921</content>
					</attRef>
					<attRef name="sdAOASpan">
						<content>1.48</content>
					</attRef>
					<attRef name="Max_logOralFreq">
						<content>4.152</content>
					</attRef>
					<attRef name="Min_logOralFreq">
						<content>1.204</content>
					</attRef>
					<attRef name="logOralFreqSpan">
						<content>2.948</content>
					</attRef>
					<attRef name="Max_logWrittenFreq">
						<content>4.003</content>
					</attRef>
					<attRef name="Min_logWrittenFreq">
						<content>1.602</content>
					</attRef>
					<attRef name="logWrittenFreqSpan">
						<content>2.401</content>
					</attRef>
					<attRef name="CorAoA">
						<content>-0.3223</content>
					</attRef>
				</param>
			</lg>
			<lg n="2" type="cuarteto">
				<l n="5" met="-+-++--+-+-">Si ves por tierra este sublime Atlante,</l>
				<l n="6" met="--+--+-+-+-">que de Apolo tocó la clara Esfera,</l>
				<l n="7" met="-+-+-+---+-">que fue su muerte justa considera,</l>
				<l n="8" met="---+-+++-+-">aunque la vida fue tan breve instante.</l>
				<param name="AffectiveFeatures">
					<attRef name="Hap_Mean">
						<content>15.2</content>
					</attRef>
					<attRef name="Hap_SD">
						<content>6.1</content>
					</attRef>
					<attRef name="Ang_Mean">
						<content>9.26</content>
					</attRef>
					<attRef name="Ang_SD">
						<content>4.83</content>
					</attRef>
					<attRef name="Sad_Mean">
						<content>11.91</content>
					</attRef>
					<attRef name="Sad_SD">
						<content>4.66</content>
					</attRef>
					<attRef name="Fear_Mean">
						<content>11.87</content>
					</attRef>
					<attRef name="Fear_SD">
						<content>5.51</content>
					</attRef>
					<attRef name="Disg_Mean">
						<content>7.57</content>
					</attRef>
					<attRef name="Disg_SD">
						<content>3.9</content>
					</attRef>
					<attRef name="n_affective">
						<content>6</content>
					</attRef>
					<attRef name="ValenceMean">
						<content>72.5</content>
					</attRef>
					<attRef name="ValenceSD">
						<content>14.34</content>
					</attRef>
					<attRef name="ArousalMean">
						<content>63.24</content>
					</attRef>
					<attRef name="ArousalSD">
						<content>19.52</content>
					</attRef>
					<attRef name="n_v_a">
						<content>12</content>
					</attRef>
					<attRef name="Max_Aro">
						<content>7.93</content>
					</attRef>
					<attRef name="Min_Aro">
						<content>3.5</content>
					</attRef>
					<attRef name="ArousalSpan">
						<content>4.43</content>
					</attRef>
					<attRef name="Max_Val">
						<content>8.25</content>
					</attRef>
					<attRef name="Min_Val">
						<content>1.45</content>
					</attRef>
					<attRef name="ValenceSpan">
						<content>6.8</content>
					</attRef>
					<attRef name="CorAro">
						<content>0.193</content>
					</attRef>
					<attRef name="CorVal">
						<content>-0.1789</content>
					</attRef>
					<attRef name="averageAoA">
						<content>81.44</content>
					</attRef>
					<attRef name="sdAOA">
						<content>27.94</content>
					</attRef>
					<attRef name="MinAoA">
						<content>29.0</content>
					</attRef>
					<attRef name="MaxAoA">
						<content>138.0</content>
					</attRef>
					<attRef name="OralFreq_Log">
						<content>36.84</content>
					</attRef>
					<attRef name="WrittenFreq_Log">
						<content>41.1</content>
					</attRef>
					<attRef name="n_aoa">
						<content>14</content>
					</attRef>
					<attRef name="Max_AoA">
						<content>8.94</content>
					</attRef>
					<attRef name="Min_AoA">
						<content>1.64</content>
					</attRef>
					<attRef name="AoASpan">
						<content>7.3</content>
					</attRef>
					<attRef name="Max_sdAOA">
						<content>3.439</content>
					</attRef>
					<attRef name="Min_sdAOA">
						<content>0.921</content>
					</attRef>
					<attRef name="sdAOASpan">
						<content>2.518</content>
					</attRef>
					<attRef name="Max_logOralFreq">
						<content>4.152</content>
					</attRef>
					<attRef name="Min_logOralFreq">
						<content>1.633</content>
					</attRef>
					<attRef name="logOralFreqSpan">
						<content>2.519</content>
					</attRef>
					<attRef name="Max_logWrittenFreq">
						<content>4.003</content>
					</attRef>
					<attRef name="Min_logWrittenFreq">
						<content>1.929</content>
					</attRef>
					<attRef name="logWrittenFreqSpan">
						<content>2.074</content>
					</attRef>
					<attRef name="CorAoA">
						<content>0.7387</content>
					</attRef>
				</param>
			</lg>
			<lg n="3" type="terceto">
				<l n="9" met="+--+-+---+-" enjamb="B-pb_adj_prep" cert="low">Toda la gloria tuvo conseguida</l>
				<l n="10" met="++-+----++-" enjamb="I-pb_adj_prep" cert="low">de un mundo sólo que ay, con feliz suerte</l>
				<l n="11" met="-+---+---+-">lo poco de su vida esclarecida.</l>
				<param name="AffectiveFeatures">
					<attRef name="Hap_Mean">
						<content>16.33</content>
					</attRef>
					<attRef name="Hap_SD">
						<content>4.03</content>
					</attRef>
					<attRef name="Ang_Mean">
						<content>5.7</content>
					</attRef>
					<attRef name="Ang_SD">
						<content>2.6</content>
					</attRef>
					<attRef name="Sad_Mean">
						<content>6.91</content>
					</attRef>
					<attRef name="Sad_SD">
						<content>3.49</content>
					</attRef>
					<attRef name="Fear_Mean">
						<content>7.03</content>
					</attRef>
					<attRef name="Fear_SD">
						<content>4.21</content>
					</attRef>
					<attRef name="Disg_Mean">
						<content>5.27</content>
					</attRef>
					<attRef name="Disg_SD">
						<content>2.09</content>
					</attRef>
					<attRef name="n_affective">
						<content>4</content>
					</attRef>
					<attRef name="ValenceMean">
						<content>61.58</content>
					</attRef>
					<attRef name="ValenceSD">
						<content>11.86</content>
					</attRef>
					<attRef name="ArousalMean">
						<content>49.98</content>
					</attRef>
					<attRef name="ArousalSD">
						<content>20.09</content>
					</attRef>
					<attRef name="n_v_a">
						<content>9</content>
					</attRef>
					<attRef name="Max_Aro">
						<content>6.6</content>
					</attRef>
					<attRef name="Min_Aro">
						<content>4.65</content>
					</attRef>
					<attRef name="ArousalSpan">
						<content>1.95</content>
					</attRef>
					<attRef name="Max_Val">
						<content>8.3</content>
					</attRef>
					<attRef name="Min_Val">
						<content>3.7</content>
					</attRef>
					<attRef name="ValenceSpan">
						<content>4.6</content>
					</attRef>
					<attRef name="CorAro">
						<content>0.5245</content>
					</attRef>
					<attRef name="CorVal">
						<content>0.1006</content>
					</attRef>
					<attRef name="averageAoA">
						<content>42.06</content>
					</attRef>
					<attRef name="sdAOA">
						<content>16.4</content>
					</attRef>
					<attRef name="MinAoA">
						<content>13.0</content>
					</attRef>
					<attRef name="MaxAoA">
						<content>79.0</content>
					</attRef>
					<attRef name="OralFreq_Log">
						<content>23.86</content>
					</attRef>
					<attRef name="WrittenFreq_Log">
						<content>25.55</content>
					</attRef>
					<attRef name="n_aoa">
						<content>8</content>
					</attRef>
					<attRef name="Max_AoA">
						<content>7.98</content>
					</attRef>
					<attRef name="Min_AoA">
						<content>3.54</content>
					</attRef>
					<attRef name="AoASpan">
						<content>4.44</content>
					</attRef>
					<attRef name="Max_sdAOA">
						<content>2.308</content>
					</attRef>
					<attRef name="Min_sdAOA">
						<content>1.953</content>
					</attRef>
					<attRef name="sdAOASpan">
						<content>0.355</content>
					</attRef>
					<attRef name="Max_logOralFreq">
						<content>3.974</content>
					</attRef>
					<attRef name="Min_logOralFreq">
						<content>2.061</content>
					</attRef>
					<attRef name="logOralFreqSpan">
						<content>1.913</content>
					</attRef>
					<attRef name="Max_logWrittenFreq">
						<content>3.888</content>
					</attRef>
					<attRef name="Min_logWrittenFreq">
						<content>2.461</content>
					</attRef>
					<attRef name="logWrittenFreqSpan">
						<content>1.427</content>
					</attRef>
					<attRef name="CorAoA">
						<content>-0.1901</content>
					</attRef>
				</param>
			</lg>
			<lg n="4" type="terceto">
				<l n="12" met="++-+---+-+-">No había otra Fama que ganara (advierte)</l>
				<l n="13" met="+--+-+--++-">luego faltara premio a la más vida,</l>
				<l n="14" met="--+--+--++-">pues la vida sin premio, que más muerte.</l>
				<param name="AffectiveFeatures">
					<attRef name="Hap_Mean">
						<content>16.77</content>
					</attRef>
					<attRef name="Hap_SD">
						<content>4.9</content>
					</attRef>
					<attRef name="Ang_Mean">
						<content>8.76</content>
					</attRef>
					<attRef name="Ang_SD">
						<content>5.51</content>
					</attRef>
					<attRef name="Sad_Mean">
						<content>11.61</content>
					</attRef>
					<attRef name="Sad_SD">
						<content>4.9</content>
					</attRef>
					<attRef name="Fear_Mean">
						<content>12.26</content>
					</attRef>
					<attRef name="Fear_SD">
						<content>6.12</content>
					</attRef>
					<attRef name="Disg_Mean">
						<content>7.16</content>
					</attRef>
					<attRef name="Disg_SD">
						<content>4.28</content>
					</attRef>
					<attRef name="n_affective">
						<content>5</content>
					</attRef>
					<attRef name="ValenceMean">
						<content>64.65</content>
					</attRef>
					<attRef name="ValenceSD">
						<content>13.7</content>
					</attRef>
					<attRef name="ArousalMean">
						<content>70.62</content>
					</attRef>
					<attRef name="ArousalSD">
						<content>17.7</content>
					</attRef>
					<attRef name="n_v_a">
						<content>11</content>
					</attRef>
					<attRef name="Max_Aro">
						<content>7.93</content>
					</attRef>
					<attRef name="Min_Aro">
						<content>4.6</content>
					</attRef>
					<attRef name="ArousalSpan">
						<content>3.33</content>
					</attRef>
					<attRef name="Max_Val">
						<content>8.25</content>
					</attRef>
					<attRef name="Min_Val">
						<content>1.45</content>
					</attRef>
					<attRef name="ValenceSpan">
						<content>6.8</content>
					</attRef>
					<attRef name="CorAro">
						<content>0.3311</content>
					</attRef>
					<attRef name="CorVal">
						<content>-0.0649</content>
					</attRef>
					<attRef name="averageAoA">
						<content>49.04</content>
					</attRef>
					<attRef name="sdAOA">
						<content>19.06</content>
					</attRef>
					<attRef name="MinAoA">
						<content>13.0</content>
					</attRef>
					<attRef name="MaxAoA">
						<content>95.0</content>
					</attRef>
					<attRef name="OralFreq_Log">
						<content>27.05</content>
					</attRef>
					<attRef name="WrittenFreq_Log">
						<content>26.83</content>
					</attRef>
					<attRef name="n_aoa">
						<content>9</content>
					</attRef>
					<attRef name="Max_AoA">
						<content>8.26</content>
					</attRef>
					<attRef name="Min_AoA">
						<content>4.58</content>
					</attRef>
					<attRef name="AoASpan">
						<content>3.68</content>
					</attRef>
					<attRef name="Max_sdAOA">
						<content>2.303</content>
					</attRef>
					<attRef name="Min_sdAOA">
						<content>1.953</content>
					</attRef>
					<attRef name="sdAOASpan">
						<content>0.35</content>
					</attRef>
					<attRef name="Max_logOralFreq">
						<content>4.257</content>
					</attRef>
					<attRef name="Min_logOralFreq">
						<content>1.924</content>
					</attRef>
					<attRef name="logOralFreqSpan">
						<content>2.333</content>
					</attRef>
					<attRef name="Max_logWrittenFreq">
						<content>3.678</content>
					</attRef>
					<attRef name="Min_logWrittenFreq">
						<content>2.281</content>
					</attRef>
					<attRef name="logWrittenFreqSpan">
						<content>1.397</content>
					</attRef>
					<attRef name="CorAoA">
						<content>-0.4672</content>
					</attRef>
				</param>
			</lg>
			<param name="AffectiveFeatures">
				<attRef name="Hap_Mean">
					<content>63.56</content>
				</attRef>
				<attRef name="Hap_SD">
					<content>21.56</content>
				</attRef>
				<attRef name="Ang_Mean">
					<content>32.93</content>
				</attRef>
				<attRef name="Ang_SD">
					<content>18.35</content>
				</attRef>
				<attRef name="Sad_Mean">
					<content>40.6</content>
				</attRef>
				<attRef name="Sad_SD">
					<content>18.61</content>
				</attRef>
				<attRef name="Fear_Mean">
					<content>40.87</content>
				</attRef>
				<attRef name="Fear_SD">
					<content>20.94</content>
				</attRef>
				<attRef name="Disg_Mean">
					<content>27.08</content>
				</attRef>
				<attRef name="Disg_SD">
					<content>14.6</content>
				</attRef>
				<attRef name="n_affective">
					<content>20</content>
				</attRef>
				<attRef name="ValenceMean">
					<content>259.62</content>
				</attRef>
				<attRef name="ValenceSD">
					<content>54.14</content>
				</attRef>
				<attRef name="ArousalMean">
					<content>241.27</content>
				</attRef>
				<attRef name="ArousalSD">
					<content>75.57</content>
				</attRef>
				<attRef name="n_v_a">
					<content>42</content>
				</attRef>
				<attRef name="Max_Aro">
					<content>7.93</content>
				</attRef>
				<attRef name="Min_Aro">
					<content>3.5</content>
				</attRef>
				<attRef name="ArousalSpan">
					<content>4.43</content>
				</attRef>
				<attRef name="Max_Val">
					<content>8.3</content>
				</attRef>
				<attRef name="Min_Val">
					<content>1.45</content>
				</attRef>
				<attRef name="ValenceSpan">
					<content>6.85</content>
				</attRef>
				<attRef name="CorAro">
					<content>0.2575</content>
				</attRef>
				<attRef name="CorVal">
					<content>0.0196</content>
				</attRef>
				<attRef name="averageAoA">
					<content>233.92</content>
				</attRef>
				<attRef name="sdAOA">
					<content>82.15</content>
				</attRef>
				<attRef name="MinAoA">
					<content>79.0</content>
				</attRef>
				<attRef name="MaxAoA">
					<content>412.0</content>
				</attRef>
				<attRef name="OralFreq_Log">
					<content>110.21</content>
				</attRef>
				<attRef name="WrittenFreq_Log">
					<content>118.83</content>
				</attRef>
				<attRef name="n_aoa">
					<content>41</content>
				</attRef>
				<attRef name="Max_AoA">
					<content>8.94</content>
				</attRef>
				<attRef name="Min_AoA">
					<content>1.64</content>
				</attRef>
				<attRef name="AoASpan">
					<content>7.3</content>
				</attRef>
				<attRef name="Max_sdAOA">
					<content>3.439</content>
				</attRef>
				<attRef name="Min_sdAOA">
					<content>0.921</content>
				</attRef>
				<attRef name="sdAOASpan">
					<content>2.518</content>
				</attRef>
				<attRef name="Max_logOralFreq">
					<content>4.257</content>
				</attRef>
				<attRef name="Min_logOralFreq">
					<content>1.204</content>
				</attRef>
				<attRef name="logOralFreqSpan">
					<content>3.053</content>
				</attRef>
				<attRef name="Max_logWrittenFreq">
					<content>4.003</content>
				</attRef>
				<attRef name="Min_logWrittenFreq">
					<content>1.602</content>
				</attRef>
				<attRef name="logWrittenFreqSpan">
					<content>2.401</content>
				</attRef>
				<attRef name="CorAoA">
					<content>-0.0831</content>
				</attRef>
			</param>
		</body>
	</text>
</TEI>