<?xml version="1.0" encoding="utf-8"?>
<TEI xmlns="http://www.tei-c.org/ns/1.0">
	<teiHeader>
		<fileDesc>
			<titleStmt about="disco:po_041g0067">
				<title property="dc:title">A Alonso Pérez de Montalbán, en la muerte del doctor Juan Pérez de Montalbán, su hijo</title>
				<author property="dc:creator" resource="disco:041g" corresp="#disco_041g">Antonia Jacinta Barreda</author>
				<principal xml:id="prf">Pablo Ruiz Fabo</principal>
				<principal xml:id="heb">Helena Bermúdez Sabel</principal>
				<principal xml:id="jct">José Calvo Tello</principal>
				<principal xml:id="cimc">Clara Isabel Martínez Cantón</principal>
				<respStmt>
					<resp>Metrical annotation by</resp>
					<name xml:id="bnc">Borja Navarro Colorado</name>
				</respStmt>
			</titleStmt>
			<extent>
				<measure unit="sonnets">1</measure>
				<measure unit="tokens">97</measure>
				<measure unit="line">14</measure>
			</extent>
			<publicationStmt>
				<publisher>Diachronic Spanish Sonnet Corpus</publisher>
				<authority>POSTDATA Project</authority>
				<pubPlace>Madrid</pubPlace>
				<availability status="free">
					<p>The text is freely available</p>
				</availability>
				<date when="2017">2017</date>
				<idno type="#disco" xml:id="file_po_041g0067"></idno>
			</publicationStmt>
			<sourceDesc>
				<bibl type="digital-source">
					<hi rend="italics">Sonetos del siglo XV al XVII</hi>
					<date when="2006">2006</date>
					<ref target="http://www.cervantesvirtual.com/nd/ark:/59851/bmc2r439"></ref>
					<ref target="http://www.cervantesvirtual.com/obra/sonetos-del-siglo-xv-al-xvii--0/"></ref>
Biblioteca Cervantes Virtual,  / editados por Ramón García González, , , .				</bibl>
			</sourceDesc>
		</fileDesc>
		<profileDesc>
			<langUsage>
				<language ident="es" about="disco:po_041g0067" property="dc:language" resource="dbpedia:Idioma_español">Spanish</language>
			</langUsage>
			<particDesc>
				<listPerson>
					<person xml:id="disco_041g" about="disco:041g" typeOf="foaf:Person">
						<persName type="short">Barreda</persName>
						<persName type="full">
							<forename property="foaf:givenName">Antonia Jacinta</forename>
							<surname property="foaf:familyName">Barreda</surname>
						</persName>
						<persName type="source" property="foaf:name">Antonia Jacinta Barreda</persName>
						<sex property="foaf:gender" content="F"></sex>
						<birth>
							<location>
								<placeName>
									<settlement property="schema:birthPlace" inlist="">Villalpando</settlement>
									<country property="schema:birthPlace" inlist="">España</country>
									<bloc property="schema:birthPlace" inlist="">Europa</bloc>
								</placeName>
							</location>
							<date type="century">17</date>
						</birth>
						<death>
							<date type="century">17</date>
						</death>
						<listBibl inlist="" rel="blterms:hasCreated" typeOf="schema:CreativeWork">
							<bibl resource="disco:s041g0067">
								<title property="dc:title">A Alonso Pérez de Montalbán, en la muerte del doctor Juan Pérez de Montalbán, su hijo</title>
								<title type="incipit" property="dc:alternative">No cubra el rostro, venerable anciano,</title>
							</bibl>
						</listBibl>
					</person>
				</listPerson>
			</particDesc>
		</profileDesc>
		<encodingDesc>
			<listPrefixDef>
				<prefixDef ident="foaf" matchPattern="([A-Za-z]+)" replacementPattern="http://xmlns.com/foaf/0.1/$1"></prefixDef>
				<prefixDef ident="dc" matchPattern="([A-Za-z]+)" replacementPattern="http://purl.org/dc/terms/$1"></prefixDef>
				<prefixDef ident="schema" matchPattern="([A-Za-z]+)" replacementPattern="http://schema.org/$1"></prefixDef>
				<prefixDef ident="dbpedia" matchPattern="([A-Za-z]+(_[A-Za-z])*)" replacementPattern="http://es.dbpedia.org/page/"></prefixDef>
				<prefixDef ident="blterms" matchPattern="([A-Za-z]+)" replacementPattern="http://www.bl.uk/schemas/bibliographic/blterms#$1"></prefixDef>
				<prefixDef ident="rdfs" matchPattern="([A-Za-z]+)" replacementPattern="http://www.w3.org/2000/01/rdf-schema#$1"></prefixDef>
			</listPrefixDef>
			<metDecl type="met" pattern="((\+|\-)+)*">
				<metSym value="+">stressed syllable</metSym>
				<metSym value="-">unstressed syllable</metSym>
			</metDecl>
			<metDecl type="met">
				<p>
					<ref target="https://github.com/bncolorado/adsoScansionSystem">ADSO</ref>
The metrical patterns were extracted automatically using the 
                    tool.				</p>
			</metDecl>
			<metDecl type="enjamb">
				<p>
					<att>enjamb</att>
					<att>cert</att>
					<ref target="https://sites.google.com/site/spanishenjambment/">ANJA
                        (Automatic eNJambment Analysis)</ref>
					<ref target="https://sites.google.com/site/spanishenjambment/enjambment-types">documentation</ref>
					<ref target="https://sites.google.com/site/spanishenjambment/tei-certitude-values">report</ref>
The values of the  atributes were extracted automatically using
                    the  tool. For more information about the
                    types of enjambment as defined in this corpus, read the . In addition, a  was added to express the
                    degree of certainty concerning the characterisation of the enjambment. The following 
                     covers this feature in deep detail.				</p>
			</metDecl>
		</encodingDesc>
		<revisionDesc>
			<change when="2017-11-02" who="#prf">Initial TEI version</change>
			<change when="2017-11-27" who="#prf">Addition of metrical annotation</change>
			<change when="2017-11-27" who="#heb">Review of authors’ metadata</change>
			<change when="2017-12-01" who="#prf">Encoding of enjambment</change>
			<change when="2017-12-01" who="#heb">Publication of 19th, 18th and Golden Age version</change>
			<change when="2018-05-16" who="#heb">Revision of RDFa attributes</change>
		</revisionDesc>
	</teiHeader>
	<text>
		<front>
			<head>A Alonso Pérez de Montalbán, en la muerte del doctor Juan Pérez de Montalbán, su hijo</head>
		</front>
		<body>
			<lg n="1" type="cuarteto">
				<l n="1" met="++-+---+-+-">No cubra el rostro, venerable anciano,</l>
				<l n="2" met="--+--+---+-">el diluvio de lágrimas que viertes,</l>
				<l n="3" met="--+--+--++-" enjamb="B-cc_crossclause" cert="high">que serán con tu lástima dos muertes</l>
				<l n="4" met="--+--+-+-+-" enjamb="I-cc_crossclause" cert="high">que enternezcan el pecho más tirano.</l>
				<param name="AffectiveFeatures">
					<attRef name="Hap_Mean">
						<content>7.7</content>
					</attRef>
					<attRef name="Hap_SD">
						<content>2.96</content>
					</attRef>
					<attRef name="Ang_Mean">
						<content>12.07</content>
					</attRef>
					<attRef name="Ang_SD">
						<content>6.44</content>
					</attRef>
					<attRef name="Sad_Mean">
						<content>18.13</content>
					</attRef>
					<attRef name="Sad_SD">
						<content>5.32</content>
					</attRef>
					<attRef name="Fear_Mean">
						<content>12.47</content>
					</attRef>
					<attRef name="Fear_SD">
						<content>6.05</content>
					</attRef>
					<attRef name="Disg_Mean">
						<content>8.56</content>
					</attRef>
					<attRef name="Disg_SD">
						<content>5.23</content>
					</attRef>
					<attRef name="n_affective">
						<content>5</content>
					</attRef>
					<attRef name="ValenceMean">
						<content>52.49</content>
					</attRef>
					<attRef name="ValenceSD">
						<content>16.29</content>
					</attRef>
					<attRef name="ArousalMean">
						<content>65.19</content>
					</attRef>
					<attRef name="ArousalSD">
						<content>19.43</content>
					</attRef>
					<attRef name="n_v_a">
						<content>12</content>
					</attRef>
					<attRef name="Max_Aro">
						<content>7.93</content>
					</attRef>
					<attRef name="Min_Aro">
						<content>3.5</content>
					</attRef>
					<attRef name="ArousalSpan">
						<content>4.43</content>
					</attRef>
					<attRef name="Max_Val">
						<content>6.35</content>
					</attRef>
					<attRef name="Min_Val">
						<content>1.45</content>
					</attRef>
					<attRef name="ValenceSpan">
						<content>4.9</content>
					</attRef>
					<attRef name="CorAro">
						<content>0.5997</content>
					</attRef>
					<attRef name="CorVal">
						<content>-0.5127</content>
					</attRef>
					<attRef name="averageAoA">
						<content>55.26</content>
					</attRef>
					<attRef name="sdAOA">
						<content>18.34</content>
					</attRef>
					<attRef name="MinAoA">
						<content>17.5</content>
					</attRef>
					<attRef name="MaxAoA">
						<content>88.0</content>
					</attRef>
					<attRef name="OralFreq_Log">
						<content>16.16</content>
					</attRef>
					<attRef name="WrittenFreq_Log">
						<content>21.79</content>
					</attRef>
					<attRef name="n_aoa">
						<content>9</content>
					</attRef>
					<attRef name="Max_AoA">
						<content>9.68</content>
					</attRef>
					<attRef name="Min_AoA">
						<content>2.24</content>
					</attRef>
					<attRef name="AoASpan">
						<content>7.44</content>
					</attRef>
					<attRef name="Max_sdAOA">
						<content>2.695</content>
					</attRef>
					<attRef name="Min_sdAOA">
						<content>1.098</content>
					</attRef>
					<attRef name="sdAOASpan">
						<content>1.597</content>
					</attRef>
					<attRef name="Max_logOralFreq">
						<content>3.813</content>
					</attRef>
					<attRef name="Min_logOralFreq">
						<content>0.778</content>
					</attRef>
					<attRef name="logOralFreqSpan">
						<content>3.035</content>
					</attRef>
					<attRef name="Max_logWrittenFreq">
						<content>3.869</content>
					</attRef>
					<attRef name="Min_logWrittenFreq">
						<content>1.431</content>
					</attRef>
					<attRef name="logWrittenFreqSpan">
						<content>2.438</content>
					</attRef>
					<attRef name="CorAoA">
						<content>0.0072</content>
					</attRef>
				</param>
			</lg>
			<lg n="2" type="cuarteto">
				<l n="5" met="++++---+-+-">Ya no te obliga sentimiento humano</l>
				<l n="6" met="-+-+---+-+-">si a tanto extremo prodigioso adviertes,</l>
				<l n="7" met="---+-+--++-" enjamb="B-ex_dobj_verb" cert="low">porque llorando el mundo de mil suertes</l>
				<l n="8" met="-+-+-+---+-" enjamb="I-ex_dobj_verb" cert="low">tu llanto suple el cielo soberano.</l>
				<param name="AffectiveFeatures">
					<attRef name="Hap_Mean">
						<content>14.51</content>
					</attRef>
					<attRef name="Hap_SD">
						<content>4.63</content>
					</attRef>
					<attRef name="Ang_Mean">
						<content>6.97</content>
					</attRef>
					<attRef name="Ang_SD">
						<content>3.47</content>
					</attRef>
					<attRef name="Sad_Mean">
						<content>9.56</content>
					</attRef>
					<attRef name="Sad_SD">
						<content>5.11</content>
					</attRef>
					<attRef name="Fear_Mean">
						<content>8.87</content>
					</attRef>
					<attRef name="Fear_SD">
						<content>5.14</content>
					</attRef>
					<attRef name="Disg_Mean">
						<content>6.31</content>
					</attRef>
					<attRef name="Disg_SD">
						<content>3.33</content>
					</attRef>
					<attRef name="n_affective">
						<content>4</content>
					</attRef>
					<attRef name="ValenceMean">
						<content>62.55</content>
					</attRef>
					<attRef name="ValenceSD">
						<content>16.78</content>
					</attRef>
					<attRef name="ArousalMean">
						<content>68.46</content>
					</attRef>
					<attRef name="ArousalSD">
						<content>21.27</content>
					</attRef>
					<attRef name="n_v_a">
						<content>12</content>
					</attRef>
					<attRef name="Max_Aro">
						<content>6.85</content>
					</attRef>
					<attRef name="Min_Aro">
						<content>2.95</content>
					</attRef>
					<attRef name="ArousalSpan">
						<content>3.9</content>
					</attRef>
					<attRef name="Max_Val">
						<content>7.85</content>
					</attRef>
					<attRef name="Min_Val">
						<content>2.25</content>
					</attRef>
					<attRef name="ValenceSpan">
						<content>5.6</content>
					</attRef>
					<attRef name="CorAro">
						<content>-0.4026</content>
					</attRef>
					<attRef name="CorVal">
						<content>0.0935</content>
					</attRef>
					<attRef name="averageAoA">
						<content>51.24</content>
					</attRef>
					<attRef name="sdAOA">
						<content>18.41</content>
					</attRef>
					<attRef name="MinAoA">
						<content>16.0</content>
					</attRef>
					<attRef name="MaxAoA">
						<content>93.0</content>
					</attRef>
					<attRef name="OralFreq_Log">
						<content>24.95</content>
					</attRef>
					<attRef name="WrittenFreq_Log">
						<content>28.28</content>
					</attRef>
					<attRef name="n_aoa">
						<content>10</content>
					</attRef>
					<attRef name="Max_AoA">
						<content>7.78</content>
					</attRef>
					<attRef name="Min_AoA">
						<content>1.64</content>
					</attRef>
					<attRef name="AoASpan">
						<content>6.14</content>
					</attRef>
					<attRef name="Max_sdAOA">
						<content>2.401</content>
					</attRef>
					<attRef name="Min_sdAOA">
						<content>0.921</content>
					</attRef>
					<attRef name="sdAOASpan">
						<content>1.48</content>
					</attRef>
					<attRef name="Max_logOralFreq">
						<content>4.152</content>
					</attRef>
					<attRef name="Min_logOralFreq">
						<content>1.204</content>
					</attRef>
					<attRef name="logOralFreqSpan">
						<content>2.948</content>
					</attRef>
					<attRef name="Max_logWrittenFreq">
						<content>4.003</content>
					</attRef>
					<attRef name="Min_logWrittenFreq">
						<content>2.093</content>
					</attRef>
					<attRef name="logWrittenFreqSpan">
						<content>1.91</content>
					</attRef>
					<attRef name="CorAoA">
						<content>-0.2911</content>
					</attRef>
				</param>
			</lg>
			<lg n="3" type="terceto">
				<l n="9" met="---+-+---+-" enjamb="B-pb_adj_prep" cert="low">Mas ¡ay! que no es consuelo suficiente</l>
				<l n="10" met="--+-++-+-+-" enjamb="I-pb_adj_prep" cert="low">al dolor que te oprime, tan prolijo,</l>
				<l n="11" met="----+--+++-">aunque a la piedad mía más le cuadre.</l>
				<param name="AffectiveFeatures">
					<attRef name="Hap_Mean">
						<content>1.03</content>
					</attRef>
					<attRef name="Hap_SD">
						<content>0.18</content>
					</attRef>
					<attRef name="Ang_Mean">
						<content>2.77</content>
					</attRef>
					<attRef name="Ang_SD">
						<content>1.33</content>
					</attRef>
					<attRef name="Sad_Mean">
						<content>3.83</content>
					</attRef>
					<attRef name="Sad_SD">
						<content>1.23</content>
					</attRef>
					<attRef name="Fear_Mean">
						<content>3.63</content>
					</attRef>
					<attRef name="Fear_SD">
						<content>1.4</content>
					</attRef>
					<attRef name="Disg_Mean">
						<content>1.77</content>
					</attRef>
					<attRef name="Disg_SD">
						<content>1.25</content>
					</attRef>
					<attRef name="n_affective">
						<content>1</content>
					</attRef>
					<attRef name="ValenceMean">
						<content>35.09</content>
					</attRef>
					<attRef name="ValenceSD">
						<content>9.5</content>
					</attRef>
					<attRef name="ArousalMean">
						<content>36.35</content>
					</attRef>
					<attRef name="ArousalSD">
						<content>11.0</content>
					</attRef>
					<attRef name="n_v_a">
						<content>7</content>
					</attRef>
					<attRef name="Max_Aro">
						<content>8.25</content>
					</attRef>
					<attRef name="Min_Aro">
						<content>3.6</content>
					</attRef>
					<attRef name="ArousalSpan">
						<content>4.65</content>
					</attRef>
					<attRef name="Max_Val">
						<content>6.4</content>
					</attRef>
					<attRef name="Min_Val">
						<content>2.15</content>
					</attRef>
					<attRef name="ValenceSpan">
						<content>4.25</content>
					</attRef>
					<attRef name="CorAro">
						<content>0.0377</content>
					</attRef>
					<attRef name="CorVal">
						<content>-0.1175</content>
					</attRef>
					<attRef name="averageAoA">
						<content>37.73</content>
					</attRef>
					<attRef name="sdAOA">
						<content>11.77</content>
					</attRef>
					<attRef name="MinAoA">
						<content>17.0</content>
					</attRef>
					<attRef name="MaxAoA">
						<content>63.33</content>
					</attRef>
					<attRef name="OralFreq_Log">
						<content>15.47</content>
					</attRef>
					<attRef name="WrittenFreq_Log">
						<content>18.01</content>
					</attRef>
					<attRef name="n_aoa">
						<content>6</content>
					</attRef>
					<attRef name="Max_AoA">
						<content>8.76</content>
					</attRef>
					<attRef name="Min_AoA">
						<content>3.6</content>
					</attRef>
					<attRef name="AoASpan">
						<content>5.16</content>
					</attRef>
					<attRef name="Max_sdAOA">
						<content>2.488</content>
					</attRef>
					<attRef name="Min_sdAOA">
						<content>1.492</content>
					</attRef>
					<attRef name="sdAOASpan">
						<content>0.996</content>
					</attRef>
					<attRef name="Max_logOralFreq">
						<content>3.398</content>
					</attRef>
					<attRef name="Min_logOralFreq">
						<content>1.462</content>
					</attRef>
					<attRef name="logOralFreqSpan">
						<content>1.936</content>
					</attRef>
					<attRef name="Max_logWrittenFreq">
						<content>3.783</content>
					</attRef>
					<attRef name="Min_logWrittenFreq">
						<content>2.111</content>
					</attRef>
					<attRef name="logWrittenFreqSpan">
						<content>1.672</content>
					</attRef>
					<attRef name="CorAoA">
						<content>-0.3286</content>
					</attRef>
				</param>
			</lg>
			<lg n="4" type="terceto">
				<l n="12" met="---+-+-+-+-">Porque, aunque llore el mundo amargamente,</l>
				<l n="13" met="+-++-+--++-">no hay quien a un padre llore como un hijo</l>
				<l n="14" met="--++-+--++-">ni quien a un hijo llore como un padre.</l>
				<param name="AffectiveFeatures">
					<attRef name="Hap_Mean">
						<content>19.6</content>
					</attRef>
					<attRef name="Hap_SD">
						<content>6.13</content>
					</attRef>
					<attRef name="Ang_Mean">
						<content>7.23</content>
					</attRef>
					<attRef name="Ang_SD">
						<content>4.36</content>
					</attRef>
					<attRef name="Sad_Mean">
						<content>8.47</content>
					</attRef>
					<attRef name="Sad_SD">
						<content>5.61</content>
					</attRef>
					<attRef name="Fear_Mean">
						<content>8.74</content>
					</attRef>
					<attRef name="Fear_SD">
						<content>5.4</content>
					</attRef>
					<attRef name="Disg_Mean">
						<content>6.83</content>
					</attRef>
					<attRef name="Disg_SD">
						<content>3.93</content>
					</attRef>
					<attRef name="n_affective">
						<content>5</content>
					</attRef>
					<attRef name="ValenceMean">
						<content>43.18</content>
					</attRef>
					<attRef name="ValenceSD">
						<content>11.7</content>
					</attRef>
					<attRef name="ArousalMean">
						<content>42.75</content>
					</attRef>
					<attRef name="ArousalSD">
						<content>16.54</content>
					</attRef>
					<attRef name="n_v_a">
						<content>8</content>
					</attRef>
					<attRef name="Max_Aro">
						<content>6.05</content>
					</attRef>
					<attRef name="Min_Aro">
						<content>4.2</content>
					</attRef>
					<attRef name="ArousalSpan">
						<content>1.85</content>
					</attRef>
					<attRef name="Max_Val">
						<content>7.6</content>
					</attRef>
					<attRef name="Min_Val">
						<content>2.25</content>
					</attRef>
					<attRef name="ValenceSpan">
						<content>5.35</content>
					</attRef>
					<attRef name="CorAro">
						<content>-0.2125</content>
					</attRef>
					<attRef name="CorVal">
						<content>0.2441</content>
					</attRef>
					<attRef name="averageAoA">
						<content>29.62</content>
					</attRef>
					<attRef name="sdAOA">
						<content>14.02</content>
					</attRef>
					<attRef name="MinAoA">
						<content>11.0</content>
					</attRef>
					<attRef name="MaxAoA">
						<content>65.0</content>
					</attRef>
					<attRef name="OralFreq_Log">
						<content>23.94</content>
					</attRef>
					<attRef name="WrittenFreq_Log">
						<content>27.2</content>
					</attRef>
					<attRef name="n_aoa">
						<content>9</content>
					</attRef>
					<attRef name="Max_AoA">
						<content>6.7</content>
					</attRef>
					<attRef name="Min_AoA">
						<content>1.72</content>
					</attRef>
					<attRef name="AoASpan">
						<content>4.98</content>
					</attRef>
					<attRef name="Max_sdAOA">
						<content>2.109</content>
					</attRef>
					<attRef name="Min_sdAOA">
						<content>0.834</content>
					</attRef>
					<attRef name="sdAOASpan">
						<content>1.275</content>
					</attRef>
					<attRef name="Max_logOralFreq">
						<content>3.429</content>
					</attRef>
					<attRef name="Min_logOralFreq">
						<content>1.778</content>
					</attRef>
					<attRef name="logOralFreqSpan">
						<content>1.651</content>
					</attRef>
					<attRef name="Max_logWrittenFreq">
						<content>3.649</content>
					</attRef>
					<attRef name="Min_logWrittenFreq">
						<content>2.367</content>
					</attRef>
					<attRef name="logWrittenFreqSpan">
						<content>1.282</content>
					</attRef>
					<attRef name="CorAoA">
						<content>-0.6695</content>
					</attRef>
				</param>
			</lg>
			<param name="AffectiveFeatures">
				<attRef name="Hap_Mean">
					<content>42.84</content>
				</attRef>
				<attRef name="Hap_SD">
					<content>13.9</content>
				</attRef>
				<attRef name="Ang_Mean">
					<content>29.04</content>
				</attRef>
				<attRef name="Ang_SD">
					<content>15.6</content>
				</attRef>
				<attRef name="Sad_Mean">
					<content>39.99</content>
				</attRef>
				<attRef name="Sad_SD">
					<content>17.27</content>
				</attRef>
				<attRef name="Fear_Mean">
					<content>33.71</content>
				</attRef>
				<attRef name="Fear_SD">
					<content>17.99</content>
				</attRef>
				<attRef name="Disg_Mean">
					<content>23.47</content>
				</attRef>
				<attRef name="Disg_SD">
					<content>13.74</content>
				</attRef>
				<attRef name="n_affective">
					<content>15</content>
				</attRef>
				<attRef name="ValenceMean">
					<content>193.31</content>
				</attRef>
				<attRef name="ValenceSD">
					<content>54.27</content>
				</attRef>
				<attRef name="ArousalMean">
					<content>212.75</content>
				</attRef>
				<attRef name="ArousalSD">
					<content>68.24</content>
				</attRef>
				<attRef name="n_v_a">
					<content>39</content>
				</attRef>
				<attRef name="Max_Aro">
					<content>8.25</content>
				</attRef>
				<attRef name="Min_Aro">
					<content>2.95</content>
				</attRef>
				<attRef name="ArousalSpan">
					<content>5.3</content>
				</attRef>
				<attRef name="Max_Val">
					<content>7.85</content>
				</attRef>
				<attRef name="Min_Val">
					<content>1.45</content>
				</attRef>
				<attRef name="ValenceSpan">
					<content>6.4</content>
				</attRef>
				<attRef name="CorAro">
					<content>-0.0485</content>
				</attRef>
				<attRef name="CorVal">
					<content>0.1586</content>
				</attRef>
				<attRef name="averageAoA">
					<content>173.85</content>
				</attRef>
				<attRef name="sdAOA">
					<content>62.54</content>
				</attRef>
				<attRef name="MinAoA">
					<content>61.5</content>
				</attRef>
				<attRef name="MaxAoA">
					<content>309.33</content>
				</attRef>
				<attRef name="OralFreq_Log">
					<content>80.53</content>
				</attRef>
				<attRef name="WrittenFreq_Log">
					<content>95.3</content>
				</attRef>
				<attRef name="n_aoa">
					<content>34</content>
				</attRef>
				<attRef name="Max_AoA">
					<content>9.68</content>
				</attRef>
				<attRef name="Min_AoA">
					<content>1.64</content>
				</attRef>
				<attRef name="AoASpan">
					<content>8.04</content>
				</attRef>
				<attRef name="Max_sdAOA">
					<content>2.695</content>
				</attRef>
				<attRef name="Min_sdAOA">
					<content>0.834</content>
				</attRef>
				<attRef name="sdAOASpan">
					<content>1.861</content>
				</attRef>
				<attRef name="Max_logOralFreq">
					<content>4.152</content>
				</attRef>
				<attRef name="Min_logOralFreq">
					<content>0.778</content>
				</attRef>
				<attRef name="logOralFreqSpan">
					<content>3.374</content>
				</attRef>
				<attRef name="Max_logWrittenFreq">
					<content>4.003</content>
				</attRef>
				<attRef name="Min_logWrittenFreq">
					<content>1.431</content>
				</attRef>
				<attRef name="logWrittenFreqSpan">
					<content>2.572</content>
				</attRef>
				<attRef name="CorAoA">
					<content>-0.4542</content>
				</attRef>
			</param>
		</body>
	</text>
</TEI>