<?xml version="1.0" encoding="utf-8"?>
<TEI xmlns="http://www.tei-c.org/ns/1.0">
	<teiHeader>
		<fileDesc>
			<titleStmt about="disco:po_235g0492">
				<title property="dc:title">De El mejor tutor es Dios</title>
				<author property="dc:creator" resource="disco:235g" corresp="#disco_235g">Luis Belmonte Bermúdez</author>
				<principal xml:id="prf">Pablo Ruiz Fabo</principal>
				<principal xml:id="heb">Helena Bermúdez Sabel</principal>
				<principal xml:id="jct">José Calvo Tello</principal>
				<principal xml:id="cimc">Clara Isabel Martínez Cantón</principal>
				<respStmt>
					<resp>Metrical annotation by</resp>
					<name xml:id="bnc">Borja Navarro Colorado</name>
				</respStmt>
			</titleStmt>
			<extent>
				<measure unit="sonnets">1</measure>
				<measure unit="tokens">457</measure>
				<measure unit="line">57</measure>
			</extent>
			<publicationStmt>
				<publisher>Diachronic Spanish Sonnet Corpus</publisher>
				<authority>POSTDATA Project</authority>
				<pubPlace>Madrid</pubPlace>
				<availability status="free">
					<p>The text is freely available</p>
				</availability>
				<date when="2017">2017</date>
				<idno type="#disco" xml:id="file_po_235g0492"></idno>
			</publicationStmt>
			<sourceDesc>
				<bibl type="digital-source">
					<hi rend="italics">Sonetos del siglo XV al XVII</hi>
					<date when="2006">2006</date>
					<ref target="http://www.cervantesvirtual.com/nd/ark:/59851/bmc2r439"></ref>
					<ref target="http://www.cervantesvirtual.com/obra/sonetos-del-siglo-xv-al-xvii--0/"></ref>
Biblioteca Cervantes Virtual,  / editados por Ramón García González, , , .				</bibl>
			</sourceDesc>
		</fileDesc>
		<profileDesc>
			<langUsage>
				<language ident="es" about="disco:po_235g0492" property="dc:language" resource="dbpedia:Idioma_español">Spanish</language>
			</langUsage>
			<particDesc>
				<listPerson>
					<person xml:id="disco_235g" about="disco:235g" typeOf="foaf:Person">
						<idno cert="high" property="rdfs:seeAlso" resource="https://viaf.org/viaf/91253227"></idno>
						<persName type="short">Belmonte Bermúdez</persName>
						<persName type="full">
							<forename property="foaf:givenName">Luis</forename>
							<surname property="foaf:familyName">Belmonte Bermúdez</surname>
						</persName>
						<persName type="source" property="foaf:name">Luis Belmonte Bermúdez</persName>
						<sex property="foaf:gender" content="M"></sex>
						<birth>
							<location>
								<placeName>
									<settlement property="schema:birthPlace" inlist="">Sevilla</settlement>
									<country property="schema:birthPlace" inlist="">España</country>
									<bloc property="schema:birthPlace" inlist="">Europa</bloc>
								</placeName>
							</location>
							<date property="schema:birthDate" content="1587" cert="high"></date>
							<date type="century">16</date>
						</birth>
						<death>
							<date property="schema:deathDate" content="1650" cert="high"></date>
							<date type="century">17</date>
						</death>
						<listBibl inlist="" rel="blterms:hasCreated" typeOf="schema:CreativeWork">
							<bibl resource="disco:s235g0492">
								<title property="dc:title">De El mejor tutor es Dios</title>
								<title type="incipit" property="dc:alternative">[Car. -] Imágenes confusas del deseo.</title>
							</bibl>
						</listBibl>
					</person>
				</listPerson>
			</particDesc>
		</profileDesc>
		<encodingDesc>
			<listPrefixDef>
				<prefixDef ident="foaf" matchPattern="([A-Za-z]+)" replacementPattern="http://xmlns.com/foaf/0.1/$1"></prefixDef>
				<prefixDef ident="dc" matchPattern="([A-Za-z]+)" replacementPattern="http://purl.org/dc/terms/$1"></prefixDef>
				<prefixDef ident="schema" matchPattern="([A-Za-z]+)" replacementPattern="http://schema.org/$1"></prefixDef>
				<prefixDef ident="dbpedia" matchPattern="([A-Za-z]+(_[A-Za-z])*)" replacementPattern="http://es.dbpedia.org/page/"></prefixDef>
				<prefixDef ident="blterms" matchPattern="([A-Za-z]+)" replacementPattern="http://www.bl.uk/schemas/bibliographic/blterms#$1"></prefixDef>
				<prefixDef ident="rdfs" matchPattern="([A-Za-z]+)" replacementPattern="http://www.w3.org/2000/01/rdf-schema#$1"></prefixDef>
			</listPrefixDef>
			<metDecl type="met" pattern="((\+|\-)+)*">
				<metSym value="+">stressed syllable</metSym>
				<metSym value="-">unstressed syllable</metSym>
			</metDecl>
			<metDecl type="met">
				<p>
					<ref target="https://github.com/bncolorado/adsoScansionSystem">ADSO</ref>
The metrical patterns were extracted automatically using the 
                    tool.				</p>
			</metDecl>
			<metDecl type="enjamb">
				<p>
					<att>enjamb</att>
					<att>cert</att>
					<ref target="https://sites.google.com/site/spanishenjambment/">ANJA
                        (Automatic eNJambment Analysis)</ref>
					<ref target="https://sites.google.com/site/spanishenjambment/enjambment-types">documentation</ref>
					<ref target="https://sites.google.com/site/spanishenjambment/tei-certitude-values">report</ref>
The values of the  atributes were extracted automatically using
                    the  tool. For more information about the
                    types of enjambment as defined in this corpus, read the . In addition, a  was added to express the
                    degree of certainty concerning the characterisation of the enjambment. The following 
                     covers this feature in deep detail.				</p>
			</metDecl>
		</encodingDesc>
		<revisionDesc>
			<change when="2017-11-02" who="#prf">Initial TEI version</change>
			<change when="2017-11-27" who="#prf">Addition of metrical annotation</change>
			<change when="2017-11-27" who="#heb">Review of authors’ metadata</change>
			<change when="2017-12-01" who="#prf">Encoding of enjambment</change>
			<change when="2017-12-01" who="#heb">Publication of 19th, 18th and Golden Age version</change>
			<change when="2018-05-16" who="#heb">Revision of RDFa attributes</change>
		</revisionDesc>
	</teiHeader>
	<text>
		<front>
			<head>De El mejor tutor es Dios</head>
		</front>
		<body>
			<lg n="1" type="cuarteto">
				<l n="1" met="+-+---+---+-">[Car. -] Imágenes confusas del deseo.</l>
				<l n="2" met="+--+--+---+-">[Ser. -]Ilusiones de amor, y de los ojos.</l>
				<l n="3" met="++++--+-+-+-">[Car. -] Alma, es esto verdad o son enrojos?</l>
				<l n="4" met="++-+--++--+-">[Ser. -]Es fantástico bien esto que veo?</l>
				<param name="AffectiveFeatures">
					<attRef name="Hap_Mean">
						<content>25.23</content>
					</attRef>
					<attRef name="Hap_SD">
						<content>8.16</content>
					</attRef>
					<attRef name="Ang_Mean">
						<content>13.76</content>
					</attRef>
					<attRef name="Ang_SD">
						<content>8.03</content>
					</attRef>
					<attRef name="Sad_Mean">
						<content>15.69</content>
					</attRef>
					<attRef name="Sad_SD">
						<content>9.12</content>
					</attRef>
					<attRef name="Fear_Mean">
						<content>17.04</content>
					</attRef>
					<attRef name="Fear_SD">
						<content>9.31</content>
					</attRef>
					<attRef name="Disg_Mean">
						<content>11.61</content>
					</attRef>
					<attRef name="Disg_SD">
						<content>5.94</content>
					</attRef>
					<attRef name="n_affective">
						<content>8</content>
					</attRef>
					<attRef name="ValenceMean">
						<content>85.65</content>
					</attRef>
					<attRef name="ValenceSD">
						<content>17.71</content>
					</attRef>
					<attRef name="ArousalMean">
						<content>63.29</content>
					</attRef>
					<attRef name="ArousalSD">
						<content>26.38</content>
					</attRef>
					<attRef name="n_v_a">
						<content>13</content>
					</attRef>
					<attRef name="Max_Aro">
						<content>6.4</content>
					</attRef>
					<attRef name="Min_Aro">
						<content>3.9</content>
					</attRef>
					<attRef name="ArousalSpan">
						<content>2.5</content>
					</attRef>
					<attRef name="Max_Val">
						<content>8.4</content>
					</attRef>
					<attRef name="Min_Val">
						<content>3.3</content>
					</attRef>
					<attRef name="ValenceSpan">
						<content>5.1</content>
					</attRef>
					<attRef name="CorAro">
						<content>-0.3302</content>
					</attRef>
					<attRef name="CorVal">
						<content>0.4613</content>
					</attRef>
					<attRef name="averageAoA">
						<content>69.16</content>
					</attRef>
					<attRef name="sdAOA">
						<content>27.23</content>
					</attRef>
					<attRef name="MinAoA">
						<content>19.0</content>
					</attRef>
					<attRef name="MaxAoA">
						<content>130.0</content>
					</attRef>
					<attRef name="OralFreq_Log">
						<content>36.36</content>
					</attRef>
					<attRef name="WrittenFreq_Log">
						<content>39.22</content>
					</attRef>
					<attRef name="n_aoa">
						<content>13</content>
					</attRef>
					<attRef name="Max_AoA">
						<content>7.32</content>
					</attRef>
					<attRef name="Min_AoA">
						<content>2.72</content>
					</attRef>
					<attRef name="AoASpan">
						<content>4.6</content>
					</attRef>
					<attRef name="Max_sdAOA">
						<content>2.819</content>
					</attRef>
					<attRef name="Min_sdAOA">
						<content>1.41</content>
					</attRef>
					<attRef name="sdAOASpan">
						<content>1.409</content>
					</attRef>
					<attRef name="Max_logOralFreq">
						<content>3.879</content>
					</attRef>
					<attRef name="Min_logOralFreq">
						<content>0.954</content>
					</attRef>
					<attRef name="logOralFreqSpan">
						<content>2.925</content>
					</attRef>
					<attRef name="Max_logWrittenFreq">
						<content>3.924</content>
					</attRef>
					<attRef name="Min_logWrittenFreq">
						<content>1.826</content>
					</attRef>
					<attRef name="logWrittenFreqSpan">
						<content>2.098</content>
					</attRef>
					<attRef name="CorAoA">
						<content>-0.4922</content>
					</attRef>
				</param>
			</lg>
			<lg n="2" type="cuarteto">
				<l n="5" met="+-+---+-+++-">[Car. -] Conozco mi desdicha, no lo creo.</l>
				<l n="6" met="++--+-+---+-">[Ser. -]No renovéis engaños mis enojos.</l>
				<l n="7" met="+++-+++---+-">[Car. -] O muerte, no me muestres tus despojos!</l>
				<l n="8" met="+-+-+-----+-">[Ser. -]Memoria baste y a tu devaneo.</l>
				<param name="AffectiveFeatures">
					<attRef name="Hap_Mean">
						<content>12.5</content>
					</attRef>
					<attRef name="Hap_SD">
						<content>4.62</content>
					</attRef>
					<attRef name="Ang_Mean">
						<content>13.36</content>
					</attRef>
					<attRef name="Ang_SD">
						<content>6.58</content>
					</attRef>
					<attRef name="Sad_Mean">
						<content>15.63</content>
					</attRef>
					<attRef name="Sad_SD">
						<content>6.14</content>
					</attRef>
					<attRef name="Fear_Mean">
						<content>14.42</content>
					</attRef>
					<attRef name="Fear_SD">
						<content>6.89</content>
					</attRef>
					<attRef name="Disg_Mean">
						<content>11.14</content>
					</attRef>
					<attRef name="Disg_SD">
						<content>6.61</content>
					</attRef>
					<attRef name="n_affective">
						<content>6</content>
					</attRef>
					<attRef name="ValenceMean">
						<content>70.62</content>
					</attRef>
					<attRef name="ValenceSD">
						<content>18.56</content>
					</attRef>
					<attRef name="ArousalMean">
						<content>79.26</content>
					</attRef>
					<attRef name="ArousalSD">
						<content>23.14</content>
					</attRef>
					<attRef name="n_v_a">
						<content>14</content>
					</attRef>
					<attRef name="Max_Aro">
						<content>7.93</content>
					</attRef>
					<attRef name="Min_Aro">
						<content>4.5</content>
					</attRef>
					<attRef name="ArousalSpan">
						<content>3.43</content>
					</attRef>
					<attRef name="Max_Val">
						<content>6.95</content>
					</attRef>
					<attRef name="Min_Val">
						<content>1.45</content>
					</attRef>
					<attRef name="ValenceSpan">
						<content>5.5</content>
					</attRef>
					<attRef name="CorAro">
						<content>-0.0972</content>
					</attRef>
					<attRef name="CorVal">
						<content>-0.0744</content>
					</attRef>
					<attRef name="averageAoA">
						<content>79.04</content>
					</attRef>
					<attRef name="sdAOA">
						<content>25.32</content>
					</attRef>
					<attRef name="MinAoA">
						<content>26.0</content>
					</attRef>
					<attRef name="MaxAoA">
						<content>127.0</content>
					</attRef>
					<attRef name="OralFreq_Log">
						<content>25.55</content>
					</attRef>
					<attRef name="WrittenFreq_Log">
						<content>31.18</content>
					</attRef>
					<attRef name="n_aoa">
						<content>12</content>
					</attRef>
					<attRef name="Max_AoA">
						<content>9.9</content>
					</attRef>
					<attRef name="Min_AoA">
						<content>4.93</content>
					</attRef>
					<attRef name="AoASpan">
						<content>4.97</content>
					</attRef>
					<attRef name="Max_sdAOA">
						<content>2.386</content>
					</attRef>
					<attRef name="Min_sdAOA">
						<content>1.581</content>
					</attRef>
					<attRef name="sdAOASpan">
						<content>0.805</content>
					</attRef>
					<attRef name="Max_logOralFreq">
						<content>3.731</content>
					</attRef>
					<attRef name="Min_logOralFreq">
						<content>0.301</content>
					</attRef>
					<attRef name="logOralFreqSpan">
						<content>3.43</content>
					</attRef>
					<attRef name="Max_logWrittenFreq">
						<content>3.924</content>
					</attRef>
					<attRef name="Min_logWrittenFreq">
						<content>1.38</content>
					</attRef>
					<attRef name="logWrittenFreqSpan">
						<content>2.544</content>
					</attRef>
					<attRef name="CorAoA">
						<content>0.0819</content>
					</attRef>
				</param>
			</lg>
			<lg n="3" type="terceto">
				<l n="9" met="++++-+---+-">[Car. -] Qué miro? No es aquella Serafina?</l>
				<l n="10" met="++-++-+-+-+-">[Ser. -]Carlos, no es ese, el qué perdido lloro?</l>
				<l n="11" met="++-+--+---+-">[Car. -] Me conoces, imagen peregrina?</l>
				<param name="AffectiveFeatures">
					<attRef name="Hap_Mean">
						<content>9.53</content>
					</attRef>
					<attRef name="Hap_SD">
						<content>4.13</content>
					</attRef>
					<attRef name="Ang_Mean">
						<content>7.86</content>
					</attRef>
					<attRef name="Ang_SD">
						<content>4.58</content>
					</attRef>
					<attRef name="Sad_Mean">
						<content>9.29</content>
					</attRef>
					<attRef name="Sad_SD">
						<content>4.28</content>
					</attRef>
					<attRef name="Fear_Mean">
						<content>9.61</content>
					</attRef>
					<attRef name="Fear_SD">
						<content>3.92</content>
					</attRef>
					<attRef name="Disg_Mean">
						<content>6.64</content>
					</attRef>
					<attRef name="Disg_SD">
						<content>4.4</content>
					</attRef>
					<attRef name="n_affective">
						<content>4</content>
					</attRef>
					<attRef name="ValenceMean">
						<content>53.85</content>
					</attRef>
					<attRef name="ValenceSD">
						<content>11.6</content>
					</attRef>
					<attRef name="ArousalMean">
						<content>51.86</content>
					</attRef>
					<attRef name="ArousalSD">
						<content>17.57</content>
					</attRef>
					<attRef name="n_v_a">
						<content>10</content>
					</attRef>
					<attRef name="Max_Aro">
						<content>6.35</content>
					</attRef>
					<attRef name="Min_Aro">
						<content>4.5</content>
					</attRef>
					<attRef name="ArousalSpan">
						<content>1.85</content>
					</attRef>
					<attRef name="Max_Val">
						<content>7.3</content>
					</attRef>
					<attRef name="Min_Val">
						<content>2.25</content>
					</attRef>
					<attRef name="ValenceSpan">
						<content>5.05</content>
					</attRef>
					<attRef name="CorAro">
						<content>0.3526</content>
					</attRef>
					<attRef name="CorVal">
						<content>-0.1785</content>
					</attRef>
					<attRef name="averageAoA">
						<content>47.54</content>
					</attRef>
					<attRef name="sdAOA">
						<content>19.13</content>
					</attRef>
					<attRef name="MinAoA">
						<content>14.0</content>
					</attRef>
					<attRef name="MaxAoA">
						<content>96.0</content>
					</attRef>
					<attRef name="OralFreq_Log">
						<content>25.48</content>
					</attRef>
					<attRef name="WrittenFreq_Log">
						<content>28.25</content>
					</attRef>
					<attRef name="n_aoa">
						<content>10</content>
					</attRef>
					<attRef name="Max_AoA">
						<content>7.02</content>
					</attRef>
					<attRef name="Min_AoA">
						<content>2.52</content>
					</attRef>
					<attRef name="AoASpan">
						<content>4.5</content>
					</attRef>
					<attRef name="Max_sdAOA">
						<content>2.418</content>
					</attRef>
					<attRef name="Min_sdAOA">
						<content>1.41</content>
					</attRef>
					<attRef name="sdAOASpan">
						<content>1.008</content>
					</attRef>
					<attRef name="Max_logOralFreq">
						<content>3.731</content>
					</attRef>
					<attRef name="Min_logOralFreq">
						<content>1.778</content>
					</attRef>
					<attRef name="logOralFreqSpan">
						<content>1.953</content>
					</attRef>
					<attRef name="Max_logWrittenFreq">
						<content>3.924</content>
					</attRef>
					<attRef name="Min_logWrittenFreq">
						<content>2.367</content>
					</attRef>
					<attRef name="logWrittenFreqSpan">
						<content>1.557</content>
					</attRef>
					<attRef name="CorAoA">
						<content>0.2476</content>
					</attRef>
				</param>
			</lg>
			<lg n="4" type="terceto">
				<l n="12" met="+++-+-+-+-+-">[Ser. -]Sí, que eres vida tú del bien que ignoro.</l>
				<l n="13" met="++++--+-+-+-">[Car. -] No me mates placer, mi luz divina.</l>
				<l n="14" met="+++-+++-++++">[Ser. -]Mi dueño. [Car. -] Vida esta? [Ser. -]Ven, te adoro.</l>
				<param name="AffectiveFeatures">
					<attRef name="Hap_Mean">
						<content>21.23</content>
					</attRef>
					<attRef name="Hap_SD">
						<content>6.7</content>
					</attRef>
					<attRef name="Ang_Mean">
						<content>9.22</content>
					</attRef>
					<attRef name="Ang_SD">
						<content>6.05</content>
					</attRef>
					<attRef name="Sad_Mean">
						<content>10.37</content>
					</attRef>
					<attRef name="Sad_SD">
						<content>6.3</content>
					</attRef>
					<attRef name="Fear_Mean">
						<content>11.04</content>
					</attRef>
					<attRef name="Fear_SD">
						<content>6.88</content>
					</attRef>
					<attRef name="Disg_Mean">
						<content>8.61</content>
					</attRef>
					<attRef name="Disg_SD">
						<content>5.73</content>
					</attRef>
					<attRef name="n_affective">
						<content>6</content>
					</attRef>
					<attRef name="ValenceMean">
						<content>95.88</content>
					</attRef>
					<attRef name="ValenceSD">
						<content>18.08</content>
					</attRef>
					<attRef name="ArousalMean">
						<content>72.26</content>
					</attRef>
					<attRef name="ArousalSD">
						<content>28.17</content>
					</attRef>
					<attRef name="n_v_a">
						<content>14</content>
					</attRef>
					<attRef name="Max_Aro">
						<content>6.6</content>
					</attRef>
					<attRef name="Min_Aro">
						<content>3.9</content>
					</attRef>
					<attRef name="ArousalSpan">
						<content>2.7</content>
					</attRef>
					<attRef name="Max_Val">
						<content>8.25</content>
					</attRef>
					<attRef name="Min_Val">
						<content>4.65</content>
					</attRef>
					<attRef name="ValenceSpan">
						<content>3.6</content>
					</attRef>
					<attRef name="CorAro">
						<content>0.1243</content>
					</attRef>
					<attRef name="CorVal">
						<content>-0.2441</content>
					</attRef>
					<attRef name="averageAoA">
						<content>80.52</content>
					</attRef>
					<attRef name="sdAOA">
						<content>28.65</content>
					</attRef>
					<attRef name="MinAoA">
						<content>26.0</content>
					</attRef>
					<attRef name="MaxAoA">
						<content>138.0</content>
					</attRef>
					<attRef name="OralFreq_Log">
						<content>39.05</content>
					</attRef>
					<attRef name="WrittenFreq_Log">
						<content>42.96</content>
					</attRef>
					<attRef name="n_aoa">
						<content>14</content>
					</attRef>
					<attRef name="Max_AoA">
						<content>9.06</content>
					</attRef>
					<attRef name="Min_AoA">
						<content>2.72</content>
					</attRef>
					<attRef name="AoASpan">
						<content>6.34</content>
					</attRef>
					<attRef name="Max_sdAOA">
						<content>2.42</content>
					</attRef>
					<attRef name="Min_sdAOA">
						<content>1.443</content>
					</attRef>
					<attRef name="sdAOASpan">
						<content>0.977</content>
					</attRef>
					<attRef name="Max_logOralFreq">
						<content>3.879</content>
					</attRef>
					<attRef name="Min_logOralFreq">
						<content>1.079</content>
					</attRef>
					<attRef name="logOralFreqSpan">
						<content>2.8</content>
					</attRef>
					<attRef name="Max_logWrittenFreq">
						<content>3.924</content>
					</attRef>
					<attRef name="Min_logWrittenFreq">
						<content>1.785</content>
					</attRef>
					<attRef name="logWrittenFreqSpan">
						<content>2.139</content>
					</attRef>
					<attRef name="CorAoA">
						<content>-0.0867</content>
					</attRef>
				</param>
			</lg>
			<lg n="5" type="cuarteto">
				<l n="15" met="+-+---+---+-">[Car. -] Imágenes confusas del deseo.</l>
				<l n="16" met="+--+--+---+-">[Ser. -]Ilusiones de amor, y de los ojos.</l>
				<l n="17" met="++++--+-+-+-">[Car. -] Alma, es esto verdad o son enrojos?</l>
				<l n="18" met="++-+--++--+-">[Ser. -]Es fantástico bien esto que veo?</l>
				<param name="AffectiveFeatures">
					<attRef name="Hap_Mean">
						<content>25.23</content>
					</attRef>
					<attRef name="Hap_SD">
						<content>8.16</content>
					</attRef>
					<attRef name="Ang_Mean">
						<content>13.76</content>
					</attRef>
					<attRef name="Ang_SD">
						<content>8.03</content>
					</attRef>
					<attRef name="Sad_Mean">
						<content>15.69</content>
					</attRef>
					<attRef name="Sad_SD">
						<content>9.12</content>
					</attRef>
					<attRef name="Fear_Mean">
						<content>17.04</content>
					</attRef>
					<attRef name="Fear_SD">
						<content>9.31</content>
					</attRef>
					<attRef name="Disg_Mean">
						<content>11.61</content>
					</attRef>
					<attRef name="Disg_SD">
						<content>5.94</content>
					</attRef>
					<attRef name="n_affective">
						<content>8</content>
					</attRef>
					<attRef name="ValenceMean">
						<content>85.65</content>
					</attRef>
					<attRef name="ValenceSD">
						<content>17.71</content>
					</attRef>
					<attRef name="ArousalMean">
						<content>63.29</content>
					</attRef>
					<attRef name="ArousalSD">
						<content>26.38</content>
					</attRef>
					<attRef name="n_v_a">
						<content>13</content>
					</attRef>
					<attRef name="Max_Aro">
						<content>6.4</content>
					</attRef>
					<attRef name="Min_Aro">
						<content>3.9</content>
					</attRef>
					<attRef name="ArousalSpan">
						<content>2.5</content>
					</attRef>
					<attRef name="Max_Val">
						<content>8.4</content>
					</attRef>
					<attRef name="Min_Val">
						<content>3.3</content>
					</attRef>
					<attRef name="ValenceSpan">
						<content>5.1</content>
					</attRef>
					<attRef name="CorAro">
						<content>-0.3302</content>
					</attRef>
					<attRef name="CorVal">
						<content>0.4613</content>
					</attRef>
					<attRef name="averageAoA">
						<content>69.16</content>
					</attRef>
					<attRef name="sdAOA">
						<content>27.23</content>
					</attRef>
					<attRef name="MinAoA">
						<content>19.0</content>
					</attRef>
					<attRef name="MaxAoA">
						<content>130.0</content>
					</attRef>
					<attRef name="OralFreq_Log">
						<content>36.36</content>
					</attRef>
					<attRef name="WrittenFreq_Log">
						<content>39.22</content>
					</attRef>
					<attRef name="n_aoa">
						<content>13</content>
					</attRef>
					<attRef name="Max_AoA">
						<content>7.32</content>
					</attRef>
					<attRef name="Min_AoA">
						<content>2.72</content>
					</attRef>
					<attRef name="AoASpan">
						<content>4.6</content>
					</attRef>
					<attRef name="Max_sdAOA">
						<content>2.819</content>
					</attRef>
					<attRef name="Min_sdAOA">
						<content>1.41</content>
					</attRef>
					<attRef name="sdAOASpan">
						<content>1.409</content>
					</attRef>
					<attRef name="Max_logOralFreq">
						<content>3.879</content>
					</attRef>
					<attRef name="Min_logOralFreq">
						<content>0.954</content>
					</attRef>
					<attRef name="logOralFreqSpan">
						<content>2.925</content>
					</attRef>
					<attRef name="Max_logWrittenFreq">
						<content>3.924</content>
					</attRef>
					<attRef name="Min_logWrittenFreq">
						<content>1.826</content>
					</attRef>
					<attRef name="logWrittenFreqSpan">
						<content>2.098</content>
					</attRef>
					<attRef name="CorAoA">
						<content>-0.4922</content>
					</attRef>
				</param>
			</lg>
			<lg n="6" type="cuarteto">
				<l n="19" met="+-+---+-+++-">[Car. -] Conozco mi desdicha, no lo creo.</l>
				<l n="20" met="++--+-+---+-">[Ser. -]No renovéis engaños mis enojos.</l>
				<l n="21" met="+++-+++---+-">[Car. -] O muerte, no me muestres tus despojos!</l>
				<l n="22" met="+-+-+-----+-">[Ser. -]Memoria baste y a tu devaneo.</l>
				<param name="AffectiveFeatures">
					<attRef name="Hap_Mean">
						<content>12.5</content>
					</attRef>
					<attRef name="Hap_SD">
						<content>4.62</content>
					</attRef>
					<attRef name="Ang_Mean">
						<content>13.36</content>
					</attRef>
					<attRef name="Ang_SD">
						<content>6.58</content>
					</attRef>
					<attRef name="Sad_Mean">
						<content>15.63</content>
					</attRef>
					<attRef name="Sad_SD">
						<content>6.14</content>
					</attRef>
					<attRef name="Fear_Mean">
						<content>14.42</content>
					</attRef>
					<attRef name="Fear_SD">
						<content>6.89</content>
					</attRef>
					<attRef name="Disg_Mean">
						<content>11.14</content>
					</attRef>
					<attRef name="Disg_SD">
						<content>6.61</content>
					</attRef>
					<attRef name="n_affective">
						<content>6</content>
					</attRef>
					<attRef name="ValenceMean">
						<content>70.62</content>
					</attRef>
					<attRef name="ValenceSD">
						<content>18.56</content>
					</attRef>
					<attRef name="ArousalMean">
						<content>79.26</content>
					</attRef>
					<attRef name="ArousalSD">
						<content>23.14</content>
					</attRef>
					<attRef name="n_v_a">
						<content>14</content>
					</attRef>
					<attRef name="Max_Aro">
						<content>7.93</content>
					</attRef>
					<attRef name="Min_Aro">
						<content>4.5</content>
					</attRef>
					<attRef name="ArousalSpan">
						<content>3.43</content>
					</attRef>
					<attRef name="Max_Val">
						<content>6.95</content>
					</attRef>
					<attRef name="Min_Val">
						<content>1.45</content>
					</attRef>
					<attRef name="ValenceSpan">
						<content>5.5</content>
					</attRef>
					<attRef name="CorAro">
						<content>-0.0972</content>
					</attRef>
					<attRef name="CorVal">
						<content>-0.0744</content>
					</attRef>
					<attRef name="averageAoA">
						<content>79.04</content>
					</attRef>
					<attRef name="sdAOA">
						<content>25.32</content>
					</attRef>
					<attRef name="MinAoA">
						<content>26.0</content>
					</attRef>
					<attRef name="MaxAoA">
						<content>127.0</content>
					</attRef>
					<attRef name="OralFreq_Log">
						<content>25.55</content>
					</attRef>
					<attRef name="WrittenFreq_Log">
						<content>31.18</content>
					</attRef>
					<attRef name="n_aoa">
						<content>12</content>
					</attRef>
					<attRef name="Max_AoA">
						<content>9.9</content>
					</attRef>
					<attRef name="Min_AoA">
						<content>4.93</content>
					</attRef>
					<attRef name="AoASpan">
						<content>4.97</content>
					</attRef>
					<attRef name="Max_sdAOA">
						<content>2.386</content>
					</attRef>
					<attRef name="Min_sdAOA">
						<content>1.581</content>
					</attRef>
					<attRef name="sdAOASpan">
						<content>0.805</content>
					</attRef>
					<attRef name="Max_logOralFreq">
						<content>3.731</content>
					</attRef>
					<attRef name="Min_logOralFreq">
						<content>0.301</content>
					</attRef>
					<attRef name="logOralFreqSpan">
						<content>3.43</content>
					</attRef>
					<attRef name="Max_logWrittenFreq">
						<content>3.924</content>
					</attRef>
					<attRef name="Min_logWrittenFreq">
						<content>1.38</content>
					</attRef>
					<attRef name="logWrittenFreqSpan">
						<content>2.544</content>
					</attRef>
					<attRef name="CorAoA">
						<content>0.0819</content>
					</attRef>
				</param>
			</lg>
			<lg n="7" type="terceto">
				<l n="23" met="++++-+---+-">[Car. -] Qué miro? No es aquella Serafina?</l>
				<l n="24" met="++-++-+-+-+-">[Ser. -]Carlos, no es ese, el qué perdido lloro?</l>
				<l n="25" met="++-+--+---+-">[Car. -] Me conoces, imagen peregrina?</l>
				<param name="AffectiveFeatures">
					<attRef name="Hap_Mean">
						<content>9.53</content>
					</attRef>
					<attRef name="Hap_SD">
						<content>4.13</content>
					</attRef>
					<attRef name="Ang_Mean">
						<content>7.86</content>
					</attRef>
					<attRef name="Ang_SD">
						<content>4.58</content>
					</attRef>
					<attRef name="Sad_Mean">
						<content>9.29</content>
					</attRef>
					<attRef name="Sad_SD">
						<content>4.28</content>
					</attRef>
					<attRef name="Fear_Mean">
						<content>9.61</content>
					</attRef>
					<attRef name="Fear_SD">
						<content>3.92</content>
					</attRef>
					<attRef name="Disg_Mean">
						<content>6.64</content>
					</attRef>
					<attRef name="Disg_SD">
						<content>4.4</content>
					</attRef>
					<attRef name="n_affective">
						<content>4</content>
					</attRef>
					<attRef name="ValenceMean">
						<content>53.85</content>
					</attRef>
					<attRef name="ValenceSD">
						<content>11.6</content>
					</attRef>
					<attRef name="ArousalMean">
						<content>51.86</content>
					</attRef>
					<attRef name="ArousalSD">
						<content>17.57</content>
					</attRef>
					<attRef name="n_v_a">
						<content>10</content>
					</attRef>
					<attRef name="Max_Aro">
						<content>6.35</content>
					</attRef>
					<attRef name="Min_Aro">
						<content>4.5</content>
					</attRef>
					<attRef name="ArousalSpan">
						<content>1.85</content>
					</attRef>
					<attRef name="Max_Val">
						<content>7.3</content>
					</attRef>
					<attRef name="Min_Val">
						<content>2.25</content>
					</attRef>
					<attRef name="ValenceSpan">
						<content>5.05</content>
					</attRef>
					<attRef name="CorAro">
						<content>0.3526</content>
					</attRef>
					<attRef name="CorVal">
						<content>-0.1785</content>
					</attRef>
					<attRef name="averageAoA">
						<content>47.54</content>
					</attRef>
					<attRef name="sdAOA">
						<content>19.13</content>
					</attRef>
					<attRef name="MinAoA">
						<content>14.0</content>
					</attRef>
					<attRef name="MaxAoA">
						<content>96.0</content>
					</attRef>
					<attRef name="OralFreq_Log">
						<content>25.48</content>
					</attRef>
					<attRef name="WrittenFreq_Log">
						<content>28.25</content>
					</attRef>
					<attRef name="n_aoa">
						<content>10</content>
					</attRef>
					<attRef name="Max_AoA">
						<content>7.02</content>
					</attRef>
					<attRef name="Min_AoA">
						<content>2.52</content>
					</attRef>
					<attRef name="AoASpan">
						<content>4.5</content>
					</attRef>
					<attRef name="Max_sdAOA">
						<content>2.418</content>
					</attRef>
					<attRef name="Min_sdAOA">
						<content>1.41</content>
					</attRef>
					<attRef name="sdAOASpan">
						<content>1.008</content>
					</attRef>
					<attRef name="Max_logOralFreq">
						<content>3.731</content>
					</attRef>
					<attRef name="Min_logOralFreq">
						<content>1.778</content>
					</attRef>
					<attRef name="logOralFreqSpan">
						<content>1.953</content>
					</attRef>
					<attRef name="Max_logWrittenFreq">
						<content>3.924</content>
					</attRef>
					<attRef name="Min_logWrittenFreq">
						<content>2.367</content>
					</attRef>
					<attRef name="logWrittenFreqSpan">
						<content>1.557</content>
					</attRef>
					<attRef name="CorAoA">
						<content>0.2476</content>
					</attRef>
				</param>
			</lg>
			<lg n="8" type="terceto">
				<l n="26" met="+++-+-+-+-+-">[Ser. -]Sí, que eres vida tú del bien que ignoro.</l>
				<l n="27" met="++++--+-+-+-">[Car. -] No me mates placer, mi luz divina.</l>
				<l n="28" met="+++-+++-++++">[Ser. -]Mi dueño. [Car. -] Vida esta? [Ser. -]Ven, te adoro.</l>
				<param name="AffectiveFeatures">
					<attRef name="Hap_Mean">
						<content>21.23</content>
					</attRef>
					<attRef name="Hap_SD">
						<content>6.7</content>
					</attRef>
					<attRef name="Ang_Mean">
						<content>9.22</content>
					</attRef>
					<attRef name="Ang_SD">
						<content>6.05</content>
					</attRef>
					<attRef name="Sad_Mean">
						<content>10.37</content>
					</attRef>
					<attRef name="Sad_SD">
						<content>6.3</content>
					</attRef>
					<attRef name="Fear_Mean">
						<content>11.04</content>
					</attRef>
					<attRef name="Fear_SD">
						<content>6.88</content>
					</attRef>
					<attRef name="Disg_Mean">
						<content>8.61</content>
					</attRef>
					<attRef name="Disg_SD">
						<content>5.73</content>
					</attRef>
					<attRef name="n_affective">
						<content>6</content>
					</attRef>
					<attRef name="ValenceMean">
						<content>95.88</content>
					</attRef>
					<attRef name="ValenceSD">
						<content>18.08</content>
					</attRef>
					<attRef name="ArousalMean">
						<content>72.26</content>
					</attRef>
					<attRef name="ArousalSD">
						<content>28.17</content>
					</attRef>
					<attRef name="n_v_a">
						<content>14</content>
					</attRef>
					<attRef name="Max_Aro">
						<content>6.6</content>
					</attRef>
					<attRef name="Min_Aro">
						<content>3.9</content>
					</attRef>
					<attRef name="ArousalSpan">
						<content>2.7</content>
					</attRef>
					<attRef name="Max_Val">
						<content>8.25</content>
					</attRef>
					<attRef name="Min_Val">
						<content>4.65</content>
					</attRef>
					<attRef name="ValenceSpan">
						<content>3.6</content>
					</attRef>
					<attRef name="CorAro">
						<content>0.1243</content>
					</attRef>
					<attRef name="CorVal">
						<content>-0.2441</content>
					</attRef>
					<attRef name="averageAoA">
						<content>80.52</content>
					</attRef>
					<attRef name="sdAOA">
						<content>28.65</content>
					</attRef>
					<attRef name="MinAoA">
						<content>26.0</content>
					</attRef>
					<attRef name="MaxAoA">
						<content>138.0</content>
					</attRef>
					<attRef name="OralFreq_Log">
						<content>39.05</content>
					</attRef>
					<attRef name="WrittenFreq_Log">
						<content>42.96</content>
					</attRef>
					<attRef name="n_aoa">
						<content>14</content>
					</attRef>
					<attRef name="Max_AoA">
						<content>9.06</content>
					</attRef>
					<attRef name="Min_AoA">
						<content>2.72</content>
					</attRef>
					<attRef name="AoASpan">
						<content>6.34</content>
					</attRef>
					<attRef name="Max_sdAOA">
						<content>2.42</content>
					</attRef>
					<attRef name="Min_sdAOA">
						<content>1.443</content>
					</attRef>
					<attRef name="sdAOASpan">
						<content>0.977</content>
					</attRef>
					<attRef name="Max_logOralFreq">
						<content>3.879</content>
					</attRef>
					<attRef name="Min_logOralFreq">
						<content>1.079</content>
					</attRef>
					<attRef name="logOralFreqSpan">
						<content>2.8</content>
					</attRef>
					<attRef name="Max_logWrittenFreq">
						<content>3.924</content>
					</attRef>
					<attRef name="Min_logWrittenFreq">
						<content>1.785</content>
					</attRef>
					<attRef name="logWrittenFreqSpan">
						<content>2.139</content>
					</attRef>
					<attRef name="CorAoA">
						<content>-0.0867</content>
					</attRef>
				</param>
			</lg>
			<lg n="9" type="n">
				<l n="29" met="-+---+--+-+-">[Jornada III - Dialogado: Ricardo e Irene]</l>
				<l n="30" met="++++--++--+-">[[Ri. - ]]De qué modo será, dulce, mi suerte</l>
				<l n="31" met="-+---+---+-">el yugo de mujer aborrecida?</l>
				<l n="32" met="++--+++---+-">[Ir. -]El matrimonio es luz de nuestra vida,</l>
				<l n="33" met="---+-+++-+-">pero faltando amor, es sombra, y muerte.</l>
				<param name="AffectiveFeatures">
					<attRef name="Hap_Mean">
						<content>17.9</content>
					</attRef>
					<attRef name="Hap_SD">
						<content>5.6</content>
					</attRef>
					<attRef name="Ang_Mean">
						<content>10.43</content>
					</attRef>
					<attRef name="Ang_SD">
						<content>6.79</content>
					</attRef>
					<attRef name="Sad_Mean">
						<content>14.27</content>
					</attRef>
					<attRef name="Sad_SD">
						<content>6.69</content>
					</attRef>
					<attRef name="Fear_Mean">
						<content>15.57</content>
					</attRef>
					<attRef name="Fear_SD">
						<content>7.66</content>
					</attRef>
					<attRef name="Disg_Mean">
						<content>7.84</content>
					</attRef>
					<attRef name="Disg_SD">
						<content>4.72</content>
					</attRef>
					<attRef name="n_affective">
						<content>6</content>
					</attRef>
					<attRef name="ValenceMean">
						<content>89.95</content>
					</attRef>
					<attRef name="ValenceSD">
						<content>18.71</content>
					</attRef>
					<attRef name="ArousalMean">
						<content>82.79</content>
					</attRef>
					<attRef name="ArousalSD">
						<content>26.77</content>
					</attRef>
					<attRef name="n_v_a">
						<content>15</content>
					</attRef>
					<attRef name="Max_Aro">
						<content>7.93</content>
					</attRef>
					<attRef name="Min_Aro">
						<content>4.4</content>
					</attRef>
					<attRef name="ArousalSpan">
						<content>3.53</content>
					</attRef>
					<attRef name="Max_Val">
						<content>8.4</content>
					</attRef>
					<attRef name="Min_Val">
						<content>1.45</content>
					</attRef>
					<attRef name="ValenceSpan">
						<content>6.95</content>
					</attRef>
					<attRef name="CorAro">
						<content>0.5006</content>
					</attRef>
					<attRef name="CorVal">
						<content>-0.2344</content>
					</attRef>
					<attRef name="averageAoA">
						<content>64.02</content>
					</attRef>
					<attRef name="sdAOA">
						<content>24.46</content>
					</attRef>
					<attRef name="MinAoA">
						<content>21.0</content>
					</attRef>
					<attRef name="MaxAoA">
						<content>118.0</content>
					</attRef>
					<attRef name="OralFreq_Log">
						<content>31.49</content>
					</attRef>
					<attRef name="WrittenFreq_Log">
						<content>35.48</content>
					</attRef>
					<attRef name="n_aoa">
						<content>12</content>
					</attRef>
					<attRef name="Max_AoA">
						<content>8.18</content>
					</attRef>
					<attRef name="Min_AoA">
						<content>3.18</content>
					</attRef>
					<attRef name="AoASpan">
						<content>5.0</content>
					</attRef>
					<attRef name="Max_sdAOA">
						<content>2.819</content>
					</attRef>
					<attRef name="Min_sdAOA">
						<content>1.699</content>
					</attRef>
					<attRef name="sdAOASpan">
						<content>1.12</content>
					</attRef>
					<attRef name="Max_logOralFreq">
						<content>3.436</content>
					</attRef>
					<attRef name="Min_logOralFreq">
						<content>1.763</content>
					</attRef>
					<attRef name="logOralFreqSpan">
						<content>1.673</content>
					</attRef>
					<attRef name="Max_logWrittenFreq">
						<content>3.678</content>
					</attRef>
					<attRef name="Min_logWrittenFreq">
						<content>2.338</content>
					</attRef>
					<attRef name="logWrittenFreqSpan">
						<content>1.34</content>
					</attRef>
					<attRef name="CorAoA">
						<content>-0.5309</content>
					</attRef>
				</param>
			</lg>
			<lg n="10" type="cuarteto">
				<l n="34" met="+++-+-+---+-">[Ri. - ]Qué culpa tengo yo en aborrecerte?</l>
				<l n="35" met="-+-+-++--+-">Pasión fatal será no pretendida.</l>
				<l n="36" met="++-++-+-+-+-">[Ir. -]La ambición de un imperio me convida</l>
				<l n="37" met="---+---+-+-">y el desengaño su peligro advierte.</l>
				<param name="AffectiveFeatures">
					<attRef name="Hap_Mean">
						<content>9.9</content>
					</attRef>
					<attRef name="Hap_SD">
						<content>3.31</content>
					</attRef>
					<attRef name="Ang_Mean">
						<content>10.21</content>
					</attRef>
					<attRef name="Ang_SD">
						<content>5.83</content>
					</attRef>
					<attRef name="Sad_Mean">
						<content>12.1</content>
					</attRef>
					<attRef name="Sad_SD">
						<content>5.23</content>
					</attRef>
					<attRef name="Fear_Mean">
						<content>13.63</content>
					</attRef>
					<attRef name="Fear_SD">
						<content>5.74</content>
					</attRef>
					<attRef name="Disg_Mean">
						<content>7.47</content>
					</attRef>
					<attRef name="Disg_SD">
						<content>4.59</content>
					</attRef>
					<attRef name="n_affective">
						<content>5</content>
					</attRef>
					<attRef name="ValenceMean">
						<content>50.99</content>
					</attRef>
					<attRef name="ValenceSD">
						<content>15.24</content>
					</attRef>
					<attRef name="ArousalMean">
						<content>71.01</content>
					</attRef>
					<attRef name="ArousalSD">
						<content>14.32</content>
					</attRef>
					<attRef name="n_v_a">
						<content>11</content>
					</attRef>
					<attRef name="Max_Aro">
						<content>8.0</content>
					</attRef>
					<attRef name="Min_Aro">
						<content>5.15</content>
					</attRef>
					<attRef name="ArousalSpan">
						<content>2.85</content>
					</attRef>
					<attRef name="Max_Val">
						<content>8.03</content>
					</attRef>
					<attRef name="Min_Val">
						<content>2.35</content>
					</attRef>
					<attRef name="ValenceSpan">
						<content>5.68</content>
					</attRef>
					<attRef name="CorAro">
						<content>-0.0443</content>
					</attRef>
					<attRef name="CorVal">
						<content>-0.0654</content>
					</attRef>
					<attRef name="averageAoA">
						<content>59.66</content>
					</attRef>
					<attRef name="sdAOA">
						<content>15.28</content>
					</attRef>
					<attRef name="MinAoA">
						<content>23.0</content>
					</attRef>
					<attRef name="MaxAoA">
						<content>84.0</content>
					</attRef>
					<attRef name="OralFreq_Log">
						<content>15.53</content>
					</attRef>
					<attRef name="WrittenFreq_Log">
						<content>17.88</content>
					</attRef>
					<attRef name="n_aoa">
						<content>8</content>
					</attRef>
					<attRef name="Max_AoA">
						<content>9.9</content>
					</attRef>
					<attRef name="Min_AoA">
						<content>4.2</content>
					</attRef>
					<attRef name="AoASpan">
						<content>5.7</content>
					</attRef>
					<attRef name="Max_sdAOA">
						<content>2.388</content>
					</attRef>
					<attRef name="Min_sdAOA">
						<content>1.403</content>
					</attRef>
					<attRef name="sdAOASpan">
						<content>0.985</content>
					</attRef>
					<attRef name="Max_logOralFreq">
						<content>3.27</content>
					</attRef>
					<attRef name="Min_logOralFreq">
						<content>0.954</content>
					</attRef>
					<attRef name="logOralFreqSpan">
						<content>2.316</content>
					</attRef>
					<attRef name="Max_logWrittenFreq">
						<content>3.029</content>
					</attRef>
					<attRef name="Min_logWrittenFreq">
						<content>1.398</content>
					</attRef>
					<attRef name="logWrittenFreqSpan">
						<content>1.631</content>
					</attRef>
					<attRef name="CorAoA">
						<content>-0.0924</content>
					</attRef>
				</param>
			</lg>
			<lg n="11" type="terceto">
				<l n="38" met="+++---+---+-">[Ri. - ]Si fueras semejante a Serafina.</l>
				<l n="39" met="+++---+---+-" enjamb="B-ex_subj_verb" cert="low">[Ir. -]Si fueras a Alejandro semejante</l>
				<l n="40" met="+++-+-+-+-+-+-" enjamb="I-ex_subj_verb" cert="low">[Ri. - ]Te amara siempre. [Ir. -]Amor tuviera eterno.</l>
				<param name="AffectiveFeatures">
					<attRef name="Hap_Mean">
						<content>4.7</content>
					</attRef>
					<attRef name="Hap_SD">
						<content>0.6</content>
					</attRef>
					<attRef name="Ang_Mean">
						<content>1.63</content>
					</attRef>
					<attRef name="Ang_SD">
						<content>1.16</content>
					</attRef>
					<attRef name="Sad_Mean">
						<content>2.23</content>
					</attRef>
					<attRef name="Sad_SD">
						<content>1.33</content>
					</attRef>
					<attRef name="Fear_Mean">
						<content>2.6</content>
					</attRef>
					<attRef name="Fear_SD">
						<content>1.5</content>
					</attRef>
					<attRef name="Disg_Mean">
						<content>1.07</content>
					</attRef>
					<attRef name="Disg_SD">
						<content>0.25</content>
					</attRef>
					<attRef name="n_affective">
						<content>1</content>
					</attRef>
					<attRef name="ValenceMean">
						<content>33.1</content>
					</attRef>
					<attRef name="ValenceSD">
						<content>6.18</content>
					</attRef>
					<attRef name="ArousalMean">
						<content>26.8</content>
					</attRef>
					<attRef name="ArousalSD">
						<content>9.5</content>
					</attRef>
					<attRef name="n_v_a">
						<content>5</content>
					</attRef>
					<attRef name="Max_Aro">
						<content>6.4</content>
					</attRef>
					<attRef name="Min_Aro">
						<content>5.0</content>
					</attRef>
					<attRef name="ArousalSpan">
						<content>1.4</content>
					</attRef>
					<attRef name="Max_Val">
						<content>8.4</content>
					</attRef>
					<attRef name="Min_Val">
						<content>5.4</content>
					</attRef>
					<attRef name="ValenceSpan">
						<content>3.0</content>
					</attRef>
					<attRef name="CorAro">
						<content>0.248</content>
					</attRef>
					<attRef name="CorVal">
						<content>0.6129</content>
					</attRef>
					<attRef name="averageAoA">
						<content>30.22</content>
					</attRef>
					<attRef name="sdAOA">
						<content>12.45</content>
					</attRef>
					<attRef name="MinAoA">
						<content>11.0</content>
					</attRef>
					<attRef name="MaxAoA">
						<content>59.0</content>
					</attRef>
					<attRef name="OralFreq_Log">
						<content>22.61</content>
					</attRef>
					<attRef name="WrittenFreq_Log">
						<content>22.95</content>
					</attRef>
					<attRef name="n_aoa">
						<content>7</content>
					</attRef>
					<attRef name="Max_AoA">
						<content>8.24</content>
					</attRef>
					<attRef name="Min_AoA">
						<content>1.64</content>
					</attRef>
					<attRef name="AoASpan">
						<content>6.6</content>
					</attRef>
					<attRef name="Max_sdAOA">
						<content>2.819</content>
					</attRef>
					<attRef name="Min_sdAOA">
						<content>0.921</content>
					</attRef>
					<attRef name="sdAOASpan">
						<content>1.898</content>
					</attRef>
					<attRef name="Max_logOralFreq">
						<content>4.152</content>
					</attRef>
					<attRef name="Min_logOralFreq">
						<content>1.362</content>
					</attRef>
					<attRef name="logOralFreqSpan">
						<content>2.79</content>
					</attRef>
					<attRef name="Max_logWrittenFreq">
						<content>4.003</content>
					</attRef>
					<attRef name="Min_logWrittenFreq">
						<content>2.017</content>
					</attRef>
					<attRef name="logWrittenFreqSpan">
						<content>1.986</content>
					</attRef>
					<attRef name="CorAoA">
						<content>0.8148</content>
					</attRef>
				</param>
			</lg>
			<lg n="12" type="terceto">
				<l n="41" met="+++-+-+++-+-">[Ri. - ]Si amor en esta unión no nos inclina.</l>
				<l n="42" met="++-+-+++--+-">[Ir. -]Si el marido no tiene algo de amante.</l>
				<l n="43" met="+++-+++-+++-">[Ri. - ]Es muerte. [Ir. -]Es pena. [Ri. - ]Es rabia. [Ir. -]Y es infierno.</l>
				<param name="AffectiveFeatures">
					<attRef name="Hap_Mean">
						<content>14.8</content>
					</attRef>
					<attRef name="Hap_SD">
						<content>3.6</content>
					</attRef>
					<attRef name="Ang_Mean">
						<content>16.96</content>
					</attRef>
					<attRef name="Ang_SD">
						<content>8.96</content>
					</attRef>
					<attRef name="Sad_Mean">
						<content>20.15</content>
					</attRef>
					<attRef name="Sad_SD">
						<content>8.2</content>
					</attRef>
					<attRef name="Fear_Mean">
						<content>19.62</content>
					</attRef>
					<attRef name="Fear_SD">
						<content>9.65</content>
					</attRef>
					<attRef name="Disg_Mean">
						<content>11.9</content>
					</attRef>
					<attRef name="Disg_SD">
						<content>7.81</content>
					</attRef>
					<attRef name="n_affective">
						<content>7</content>
					</attRef>
					<attRef name="ValenceMean">
						<content>55.45</content>
					</attRef>
					<attRef name="ValenceSD">
						<content>15.14</content>
					</attRef>
					<attRef name="ArousalMean">
						<content>72.53</content>
					</attRef>
					<attRef name="ArousalSD">
						<content>18.65</content>
					</attRef>
					<attRef name="n_v_a">
						<content>12</content>
					</attRef>
					<attRef name="Max_Aro">
						<content>7.93</content>
					</attRef>
					<attRef name="Min_Aro">
						<content>4.85</content>
					</attRef>
					<attRef name="ArousalSpan">
						<content>3.08</content>
					</attRef>
					<attRef name="Max_Val">
						<content>8.4</content>
					</attRef>
					<attRef name="Min_Val">
						<content>1.45</content>
					</attRef>
					<attRef name="ValenceSpan">
						<content>6.95</content>
					</attRef>
					<attRef name="CorAro">
						<content>0.3787</content>
					</attRef>
					<attRef name="CorVal">
						<content>-0.6616</content>
					</attRef>
					<attRef name="averageAoA">
						<content>68.6</content>
					</attRef>
					<attRef name="sdAOA">
						<content>25.82</content>
					</attRef>
					<attRef name="MinAoA">
						<content>24.0</content>
					</attRef>
					<attRef name="MaxAoA">
						<content>125.0</content>
					</attRef>
					<attRef name="OralFreq_Log">
						<content>36.45</content>
					</attRef>
					<attRef name="WrittenFreq_Log">
						<content>37.81</content>
					</attRef>
					<attRef name="n_aoa">
						<content>13</content>
					</attRef>
					<attRef name="Max_AoA">
						<content>8.96</content>
					</attRef>
					<attRef name="Min_AoA">
						<content>1.64</content>
					</attRef>
					<attRef name="AoASpan">
						<content>7.32</content>
					</attRef>
					<attRef name="Max_sdAOA">
						<content>2.819</content>
					</attRef>
					<attRef name="Min_sdAOA">
						<content>0.921</content>
					</attRef>
					<attRef name="sdAOASpan">
						<content>1.898</content>
					</attRef>
					<attRef name="Max_logOralFreq">
						<content>4.152</content>
					</attRef>
					<attRef name="Min_logOralFreq">
						<content>1.531</content>
					</attRef>
					<attRef name="logOralFreqSpan">
						<content>2.621</content>
					</attRef>
					<attRef name="Max_logWrittenFreq">
						<content>4.003</content>
					</attRef>
					<attRef name="Min_logWrittenFreq">
						<content>2.111</content>
					</attRef>
					<attRef name="logWrittenFreqSpan">
						<content>1.892</content>
					</attRef>
					<attRef name="CorAoA">
						<content>0.3958</content>
					</attRef>
				</param>
			</lg>
			<lg n="13" type="cuarteto">
				<l n="44" met="++++--++--+-">[Ri. - ]De qué modo será, dulce, mi suerte</l>
				<l n="45" met="-+---+---+-">el yugo de mujer aborrecida?</l>
				<l n="46" met="++--+++---+-">[Ir. -]El matrimonio es luz de nuestra vida,</l>
				<l n="47" met="---+-+++-+-">pero faltando amor, es sombra, y muerte.</l>
				<param name="AffectiveFeatures">
					<attRef name="Hap_Mean">
						<content>17.9</content>
					</attRef>
					<attRef name="Hap_SD">
						<content>5.6</content>
					</attRef>
					<attRef name="Ang_Mean">
						<content>10.43</content>
					</attRef>
					<attRef name="Ang_SD">
						<content>6.79</content>
					</attRef>
					<attRef name="Sad_Mean">
						<content>14.27</content>
					</attRef>
					<attRef name="Sad_SD">
						<content>6.69</content>
					</attRef>
					<attRef name="Fear_Mean">
						<content>15.57</content>
					</attRef>
					<attRef name="Fear_SD">
						<content>7.66</content>
					</attRef>
					<attRef name="Disg_Mean">
						<content>7.84</content>
					</attRef>
					<attRef name="Disg_SD">
						<content>4.72</content>
					</attRef>
					<attRef name="n_affective">
						<content>6</content>
					</attRef>
					<attRef name="ValenceMean">
						<content>77.53</content>
					</attRef>
					<attRef name="ValenceSD">
						<content>16.54</content>
					</attRef>
					<attRef name="ArousalMean">
						<content>72.49</content>
					</attRef>
					<attRef name="ArousalSD">
						<content>23.88</content>
					</attRef>
					<attRef name="n_v_a">
						<content>13</content>
					</attRef>
					<attRef name="Max_Aro">
						<content>7.93</content>
					</attRef>
					<attRef name="Min_Aro">
						<content>4.4</content>
					</attRef>
					<attRef name="ArousalSpan">
						<content>3.53</content>
					</attRef>
					<attRef name="Max_Val">
						<content>8.4</content>
					</attRef>
					<attRef name="Min_Val">
						<content>1.45</content>
					</attRef>
					<attRef name="ValenceSpan">
						<content>6.95</content>
					</attRef>
					<attRef name="CorAro">
						<content>0.5837</content>
					</attRef>
					<attRef name="CorVal">
						<content>-0.3112</content>
					</attRef>
					<attRef name="averageAoA">
						<content>55.84</content>
					</attRef>
					<attRef name="sdAOA">
						<content>22.46</content>
					</attRef>
					<attRef name="MinAoA">
						<content>17.0</content>
					</attRef>
					<attRef name="MaxAoA">
						<content>107.0</content>
					</attRef>
					<attRef name="OralFreq_Log">
						<content>29.1</content>
					</attRef>
					<attRef name="WrittenFreq_Log">
						<content>33.12</content>
					</attRef>
					<attRef name="n_aoa">
						<content>11</content>
					</attRef>
					<attRef name="Max_AoA">
						<content>7.08</content>
					</attRef>
					<attRef name="Min_AoA">
						<content>3.18</content>
					</attRef>
					<attRef name="AoASpan">
						<content>3.9</content>
					</attRef>
					<attRef name="Max_sdAOA">
						<content>2.819</content>
					</attRef>
					<attRef name="Min_sdAOA">
						<content>1.699</content>
					</attRef>
					<attRef name="sdAOASpan">
						<content>1.12</content>
					</attRef>
					<attRef name="Max_logOralFreq">
						<content>3.436</content>
					</attRef>
					<attRef name="Min_logOralFreq">
						<content>1.763</content>
					</attRef>
					<attRef name="logOralFreqSpan">
						<content>1.673</content>
					</attRef>
					<attRef name="Max_logWrittenFreq">
						<content>3.678</content>
					</attRef>
					<attRef name="Min_logWrittenFreq">
						<content>2.338</content>
					</attRef>
					<attRef name="logWrittenFreqSpan">
						<content>1.34</content>
					</attRef>
					<attRef name="CorAoA">
						<content>-0.1978</content>
					</attRef>
				</param>
			</lg>
			<lg n="14" type="cuarteto">
				<l n="48" met="+++-+-+---+-">[Ri. - ]Qué culpa tengo yo en aborrecerte?</l>
				<l n="49" met="-+-+-++--+-">Pasión fatal será no pretendida.</l>
				<l n="50" met="++-++-+-+-+-">[Ir. -]La ambición de un imperio me convida</l>
				<l n="51" met="---+---+-+-">y el desengaño su peligro advierte.</l>
				<param name="AffectiveFeatures">
					<attRef name="Hap_Mean">
						<content>9.9</content>
					</attRef>
					<attRef name="Hap_SD">
						<content>3.31</content>
					</attRef>
					<attRef name="Ang_Mean">
						<content>10.21</content>
					</attRef>
					<attRef name="Ang_SD">
						<content>5.83</content>
					</attRef>
					<attRef name="Sad_Mean">
						<content>12.1</content>
					</attRef>
					<attRef name="Sad_SD">
						<content>5.23</content>
					</attRef>
					<attRef name="Fear_Mean">
						<content>13.63</content>
					</attRef>
					<attRef name="Fear_SD">
						<content>5.74</content>
					</attRef>
					<attRef name="Disg_Mean">
						<content>7.47</content>
					</attRef>
					<attRef name="Disg_SD">
						<content>4.59</content>
					</attRef>
					<attRef name="n_affective">
						<content>5</content>
					</attRef>
					<attRef name="ValenceMean">
						<content>50.99</content>
					</attRef>
					<attRef name="ValenceSD">
						<content>15.24</content>
					</attRef>
					<attRef name="ArousalMean">
						<content>71.01</content>
					</attRef>
					<attRef name="ArousalSD">
						<content>14.32</content>
					</attRef>
					<attRef name="n_v_a">
						<content>11</content>
					</attRef>
					<attRef name="Max_Aro">
						<content>8.0</content>
					</attRef>
					<attRef name="Min_Aro">
						<content>5.15</content>
					</attRef>
					<attRef name="ArousalSpan">
						<content>2.85</content>
					</attRef>
					<attRef name="Max_Val">
						<content>8.03</content>
					</attRef>
					<attRef name="Min_Val">
						<content>2.35</content>
					</attRef>
					<attRef name="ValenceSpan">
						<content>5.68</content>
					</attRef>
					<attRef name="CorAro">
						<content>-0.0443</content>
					</attRef>
					<attRef name="CorVal">
						<content>-0.0654</content>
					</attRef>
					<attRef name="averageAoA">
						<content>59.66</content>
					</attRef>
					<attRef name="sdAOA">
						<content>15.28</content>
					</attRef>
					<attRef name="MinAoA">
						<content>23.0</content>
					</attRef>
					<attRef name="MaxAoA">
						<content>84.0</content>
					</attRef>
					<attRef name="OralFreq_Log">
						<content>15.53</content>
					</attRef>
					<attRef name="WrittenFreq_Log">
						<content>17.88</content>
					</attRef>
					<attRef name="n_aoa">
						<content>8</content>
					</attRef>
					<attRef name="Max_AoA">
						<content>9.9</content>
					</attRef>
					<attRef name="Min_AoA">
						<content>4.2</content>
					</attRef>
					<attRef name="AoASpan">
						<content>5.7</content>
					</attRef>
					<attRef name="Max_sdAOA">
						<content>2.388</content>
					</attRef>
					<attRef name="Min_sdAOA">
						<content>1.403</content>
					</attRef>
					<attRef name="sdAOASpan">
						<content>0.985</content>
					</attRef>
					<attRef name="Max_logOralFreq">
						<content>3.27</content>
					</attRef>
					<attRef name="Min_logOralFreq">
						<content>0.954</content>
					</attRef>
					<attRef name="logOralFreqSpan">
						<content>2.316</content>
					</attRef>
					<attRef name="Max_logWrittenFreq">
						<content>3.029</content>
					</attRef>
					<attRef name="Min_logWrittenFreq">
						<content>1.398</content>
					</attRef>
					<attRef name="logWrittenFreqSpan">
						<content>1.631</content>
					</attRef>
					<attRef name="CorAoA">
						<content>-0.0924</content>
					</attRef>
				</param>
			</lg>
			<lg n="15" type="terceto">
				<l n="52" met="+++---+---+-">[Ri. - ]Si fueras semejante a Serafina.</l>
				<l n="53" met="+++---+---+-" enjamb="B-ex_subj_verb" cert="low">[Ir. -]Si fueras a Alejandro semejante</l>
				<l n="54" met="+++-+-+-+-+-+-" enjamb="I-ex_subj_verb" cert="low">[Ri. - ]Te amara siempre. [Ir. -]Amor tuviera eterno.</l>
				<param name="AffectiveFeatures">
					<attRef name="Hap_Mean">
						<content>4.7</content>
					</attRef>
					<attRef name="Hap_SD">
						<content>0.6</content>
					</attRef>
					<attRef name="Ang_Mean">
						<content>1.63</content>
					</attRef>
					<attRef name="Ang_SD">
						<content>1.16</content>
					</attRef>
					<attRef name="Sad_Mean">
						<content>2.23</content>
					</attRef>
					<attRef name="Sad_SD">
						<content>1.33</content>
					</attRef>
					<attRef name="Fear_Mean">
						<content>2.6</content>
					</attRef>
					<attRef name="Fear_SD">
						<content>1.5</content>
					</attRef>
					<attRef name="Disg_Mean">
						<content>1.07</content>
					</attRef>
					<attRef name="Disg_SD">
						<content>0.25</content>
					</attRef>
					<attRef name="n_affective">
						<content>1</content>
					</attRef>
					<attRef name="ValenceMean">
						<content>33.1</content>
					</attRef>
					<attRef name="ValenceSD">
						<content>6.18</content>
					</attRef>
					<attRef name="ArousalMean">
						<content>26.8</content>
					</attRef>
					<attRef name="ArousalSD">
						<content>9.5</content>
					</attRef>
					<attRef name="n_v_a">
						<content>5</content>
					</attRef>
					<attRef name="Max_Aro">
						<content>6.4</content>
					</attRef>
					<attRef name="Min_Aro">
						<content>5.0</content>
					</attRef>
					<attRef name="ArousalSpan">
						<content>1.4</content>
					</attRef>
					<attRef name="Max_Val">
						<content>8.4</content>
					</attRef>
					<attRef name="Min_Val">
						<content>5.4</content>
					</attRef>
					<attRef name="ValenceSpan">
						<content>3.0</content>
					</attRef>
					<attRef name="CorAro">
						<content>0.248</content>
					</attRef>
					<attRef name="CorVal">
						<content>0.6129</content>
					</attRef>
					<attRef name="averageAoA">
						<content>30.22</content>
					</attRef>
					<attRef name="sdAOA">
						<content>12.45</content>
					</attRef>
					<attRef name="MinAoA">
						<content>11.0</content>
					</attRef>
					<attRef name="MaxAoA">
						<content>59.0</content>
					</attRef>
					<attRef name="OralFreq_Log">
						<content>22.61</content>
					</attRef>
					<attRef name="WrittenFreq_Log">
						<content>22.95</content>
					</attRef>
					<attRef name="n_aoa">
						<content>7</content>
					</attRef>
					<attRef name="Max_AoA">
						<content>8.24</content>
					</attRef>
					<attRef name="Min_AoA">
						<content>1.64</content>
					</attRef>
					<attRef name="AoASpan">
						<content>6.6</content>
					</attRef>
					<attRef name="Max_sdAOA">
						<content>2.819</content>
					</attRef>
					<attRef name="Min_sdAOA">
						<content>0.921</content>
					</attRef>
					<attRef name="sdAOASpan">
						<content>1.898</content>
					</attRef>
					<attRef name="Max_logOralFreq">
						<content>4.152</content>
					</attRef>
					<attRef name="Min_logOralFreq">
						<content>1.362</content>
					</attRef>
					<attRef name="logOralFreqSpan">
						<content>2.79</content>
					</attRef>
					<attRef name="Max_logWrittenFreq">
						<content>4.003</content>
					</attRef>
					<attRef name="Min_logWrittenFreq">
						<content>2.017</content>
					</attRef>
					<attRef name="logWrittenFreqSpan">
						<content>1.986</content>
					</attRef>
					<attRef name="CorAoA">
						<content>0.8148</content>
					</attRef>
				</param>
			</lg>
			<lg n="16" type="terceto">
				<l n="55" met="+++-+-+++-+-">[Ri. - ]Si amor en esta unión no nos inclina.</l>
				<l n="56" met="++-+-+++--+-">[Ir. -]Si el marido no tiene algo de amante.</l>
				<l n="57" met="+++-+++-+++-">[Ri. - ]Es muerte. [Ir. -]Es pena. [Ri. - ]Es rabia. [Ir. -]Y es infierno.</l>
				<param name="AffectiveFeatures">
					<attRef name="Hap_Mean">
						<content>14.8</content>
					</attRef>
					<attRef name="Hap_SD">
						<content>3.6</content>
					</attRef>
					<attRef name="Ang_Mean">
						<content>16.96</content>
					</attRef>
					<attRef name="Ang_SD">
						<content>8.96</content>
					</attRef>
					<attRef name="Sad_Mean">
						<content>20.15</content>
					</attRef>
					<attRef name="Sad_SD">
						<content>8.2</content>
					</attRef>
					<attRef name="Fear_Mean">
						<content>19.62</content>
					</attRef>
					<attRef name="Fear_SD">
						<content>9.65</content>
					</attRef>
					<attRef name="Disg_Mean">
						<content>11.9</content>
					</attRef>
					<attRef name="Disg_SD">
						<content>7.81</content>
					</attRef>
					<attRef name="n_affective">
						<content>7</content>
					</attRef>
					<attRef name="ValenceMean">
						<content>55.45</content>
					</attRef>
					<attRef name="ValenceSD">
						<content>15.14</content>
					</attRef>
					<attRef name="ArousalMean">
						<content>72.53</content>
					</attRef>
					<attRef name="ArousalSD">
						<content>18.65</content>
					</attRef>
					<attRef name="n_v_a">
						<content>12</content>
					</attRef>
					<attRef name="Max_Aro">
						<content>7.93</content>
					</attRef>
					<attRef name="Min_Aro">
						<content>4.85</content>
					</attRef>
					<attRef name="ArousalSpan">
						<content>3.08</content>
					</attRef>
					<attRef name="Max_Val">
						<content>8.4</content>
					</attRef>
					<attRef name="Min_Val">
						<content>1.45</content>
					</attRef>
					<attRef name="ValenceSpan">
						<content>6.95</content>
					</attRef>
					<attRef name="CorAro">
						<content>0.3787</content>
					</attRef>
					<attRef name="CorVal">
						<content>-0.6616</content>
					</attRef>
					<attRef name="averageAoA">
						<content>68.6</content>
					</attRef>
					<attRef name="sdAOA">
						<content>25.82</content>
					</attRef>
					<attRef name="MinAoA">
						<content>24.0</content>
					</attRef>
					<attRef name="MaxAoA">
						<content>125.0</content>
					</attRef>
					<attRef name="OralFreq_Log">
						<content>36.45</content>
					</attRef>
					<attRef name="WrittenFreq_Log">
						<content>37.81</content>
					</attRef>
					<attRef name="n_aoa">
						<content>13</content>
					</attRef>
					<attRef name="Max_AoA">
						<content>8.96</content>
					</attRef>
					<attRef name="Min_AoA">
						<content>1.64</content>
					</attRef>
					<attRef name="AoASpan">
						<content>7.32</content>
					</attRef>
					<attRef name="Max_sdAOA">
						<content>2.819</content>
					</attRef>
					<attRef name="Min_sdAOA">
						<content>0.921</content>
					</attRef>
					<attRef name="sdAOASpan">
						<content>1.898</content>
					</attRef>
					<attRef name="Max_logOralFreq">
						<content>4.152</content>
					</attRef>
					<attRef name="Min_logOralFreq">
						<content>1.531</content>
					</attRef>
					<attRef name="logOralFreqSpan">
						<content>2.621</content>
					</attRef>
					<attRef name="Max_logWrittenFreq">
						<content>4.003</content>
					</attRef>
					<attRef name="Min_logWrittenFreq">
						<content>2.111</content>
					</attRef>
					<attRef name="logWrittenFreqSpan">
						<content>1.892</content>
					</attRef>
					<attRef name="CorAoA">
						<content>0.3958</content>
					</attRef>
				</param>
			</lg>
			<param name="AffectiveFeatures">
				<attRef name="Hap_Mean">
					<content>231.58</content>
				</attRef>
				<attRef name="Hap_SD">
					<content>73.44</content>
				</attRef>
				<attRef name="Ang_Mean">
					<content>166.86</content>
				</attRef>
				<attRef name="Ang_SD">
					<content>95.96</content>
				</attRef>
				<attRef name="Sad_Mean">
					<content>199.46</content>
				</attRef>
				<attRef name="Sad_SD">
					<content>94.58</content>
				</attRef>
				<attRef name="Fear_Mean">
					<content>207.06</content>
				</attRef>
				<attRef name="Fear_SD">
					<content>103.1</content>
				</attRef>
				<attRef name="Disg_Mean">
					<content>132.56</content>
				</attRef>
				<attRef name="Disg_SD">
					<content>80.1</content>
				</attRef>
				<attRef name="n_affective">
					<content>86</content>
				</attRef>
				<attRef name="ValenceMean">
					<content>1058.56</content>
				</attRef>
				<attRef name="ValenceSD">
					<content>240.27</content>
				</attRef>
				<attRef name="ArousalMean">
					<content>1029.3</content>
				</attRef>
				<attRef name="ArousalSD">
					<content>326.11</content>
				</attRef>
				<attRef name="n_v_a">
					<content>186</content>
				</attRef>
				<attRef name="Max_Aro">
					<content>8.0</content>
				</attRef>
				<attRef name="Min_Aro">
					<content>3.9</content>
				</attRef>
				<attRef name="ArousalSpan">
					<content>4.1</content>
				</attRef>
				<attRef name="Max_Val">
					<content>8.4</content>
				</attRef>
				<attRef name="Min_Val">
					<content>1.45</content>
				</attRef>
				<attRef name="ValenceSpan">
					<content>6.95</content>
				</attRef>
				<attRef name="CorAro">
					<content>0.311</content>
				</attRef>
				<attRef name="CorVal">
					<content>-0.1811</content>
				</attRef>
				<attRef name="averageAoA">
					<content>989.34</content>
				</attRef>
				<attRef name="sdAOA">
					<content>354.68</content>
				</attRef>
				<attRef name="MinAoA">
					<content>324.0</content>
				</attRef>
				<attRef name="MaxAoA">
					<content>1743.0</content>
				</attRef>
				<attRef name="OralFreq_Log">
					<content>462.62</content>
				</attRef>
				<attRef name="WrittenFreq_Log">
					<content>509.02</content>
				</attRef>
				<attRef name="n_aoa">
					<content>177</content>
				</attRef>
				<attRef name="Max_AoA">
					<content>9.9</content>
				</attRef>
				<attRef name="Min_AoA">
					<content>1.64</content>
				</attRef>
				<attRef name="AoASpan">
					<content>8.26</content>
				</attRef>
				<attRef name="Max_sdAOA">
					<content>2.819</content>
				</attRef>
				<attRef name="Min_sdAOA">
					<content>0.921</content>
				</attRef>
				<attRef name="sdAOASpan">
					<content>1.898</content>
				</attRef>
				<attRef name="Max_logOralFreq">
					<content>4.152</content>
				</attRef>
				<attRef name="Min_logOralFreq">
					<content>0.301</content>
				</attRef>
				<attRef name="logOralFreqSpan">
					<content>3.851</content>
				</attRef>
				<attRef name="Max_logWrittenFreq">
					<content>4.003</content>
				</attRef>
				<attRef name="Min_logWrittenFreq">
					<content>1.38</content>
				</attRef>
				<attRef name="logWrittenFreqSpan">
					<content>2.623</content>
				</attRef>
				<attRef name="CorAoA">
					<content>-0.0414</content>
				</attRef>
			</param>
		</body>
	</text>
</TEI>