<?xml version="1.0" encoding="utf-8"?>
<TEI xmlns="http://www.tei-c.org/ns/1.0">
	<teiHeader>
		<fileDesc>
			<titleStmt about="disco:po_335g0786">
				<title property="dc:title">Del mismo al mismo tema</title>
				<author property="dc:creator" resource="disco:335g" corresp="#disco_335g">Francisco Benavides Manrique</author>
				<principal xml:id="prf">Pablo Ruiz Fabo</principal>
				<principal xml:id="heb">Helena Bermúdez Sabel</principal>
				<principal xml:id="jct">José Calvo Tello</principal>
				<principal xml:id="cimc">Clara Isabel Martínez Cantón</principal>
				<respStmt>
					<resp>Metrical annotation by</resp>
					<name xml:id="bnc">Borja Navarro Colorado</name>
				</respStmt>
			</titleStmt>
			<extent>
				<measure unit="sonnets">1</measure>
				<measure unit="tokens">88</measure>
				<measure unit="line">14</measure>
			</extent>
			<publicationStmt>
				<publisher>Diachronic Spanish Sonnet Corpus</publisher>
				<authority>POSTDATA Project</authority>
				<pubPlace>Madrid</pubPlace>
				<availability status="free">
					<p>The text is freely available</p>
				</availability>
				<date when="2017">2017</date>
				<idno type="#disco" xml:id="file_po_335g0786"></idno>
			</publicationStmt>
			<sourceDesc>
				<bibl type="digital-source">
					<hi rend="italics">Sonetos del siglo XV al XVII</hi>
					<date when="2006">2006</date>
					<ref target="http://www.cervantesvirtual.com/nd/ark:/59851/bmc2r439"></ref>
					<ref target="http://www.cervantesvirtual.com/obra/sonetos-del-siglo-xv-al-xvii--0/"></ref>
Biblioteca Cervantes Virtual,  / editados por Ramón García González, , , .				</bibl>
			</sourceDesc>
		</fileDesc>
		<profileDesc>
			<langUsage>
				<language ident="es" about="disco:po_335g0786" property="dc:language" resource="dbpedia:Idioma_español">Spanish</language>
			</langUsage>
			<particDesc>
				<listPerson>
					<person xml:id="disco_335g" about="disco:335g" typeOf="foaf:Person">
						<persName type="short">Benavides Manrique</persName>
						<persName type="full">
							<forename property="foaf:givenName">Francisco</forename>
							<surname property="foaf:familyName">Benavides Manrique</surname>
						</persName>
						<persName type="source" property="foaf:name">Francisco Benavides Manrique</persName>
						<sex property="foaf:gender" content="M"></sex>
						<birth>
							<location>
								<placeName>
									<country property="schema:birthPlace" inlist="">España</country>
									<bloc property="schema:birthPlace" inlist="">Europa</bloc>
								</placeName>
							</location>
							<date type="century">17</date>
						</birth>
						<death>
							<date type="century">17</date>
						</death>
						<listBibl inlist="" rel="blterms:hasCreated" typeOf="schema:CreativeWork">
							<bibl resource="disco:s335g0786">
								<title property="dc:title">Del mismo al mismo tema</title>
								<title type="incipit" property="dc:alternative">A pesar de la envidia repetida</title>
							</bibl>
						</listBibl>
					</person>
				</listPerson>
			</particDesc>
		</profileDesc>
		<encodingDesc>
			<listPrefixDef>
				<prefixDef ident="foaf" matchPattern="([A-Za-z]+)" replacementPattern="http://xmlns.com/foaf/0.1/$1"></prefixDef>
				<prefixDef ident="dc" matchPattern="([A-Za-z]+)" replacementPattern="http://purl.org/dc/terms/$1"></prefixDef>
				<prefixDef ident="schema" matchPattern="([A-Za-z]+)" replacementPattern="http://schema.org/$1"></prefixDef>
				<prefixDef ident="dbpedia" matchPattern="([A-Za-z]+(_[A-Za-z])*)" replacementPattern="http://es.dbpedia.org/page/"></prefixDef>
				<prefixDef ident="blterms" matchPattern="([A-Za-z]+)" replacementPattern="http://www.bl.uk/schemas/bibliographic/blterms#$1"></prefixDef>
				<prefixDef ident="rdfs" matchPattern="([A-Za-z]+)" replacementPattern="http://www.w3.org/2000/01/rdf-schema#$1"></prefixDef>
			</listPrefixDef>
			<metDecl type="met" pattern="((\+|\-)+)*">
				<metSym value="+">stressed syllable</metSym>
				<metSym value="-">unstressed syllable</metSym>
			</metDecl>
			<metDecl type="met">
				<p>
					<ref target="https://github.com/bncolorado/adsoScansionSystem">ADSO</ref>
The metrical patterns were extracted automatically using the 
                    tool.				</p>
			</metDecl>
			<metDecl type="enjamb">
				<p>
					<att>enjamb</att>
					<att>cert</att>
					<ref target="https://sites.google.com/site/spanishenjambment/">ANJA
                        (Automatic eNJambment Analysis)</ref>
					<ref target="https://sites.google.com/site/spanishenjambment/enjambment-types">documentation</ref>
					<ref target="https://sites.google.com/site/spanishenjambment/tei-certitude-values">report</ref>
The values of the  atributes were extracted automatically using
                    the  tool. For more information about the
                    types of enjambment as defined in this corpus, read the . In addition, a  was added to express the
                    degree of certainty concerning the characterisation of the enjambment. The following 
                     covers this feature in deep detail.				</p>
			</metDecl>
		</encodingDesc>
		<revisionDesc>
			<change when="2017-11-02" who="#prf">Initial TEI version</change>
			<change when="2017-11-27" who="#prf">Addition of metrical annotation</change>
			<change when="2017-11-27" who="#heb">Review of authors’ metadata</change>
			<change when="2017-12-01" who="#prf">Encoding of enjambment</change>
			<change when="2017-12-01" who="#heb">Publication of 19th, 18th and Golden Age version</change>
			<change when="2018-05-16" who="#heb">Revision of RDFa attributes</change>
		</revisionDesc>
	</teiHeader>
	<text>
		<front>
			<head>Del mismo al mismo tema</head>
		</front>
		<body>
			<lg n="1" type="cuarteto">
				<l n="1" met="-----+---+-">A pesar de la envidia repetida</l>
				<l n="2" met="+-+--++--+-">goza heroico Varón nombre famoso,</l>
				<l n="3" met="-+-+-+-+-+-">y cuéstete el vivir, que si es forzoso,</l>
				<l n="4" met="+-+--+---+-">más importa la fama esclarecida.</l>
				<param name="AffectiveFeatures">
					<attRef name="Hap_Mean">
						<content>17.13</content>
					</attRef>
					<attRef name="Hap_SD">
						<content>6.1</content>
					</attRef>
					<attRef name="Ang_Mean">
						<content>8.74</content>
					</attRef>
					<attRef name="Ang_SD">
						<content>4.66</content>
					</attRef>
					<attRef name="Sad_Mean">
						<content>9.59</content>
					</attRef>
					<attRef name="Sad_SD">
						<content>5.86</content>
					</attRef>
					<attRef name="Fear_Mean">
						<content>10.13</content>
					</attRef>
					<attRef name="Fear_SD">
						<content>5.59</content>
					</attRef>
					<attRef name="Disg_Mean">
						<content>8.2</content>
					</attRef>
					<attRef name="Disg_SD">
						<content>4.09</content>
					</attRef>
					<attRef name="n_affective">
						<content>6</content>
					</attRef>
					<attRef name="ValenceMean">
						<content>71.65</content>
					</attRef>
					<attRef name="ValenceSD">
						<content>15.28</content>
					</attRef>
					<attRef name="ArousalMean">
						<content>72.11</content>
					</attRef>
					<attRef name="ArousalSD">
						<content>19.39</content>
					</attRef>
					<attRef name="n_v_a">
						<content>12</content>
					</attRef>
					<attRef name="Max_Aro">
						<content>7.1</content>
					</attRef>
					<attRef name="Min_Aro">
						<content>4.53</content>
					</attRef>
					<attRef name="ArousalSpan">
						<content>2.57</content>
					</attRef>
					<attRef name="Max_Val">
						<content>8.55</content>
					</attRef>
					<attRef name="Min_Val">
						<content>2.35</content>
					</attRef>
					<attRef name="ValenceSpan">
						<content>6.2</content>
					</attRef>
					<attRef name="CorAro">
						<content>-0.1829</content>
					</attRef>
					<attRef name="CorVal">
						<content>0.3248</content>
					</attRef>
					<attRef name="averageAoA">
						<content>59.74</content>
					</attRef>
					<attRef name="sdAOA">
						<content>20.55</content>
					</attRef>
					<attRef name="MinAoA">
						<content>22.0</content>
					</attRef>
					<attRef name="MaxAoA">
						<content>101.0</content>
					</attRef>
					<attRef name="OralFreq_Log">
						<content>23.09</content>
					</attRef>
					<attRef name="WrittenFreq_Log">
						<content>25.55</content>
					</attRef>
					<attRef name="n_aoa">
						<content>10</content>
					</attRef>
					<attRef name="Max_AoA">
						<content>8.48</content>
					</attRef>
					<attRef name="Min_AoA">
						<content>1.64</content>
					</attRef>
					<attRef name="AoASpan">
						<content>6.84</content>
					</attRef>
					<attRef name="Max_sdAOA">
						<content>2.5885</content>
					</attRef>
					<attRef name="Min_sdAOA">
						<content>0.921</content>
					</attRef>
					<attRef name="sdAOASpan">
						<content>1.6675</content>
					</attRef>
					<attRef name="Max_logOralFreq">
						<content>4.152</content>
					</attRef>
					<attRef name="Min_logOralFreq">
						<content>0.991</content>
					</attRef>
					<attRef name="logOralFreqSpan">
						<content>3.161</content>
					</attRef>
					<attRef name="Max_logWrittenFreq">
						<content>4.003</content>
					</attRef>
					<attRef name="Min_logWrittenFreq">
						<content>1.7965</content>
					</attRef>
					<attRef name="logWrittenFreqSpan">
						<content>2.2065</content>
					</attRef>
					<attRef name="CorAoA">
						<content>-0.2879</content>
					</attRef>
				</param>
			</lg>
			<lg n="2" type="cuarteto">
				<l n="5" met="+-+--+---+-" enjamb="B-pb_noun_prep" cert="medium">Ya recobra tu gloria aborrecida</l>
				<l n="6" met="--+--+---+-" enjamb="I-pb_noun_prep" cert="medium">del tumulto profano envidioso,</l>
				<l n="7" met="---+-+-+-+-">que si en la vida fuiste no dichoso,</l>
				<l n="8" met="-++--+---+-">feliz eres, y eterno sin la vida.</l>
				<param name="AffectiveFeatures">
					<attRef name="Hap_Mean">
						<content>16.93</content>
					</attRef>
					<attRef name="Hap_SD">
						<content>4.0</content>
					</attRef>
					<attRef name="Ang_Mean">
						<content>5.36</content>
					</attRef>
					<attRef name="Ang_SD">
						<content>2.97</content>
					</attRef>
					<attRef name="Sad_Mean">
						<content>6.61</content>
					</attRef>
					<attRef name="Sad_SD">
						<content>3.71</content>
					</attRef>
					<attRef name="Fear_Mean">
						<content>7.13</content>
					</attRef>
					<attRef name="Fear_SD">
						<content>4.54</content>
					</attRef>
					<attRef name="Disg_Mean">
						<content>4.6</content>
					</attRef>
					<attRef name="Disg_SD">
						<content>2.04</content>
					</attRef>
					<attRef name="n_affective">
						<content>4</content>
					</attRef>
					<attRef name="ValenceMean">
						<content>61.98</content>
					</attRef>
					<attRef name="ValenceSD">
						<content>13.95</content>
					</attRef>
					<attRef name="ArousalMean">
						<content>57.04</content>
					</attRef>
					<attRef name="ArousalSD">
						<content>21.74</content>
					</attRef>
					<attRef name="n_v_a">
						<content>10</content>
					</attRef>
					<attRef name="Max_Aro">
						<content>6.6</content>
					</attRef>
					<attRef name="Min_Aro">
						<content>4.65</content>
					</attRef>
					<attRef name="ArousalSpan">
						<content>1.95</content>
					</attRef>
					<attRef name="Max_Val">
						<content>8.3</content>
					</attRef>
					<attRef name="Min_Val">
						<content>2.25</content>
					</attRef>
					<attRef name="ValenceSpan">
						<content>6.05</content>
					</attRef>
					<attRef name="CorAro">
						<content>0.3511</content>
					</attRef>
					<attRef name="CorVal">
						<content>0.4169</content>
					</attRef>
					<attRef name="averageAoA">
						<content>31.6</content>
					</attRef>
					<attRef name="sdAOA">
						<content>11.09</content>
					</attRef>
					<attRef name="MinAoA">
						<content>11.0</content>
					</attRef>
					<attRef name="MaxAoA">
						<content>57.0</content>
					</attRef>
					<attRef name="OralFreq_Log">
						<content>16.85</content>
					</attRef>
					<attRef name="WrittenFreq_Log">
						<content>18.46</content>
					</attRef>
					<attRef name="n_aoa">
						<content>6</content>
					</attRef>
					<attRef name="Max_AoA">
						<content>8.24</content>
					</attRef>
					<attRef name="Min_AoA">
						<content>1.64</content>
					</attRef>
					<attRef name="AoASpan">
						<content>6.6</content>
					</attRef>
					<attRef name="Max_sdAOA">
						<content>2.308</content>
					</attRef>
					<attRef name="Min_sdAOA">
						<content>0.921</content>
					</attRef>
					<attRef name="sdAOASpan">
						<content>1.387</content>
					</attRef>
					<attRef name="Max_logOralFreq">
						<content>4.152</content>
					</attRef>
					<attRef name="Min_logOralFreq">
						<content>1.362</content>
					</attRef>
					<attRef name="logOralFreqSpan">
						<content>2.79</content>
					</attRef>
					<attRef name="Max_logWrittenFreq">
						<content>4.003</content>
					</attRef>
					<attRef name="Min_logWrittenFreq">
						<content>2.017</content>
					</attRef>
					<attRef name="logWrittenFreqSpan">
						<content>1.986</content>
					</attRef>
					<attRef name="CorAoA">
						<content>-0.175</content>
					</attRef>
				</param>
			</lg>
			<lg n="3" type="terceto">
				<l n="9" met="--+--+-+-+-">Mientras vives las glorias te difieren:</l>
				<l n="10" met="+--+-+---+-">Mueres en fin, y al odio satisfaces,</l>
				<l n="11" met="-+---+-+++-">¡o cuántos con tu fin vengarse quieren!</l>
				<param name="AffectiveFeatures">
					<attRef name="Hap_Mean">
						<content>18.37</content>
					</attRef>
					<attRef name="Hap_SD">
						<content>4.36</content>
					</attRef>
					<attRef name="Ang_Mean">
						<content>11.53</content>
					</attRef>
					<attRef name="Ang_SD">
						<content>4.85</content>
					</attRef>
					<attRef name="Sad_Mean">
						<content>14.36</content>
					</attRef>
					<attRef name="Sad_SD">
						<content>5.72</content>
					</attRef>
					<attRef name="Fear_Mean">
						<content>13.96</content>
					</attRef>
					<attRef name="Fear_SD">
						<content>6.67</content>
					</attRef>
					<attRef name="Disg_Mean">
						<content>10.0</content>
					</attRef>
					<attRef name="Disg_SD">
						<content>4.32</content>
					</attRef>
					<attRef name="n_affective">
						<content>6</content>
					</attRef>
					<attRef name="ValenceMean">
						<content>45.9</content>
					</attRef>
					<attRef name="ValenceSD">
						<content>11.63</content>
					</attRef>
					<attRef name="ArousalMean">
						<content>52.05</content>
					</attRef>
					<attRef name="ArousalSD">
						<content>18.74</content>
					</attRef>
					<attRef name="n_v_a">
						<content>9</content>
					</attRef>
					<attRef name="Max_Aro">
						<content>7.6</content>
					</attRef>
					<attRef name="Min_Aro">
						<content>3.9</content>
					</attRef>
					<attRef name="ArousalSpan">
						<content>3.7</content>
					</attRef>
					<attRef name="Max_Val">
						<content>8.55</content>
					</attRef>
					<attRef name="Min_Val">
						<content>1.6</content>
					</attRef>
					<attRef name="ValenceSpan">
						<content>6.95</content>
					</attRef>
					<attRef name="CorAro">
						<content>-0.0897</content>
					</attRef>
					<attRef name="CorVal">
						<content>-0.064</content>
					</attRef>
					<attRef name="averageAoA">
						<content>59.18</content>
					</attRef>
					<attRef name="sdAOA">
						<content>19.9</content>
					</attRef>
					<attRef name="MinAoA">
						<content>18.0</content>
					</attRef>
					<attRef name="MaxAoA">
						<content>101.0</content>
					</attRef>
					<attRef name="OralFreq_Log">
						<content>23.64</content>
					</attRef>
					<attRef name="WrittenFreq_Log">
						<content>26.53</content>
					</attRef>
					<attRef name="n_aoa">
						<content>10</content>
					</attRef>
					<attRef name="Max_AoA">
						<content>9.06</content>
					</attRef>
					<attRef name="Min_AoA">
						<content>3.98</content>
					</attRef>
					<attRef name="AoASpan">
						<content>5.08</content>
					</attRef>
					<attRef name="Max_sdAOA">
						<content>2.423</content>
					</attRef>
					<attRef name="Min_sdAOA">
						<content>1.609</content>
					</attRef>
					<attRef name="sdAOASpan">
						<content>0.814</content>
					</attRef>
					<attRef name="Max_logOralFreq">
						<content>3.181</content>
					</attRef>
					<attRef name="Min_logOralFreq">
						<content>1.041</content>
					</attRef>
					<attRef name="logOralFreqSpan">
						<content>2.14</content>
					</attRef>
					<attRef name="Max_logWrittenFreq">
						<content>3.423</content>
					</attRef>
					<attRef name="Min_logWrittenFreq">
						<content>1.839</content>
					</attRef>
					<attRef name="logWrittenFreqSpan">
						<content>1.584</content>
					</attRef>
					<attRef name="CorAoA">
						<content>-0.4402</content>
					</attRef>
				</param>
			</lg>
			<lg n="4" type="terceto">
				<l n="12" met="-+---+---+-">Mas vuelven a penar porque renaces,</l>
				<l n="13" met="-+---+-+-+-">y así desde que nacen siempre mueren,</l>
				<l n="14" met="-+---+-+-+-">y tú desde que mueres siempre naces.</l>
				<param name="AffectiveFeatures">
					<attRef name="Hap_Mean">
						<content>4.67</content>
					</attRef>
					<attRef name="Hap_SD">
						<content>1.54</content>
					</attRef>
					<attRef name="Ang_Mean">
						<content>5.67</content>
					</attRef>
					<attRef name="Ang_SD">
						<content>3.23</content>
					</attRef>
					<attRef name="Sad_Mean">
						<content>10.13</content>
					</attRef>
					<attRef name="Sad_SD">
						<content>2.31</content>
					</attRef>
					<attRef name="Fear_Mean">
						<content>8.39</content>
					</attRef>
					<attRef name="Fear_SD">
						<content>4.02</content>
					</attRef>
					<attRef name="Disg_Mean">
						<content>5.74</content>
					</attRef>
					<attRef name="Disg_SD">
						<content>3.73</content>
					</attRef>
					<attRef name="n_affective">
						<content>3</content>
					</attRef>
					<attRef name="ValenceMean">
						<content>63.94</content>
					</attRef>
					<attRef name="ValenceSD">
						<content>15.44</content>
					</attRef>
					<attRef name="ArousalMean">
						<content>65.05</content>
					</attRef>
					<attRef name="ArousalSD">
						<content>22.25</content>
					</attRef>
					<attRef name="n_v_a">
						<content>11</content>
					</attRef>
					<attRef name="Max_Aro">
						<content>7.35</content>
					</attRef>
					<attRef name="Min_Aro">
						<content>4.8</content>
					</attRef>
					<attRef name="ArousalSpan">
						<content>2.55</content>
					</attRef>
					<attRef name="Max_Val">
						<content>7.95</content>
					</attRef>
					<attRef name="Min_Val">
						<content>1.7</content>
					</attRef>
					<attRef name="ValenceSpan">
						<content>6.25</content>
					</attRef>
					<attRef name="CorAro">
						<content>0.1048</content>
					</attRef>
					<attRef name="CorVal">
						<content>-0.1339</content>
					</attRef>
					<attRef name="averageAoA">
						<content>53.83</content>
					</attRef>
					<attRef name="sdAOA">
						<content>19.18</content>
					</attRef>
					<attRef name="MinAoA">
						<content>17.0</content>
					</attRef>
					<attRef name="MaxAoA">
						<content>95.33</content>
					</attRef>
					<attRef name="OralFreq_Log">
						<content>24.79</content>
					</attRef>
					<attRef name="WrittenFreq_Log">
						<content>28.25</content>
					</attRef>
					<attRef name="n_aoa">
						<content>10</content>
					</attRef>
					<attRef name="Max_AoA">
						<content>6.673333333333335</content>
					</attRef>
					<attRef name="Min_AoA">
						<content>4.22</content>
					</attRef>
					<attRef name="AoASpan">
						<content>2.4533</content>
					</attRef>
					<attRef name="Max_sdAOA">
						<content>2.304</content>
					</attRef>
					<attRef name="Min_sdAOA">
						<content>1.447</content>
					</attRef>
					<attRef name="sdAOASpan">
						<content>0.857</content>
					</attRef>
					<attRef name="Max_logOralFreq">
						<content>3.694</content>
					</attRef>
					<attRef name="Min_logOralFreq">
						<content>0.954</content>
					</attRef>
					<attRef name="logOralFreqSpan">
						<content>2.74</content>
					</attRef>
					<attRef name="Max_logWrittenFreq">
						<content>3.685</content>
					</attRef>
					<attRef name="Min_logWrittenFreq">
						<content>1.978</content>
					</attRef>
					<attRef name="logWrittenFreqSpan">
						<content>1.707</content>
					</attRef>
					<attRef name="CorAoA">
						<content>-0.278</content>
					</attRef>
				</param>
			</lg>
			<param name="AffectiveFeatures">
				<attRef name="Hap_Mean">
					<content>57.1</content>
				</attRef>
				<attRef name="Hap_SD">
					<content>16.0</content>
				</attRef>
				<attRef name="Ang_Mean">
					<content>31.3</content>
				</attRef>
				<attRef name="Ang_SD">
					<content>15.71</content>
				</attRef>
				<attRef name="Sad_Mean">
					<content>40.69</content>
				</attRef>
				<attRef name="Sad_SD">
					<content>17.6</content>
				</attRef>
				<attRef name="Fear_Mean">
					<content>39.61</content>
				</attRef>
				<attRef name="Fear_SD">
					<content>20.82</content>
				</attRef>
				<attRef name="Disg_Mean">
					<content>28.54</content>
				</attRef>
				<attRef name="Disg_SD">
					<content>14.18</content>
				</attRef>
				<attRef name="n_affective">
					<content>19</content>
				</attRef>
				<attRef name="ValenceMean">
					<content>243.47</content>
				</attRef>
				<attRef name="ValenceSD">
					<content>56.3</content>
				</attRef>
				<attRef name="ArousalMean">
					<content>246.25</content>
				</attRef>
				<attRef name="ArousalSD">
					<content>82.12</content>
				</attRef>
				<attRef name="n_v_a">
					<content>42</content>
				</attRef>
				<attRef name="Max_Aro">
					<content>7.6</content>
				</attRef>
				<attRef name="Min_Aro">
					<content>3.9</content>
				</attRef>
				<attRef name="ArousalSpan">
					<content>3.7</content>
				</attRef>
				<attRef name="Max_Val">
					<content>8.55</content>
				</attRef>
				<attRef name="Min_Val">
					<content>1.6</content>
				</attRef>
				<attRef name="ValenceSpan">
					<content>6.95</content>
				</attRef>
				<attRef name="CorAro">
					<content>-0.0341</content>
				</attRef>
				<attRef name="CorVal">
					<content>-0.0415</content>
				</attRef>
				<attRef name="averageAoA">
					<content>204.35</content>
				</attRef>
				<attRef name="sdAOA">
					<content>70.72</content>
				</attRef>
				<attRef name="MinAoA">
					<content>68.0</content>
				</attRef>
				<attRef name="MaxAoA">
					<content>354.33</content>
				</attRef>
				<attRef name="OralFreq_Log">
					<content>88.37</content>
				</attRef>
				<attRef name="WrittenFreq_Log">
					<content>98.79</content>
				</attRef>
				<attRef name="n_aoa">
					<content>36</content>
				</attRef>
				<attRef name="Max_AoA">
					<content>9.06</content>
				</attRef>
				<attRef name="Min_AoA">
					<content>1.64</content>
				</attRef>
				<attRef name="AoASpan">
					<content>7.42</content>
				</attRef>
				<attRef name="Max_sdAOA">
					<content>2.5885</content>
				</attRef>
				<attRef name="Min_sdAOA">
					<content>0.921</content>
				</attRef>
				<attRef name="sdAOASpan">
					<content>1.6675</content>
				</attRef>
				<attRef name="Max_logOralFreq">
					<content>4.152</content>
				</attRef>
				<attRef name="Min_logOralFreq">
					<content>0.954</content>
				</attRef>
				<attRef name="logOralFreqSpan">
					<content>3.198</content>
				</attRef>
				<attRef name="Max_logWrittenFreq">
					<content>4.003</content>
				</attRef>
				<attRef name="Min_logWrittenFreq">
					<content>1.7965</content>
				</attRef>
				<attRef name="logWrittenFreqSpan">
					<content>2.2065</content>
				</attRef>
				<attRef name="CorAoA">
					<content>-0.1613</content>
				</attRef>
			</param>
		</body>
	</text>
</TEI>