<?xml version="1.0" encoding="utf-8"?>
<TEI xmlns="http://www.tei-c.org/ns/1.0">
	<teiHeader>
		<fileDesc>
			<titleStmt about="disco:po_447n1716_01">
				<title property="dc:title">Los deleites -- I</title>
				<author property="dc:creator" resource="disco:447n" corresp="#disco_447n">Salvador Bermúdez de Castro</author>
				<principal xml:id="prf">Pablo Ruiz Fabo</principal>
				<principal xml:id="heb">Helena Bermúdez Sabel</principal>
				<principal xml:id="jct">José Calvo Tello</principal>
				<principal xml:id="cimc">Clara Isabel Martínez Cantón</principal>
				<respStmt>
					<resp>Metrical annotation by</resp>
					<name xml:id="bnc">Borja Navarro Colorado</name>
				</respStmt>
			</titleStmt>
			<extent>
				<measure unit="sonnets">1</measure>
				<measure unit="tokens">78</measure>
				<measure unit="line">14</measure>
			</extent>
			<publicationStmt>
				<publisher>Diachronic Spanish Sonnet Corpus</publisher>
				<authority>POSTDATA Project</authority>
				<pubPlace>Madrid</pubPlace>
				<availability status="free">
					<p>The text is freely available</p>
				</availability>
				<date when="2017">2017</date>
				<idno type="#disco" xml:id="file_po_447n1716_01"></idno>
			</publicationStmt>
			<sourceDesc>
				<bibl type="digital-source">
					<hi rend="italics">Sonetos del siglo XIX</hi>
					<date when="2006">2006</date>
					<ref target="http://www.cervantesvirtual.com/nd/ark:/59851/bmc4q861"></ref>
					<ref target="http://www.cervantesvirtual.com/obra/sonetos-del-siglo-xix--0/"></ref>
Biblioteca Cervantes Virtual,  / editados por Ramón García González, , , .				</bibl>
			</sourceDesc>
		</fileDesc>
		<profileDesc>
			<langUsage>
				<language ident="es" about="disco:po_447n1716_01" property="dc:language" resource="dbpedia:Idioma_español">Spanish</language>
			</langUsage>
			<particDesc>
				<listPerson>
					<person xml:id="disco_447n" about="disco:447n" typeOf="foaf:Person">
						<idno cert="high" property="rdfs:seeAlso" resource="https://viaf.org/viaf/23881575"></idno>
						<persName type="short">Bermúdez de Castro</persName>
						<persName type="full">
							<forename property="foaf:givenName">Salvador</forename>
							<surname property="foaf:familyName">Bermúdez de Castro</surname>
						</persName>
						<persName type="source" property="foaf:name">Salvador Bermúdez de Castro</persName>
						<sex property="foaf:gender" content="M"></sex>
						<birth>
							<location>
								<placeName>
									<settlement property="schema:birthPlace" inlist="">Jerez de la Frontera (Cádiz)</settlement>
									<country property="schema:birthPlace" inlist="">España</country>
									<bloc property="schema:birthPlace" inlist="">Europa</bloc>
								</placeName>
							</location>
							<date property="schema:birthDate" content="1817" cert="high"></date>
							<date type="century">19</date>
						</birth>
						<death>
							<location>
								<placeName>
									<settlement property="schema:deathPlace" inlist="">Roma</settlement>
								</placeName>
							</location>
							<date property="schema:deathDate" content="1883" cert="high"></date>
							<date type="century">19</date>
						</death>
						<listBibl inlist="" rel="blterms:hasCreated" typeOf="schema:CreativeWork">
							<bibl resource="disco:s447n1716_01">
								<title property="dc:title">Los deleites -- I</title>
								<title type="incipit" property="dc:alternative">¡Volad, volad memorias! ¿qué se han hecho</title>
							</bibl>
						</listBibl>
					</person>
				</listPerson>
			</particDesc>
		</profileDesc>
		<encodingDesc>
			<listPrefixDef>
				<prefixDef ident="foaf" matchPattern="([A-Za-z]+)" replacementPattern="http://xmlns.com/foaf/0.1/$1"></prefixDef>
				<prefixDef ident="dc" matchPattern="([A-Za-z]+)" replacementPattern="http://purl.org/dc/terms/$1"></prefixDef>
				<prefixDef ident="schema" matchPattern="([A-Za-z]+)" replacementPattern="http://schema.org/$1"></prefixDef>
				<prefixDef ident="dbpedia" matchPattern="([A-Za-z]+(_[A-Za-z])*)" replacementPattern="http://es.dbpedia.org/page/"></prefixDef>
				<prefixDef ident="blterms" matchPattern="([A-Za-z]+)" replacementPattern="http://www.bl.uk/schemas/bibliographic/blterms#$1"></prefixDef>
				<prefixDef ident="rdfs" matchPattern="([A-Za-z]+)" replacementPattern="http://www.w3.org/2000/01/rdf-schema#$1"></prefixDef>
			</listPrefixDef>
			<metDecl type="met" pattern="((\+|\-)+)*">
				<metSym value="+">stressed syllable</metSym>
				<metSym value="-">unstressed syllable</metSym>
			</metDecl>
			<metDecl type="met">
				<p>
					<ref target="https://github.com/bncolorado/adsoScansionSystem">ADSO</ref>
The metrical patterns were extracted automatically using the 
                    tool.				</p>
			</metDecl>
			<metDecl type="enjamb">
				<p>
					<att>enjamb</att>
					<att>cert</att>
					<ref target="https://sites.google.com/site/spanishenjambment/">ANJA
                        (Automatic eNJambment Analysis)</ref>
					<ref target="https://sites.google.com/site/spanishenjambment/enjambment-types">documentation</ref>
					<ref target="https://sites.google.com/site/spanishenjambment/tei-certitude-values">report</ref>
The values of the  atributes were extracted automatically using
                    the  tool. For more information about the
                    types of enjambment as defined in this corpus, read the . In addition, a  was added to express the
                    degree of certainty concerning the characterisation of the enjambment. The following 
                     covers this feature in deep detail.				</p>
			</metDecl>
		</encodingDesc>
		<revisionDesc>
			<change when="2017-11-02" who="#prf">Initial TEI version</change>
			<change when="2017-11-27" who="#prf">Addition of metrical annotation</change>
			<change when="2017-11-27" who="#heb">Review of authors’ metadata</change>
			<change when="2017-12-01" who="#prf">Encoding of enjambment</change>
			<change when="2017-12-01" who="#heb">Publication of 19th, 18th and Golden Age version</change>
			<change when="2018-05-16" who="#heb">Revision of RDFa attributes</change>
		</revisionDesc>
	</teiHeader>
	<text>
		<front>
			<head>Los deleites -- I</head>
		</front>
		<body>
			<lg n="1" type="cuarteto">
				<l n="1" met="-+-+-+--++-" enjamb="B-ex_dobj_verb" cert="low">¡Volad, volad memorias! ¿qué se han hecho</l>
				<l n="2" met="--+--++--+-" enjamb="I-ex_dobj_verb" cert="low">las mujeres que amé, cándidas, puras?</l>
				<l n="3" met="+--+-+---+-">Beben las unas heces y amarguras,</l>
				<l n="4" met="-+-+---+-+-">o yacen tristes en marmóreo lecho.</l>
				<param name="AffectiveFeatures">
					<attRef name="Hap_Mean">
						<content>10.63</content>
					</attRef>
					<attRef name="Hap_SD">
						<content>4.61</content>
					</attRef>
					<attRef name="Ang_Mean">
						<content>6.63</content>
					</attRef>
					<attRef name="Ang_SD">
						<content>4.39</content>
					</attRef>
					<attRef name="Sad_Mean">
						<content>9.77</content>
					</attRef>
					<attRef name="Sad_SD">
						<content>4.15</content>
					</attRef>
					<attRef name="Fear_Mean">
						<content>7.1</content>
					</attRef>
					<attRef name="Fear_SD">
						<content>4.15</content>
					</attRef>
					<attRef name="Disg_Mean">
						<content>5.66</content>
					</attRef>
					<attRef name="Disg_SD">
						<content>3.49</content>
					</attRef>
					<attRef name="n_affective">
						<content>4</content>
					</attRef>
					<attRef name="ValenceMean">
						<content>50.53</content>
					</attRef>
					<attRef name="ValenceSD">
						<content>14.07</content>
					</attRef>
					<attRef name="ArousalMean">
						<content>50.82</content>
					</attRef>
					<attRef name="ArousalSD">
						<content>19.11</content>
					</attRef>
					<attRef name="n_v_a">
						<content>10</content>
					</attRef>
					<attRef name="Max_Aro">
						<content>6.6</content>
					</attRef>
					<attRef name="Min_Aro">
						<content>3.65</content>
					</attRef>
					<attRef name="ArousalSpan">
						<content>2.95</content>
					</attRef>
					<attRef name="Max_Val">
						<content>7.28</content>
					</attRef>
					<attRef name="Min_Val">
						<content>1.8</content>
					</attRef>
					<attRef name="ValenceSpan">
						<content>5.48</content>
					</attRef>
					<attRef name="CorAro">
						<content>-0.1706</content>
					</attRef>
					<attRef name="CorVal">
						<content>-0.7791</content>
					</attRef>
					<attRef name="averageAoA">
						<content>49.17</content>
					</attRef>
					<attRef name="sdAOA">
						<content>14.65</content>
					</attRef>
					<attRef name="MinAoA">
						<content>17.0</content>
					</attRef>
					<attRef name="MaxAoA">
						<content>80.0</content>
					</attRef>
					<attRef name="OralFreq_Log">
						<content>20.58</content>
					</attRef>
					<attRef name="WrittenFreq_Log">
						<content>24.59</content>
					</attRef>
					<attRef name="n_aoa">
						<content>9</content>
					</attRef>
					<attRef name="Max_AoA">
						<content>9.22</content>
					</attRef>
					<attRef name="Min_AoA">
						<content>2.2</content>
					</attRef>
					<attRef name="AoASpan">
						<content>7.02</content>
					</attRef>
					<attRef name="Max_sdAOA">
						<content>1.964</content>
					</attRef>
					<attRef name="Min_sdAOA">
						<content>0.743</content>
					</attRef>
					<attRef name="sdAOASpan">
						<content>1.221</content>
					</attRef>
					<attRef name="Max_logOralFreq">
						<content>3.684</content>
					</attRef>
					<attRef name="Min_logOralFreq">
						<content>0.778</content>
					</attRef>
					<attRef name="logOralFreqSpan">
						<content>2.906</content>
					</attRef>
					<attRef name="Max_logWrittenFreq">
						<content>3.669</content>
					</attRef>
					<attRef name="Min_logWrittenFreq">
						<content>1.875</content>
					</attRef>
					<attRef name="logWrittenFreqSpan">
						<content>1.794</content>
					</attRef>
					<attRef name="CorAoA">
						<content>0.274</content>
					</attRef>
				</param>
			</lg>
			<lg n="2" type="cuarteto">
				<l n="5" met="-+-+---+-+-">En rico carro, bajo ebúrneo techo,</l>
				<l n="6" met="-+-+-+---+-">rameras otras, pérfidas, impuras,</l>
				<l n="7" met="+--+-+---+-">van a vender sus yertas hermosuras,</l>
				<l n="8" met="-+-+---+-+-">sus secos labios, su insensible pecho.</l>
				<param name="AffectiveFeatures">
					<attRef name="Hap_Mean">
						<content>1.33</content>
					</attRef>
					<attRef name="Hap_SD">
						<content>0.76</content>
					</attRef>
					<attRef name="Ang_Mean">
						<content>1.17</content>
					</attRef>
					<attRef name="Ang_SD">
						<content>0.53</content>
					</attRef>
					<attRef name="Sad_Mean">
						<content>1.27</content>
					</attRef>
					<attRef name="Sad_SD">
						<content>0.64</content>
					</attRef>
					<attRef name="Fear_Mean">
						<content>1.23</content>
					</attRef>
					<attRef name="Fear_SD">
						<content>0.68</content>
					</attRef>
					<attRef name="Disg_Mean">
						<content>1.2</content>
					</attRef>
					<attRef name="Disg_SD">
						<content>0.55</content>
					</attRef>
					<attRef name="n_affective">
						<content>1</content>
					</attRef>
					<attRef name="ValenceMean">
						<content>62.88</content>
					</attRef>
					<attRef name="ValenceSD">
						<content>15.19</content>
					</attRef>
					<attRef name="ArousalMean">
						<content>63.9</content>
					</attRef>
					<attRef name="ArousalSD">
						<content>16.86</content>
					</attRef>
					<attRef name="n_v_a">
						<content>12</content>
					</attRef>
					<attRef name="Max_Aro">
						<content>6.35</content>
					</attRef>
					<attRef name="Min_Aro">
						<content>4.1</content>
					</attRef>
					<attRef name="ArousalSpan">
						<content>2.25</content>
					</attRef>
					<attRef name="Max_Val">
						<content>7.5</content>
					</attRef>
					<attRef name="Min_Val">
						<content>2.15</content>
					</attRef>
					<attRef name="ValenceSpan">
						<content>5.35</content>
					</attRef>
					<attRef name="CorAro">
						<content>-0.0087</content>
					</attRef>
					<attRef name="CorVal">
						<content>-0.169</content>
					</attRef>
					<attRef name="averageAoA">
						<content>49.58</content>
					</attRef>
					<attRef name="sdAOA">
						<content>19.88</content>
					</attRef>
					<attRef name="MinAoA">
						<content>12.0</content>
					</attRef>
					<attRef name="MaxAoA">
						<content>98.0</content>
					</attRef>
					<attRef name="OralFreq_Log">
						<content>17.23</content>
					</attRef>
					<attRef name="WrittenFreq_Log">
						<content>21.86</content>
					</attRef>
					<attRef name="n_aoa">
						<content>10</content>
					</attRef>
					<attRef name="Max_AoA">
						<content>7.4</content>
					</attRef>
					<attRef name="Min_AoA">
						<content>4.06</content>
					</attRef>
					<attRef name="AoASpan">
						<content>3.34</content>
					</attRef>
					<attRef name="Max_sdAOA">
						<content>2.286</content>
					</attRef>
					<attRef name="Min_sdAOA">
						<content>1.596</content>
					</attRef>
					<attRef name="sdAOASpan">
						<content>0.69</content>
					</attRef>
					<attRef name="Max_logOralFreq">
						<content>3.27</content>
					</attRef>
					<attRef name="Min_logOralFreq">
						<content>0.699</content>
					</attRef>
					<attRef name="logOralFreqSpan">
						<content>2.571</content>
					</attRef>
					<attRef name="Max_logWrittenFreq">
						<content>3.029</content>
					</attRef>
					<attRef name="Min_logWrittenFreq">
						<content>1.568</content>
					</attRef>
					<attRef name="logWrittenFreqSpan">
						<content>1.461</content>
					</attRef>
					<attRef name="CorAoA">
						<content>0.403</content>
					</attRef>
				</param>
			</lg>
			<lg n="3" type="terceto">
				<l n="9" met="+-+--+---+-">Todas ya sin amor, sin emociones,</l>
				<l n="10" met="+-+--+---+-">a una dicha tristísima, mentida,</l>
				<l n="11" met="-+---+---+-">rindieron sus ardientes corazones.</l>
				<param name="AffectiveFeatures">
					<attRef name="Hap_Mean">
						<content>12.9</content>
					</attRef>
					<attRef name="Hap_SD">
						<content>4.06</content>
					</attRef>
					<attRef name="Ang_Mean">
						<content>8.03</content>
					</attRef>
					<attRef name="Ang_SD">
						<content>3.88</content>
					</attRef>
					<attRef name="Sad_Mean">
						<content>8.66</content>
					</attRef>
					<attRef name="Sad_SD">
						<content>4.33</content>
					</attRef>
					<attRef name="Fear_Mean">
						<content>7.77</content>
					</attRef>
					<attRef name="Fear_SD">
						<content>4.59</content>
					</attRef>
					<attRef name="Disg_Mean">
						<content>6.34</content>
					</attRef>
					<attRef name="Disg_SD">
						<content>3.12</content>
					</attRef>
					<attRef name="n_affective">
						<content>4</content>
					</attRef>
					<attRef name="ValenceMean">
						<content>41.55</content>
					</attRef>
					<attRef name="ValenceSD">
						<content>10.7</content>
					</attRef>
					<attRef name="ArousalMean">
						<content>42.73</content>
					</attRef>
					<attRef name="ArousalSD">
						<content>12.88</content>
					</attRef>
					<attRef name="n_v_a">
						<content>7</content>
					</attRef>
					<attRef name="Max_Aro">
						<content>7.45</content>
					</attRef>
					<attRef name="Min_Aro">
						<content>5.1</content>
					</attRef>
					<attRef name="ArousalSpan">
						<content>2.35</content>
					</attRef>
					<attRef name="Max_Val">
						<content>8.4</content>
					</attRef>
					<attRef name="Min_Val">
						<content>1.95</content>
					</attRef>
					<attRef name="ValenceSpan">
						<content>6.45</content>
					</attRef>
					<attRef name="CorAro">
						<content>0.4624</content>
					</attRef>
					<attRef name="CorVal">
						<content>-0.347</content>
					</attRef>
					<attRef name="averageAoA">
						<content>30.95</content>
					</attRef>
					<attRef name="sdAOA">
						<content>11.88</content>
					</attRef>
					<attRef name="MinAoA">
						<content>9.33</content>
					</attRef>
					<attRef name="MaxAoA">
						<content>58.67</content>
					</attRef>
					<attRef name="OralFreq_Log">
						<content>15.55</content>
					</attRef>
					<attRef name="WrittenFreq_Log">
						<content>16.71</content>
					</attRef>
					<attRef name="n_aoa">
						<content>6</content>
					</attRef>
					<attRef name="Max_AoA">
						<content>8.58</content>
					</attRef>
					<attRef name="Min_AoA">
						<content>3.54</content>
					</attRef>
					<attRef name="AoASpan">
						<content>5.04</content>
					</attRef>
					<attRef name="Max_sdAOA">
						<content>2.819</content>
					</attRef>
					<attRef name="Min_sdAOA">
						<content>1.218</content>
					</attRef>
					<attRef name="sdAOASpan">
						<content>1.601</content>
					</attRef>
					<attRef name="Max_logOralFreq">
						<content>3.974</content>
					</attRef>
					<attRef name="Min_logOralFreq">
						<content>1.114</content>
					</attRef>
					<attRef name="logOralFreqSpan">
						<content>2.86</content>
					</attRef>
					<attRef name="Max_logWrittenFreq">
						<content>3.888</content>
					</attRef>
					<attRef name="Min_logWrittenFreq">
						<content>1.5593333333333332</content>
					</attRef>
					<attRef name="logWrittenFreqSpan">
						<content>2.3287</content>
					</attRef>
					<attRef name="CorAoA">
						<content>0.5214</content>
					</attRef>
				</param>
			</lg>
			<lg n="4" type="terceto">
				<l n="12" met="+--+---+-+-">¡Pálidas sombras de ilusión perdida,</l>
				<l n="13" met="-++--+---+-">dejadme sin mis fúlgidas visiones,</l>
				<l n="14" met="---+---+-+-">pero pasad, aunque llevéis mi vida.!</l>
				<param name="AffectiveFeatures">
					<attRef name="Hap_Mean">
						<content>8.47</content>
					</attRef>
					<attRef name="Hap_SD">
						<content>2.9</content>
					</attRef>
					<attRef name="Ang_Mean">
						<content>6.03</content>
					</attRef>
					<attRef name="Ang_SD">
						<content>3.85</content>
					</attRef>
					<attRef name="Sad_Mean">
						<content>9.3</content>
					</attRef>
					<attRef name="Sad_SD">
						<content>3.57</content>
					</attRef>
					<attRef name="Fear_Mean">
						<content>8.17</content>
					</attRef>
					<attRef name="Fear_SD">
						<content>3.11</content>
					</attRef>
					<attRef name="Disg_Mean">
						<content>4.3</content>
					</attRef>
					<attRef name="Disg_SD">
						<content>3.13</content>
					</attRef>
					<attRef name="n_affective">
						<content>3</content>
					</attRef>
					<attRef name="ValenceMean">
						<content>34.25</content>
					</attRef>
					<attRef name="ValenceSD">
						<content>7.35</content>
					</attRef>
					<attRef name="ArousalMean">
						<content>35.43</content>
					</attRef>
					<attRef name="ArousalSD">
						<content>10.77</content>
					</attRef>
					<attRef name="n_v_a">
						<content>6</content>
					</attRef>
					<attRef name="Max_Aro">
						<content>6.6</content>
					</attRef>
					<attRef name="Min_Aro">
						<content>4.85</content>
					</attRef>
					<attRef name="ArousalSpan">
						<content>1.75</content>
					</attRef>
					<attRef name="Max_Val">
						<content>8.25</content>
					</attRef>
					<attRef name="Min_Val">
						<content>3.15</content>
					</attRef>
					<attRef name="ValenceSpan">
						<content>5.1</content>
					</attRef>
					<attRef name="CorAro">
						<content>-0.3619</content>
					</attRef>
					<attRef name="CorVal">
						<content>0.4884</content>
					</attRef>
					<attRef name="averageAoA">
						<content>32.94</content>
					</attRef>
					<attRef name="sdAOA">
						<content>11.66</content>
					</attRef>
					<attRef name="MinAoA">
						<content>10.0</content>
					</attRef>
					<attRef name="MaxAoA">
						<content>59.0</content>
					</attRef>
					<attRef name="OralFreq_Log">
						<content>16.94</content>
					</attRef>
					<attRef name="WrittenFreq_Log">
						<content>18.27</content>
					</attRef>
					<attRef name="n_aoa">
						<content>6</content>
					</attRef>
					<attRef name="Max_AoA">
						<content>6.7</content>
					</attRef>
					<attRef name="Min_AoA">
						<content>4.56</content>
					</attRef>
					<attRef name="AoASpan">
						<content>2.14</content>
					</attRef>
					<attRef name="Max_sdAOA">
						<content>2.133</content>
					</attRef>
					<attRef name="Min_sdAOA">
						<content>1.799</content>
					</attRef>
					<attRef name="sdAOASpan">
						<content>0.334</content>
					</attRef>
					<attRef name="Max_logOralFreq">
						<content>3.436</content>
					</attRef>
					<attRef name="Min_logOralFreq">
						<content>2.167</content>
					</attRef>
					<attRef name="logOralFreqSpan">
						<content>1.269</content>
					</attRef>
					<attRef name="Max_logWrittenFreq">
						<content>3.678</content>
					</attRef>
					<attRef name="Min_logWrittenFreq">
						<content>2.332</content>
					</attRef>
					<attRef name="logWrittenFreqSpan">
						<content>1.346</content>
					</attRef>
					<attRef name="CorAoA">
						<content>-0.4545</content>
					</attRef>
				</param>
			</lg>
			<param name="AffectiveFeatures">
				<attRef name="Hap_Mean">
					<content>33.33</content>
				</attRef>
				<attRef name="Hap_SD">
					<content>12.33</content>
				</attRef>
				<attRef name="Ang_Mean">
					<content>21.86</content>
				</attRef>
				<attRef name="Ang_SD">
					<content>12.65</content>
				</attRef>
				<attRef name="Sad_Mean">
					<content>29.0</content>
				</attRef>
				<attRef name="Sad_SD">
					<content>12.69</content>
				</attRef>
				<attRef name="Fear_Mean">
					<content>24.27</content>
				</attRef>
				<attRef name="Fear_SD">
					<content>12.53</content>
				</attRef>
				<attRef name="Disg_Mean">
					<content>17.5</content>
				</attRef>
				<attRef name="Disg_SD">
					<content>10.29</content>
				</attRef>
				<attRef name="n_affective">
					<content>12</content>
				</attRef>
				<attRef name="ValenceMean">
					<content>189.21</content>
				</attRef>
				<attRef name="ValenceSD">
					<content>47.31</content>
				</attRef>
				<attRef name="ArousalMean">
					<content>192.88</content>
				</attRef>
				<attRef name="ArousalSD">
					<content>59.62</content>
				</attRef>
				<attRef name="n_v_a">
					<content>35</content>
				</attRef>
				<attRef name="Max_Aro">
					<content>7.45</content>
				</attRef>
				<attRef name="Min_Aro">
					<content>3.65</content>
				</attRef>
				<attRef name="ArousalSpan">
					<content>3.8</content>
				</attRef>
				<attRef name="Max_Val">
					<content>8.4</content>
				</attRef>
				<attRef name="Min_Val">
					<content>1.8</content>
				</attRef>
				<attRef name="ValenceSpan">
					<content>6.6</content>
				</attRef>
				<attRef name="CorAro">
					<content>0.3986</content>
				</attRef>
				<attRef name="CorVal">
					<content>0.0871</content>
				</attRef>
				<attRef name="averageAoA">
					<content>162.64</content>
				</attRef>
				<attRef name="sdAOA">
					<content>58.07</content>
				</attRef>
				<attRef name="MinAoA">
					<content>48.33</content>
				</attRef>
				<attRef name="MaxAoA">
					<content>295.67</content>
				</attRef>
				<attRef name="OralFreq_Log">
					<content>70.3</content>
				</attRef>
				<attRef name="WrittenFreq_Log">
					<content>81.44</content>
				</attRef>
				<attRef name="n_aoa">
					<content>31</content>
				</attRef>
				<attRef name="Max_AoA">
					<content>9.22</content>
				</attRef>
				<attRef name="Min_AoA">
					<content>2.2</content>
				</attRef>
				<attRef name="AoASpan">
					<content>7.02</content>
				</attRef>
				<attRef name="Max_sdAOA">
					<content>2.819</content>
				</attRef>
				<attRef name="Min_sdAOA">
					<content>0.743</content>
				</attRef>
				<attRef name="sdAOASpan">
					<content>2.076</content>
				</attRef>
				<attRef name="Max_logOralFreq">
					<content>3.974</content>
				</attRef>
				<attRef name="Min_logOralFreq">
					<content>0.699</content>
				</attRef>
				<attRef name="logOralFreqSpan">
					<content>3.275</content>
				</attRef>
				<attRef name="Max_logWrittenFreq">
					<content>3.888</content>
				</attRef>
				<attRef name="Min_logWrittenFreq">
					<content>1.5593333333333332</content>
				</attRef>
				<attRef name="logWrittenFreqSpan">
					<content>2.3287</content>
				</attRef>
				<attRef name="CorAoA">
					<content>0.0682</content>
				</attRef>
			</param>
		</body>
	</text>
</TEI>