<?xml version="1.0" encoding="utf-8"?>
<TEI xmlns="http://www.tei-c.org/ns/1.0">
	<teiHeader>
		<fileDesc>
			<titleStmt about="disco:po_380g0850">
				<title property="dc:title">A Francisco Núñez</title>
				<author property="dc:creator" resource="disco:380g" corresp="#disco_380g">Pedro Bermúdez</author>
				<principal xml:id="prf">Pablo Ruiz Fabo</principal>
				<principal xml:id="heb">Helena Bermúdez Sabel</principal>
				<principal xml:id="jct">José Calvo Tello</principal>
				<principal xml:id="cimc">Clara Isabel Martínez Cantón</principal>
				<respStmt>
					<resp>Metrical annotation by</resp>
					<name xml:id="bnc">Borja Navarro Colorado</name>
				</respStmt>
			</titleStmt>
			<extent>
				<measure unit="sonnets">1</measure>
				<measure unit="tokens">94</measure>
				<measure unit="line">14</measure>
			</extent>
			<publicationStmt>
				<publisher>Diachronic Spanish Sonnet Corpus</publisher>
				<authority>POSTDATA Project</authority>
				<pubPlace>Madrid</pubPlace>
				<availability status="free">
					<p>The text is freely available</p>
				</availability>
				<date when="2017">2017</date>
				<idno type="#disco" xml:id="file_po_380g0850"></idno>
			</publicationStmt>
			<sourceDesc>
				<bibl type="digital-source">
					<hi rend="italics">Sonetos del siglo XV al XVII</hi>
					<date when="2006">2006</date>
					<ref target="http://www.cervantesvirtual.com/nd/ark:/59851/bmc2r439"></ref>
					<ref target="http://www.cervantesvirtual.com/obra/sonetos-del-siglo-xv-al-xvii--0/"></ref>
Biblioteca Cervantes Virtual,  / editados por Ramón García González, , , .				</bibl>
			</sourceDesc>
		</fileDesc>
		<profileDesc>
			<langUsage>
				<language ident="es" about="disco:po_380g0850" property="dc:language" resource="dbpedia:Idioma_español">Spanish</language>
			</langUsage>
			<particDesc>
				<listPerson>
					<person xml:id="disco_380g" about="disco:380g" typeOf="foaf:Person">
						<idno cert="high" property="rdfs:seeAlso" resource="https://viaf.org/viaf/22347923"></idno>
						<persName type="short">Bermúdez</persName>
						<persName type="full">
							<forename property="foaf:givenName">Pedro</forename>
							<surname property="foaf:familyName">Bermúdez</surname>
						</persName>
						<persName type="source" property="foaf:name">Pedro Bermúdez</persName>
						<sex property="foaf:gender" content="M"></sex>
						<birth>
							<location>
								<placeName>
									<country property="schema:birthPlace" inlist="">España</country>
									<bloc property="schema:birthPlace" inlist="">Europa</bloc>
								</placeName>
							</location>
							<date type="century">16</date>
						</birth>
						<death>
							<date type="century">16</date>
						</death>
						<listBibl inlist="" rel="blterms:hasCreated" typeOf="schema:CreativeWork">
							<bibl resource="disco:s380g0850">
								<title property="dc:title">A Francisco Núñez</title>
								<title type="incipit" property="dc:alternative">Magnífico señor, yo no defiendo</title>
							</bibl>
						</listBibl>
					</person>
				</listPerson>
			</particDesc>
		</profileDesc>
		<encodingDesc>
			<listPrefixDef>
				<prefixDef ident="foaf" matchPattern="([A-Za-z]+)" replacementPattern="http://xmlns.com/foaf/0.1/$1"></prefixDef>
				<prefixDef ident="dc" matchPattern="([A-Za-z]+)" replacementPattern="http://purl.org/dc/terms/$1"></prefixDef>
				<prefixDef ident="schema" matchPattern="([A-Za-z]+)" replacementPattern="http://schema.org/$1"></prefixDef>
				<prefixDef ident="dbpedia" matchPattern="([A-Za-z]+(_[A-Za-z])*)" replacementPattern="http://es.dbpedia.org/page/"></prefixDef>
				<prefixDef ident="blterms" matchPattern="([A-Za-z]+)" replacementPattern="http://www.bl.uk/schemas/bibliographic/blterms#$1"></prefixDef>
				<prefixDef ident="rdfs" matchPattern="([A-Za-z]+)" replacementPattern="http://www.w3.org/2000/01/rdf-schema#$1"></prefixDef>
			</listPrefixDef>
			<metDecl type="met" pattern="((\+|\-)+)*">
				<metSym value="+">stressed syllable</metSym>
				<metSym value="-">unstressed syllable</metSym>
			</metDecl>
			<metDecl type="met">
				<p>
					<ref target="https://github.com/bncolorado/adsoScansionSystem">ADSO</ref>
The metrical patterns were extracted automatically using the 
                    tool.				</p>
			</metDecl>
			<metDecl type="enjamb">
				<p>
					<att>enjamb</att>
					<att>cert</att>
					<ref target="https://sites.google.com/site/spanishenjambment/">ANJA
                        (Automatic eNJambment Analysis)</ref>
					<ref target="https://sites.google.com/site/spanishenjambment/enjambment-types">documentation</ref>
					<ref target="https://sites.google.com/site/spanishenjambment/tei-certitude-values">report</ref>
The values of the  atributes were extracted automatically using
                    the  tool. For more information about the
                    types of enjambment as defined in this corpus, read the . In addition, a  was added to express the
                    degree of certainty concerning the characterisation of the enjambment. The following 
                     covers this feature in deep detail.				</p>
			</metDecl>
		</encodingDesc>
		<revisionDesc>
			<change when="2017-11-02" who="#prf">Initial TEI version</change>
			<change when="2017-11-27" who="#prf">Addition of metrical annotation</change>
			<change when="2017-11-27" who="#heb">Review of authors’ metadata</change>
			<change when="2017-12-01" who="#prf">Encoding of enjambment</change>
			<change when="2017-12-01" who="#heb">Publication of 19th, 18th and Golden Age version</change>
			<change when="2018-05-16" who="#heb">Revision of RDFa attributes</change>
		</revisionDesc>
	</teiHeader>
	<text>
		<front>
			<head>A Francisco Núñez</head>
		</front>
		<body>
			<lg n="1" type="cuarteto">
				<l n="1" met="-+---+++-+-" enjamb="B-pb_verb_adv" cert="medium">Magnífico señor, yo no defiendo</l>
				<l n="2" met="+--+-+---+-" enjamb="I-pb_verb_adv" cert="medium">ni favorezco caso deshonesto,</l>
				<l n="3" met="----++-+-+-">sino con amor limpio y muy honesto</l>
				<l n="4" met="--+-++-+++-">como Alpino le entiende y yo le entiendo.</l>
				<param name="AffectiveFeatures">
					<attRef name="Hap_Mean">
						<content>10.67</content>
					</attRef>
					<attRef name="Hap_SD">
						<content>3.04</content>
					</attRef>
					<attRef name="Ang_Mean">
						<content>4.33</content>
					</attRef>
					<attRef name="Ang_SD">
						<content>2.4</content>
					</attRef>
					<attRef name="Sad_Mean">
						<content>4.87</content>
					</attRef>
					<attRef name="Sad_SD">
						<content>2.69</content>
					</attRef>
					<attRef name="Fear_Mean">
						<content>5.44</content>
					</attRef>
					<attRef name="Fear_SD">
						<content>3.25</content>
					</attRef>
					<attRef name="Disg_Mean">
						<content>3.34</content>
					</attRef>
					<attRef name="Disg_SD">
						<content>1.11</content>
					</attRef>
					<attRef name="n_affective">
						<content>3</content>
					</attRef>
					<attRef name="ValenceMean">
						<content>69.01</content>
					</attRef>
					<attRef name="ValenceSD">
						<content>11.76</content>
					</attRef>
					<attRef name="ArousalMean">
						<content>51.93</content>
					</attRef>
					<attRef name="ArousalSD">
						<content>17.95</content>
					</attRef>
					<attRef name="n_v_a">
						<content>10</content>
					</attRef>
					<attRef name="Max_Aro">
						<content>6.4</content>
					</attRef>
					<attRef name="Min_Aro">
						<content>3.45</content>
					</attRef>
					<attRef name="ArousalSpan">
						<content>2.95</content>
					</attRef>
					<attRef name="Max_Val">
						<content>8.4</content>
					</attRef>
					<attRef name="Min_Val">
						<content>5.5</content>
					</attRef>
					<attRef name="ValenceSpan">
						<content>2.9</content>
					</attRef>
					<attRef name="CorAro">
						<content>-0.6938</content>
					</attRef>
					<attRef name="CorVal">
						<content>-0.1154</content>
					</attRef>
					<attRef name="averageAoA">
						<content>53.14</content>
					</attRef>
					<attRef name="sdAOA">
						<content>18.16</content>
					</attRef>
					<attRef name="MinAoA">
						<content>18.0</content>
					</attRef>
					<attRef name="MaxAoA">
						<content>90.0</content>
					</attRef>
					<attRef name="OralFreq_Log">
						<content>22.3</content>
					</attRef>
					<attRef name="WrittenFreq_Log">
						<content>23.99</content>
					</attRef>
					<attRef name="n_aoa">
						<content>9</content>
					</attRef>
					<attRef name="Max_AoA">
						<content>8.7</content>
					</attRef>
					<attRef name="Min_AoA">
						<content>3.86</content>
					</attRef>
					<attRef name="AoASpan">
						<content>4.84</content>
					</attRef>
					<attRef name="Max_sdAOA">
						<content>2.819</content>
					</attRef>
					<attRef name="Min_sdAOA">
						<content>1.471</content>
					</attRef>
					<attRef name="sdAOASpan">
						<content>1.348</content>
					</attRef>
					<attRef name="Max_logOralFreq">
						<content>3.472</content>
					</attRef>
					<attRef name="Min_logOralFreq">
						<content>1.176</content>
					</attRef>
					<attRef name="logOralFreqSpan">
						<content>2.296</content>
					</attRef>
					<attRef name="Max_logWrittenFreq">
						<content>3.4960000000000004</content>
					</attRef>
					<attRef name="Min_logWrittenFreq">
						<content>1.204</content>
					</attRef>
					<attRef name="logWrittenFreqSpan">
						<content>2.292</content>
					</attRef>
					<attRef name="CorAoA">
						<content>0.1483</content>
					</attRef>
				</param>
			</lg>
			<lg n="2" type="cuarteto">
				<l n="5" met="-+---+-+-+-" enjamb="B-ex_dobj_verb" cert="low">Y así en lo que escribo no pretendo</l>
				<l n="6" met="---+-+--++-" enjamb="B-ex_dobj_verb I-ex_dobj_verb" cert="low low">sino mostralle el punto en que está puesto</l>
				<l n="7" met="--+--+---+-" enjamb="B-ex_subj_verb I-ex_dobj_verb" cert="low low">y la causa y razón que para esto</l>
				<l n="8" met="++--++-+-+-" enjamb="I-ex_subj_verb" cert="low">le sobra, por ser tal se la encomiendo.</l>
				<param name="AffectiveFeatures">
					<attRef name="n_affective">
						<content>0</content>
					</attRef>
					<attRef name="ValenceMean">
						<content>60.51</content>
					</attRef>
					<attRef name="ValenceSD">
						<content>11.19</content>
					</attRef>
					<attRef name="ArousalMean">
						<content>54.95</content>
					</attRef>
					<attRef name="ArousalSD">
						<content>15.64</content>
					</attRef>
					<attRef name="n_v_a">
						<content>11</content>
					</attRef>
					<attRef name="Max_Aro">
						<content>5.75</content>
					</attRef>
					<attRef name="Min_Aro">
						<content>4.5</content>
					</attRef>
					<attRef name="ArousalSpan">
						<content>1.25</content>
					</attRef>
					<attRef name="Max_Val">
						<content>6.95</content>
					</attRef>
					<attRef name="Min_Val">
						<content>4.0</content>
					</attRef>
					<attRef name="ValenceSpan">
						<content>2.95</content>
					</attRef>
					<attRef name="CorAro">
						<content>-0.1686</content>
					</attRef>
					<attRef name="CorVal">
						<content>0.1675</content>
					</attRef>
					<attRef name="averageAoA">
						<content>62.49</content>
					</attRef>
					<attRef name="sdAOA">
						<content>20.83</content>
					</attRef>
					<attRef name="MinAoA">
						<content>22.0</content>
					</attRef>
					<attRef name="MaxAoA">
						<content>104.0</content>
					</attRef>
					<attRef name="OralFreq_Log">
						<content>28.67</content>
					</attRef>
					<attRef name="WrittenFreq_Log">
						<content>30.55</content>
					</attRef>
					<attRef name="n_aoa">
						<content>10</content>
					</attRef>
					<attRef name="Max_AoA">
						<content>8.82</content>
					</attRef>
					<attRef name="Min_AoA">
						<content>3.9</content>
					</attRef>
					<attRef name="AoASpan">
						<content>4.92</content>
					</attRef>
					<attRef name="Max_sdAOA">
						<content>2.719</content>
					</attRef>
					<attRef name="Min_sdAOA">
						<content>1.182</content>
					</attRef>
					<attRef name="sdAOASpan">
						<content>1.537</content>
					</attRef>
					<attRef name="Max_logOralFreq">
						<content>3.731</content>
					</attRef>
					<attRef name="Min_logOralFreq">
						<content>1.255</content>
					</attRef>
					<attRef name="logOralFreqSpan">
						<content>2.476</content>
					</attRef>
					<attRef name="Max_logWrittenFreq">
						<content>3.924</content>
					</attRef>
					<attRef name="Min_logWrittenFreq">
						<content>1.763</content>
					</attRef>
					<attRef name="logWrittenFreqSpan">
						<content>2.161</content>
					</attRef>
					<attRef name="CorAoA">
						<content>0.3628</content>
					</attRef>
				</param>
			</lg>
			<lg n="3" type="terceto">
				<l n="9" met="+-+-+----+-" enjamb="B-ex_subj_verb" cert="low">Que acto tan insigne y virtuoso</l>
				<l n="10" met="++---+-+-+-" enjamb="I-ex_subj_verb" cert="low">no es justo que ninguno le resista,</l>
				<l n="11" met="-+--++-+-+-">y menos quien no sabe aquel secreto.</l>
				<param name="AffectiveFeatures">
					<attRef name="Hap_Mean">
						<content>2.03</content>
					</attRef>
					<attRef name="Hap_SD">
						<content>1.16</content>
					</attRef>
					<attRef name="Ang_Mean">
						<content>1.27</content>
					</attRef>
					<attRef name="Ang_SD">
						<content>0.69</content>
					</attRef>
					<attRef name="Sad_Mean">
						<content>1.17</content>
					</attRef>
					<attRef name="Sad_SD">
						<content>0.46</content>
					</attRef>
					<attRef name="Fear_Mean">
						<content>1.43</content>
					</attRef>
					<attRef name="Fear_SD">
						<content>0.82</content>
					</attRef>
					<attRef name="Disg_Mean">
						<content>1.13</content>
					</attRef>
					<attRef name="Disg_SD">
						<content>0.51</content>
					</attRef>
					<attRef name="n_affective">
						<content>1</content>
					</attRef>
					<attRef name="ValenceMean">
						<content>56.68</content>
					</attRef>
					<attRef name="ValenceSD">
						<content>9.97</content>
					</attRef>
					<attRef name="ArousalMean">
						<content>50.35</content>
					</attRef>
					<attRef name="ArousalSD">
						<content>15.88</content>
					</attRef>
					<attRef name="n_v_a">
						<content>10</content>
					</attRef>
					<attRef name="Max_Aro">
						<content>6.4</content>
					</attRef>
					<attRef name="Min_Aro">
						<content>4.25</content>
					</attRef>
					<attRef name="ArousalSpan">
						<content>2.15</content>
					</attRef>
					<attRef name="Max_Val">
						<content>7.55</content>
					</attRef>
					<attRef name="Min_Val">
						<content>3.45</content>
					</attRef>
					<attRef name="ValenceSpan">
						<content>4.1</content>
					</attRef>
					<attRef name="CorAro">
						<content>-0.0013</content>
					</attRef>
					<attRef name="CorVal">
						<content>-0.043</content>
					</attRef>
					<attRef name="averageAoA">
						<content>45.17</content>
					</attRef>
					<attRef name="sdAOA">
						<content>15.69</content>
					</attRef>
					<attRef name="MinAoA">
						<content>14.0</content>
					</attRef>
					<attRef name="MaxAoA">
						<content>82.0</content>
					</attRef>
					<attRef name="OralFreq_Log">
						<content>21.76</content>
					</attRef>
					<attRef name="WrittenFreq_Log">
						<content>23.96</content>
					</attRef>
					<attRef name="n_aoa">
						<content>8</content>
					</attRef>
					<attRef name="Max_AoA">
						<content>8.16</content>
					</attRef>
					<attRef name="Min_AoA">
						<content>4.32</content>
					</attRef>
					<attRef name="AoASpan">
						<content>3.84</content>
					</attRef>
					<attRef name="Max_sdAOA">
						<content>2.488</content>
					</attRef>
					<attRef name="Min_sdAOA">
						<content>1.08</content>
					</attRef>
					<attRef name="sdAOASpan">
						<content>1.408</content>
					</attRef>
					<attRef name="Max_logOralFreq">
						<content>3.529</content>
					</attRef>
					<attRef name="Min_logOralFreq">
						<content>2.173</content>
					</attRef>
					<attRef name="logOralFreqSpan">
						<content>1.356</content>
					</attRef>
					<attRef name="Max_logWrittenFreq">
						<content>3.783</content>
					</attRef>
					<attRef name="Min_logWrittenFreq">
						<content>2.512</content>
					</attRef>
					<attRef name="logWrittenFreqSpan">
						<content>1.271</content>
					</attRef>
					<attRef name="CorAoA">
						<content>-0.5065</content>
					</attRef>
				</param>
			</lg>
			<lg n="4" type="terceto">
				<l n="12" met="-+-+-+---+-">Por do sería juicio temeroso</l>
				<l n="13" met="-+-+---+-+-" enjamb="B-pb_adj_noun" cert="medium">constando clara la experiencia y vista</l>
				<l n="14" met="-+---+---+-" enjamb="I-pb_adj_noun" cert="medium">mudar ni las palabras ni el sujeto.</l>
				<param name="AffectiveFeatures">
					<attRef name="Hap_Mean">
						<content>4.2</content>
					</attRef>
					<attRef name="Hap_SD">
						<content>2.13</content>
					</attRef>
					<attRef name="Ang_Mean">
						<content>2.93</content>
					</attRef>
					<attRef name="Ang_SD">
						<content>1.66</content>
					</attRef>
					<attRef name="Sad_Mean">
						<content>3.46</content>
					</attRef>
					<attRef name="Sad_SD">
						<content>1.8</content>
					</attRef>
					<attRef name="Fear_Mean">
						<content>4.3</content>
					</attRef>
					<attRef name="Fear_SD">
						<content>1.8</content>
					</attRef>
					<attRef name="Disg_Mean">
						<content>2.37</content>
					</attRef>
					<attRef name="Disg_SD">
						<content>0.95</content>
					</attRef>
					<attRef name="n_affective">
						<content>2</content>
					</attRef>
					<attRef name="ValenceMean">
						<content>51.75</content>
					</attRef>
					<attRef name="ValenceSD">
						<content>12.53</content>
					</attRef>
					<attRef name="ArousalMean">
						<content>52.7</content>
					</attRef>
					<attRef name="ArousalSD">
						<content>14.93</content>
					</attRef>
					<attRef name="n_v_a">
						<content>10</content>
					</attRef>
					<attRef name="Max_Aro">
						<content>7.3</content>
					</attRef>
					<attRef name="Min_Aro">
						<content>3.5</content>
					</attRef>
					<attRef name="ArousalSpan">
						<content>3.8</content>
					</attRef>
					<attRef name="Max_Val">
						<content>6.9</content>
					</attRef>
					<attRef name="Min_Val">
						<content>2.7</content>
					</attRef>
					<attRef name="ValenceSpan">
						<content>4.2</content>
					</attRef>
					<attRef name="CorAro">
						<content>-0.2539</content>
					</attRef>
					<attRef name="CorVal">
						<content>0.216</content>
					</attRef>
					<attRef name="averageAoA">
						<content>49.98</content>
					</attRef>
					<attRef name="sdAOA">
						<content>13.64</content>
					</attRef>
					<attRef name="MinAoA">
						<content>22.0</content>
					</attRef>
					<attRef name="MaxAoA">
						<content>77.0</content>
					</attRef>
					<attRef name="OralFreq_Log">
						<content>18.54</content>
					</attRef>
					<attRef name="WrittenFreq_Log">
						<content>20.73</content>
					</attRef>
					<attRef name="n_aoa">
						<content>8</content>
					</attRef>
					<attRef name="Max_AoA">
						<content>8.8</content>
					</attRef>
					<attRef name="Min_AoA">
						<content>2.24</content>
					</attRef>
					<attRef name="AoASpan">
						<content>6.56</content>
					</attRef>
					<attRef name="Max_sdAOA">
						<content>2.329</content>
					</attRef>
					<attRef name="Min_sdAOA">
						<content>1.098</content>
					</attRef>
					<attRef name="sdAOASpan">
						<content>1.231</content>
					</attRef>
					<attRef name="Max_logOralFreq">
						<content>3.813</content>
					</attRef>
					<attRef name="Min_logOralFreq">
						<content>1.0</content>
					</attRef>
					<attRef name="logOralFreqSpan">
						<content>2.813</content>
					</attRef>
					<attRef name="Max_logWrittenFreq">
						<content>3.869</content>
					</attRef>
					<attRef name="Min_logWrittenFreq">
						<content>1.556</content>
					</attRef>
					<attRef name="logWrittenFreqSpan">
						<content>2.313</content>
					</attRef>
					<attRef name="CorAoA">
						<content>0.0827</content>
					</attRef>
				</param>
			</lg>
			<param name="AffectiveFeatures">
				<attRef name="Hap_Mean">
					<content>16.9</content>
				</attRef>
				<attRef name="Hap_SD">
					<content>6.33</content>
				</attRef>
				<attRef name="Ang_Mean">
					<content>8.53</content>
				</attRef>
				<attRef name="Ang_SD">
					<content>4.75</content>
				</attRef>
				<attRef name="Sad_Mean">
					<content>9.5</content>
				</attRef>
				<attRef name="Sad_SD">
					<content>4.95</content>
				</attRef>
				<attRef name="Fear_Mean">
					<content>11.17</content>
				</attRef>
				<attRef name="Fear_SD">
					<content>5.87</content>
				</attRef>
				<attRef name="Disg_Mean">
					<content>6.84</content>
				</attRef>
				<attRef name="Disg_SD">
					<content>2.57</content>
				</attRef>
				<attRef name="n_affective">
					<content>6</content>
				</attRef>
				<attRef name="ValenceMean">
					<content>237.95</content>
				</attRef>
				<attRef name="ValenceSD">
					<content>45.45</content>
				</attRef>
				<attRef name="ArousalMean">
					<content>209.93</content>
				</attRef>
				<attRef name="ArousalSD">
					<content>64.4</content>
				</attRef>
				<attRef name="n_v_a">
					<content>41</content>
				</attRef>
				<attRef name="Max_Aro">
					<content>7.3</content>
				</attRef>
				<attRef name="Min_Aro">
					<content>3.45</content>
				</attRef>
				<attRef name="ArousalSpan">
					<content>3.85</content>
				</attRef>
				<attRef name="Max_Val">
					<content>8.4</content>
				</attRef>
				<attRef name="Min_Val">
					<content>2.7</content>
				</attRef>
				<attRef name="ValenceSpan">
					<content>5.7</content>
				</attRef>
				<attRef name="CorAro">
					<content>-0.0553</content>
				</attRef>
				<attRef name="CorVal">
					<content>-0.4018</content>
				</attRef>
				<attRef name="averageAoA">
					<content>210.78</content>
				</attRef>
				<attRef name="sdAOA">
					<content>68.31</content>
				</attRef>
				<attRef name="MinAoA">
					<content>76.0</content>
				</attRef>
				<attRef name="MaxAoA">
					<content>353.0</content>
				</attRef>
				<attRef name="OralFreq_Log">
					<content>91.27</content>
				</attRef>
				<attRef name="WrittenFreq_Log">
					<content>99.23</content>
				</attRef>
				<attRef name="n_aoa">
					<content>35</content>
				</attRef>
				<attRef name="Max_AoA">
					<content>8.82</content>
				</attRef>
				<attRef name="Min_AoA">
					<content>2.24</content>
				</attRef>
				<attRef name="AoASpan">
					<content>6.58</content>
				</attRef>
				<attRef name="Max_sdAOA">
					<content>2.819</content>
				</attRef>
				<attRef name="Min_sdAOA">
					<content>1.08</content>
				</attRef>
				<attRef name="sdAOASpan">
					<content>1.739</content>
				</attRef>
				<attRef name="Max_logOralFreq">
					<content>3.813</content>
				</attRef>
				<attRef name="Min_logOralFreq">
					<content>1.0</content>
				</attRef>
				<attRef name="logOralFreqSpan">
					<content>2.813</content>
				</attRef>
				<attRef name="Max_logWrittenFreq">
					<content>3.924</content>
				</attRef>
				<attRef name="Min_logWrittenFreq">
					<content>1.204</content>
				</attRef>
				<attRef name="logWrittenFreqSpan">
					<content>2.72</content>
				</attRef>
				<attRef name="CorAoA">
					<content>0.0324</content>
				</attRef>
			</param>
		</body>
	</text>
</TEI>