<?xml version="1.0" encoding="utf-8"?>
<TEI xmlns="http://www.tei-c.org/ns/1.0">
	<teiHeader>
		<fileDesc>
			<titleStmt about="disco:po_157n0482">
				<title property="dc:title">Fantasía hebrea</title>
				<author property="dc:creator" resource="disco:157n" corresp="#disco_157n">Federico Bermúdez y Ortega</author>
				<principal xml:id="prf">Pablo Ruiz Fabo</principal>
				<principal xml:id="heb">Helena Bermúdez Sabel</principal>
				<principal xml:id="jct">José Calvo Tello</principal>
				<principal xml:id="cimc">Clara Isabel Martínez Cantón</principal>
				<respStmt>
					<resp>Metrical annotation by</resp>
					<name xml:id="bnc">Borja Navarro Colorado</name>
				</respStmt>
			</titleStmt>
			<extent>
				<measure unit="sonnets">1</measure>
				<measure unit="tokens">111</measure>
				<measure unit="line">14</measure>
			</extent>
			<publicationStmt>
				<publisher>Diachronic Spanish Sonnet Corpus</publisher>
				<authority>POSTDATA Project</authority>
				<pubPlace>Madrid</pubPlace>
				<availability status="free">
					<p>The text is freely available</p>
				</availability>
				<date when="2017">2017</date>
				<idno type="#disco" xml:id="file_po_157n0482"></idno>
			</publicationStmt>
			<sourceDesc>
				<bibl type="digital-source">
					<hi rend="italics">Sonetos del siglo XIX</hi>
					<date when="2006">2006</date>
					<ref target="http://www.cervantesvirtual.com/nd/ark:/59851/bmc4q861"></ref>
					<ref target="http://www.cervantesvirtual.com/obra/sonetos-del-siglo-xix--0/"></ref>
Biblioteca Cervantes Virtual,  / editados por Ramón García González, , , .				</bibl>
			</sourceDesc>
		</fileDesc>
		<profileDesc>
			<langUsage>
				<language ident="es" about="disco:po_157n0482" property="dc:language" resource="dbpedia:Idioma_español">Spanish</language>
			</langUsage>
			<particDesc>
				<listPerson>
					<person xml:id="disco_157n" about="disco:157n" typeOf="foaf:Person">
						<persName type="short">Bermúdez y Ortega</persName>
						<persName type="full">
							<forename property="foaf:givenName">Federico</forename>
							<surname property="foaf:familyName">Bermúdez y Ortega</surname>
						</persName>
						<persName type="source" property="foaf:name">Federico Bermúdez y Ortega</persName>
						<sex property="foaf:gender" content="M"></sex>
						<birth>
							<location>
								<placeName>
									<country property="schema:birthPlace" inlist="">Puerto Rico</country>
									<bloc property="schema:birthPlace" inlist="">América</bloc>
								</placeName>
							</location>
							<date property="schema:birthDate" content="1848" cert="high"></date>
							<date type="century">19</date>
						</birth>
						<death>
							<date property="schema:deathDate" content="1921" cert="high"></date>
							<date type="century">20</date>
						</death>
						<listBibl inlist="" rel="blterms:hasCreated" typeOf="schema:CreativeWork">
							<bibl resource="disco:s157n0482">
								<title property="dc:title">Fantasía hebrea</title>
								<title type="incipit" property="dc:alternative">Sobre el negro prestigio de su lacia melena</title>
							</bibl>
						</listBibl>
					</person>
				</listPerson>
			</particDesc>
		</profileDesc>
		<encodingDesc>
			<listPrefixDef>
				<prefixDef ident="foaf" matchPattern="([A-Za-z]+)" replacementPattern="http://xmlns.com/foaf/0.1/$1"></prefixDef>
				<prefixDef ident="dc" matchPattern="([A-Za-z]+)" replacementPattern="http://purl.org/dc/terms/$1"></prefixDef>
				<prefixDef ident="schema" matchPattern="([A-Za-z]+)" replacementPattern="http://schema.org/$1"></prefixDef>
				<prefixDef ident="dbpedia" matchPattern="([A-Za-z]+(_[A-Za-z])*)" replacementPattern="http://es.dbpedia.org/page/"></prefixDef>
				<prefixDef ident="blterms" matchPattern="([A-Za-z]+)" replacementPattern="http://www.bl.uk/schemas/bibliographic/blterms#$1"></prefixDef>
				<prefixDef ident="rdfs" matchPattern="([A-Za-z]+)" replacementPattern="http://www.w3.org/2000/01/rdf-schema#$1"></prefixDef>
			</listPrefixDef>
			<metDecl type="met" pattern="((\+|\-)+)*">
				<metSym value="+">stressed syllable</metSym>
				<metSym value="-">unstressed syllable</metSym>
			</metDecl>
			<metDecl type="met">
				<p>
					<ref target="https://github.com/bncolorado/adsoScansionSystem">ADSO</ref>
The metrical patterns were extracted automatically using the 
                    tool.				</p>
			</metDecl>
			<metDecl type="enjamb">
				<p>
					<att>enjamb</att>
					<att>cert</att>
					<ref target="https://sites.google.com/site/spanishenjambment/">ANJA
                        (Automatic eNJambment Analysis)</ref>
					<ref target="https://sites.google.com/site/spanishenjambment/enjambment-types">documentation</ref>
					<ref target="https://sites.google.com/site/spanishenjambment/tei-certitude-values">report</ref>
The values of the  atributes were extracted automatically using
                    the  tool. For more information about the
                    types of enjambment as defined in this corpus, read the . In addition, a  was added to express the
                    degree of certainty concerning the characterisation of the enjambment. The following 
                     covers this feature in deep detail.				</p>
			</metDecl>
		</encodingDesc>
		<revisionDesc>
			<change when="2017-11-02" who="#prf">Initial TEI version</change>
			<change when="2017-11-27" who="#prf">Addition of metrical annotation</change>
			<change when="2017-11-27" who="#heb">Review of authors’ metadata</change>
			<change when="2017-12-01" who="#prf">Encoding of enjambment</change>
			<change when="2017-12-01" who="#heb">Publication of 19th, 18th and Golden Age version</change>
			<change when="2018-05-16" who="#heb">Revision of RDFa attributes</change>
		</revisionDesc>
	</teiHeader>
	<text>
		<front>
			<head>Fantasía hebrea</head>
		</front>
		<body>
			<lg n="1" type="cuarteto">
				<l n="1" met="--+--+---+--+-">Sobre el negro prestigio de su lacia melena</l>
				<l n="2" met="--+--+------+-">se desprende la lluvia de un millón de diamantes</l>
				<l n="3" met="--+--+---+--+-">y fulgura en sus ojos pensativos y amantes</l>
				<l n="4" met="--+--+-+-+--+-">el encanto apacible de una noche serena.</l>
				<param name="AffectiveFeatures">
					<attRef name="Hap_Mean">
						<content>19.27</content>
					</attRef>
					<attRef name="Hap_SD">
						<content>9.01</content>
					</attRef>
					<attRef name="Ang_Mean">
						<content>9.81</content>
					</attRef>
					<attRef name="Ang_SD">
						<content>5.11</content>
					</attRef>
					<attRef name="Sad_Mean">
						<content>11.35</content>
					</attRef>
					<attRef name="Sad_SD">
						<content>5.36</content>
					</attRef>
					<attRef name="Fear_Mean">
						<content>10.36</content>
					</attRef>
					<attRef name="Fear_SD">
						<content>4.75</content>
					</attRef>
					<attRef name="Disg_Mean">
						<content>8.69</content>
					</attRef>
					<attRef name="Disg_SD">
						<content>3.75</content>
					</attRef>
					<attRef name="n_affective">
						<content>7</content>
					</attRef>
					<attRef name="ValenceMean">
						<content>86.57</content>
					</attRef>
					<attRef name="ValenceSD">
						<content>21.31</content>
					</attRef>
					<attRef name="ArousalMean">
						<content>66.56</content>
					</attRef>
					<attRef name="ArousalSD">
						<content>26.21</content>
					</attRef>
					<attRef name="n_v_a">
						<content>14</content>
					</attRef>
					<attRef name="Max_Aro">
						<content>6.55</content>
					</attRef>
					<attRef name="Min_Aro">
						<content>3.15</content>
					</attRef>
					<attRef name="ArousalSpan">
						<content>3.4</content>
					</attRef>
					<attRef name="Max_Val">
						<content>7.5</content>
					</attRef>
					<attRef name="Min_Val">
						<content>4.2</content>
					</attRef>
					<attRef name="ValenceSpan">
						<content>3.3</content>
					</attRef>
					<attRef name="CorAro">
						<content>-0.3714</content>
					</attRef>
					<attRef name="CorVal">
						<content>0.041</content>
					</attRef>
					<attRef name="averageAoA">
						<content>59.02</content>
					</attRef>
					<attRef name="sdAOA">
						<content>16.53</content>
					</attRef>
					<attRef name="MinAoA">
						<content>24.0</content>
					</attRef>
					<attRef name="MaxAoA">
						<content>93.0</content>
					</attRef>
					<attRef name="OralFreq_Log">
						<content>18.37</content>
					</attRef>
					<attRef name="WrittenFreq_Log">
						<content>23.71</content>
					</attRef>
					<attRef name="n_aoa">
						<content>10</content>
					</attRef>
					<attRef name="Max_AoA">
						<content>10.3</content>
					</attRef>
					<attRef name="Min_AoA">
						<content>2.72</content>
					</attRef>
					<attRef name="AoASpan">
						<content>7.58</content>
					</attRef>
					<attRef name="Max_sdAOA">
						<content>2.248</content>
					</attRef>
					<attRef name="Min_sdAOA">
						<content>1.055</content>
					</attRef>
					<attRef name="sdAOASpan">
						<content>1.193</content>
					</attRef>
					<attRef name="Max_logOralFreq">
						<content>3.115</content>
					</attRef>
					<attRef name="Min_logOralFreq">
						<content>0.477</content>
					</attRef>
					<attRef name="logOralFreqSpan">
						<content>2.638</content>
					</attRef>
					<attRef name="Max_logWrittenFreq">
						<content>3.357</content>
					</attRef>
					<attRef name="Min_logWrittenFreq">
						<content>1.602</content>
					</attRef>
					<attRef name="logWrittenFreqSpan">
						<content>1.755</content>
					</attRef>
					<attRef name="CorAoA">
						<content>-0.0652</content>
					</attRef>
				</param>
			</lg>
			<lg n="2" type="cuarteto">
				<l n="5" met="--+--+---+--+-">En el ritmo sonoro, de su voz de Sirena</l>
				<l n="6" met="+-+--+---+--+-">hay el trémolo vago de cadencias distantes,</l>
				<l n="7" met="--+--+---+--+-">y en la rosa divina de sus labios fragantes</l>
				<l n="8" met="--+--+--++--+-">se adormece la risa con un nimbo de pena.</l>
				<param name="AffectiveFeatures">
					<attRef name="Hap_Mean">
						<content>8.93</content>
					</attRef>
					<attRef name="Hap_SD">
						<content>1.8</content>
					</attRef>
					<attRef name="Ang_Mean">
						<content>6.03</content>
					</attRef>
					<attRef name="Ang_SD">
						<content>3.33</content>
					</attRef>
					<attRef name="Sad_Mean">
						<content>10.36</content>
					</attRef>
					<attRef name="Sad_SD">
						<content>2.77</content>
					</attRef>
					<attRef name="Fear_Mean">
						<content>8.04</content>
					</attRef>
					<attRef name="Fear_SD">
						<content>4.09</content>
					</attRef>
					<attRef name="Disg_Mean">
						<content>5.33</content>
					</attRef>
					<attRef name="Disg_SD">
						<content>3.18</content>
					</attRef>
					<attRef name="n_affective">
						<content>4</content>
					</attRef>
					<attRef name="ValenceMean">
						<content>59.78</content>
					</attRef>
					<attRef name="ValenceSD">
						<content>13.8</content>
					</attRef>
					<attRef name="ArousalMean">
						<content>59.47</content>
					</attRef>
					<attRef name="ArousalSD">
						<content>20.58</content>
					</attRef>
					<attRef name="n_v_a">
						<content>11</content>
					</attRef>
					<attRef name="Max_Aro">
						<content>7.05</content>
					</attRef>
					<attRef name="Min_Aro">
						<content>3.4</content>
					</attRef>
					<attRef name="ArousalSpan">
						<content>3.65</content>
					</attRef>
					<attRef name="Max_Val">
						<content>8.2</content>
					</attRef>
					<attRef name="Min_Val">
						<content>1.9</content>
					</attRef>
					<attRef name="ValenceSpan">
						<content>6.3</content>
					</attRef>
					<attRef name="CorAro">
						<content>-0.0425</content>
					</attRef>
					<attRef name="CorVal">
						<content>-0.1604</content>
					</attRef>
					<attRef name="averageAoA">
						<content>56.62</content>
					</attRef>
					<attRef name="sdAOA">
						<content>19.44</content>
					</attRef>
					<attRef name="MinAoA">
						<content>18.0</content>
					</attRef>
					<attRef name="MaxAoA">
						<content>95.0</content>
					</attRef>
					<attRef name="OralFreq_Log">
						<content>17.14</content>
					</attRef>
					<attRef name="WrittenFreq_Log">
						<content>21.89</content>
					</attRef>
					<attRef name="n_aoa">
						<content>10</content>
					</attRef>
					<attRef name="Max_AoA">
						<content>8.68</content>
					</attRef>
					<attRef name="Min_AoA">
						<content>3.24</content>
					</attRef>
					<attRef name="AoASpan">
						<content>5.44</content>
					</attRef>
					<attRef name="Max_sdAOA">
						<content>2.449</content>
					</attRef>
					<attRef name="Min_sdAOA">
						<content>1.493</content>
					</attRef>
					<attRef name="sdAOASpan">
						<content>0.956</content>
					</attRef>
					<attRef name="Max_logOralFreq">
						<content>2.581</content>
					</attRef>
					<attRef name="Min_logOralFreq">
						<content>0.903</content>
					</attRef>
					<attRef name="logOralFreqSpan">
						<content>1.678</content>
					</attRef>
					<attRef name="Max_logWrittenFreq">
						<content>3.184</content>
					</attRef>
					<attRef name="Min_logWrittenFreq">
						<content>1.602</content>
					</attRef>
					<attRef name="logWrittenFreqSpan">
						<content>1.582</content>
					</attRef>
					<attRef name="CorAoA">
						<content>-0.0277</content>
					</attRef>
				</param>
			</lg>
			<lg n="3" type="terceto">
				<l n="9" met="+-+--+--+--+-">Esa tarde, en el templo, rezaba de hinojos</l>
				<l n="10" met="--+--+---+--+-">ante el Cristo, y mirando su melena y sus ojos,</l>
				<l n="11" met="--+--+---+--+-">su belleza emotiva de jovial Nazarena.</l>
				<param name="AffectiveFeatures">
					<attRef name="Hap_Mean">
						<content>10.97</content>
					</attRef>
					<attRef name="Hap_SD">
						<content>3.92</content>
					</attRef>
					<attRef name="Ang_Mean">
						<content>3.43</content>
					</attRef>
					<attRef name="Ang_SD">
						<content>1.43</content>
					</attRef>
					<attRef name="Sad_Mean">
						<content>3.81</content>
					</attRef>
					<attRef name="Sad_SD">
						<content>1.9</content>
					</attRef>
					<attRef name="Fear_Mean">
						<content>3.5</content>
					</attRef>
					<attRef name="Fear_SD">
						<content>1.41</content>
					</attRef>
					<attRef name="Disg_Mean">
						<content>3.34</content>
					</attRef>
					<attRef name="Disg_SD">
						<content>1.28</content>
					</attRef>
					<attRef name="n_affective">
						<content>3</content>
					</attRef>
					<attRef name="ValenceMean">
						<content>53.83</content>
					</attRef>
					<attRef name="ValenceSD">
						<content>12.96</content>
					</attRef>
					<attRef name="ArousalMean">
						<content>45.58</content>
					</attRef>
					<attRef name="ArousalSD">
						<content>15.87</content>
					</attRef>
					<attRef name="n_v_a">
						<content>9</content>
					</attRef>
					<attRef name="Max_Aro">
						<content>6.7</content>
					</attRef>
					<attRef name="Min_Aro">
						<content>4.05</content>
					</attRef>
					<attRef name="ArousalSpan">
						<content>2.65</content>
					</attRef>
					<attRef name="Max_Val">
						<content>7.8</content>
					</attRef>
					<attRef name="Min_Val">
						<content>3.15</content>
					</attRef>
					<attRef name="ValenceSpan">
						<content>4.65</content>
					</attRef>
					<attRef name="CorAro">
						<content>0.091</content>
					</attRef>
					<attRef name="CorVal">
						<content>0.788</content>
					</attRef>
					<attRef name="averageAoA">
						<content>52.1</content>
					</attRef>
					<attRef name="sdAOA">
						<content>16.36</content>
					</attRef>
					<attRef name="MinAoA">
						<content>23.0</content>
					</attRef>
					<attRef name="MaxAoA">
						<content>86.0</content>
					</attRef>
					<attRef name="OralFreq_Log">
						<content>13.72</content>
					</attRef>
					<attRef name="WrittenFreq_Log">
						<content>18.11</content>
					</attRef>
					<attRef name="n_aoa">
						<content>9</content>
					</attRef>
					<attRef name="Max_AoA">
						<content>10.24</content>
					</attRef>
					<attRef name="Min_AoA">
						<content>2.52</content>
					</attRef>
					<attRef name="AoASpan">
						<content>7.72</content>
					</attRef>
					<attRef name="Max_sdAOA">
						<content>2.635</content>
					</attRef>
					<attRef name="Min_sdAOA">
						<content>1.08</content>
					</attRef>
					<attRef name="sdAOASpan">
						<content>1.555</content>
					</attRef>
					<attRef name="Max_logOralFreq">
						<content>2.243</content>
					</attRef>
					<attRef name="Min_logOralFreq">
						<content>0.477</content>
					</attRef>
					<attRef name="logOralFreqSpan">
						<content>1.766</content>
					</attRef>
					<attRef name="Max_logWrittenFreq">
						<content>2.611</content>
					</attRef>
					<attRef name="Min_logWrittenFreq">
						<content>1.301</content>
					</attRef>
					<attRef name="logWrittenFreqSpan">
						<content>1.31</content>
					</attRef>
					<attRef name="CorAoA">
						<content>0.2169</content>
					</attRef>
				</param>
			</lg>
			<lg n="4" type="terceto">
				<l n="12" met="-+--+--+--+-" enjamb="B-cc_crossclause" cert="high">En mi alma tradujo la ideal fantasía</l>
				<l n="13" met="--+--+---+--+-" enjamb="I-cc_crossclause" cert="high">que leyenda la historia del divino Mesías</l>
				<l n="14" met="--+--+--+---">y la triste y hermosa María Magdalena.</l>
				<param name="AffectiveFeatures">
					<attRef name="Hap_Mean">
						<content>17.17</content>
					</attRef>
					<attRef name="Hap_SD">
						<content>7.7</content>
					</attRef>
					<attRef name="Ang_Mean">
						<content>10.77</content>
					</attRef>
					<attRef name="Ang_SD">
						<content>5.91</content>
					</attRef>
					<attRef name="Sad_Mean">
						<content>14.77</content>
					</attRef>
					<attRef name="Sad_SD">
						<content>6.78</content>
					</attRef>
					<attRef name="Fear_Mean">
						<content>12.5</content>
					</attRef>
					<attRef name="Fear_SD">
						<content>6.8</content>
					</attRef>
					<attRef name="Disg_Mean">
						<content>9.54</content>
					</attRef>
					<attRef name="Disg_SD">
						<content>5.3</content>
					</attRef>
					<attRef name="n_affective">
						<content>7</content>
					</attRef>
					<attRef name="ValenceMean">
						<content>62.31</content>
					</attRef>
					<attRef name="ValenceSD">
						<content>12.62</content>
					</attRef>
					<attRef name="ArousalMean">
						<content>49.38</content>
					</attRef>
					<attRef name="ArousalSD">
						<content>20.11</content>
					</attRef>
					<attRef name="n_v_a">
						<content>10</content>
					</attRef>
					<attRef name="Max_Aro">
						<content>5.9</content>
					</attRef>
					<attRef name="Min_Aro">
						<content>4.0</content>
					</attRef>
					<attRef name="ArousalSpan">
						<content>1.9</content>
					</attRef>
					<attRef name="Max_Val">
						<content>8.15</content>
					</attRef>
					<attRef name="Min_Val">
						<content>2.1</content>
					</attRef>
					<attRef name="ValenceSpan">
						<content>6.05</content>
					</attRef>
					<attRef name="CorAro">
						<content>-0.0417</content>
					</attRef>
					<attRef name="CorVal">
						<content>-0.0042</content>
					</attRef>
					<attRef name="averageAoA">
						<content>55.36</content>
					</attRef>
					<attRef name="sdAOA">
						<content>18.61</content>
					</attRef>
					<attRef name="MinAoA">
						<content>18.0</content>
					</attRef>
					<attRef name="MaxAoA">
						<content>93.0</content>
					</attRef>
					<attRef name="OralFreq_Log">
						<content>18.34</content>
					</attRef>
					<attRef name="WrittenFreq_Log">
						<content>20.67</content>
					</attRef>
					<attRef name="n_aoa">
						<content>9</content>
					</attRef>
					<attRef name="Max_AoA">
						<content>8.38</content>
					</attRef>
					<attRef name="Min_AoA">
						<content>3.42</content>
					</attRef>
					<attRef name="AoASpan">
						<content>4.96</content>
					</attRef>
					<attRef name="Max_sdAOA">
						<content>2.828</content>
					</attRef>
					<attRef name="Min_sdAOA">
						<content>1.374</content>
					</attRef>
					<attRef name="sdAOASpan">
						<content>1.454</content>
					</attRef>
					<attRef name="Max_logOralFreq">
						<content>3.035</content>
					</attRef>
					<attRef name="Min_logOralFreq">
						<content>1.255</content>
					</attRef>
					<attRef name="logOralFreqSpan">
						<content>1.78</content>
					</attRef>
					<attRef name="Max_logWrittenFreq">
						<content>3.2710000000000004</content>
					</attRef>
					<attRef name="Min_logWrittenFreq">
						<content>1.362</content>
					</attRef>
					<attRef name="logWrittenFreqSpan">
						<content>1.909</content>
					</attRef>
					<attRef name="CorAoA">
						<content>-0.7816</content>
					</attRef>
				</param>
			</lg>
			<param name="AffectiveFeatures">
				<attRef name="Hap_Mean">
					<content>56.34</content>
				</attRef>
				<attRef name="Hap_SD">
					<content>22.43</content>
				</attRef>
				<attRef name="Ang_Mean">
					<content>30.04</content>
				</attRef>
				<attRef name="Ang_SD">
					<content>15.78</content>
				</attRef>
				<attRef name="Sad_Mean">
					<content>40.29</content>
				</attRef>
				<attRef name="Sad_SD">
					<content>16.81</content>
				</attRef>
				<attRef name="Fear_Mean">
					<content>34.4</content>
				</attRef>
				<attRef name="Fear_SD">
					<content>17.05</content>
				</attRef>
				<attRef name="Disg_Mean">
					<content>26.9</content>
				</attRef>
				<attRef name="Disg_SD">
					<content>13.51</content>
				</attRef>
				<attRef name="n_affective">
					<content>21</content>
				</attRef>
				<attRef name="ValenceMean">
					<content>262.49</content>
				</attRef>
				<attRef name="ValenceSD">
					<content>60.69</content>
				</attRef>
				<attRef name="ArousalMean">
					<content>220.99</content>
				</attRef>
				<attRef name="ArousalSD">
					<content>82.77</content>
				</attRef>
				<attRef name="n_v_a">
					<content>44</content>
				</attRef>
				<attRef name="Max_Aro">
					<content>7.05</content>
				</attRef>
				<attRef name="Min_Aro">
					<content>3.15</content>
				</attRef>
				<attRef name="ArousalSpan">
					<content>3.9</content>
				</attRef>
				<attRef name="Max_Val">
					<content>8.2</content>
				</attRef>
				<attRef name="Min_Val">
					<content>1.9</content>
				</attRef>
				<attRef name="ValenceSpan">
					<content>6.3</content>
				</attRef>
				<attRef name="CorAro">
					<content>0.022</content>
				</attRef>
				<attRef name="CorVal">
					<content>0.0393</content>
				</attRef>
				<attRef name="averageAoA">
					<content>223.1</content>
				</attRef>
				<attRef name="sdAOA">
					<content>70.97</content>
				</attRef>
				<attRef name="MinAoA">
					<content>83.0</content>
				</attRef>
				<attRef name="MaxAoA">
					<content>367.0</content>
				</attRef>
				<attRef name="OralFreq_Log">
					<content>67.56</content>
				</attRef>
				<attRef name="WrittenFreq_Log">
					<content>84.37</content>
				</attRef>
				<attRef name="n_aoa">
					<content>38</content>
				</attRef>
				<attRef name="Max_AoA">
					<content>10.3</content>
				</attRef>
				<attRef name="Min_AoA">
					<content>2.52</content>
				</attRef>
				<attRef name="AoASpan">
					<content>7.78</content>
				</attRef>
				<attRef name="Max_sdAOA">
					<content>2.828</content>
				</attRef>
				<attRef name="Min_sdAOA">
					<content>1.055</content>
				</attRef>
				<attRef name="sdAOASpan">
					<content>1.773</content>
				</attRef>
				<attRef name="Max_logOralFreq">
					<content>3.115</content>
				</attRef>
				<attRef name="Min_logOralFreq">
					<content>0.477</content>
				</attRef>
				<attRef name="logOralFreqSpan">
					<content>2.638</content>
				</attRef>
				<attRef name="Max_logWrittenFreq">
					<content>3.357</content>
				</attRef>
				<attRef name="Min_logWrittenFreq">
					<content>1.301</content>
				</attRef>
				<attRef name="logWrittenFreqSpan">
					<content>2.056</content>
				</attRef>
				<attRef name="CorAoA">
					<content>0.0089</content>
				</attRef>
			</param>
		</body>
	</text>
</TEI>