<?xml version="1.0" encoding="utf-8"?>
<TEI xmlns="http://www.tei-c.org/ns/1.0">
	<teiHeader>
		<fileDesc>
			<titleStmt about="disco:po_578n2096">
				<title property="dc:title">En la noche romántica</title>
				<author property="dc:creator" resource="disco:578n" corresp="#disco_578n">Manuel Bertolín Peña</author>
				<principal xml:id="prf">Pablo Ruiz Fabo</principal>
				<principal xml:id="heb">Helena Bermúdez Sabel</principal>
				<principal xml:id="jct">José Calvo Tello</principal>
				<principal xml:id="cimc">Clara Isabel Martínez Cantón</principal>
				<respStmt>
					<resp>Metrical annotation by</resp>
					<name xml:id="bnc">Borja Navarro Colorado</name>
				</respStmt>
			</titleStmt>
			<extent>
				<measure unit="sonnets">1</measure>
				<measure unit="tokens">96</measure>
				<measure unit="line">14</measure>
			</extent>
			<publicationStmt>
				<publisher>Diachronic Spanish Sonnet Corpus</publisher>
				<authority>POSTDATA Project</authority>
				<pubPlace>Madrid</pubPlace>
				<availability status="free">
					<p>The text is freely available</p>
				</availability>
				<date when="2017">2017</date>
				<idno type="#disco" xml:id="file_po_578n2096"></idno>
			</publicationStmt>
			<sourceDesc>
				<bibl type="digital-source">
					<hi rend="italics">Sonetos del siglo XIX</hi>
					<date when="2006">2006</date>
					<ref target="http://www.cervantesvirtual.com/nd/ark:/59851/bmc4q861"></ref>
					<ref target="http://www.cervantesvirtual.com/obra/sonetos-del-siglo-xix--0/"></ref>
Biblioteca Cervantes Virtual,  / editados por Ramón García González, , , .				</bibl>
			</sourceDesc>
		</fileDesc>
		<profileDesc>
			<langUsage>
				<language ident="es" about="disco:po_578n2096" property="dc:language" resource="dbpedia:Idioma_español">Spanish</language>
			</langUsage>
			<particDesc>
				<listPerson>
					<person xml:id="disco_578n" about="disco:578n" typeOf="foaf:Person">
						<idno cert="high" property="rdfs:seeAlso" resource="https://viaf.org/viaf/88010957"></idno>
						<persName type="short">Bertolín Peña</persName>
						<persName type="full">
							<forename property="foaf:givenName">Manuel</forename>
							<surname property="foaf:familyName">Bertolín Peña</surname>
						</persName>
						<persName type="source" property="foaf:name">Manuel Bertolín Peña</persName>
						<sex property="foaf:gender" content="M"></sex>
						<birth>
							<location>
								<placeName>
									<country property="schema:birthPlace" inlist="">España</country>
									<bloc property="schema:birthPlace" inlist="">Europa</bloc>
								</placeName>
							</location>
							<date type="century">19</date>
						</birth>
						<death>
							<date type="century">20</date>
						</death>
						<listBibl inlist="" rel="blterms:hasCreated" typeOf="schema:CreativeWork">
							<bibl resource="disco:s578n2096">
								<title property="dc:title">En la noche romántica</title>
								<title type="incipit" property="dc:alternative">Ven mujer y soñemos nuestro amor en la calma</title>
							</bibl>
						</listBibl>
					</person>
				</listPerson>
			</particDesc>
		</profileDesc>
		<encodingDesc>
			<listPrefixDef>
				<prefixDef ident="foaf" matchPattern="([A-Za-z]+)" replacementPattern="http://xmlns.com/foaf/0.1/$1"></prefixDef>
				<prefixDef ident="dc" matchPattern="([A-Za-z]+)" replacementPattern="http://purl.org/dc/terms/$1"></prefixDef>
				<prefixDef ident="schema" matchPattern="([A-Za-z]+)" replacementPattern="http://schema.org/$1"></prefixDef>
				<prefixDef ident="dbpedia" matchPattern="([A-Za-z]+(_[A-Za-z])*)" replacementPattern="http://es.dbpedia.org/page/"></prefixDef>
				<prefixDef ident="blterms" matchPattern="([A-Za-z]+)" replacementPattern="http://www.bl.uk/schemas/bibliographic/blterms#$1"></prefixDef>
				<prefixDef ident="rdfs" matchPattern="([A-Za-z]+)" replacementPattern="http://www.w3.org/2000/01/rdf-schema#$1"></prefixDef>
			</listPrefixDef>
			<metDecl type="met" pattern="((\+|\-)+)*">
				<metSym value="+">stressed syllable</metSym>
				<metSym value="-">unstressed syllable</metSym>
			</metDecl>
			<metDecl type="met">
				<p>
					<ref target="https://github.com/bncolorado/adsoScansionSystem">ADSO</ref>
The metrical patterns were extracted automatically using the 
                    tool.				</p>
			</metDecl>
			<metDecl type="enjamb">
				<p>
					<att>enjamb</att>
					<att>cert</att>
					<ref target="https://sites.google.com/site/spanishenjambment/">ANJA
                        (Automatic eNJambment Analysis)</ref>
					<ref target="https://sites.google.com/site/spanishenjambment/enjambment-types">documentation</ref>
					<ref target="https://sites.google.com/site/spanishenjambment/tei-certitude-values">report</ref>
The values of the  atributes were extracted automatically using
                    the  tool. For more information about the
                    types of enjambment as defined in this corpus, read the . In addition, a  was added to express the
                    degree of certainty concerning the characterisation of the enjambment. The following 
                     covers this feature in deep detail.				</p>
			</metDecl>
		</encodingDesc>
		<revisionDesc>
			<change when="2017-11-02" who="#prf">Initial TEI version</change>
			<change when="2017-11-27" who="#prf">Addition of metrical annotation</change>
			<change when="2017-11-27" who="#heb">Review of authors’ metadata</change>
			<change when="2017-12-01" who="#prf">Encoding of enjambment</change>
			<change when="2017-12-01" who="#heb">Publication of 19th, 18th and Golden Age version</change>
			<change when="2018-05-16" who="#heb">Revision of RDFa attributes</change>
		</revisionDesc>
	</teiHeader>
	<text>
		<front>
			<head>En la noche romántica</head>
		</front>
		<body>
			<lg n="1" type="cuarteto">
				<l n="1" met="+-+--+---+--+-" enjamb="B-pb_adj_noun" cert="medium">Ven mujer y soñemos nuestro amor en la calma</l>
				<l n="2" met="-+-----+++-" enjamb="B-pb_relword I-pb_adj_noun" cert="high medium">nocturna. Es Abril. Nuestra pasión es una</l>
				<l n="3" met="--+--+--+--+-" enjamb="I-pb_relword" cert="high">llamarada celeste -Inquietudes del alma;</l>
				<l n="4" met="--+--+---+-+-">floración interior bajo la blanca luna.-</l>
				<param name="AffectiveFeatures">
					<attRef name="Hap_Mean">
						<content>14.63</content>
					</attRef>
					<attRef name="Hap_SD">
						<content>4.88</content>
					</attRef>
					<attRef name="Ang_Mean">
						<content>5.8</content>
					</attRef>
					<attRef name="Ang_SD">
						<content>3.94</content>
					</attRef>
					<attRef name="Sad_Mean">
						<content>6.86</content>
					</attRef>
					<attRef name="Sad_SD">
						<content>3.96</content>
					</attRef>
					<attRef name="Fear_Mean">
						<content>7.2</content>
					</attRef>
					<attRef name="Fear_SD">
						<content>4.03</content>
					</attRef>
					<attRef name="Disg_Mean">
						<content>4.74</content>
					</attRef>
					<attRef name="Disg_SD">
						<content>2.2</content>
					</attRef>
					<attRef name="n_affective">
						<content>4</content>
					</attRef>
					<attRef name="ValenceMean">
						<content>98.82</content>
					</attRef>
					<attRef name="ValenceSD">
						<content>19.76</content>
					</attRef>
					<attRef name="ArousalMean">
						<content>73.73</content>
					</attRef>
					<attRef name="ArousalSD">
						<content>27.71</content>
					</attRef>
					<attRef name="n_v_a">
						<content>15</content>
					</attRef>
					<attRef name="Max_Aro">
						<content>7.78</content>
					</attRef>
					<attRef name="Min_Aro">
						<content>2.35</content>
					</attRef>
					<attRef name="ArousalSpan">
						<content>5.43</content>
					</attRef>
					<attRef name="Max_Val">
						<content>8.4</content>
					</attRef>
					<attRef name="Min_Val">
						<content>3.5</content>
					</attRef>
					<attRef name="ValenceSpan">
						<content>4.9</content>
					</attRef>
					<attRef name="CorAro">
						<content>-0.113</content>
					</attRef>
					<attRef name="CorVal">
						<content>-0.3977</content>
					</attRef>
					<attRef name="averageAoA">
						<content>73.02</content>
					</attRef>
					<attRef name="sdAOA">
						<content>25.2</content>
					</attRef>
					<attRef name="MinAoA">
						<content>22.0</content>
					</attRef>
					<attRef name="MaxAoA">
						<content>129.0</content>
					</attRef>
					<attRef name="OralFreq_Log">
						<content>30.01</content>
					</attRef>
					<attRef name="WrittenFreq_Log">
						<content>33.91</content>
					</attRef>
					<attRef name="n_aoa">
						<content>13</content>
					</attRef>
					<attRef name="Max_AoA">
						<content>9.56</content>
					</attRef>
					<attRef name="Min_AoA">
						<content>2.72</content>
					</attRef>
					<attRef name="AoASpan">
						<content>6.84</content>
					</attRef>
					<attRef name="Max_sdAOA">
						<content>2.819</content>
					</attRef>
					<attRef name="Min_sdAOA">
						<content>1.443</content>
					</attRef>
					<attRef name="sdAOASpan">
						<content>1.376</content>
					</attRef>
					<attRef name="Max_logOralFreq">
						<content>3.724</content>
					</attRef>
					<attRef name="Min_logOralFreq">
						<content>1.531</content>
					</attRef>
					<attRef name="logOralFreqSpan">
						<content>2.193</content>
					</attRef>
					<attRef name="Max_logWrittenFreq">
						<content>3.442</content>
					</attRef>
					<attRef name="Min_logWrittenFreq">
						<content>1.763</content>
					</attRef>
					<attRef name="logWrittenFreqSpan">
						<content>1.679</content>
					</attRef>
					<attRef name="CorAoA">
						<content>0.0269</content>
					</attRef>
				</param>
			</lg>
			<lg n="2" type="serventesio">
				<l n="5" met="---+-+--+---+-" enjamb="B-pb_adj_noun" cert="medium">Bajo la blanca luna... la pálida y gloriosa</l>
				<l n="6" met="-+---++-+--+-" enjamb="B-ex_dobj_verb I-pb_adj_noun" cert="low medium">magnolia del azul. -Ven mujer y soñemos</l>
				<l n="7" met="--+--+---+--+-" enjamb="B-pb_noun_prep I-ex_dobj_verb" cert="medium low">nuestras bellas quimeras; cortaremos la rosa</l>
				<l n="8" met="--+--+-+--+-" enjamb="B-ex_dobj_verb I-pb_noun_prep" cert="low medium">del rosal ilusión. ¡Oh mi Amada, gocemos</l>
				<param name="AffectiveFeatures">
					<attRef name="Hap_Mean">
						<content>16.38</content>
					</attRef>
					<attRef name="Hap_SD">
						<content>5.83</content>
					</attRef>
					<attRef name="Ang_Mean">
						<content>7.4</content>
					</attRef>
					<attRef name="Ang_SD">
						<content>3.92</content>
					</attRef>
					<attRef name="Sad_Mean">
						<content>7.28</content>
					</attRef>
					<attRef name="Sad_SD">
						<content>4.45</content>
					</attRef>
					<attRef name="Fear_Mean">
						<content>7.81</content>
					</attRef>
					<attRef name="Fear_SD">
						<content>4.17</content>
					</attRef>
					<attRef name="Disg_Mean">
						<content>6.16</content>
					</attRef>
					<attRef name="Disg_SD">
						<content>2.73</content>
					</attRef>
					<attRef name="n_affective">
						<content>5</content>
					</attRef>
					<attRef name="ValenceMean">
						<content>103.7</content>
					</attRef>
					<attRef name="ValenceSD">
						<content>19.2</content>
					</attRef>
					<attRef name="ArousalMean">
						<content>79.38</content>
					</attRef>
					<attRef name="ArousalSD">
						<content>31.49</content>
					</attRef>
					<attRef name="n_v_a">
						<content>16</content>
					</attRef>
					<attRef name="Max_Aro">
						<content>6.7</content>
					</attRef>
					<attRef name="Min_Aro">
						<content>2.95</content>
					</attRef>
					<attRef name="ArousalSpan">
						<content>3.75</content>
					</attRef>
					<attRef name="Max_Val">
						<content>8.7</content>
					</attRef>
					<attRef name="Min_Val">
						<content>3.3</content>
					</attRef>
					<attRef name="ValenceSpan">
						<content>5.4</content>
					</attRef>
					<attRef name="CorAro">
						<content>0.3591</content>
					</attRef>
					<attRef name="CorVal">
						<content>0.4296</content>
					</attRef>
					<attRef name="averageAoA">
						<content>77.36</content>
					</attRef>
					<attRef name="sdAOA">
						<content>27.4</content>
					</attRef>
					<attRef name="MinAoA">
						<content>24.0</content>
					</attRef>
					<attRef name="MaxAoA">
						<content>138.0</content>
					</attRef>
					<attRef name="OralFreq_Log">
						<content>28.81</content>
					</attRef>
					<attRef name="WrittenFreq_Log">
						<content>33.61</content>
					</attRef>
					<attRef name="n_aoa">
						<content>15</content>
					</attRef>
					<attRef name="Max_AoA">
						<content>10.44</content>
					</attRef>
					<attRef name="Min_AoA">
						<content>2.72</content>
					</attRef>
					<attRef name="AoASpan">
						<content>7.72</content>
					</attRef>
					<attRef name="Max_sdAOA">
						<content>2.623</content>
					</attRef>
					<attRef name="Min_sdAOA">
						<content>1.112</content>
					</attRef>
					<attRef name="sdAOASpan">
						<content>1.511</content>
					</attRef>
					<attRef name="Max_logOralFreq">
						<content>3.724</content>
					</attRef>
					<attRef name="Min_logOralFreq">
						<content>0.301</content>
					</attRef>
					<attRef name="logOralFreqSpan">
						<content>3.423</content>
					</attRef>
					<attRef name="Max_logWrittenFreq">
						<content>3.442</content>
					</attRef>
					<attRef name="Min_logWrittenFreq">
						<content>1.146</content>
					</attRef>
					<attRef name="logWrittenFreqSpan">
						<content>2.296</content>
					</attRef>
					<attRef name="CorAoA">
						<content>0.5709</content>
					</attRef>
				</param>
			</lg>
			<lg n="3" type="terceto">
				<l n="9" met="--+--+---+-" enjamb="B-pb_relword I-ex_dobj_verb" cert="high low">el nocturno amoroso! Escucha los diversos</l>
				<l n="10" met="-+---+--+---+-" enjamb="I-pb_relword" cert="high">acentos de ternura que vibran en mis versos,</l>
				<l n="11" met="---+-+-+---+-">y sentirás mi fuerte poema de Inquietud.</l>
				<param name="AffectiveFeatures">
					<attRef name="Hap_Mean">
						<content>7.74</content>
					</attRef>
					<attRef name="Hap_SD">
						<content>3.83</content>
					</attRef>
					<attRef name="Ang_Mean">
						<content>4.17</content>
					</attRef>
					<attRef name="Ang_SD">
						<content>2.42</content>
					</attRef>
					<attRef name="Sad_Mean">
						<content>4.5</content>
					</attRef>
					<attRef name="Sad_SD">
						<content>2.05</content>
					</attRef>
					<attRef name="Fear_Mean">
						<content>4.07</content>
					</attRef>
					<attRef name="Fear_SD">
						<content>2.19</content>
					</attRef>
					<attRef name="Disg_Mean">
						<content>3.51</content>
					</attRef>
					<attRef name="Disg_SD">
						<content>1.35</content>
					</attRef>
					<attRef name="n_affective">
						<content>3</content>
					</attRef>
					<attRef name="ValenceMean">
						<content>58.15</content>
					</attRef>
					<attRef name="ValenceSD">
						<content>11.04</content>
					</attRef>
					<attRef name="ArousalMean">
						<content>45.3</content>
					</attRef>
					<attRef name="ArousalSD">
						<content>15.93</content>
					</attRef>
					<attRef name="n_v_a">
						<content>9</content>
					</attRef>
					<attRef name="Max_Aro">
						<content>7.1</content>
					</attRef>
					<attRef name="Min_Aro">
						<content>2.8</content>
					</attRef>
					<attRef name="ArousalSpan">
						<content>4.3</content>
					</attRef>
					<attRef name="Max_Val">
						<content>8.05</content>
					</attRef>
					<attRef name="Min_Val">
						<content>3.5</content>
					</attRef>
					<attRef name="ValenceSpan">
						<content>4.55</content>
					</attRef>
					<attRef name="CorAro">
						<content>0.2394</content>
					</attRef>
					<attRef name="CorVal">
						<content>-0.1326</content>
					</attRef>
					<attRef name="averageAoA">
						<content>57.36</content>
					</attRef>
					<attRef name="sdAOA">
						<content>17.24</content>
					</attRef>
					<attRef name="MinAoA">
						<content>19.0</content>
					</attRef>
					<attRef name="MaxAoA">
						<content>87.0</content>
					</attRef>
					<attRef name="OralFreq_Log">
						<content>12.98</content>
					</attRef>
					<attRef name="WrittenFreq_Log">
						<content>17.34</content>
					</attRef>
					<attRef name="n_aoa">
						<content>8</content>
					</attRef>
					<attRef name="Max_AoA">
						<content>8.68</content>
					</attRef>
					<attRef name="Min_AoA">
						<content>4.34</content>
					</attRef>
					<attRef name="AoASpan">
						<content>4.34</content>
					</attRef>
					<attRef name="Max_sdAOA">
						<content>2.93</content>
					</attRef>
					<attRef name="Min_sdAOA">
						<content>1.72</content>
					</attRef>
					<attRef name="sdAOASpan">
						<content>1.21</content>
					</attRef>
					<attRef name="Max_logOralFreq">
						<content>2.747</content>
					</attRef>
					<attRef name="Min_logOralFreq">
						<content>0.954</content>
					</attRef>
					<attRef name="logOralFreqSpan">
						<content>1.793</content>
					</attRef>
					<attRef name="Max_logWrittenFreq">
						<content>2.8510000000000004</content>
					</attRef>
					<attRef name="Min_logWrittenFreq">
						<content>1.724</content>
					</attRef>
					<attRef name="logWrittenFreqSpan">
						<content>1.127</content>
					</attRef>
					<attRef name="CorAoA">
						<content>0.2141</content>
					</attRef>
				</param>
			</lg>
			<lg n="4" type="terceto">
				<l n="12" met="+-+-">Es Abril. Esperanza. Beso de Primavera.</l>
				<l n="13" met="---+-+-+---+-">Bajo la blanca luna, sea nuestra Quimera</l>
				<l n="14" met="++---+--+---+-">un cántico armonioso de Amor y Juventud.</l>
				<param name="AffectiveFeatures">
					<attRef name="Hap_Mean">
						<content>22.75</content>
					</attRef>
					<attRef name="Hap_SD">
						<content>5.55</content>
					</attRef>
					<attRef name="Ang_Mean">
						<content>8.49</content>
					</attRef>
					<attRef name="Ang_SD">
						<content>4.58</content>
					</attRef>
					<attRef name="Sad_Mean">
						<content>9.52</content>
					</attRef>
					<attRef name="Sad_SD">
						<content>6.08</content>
					</attRef>
					<attRef name="Fear_Mean">
						<content>9.77</content>
					</attRef>
					<attRef name="Fear_SD">
						<content>5.46</content>
					</attRef>
					<attRef name="Disg_Mean">
						<content>6.78</content>
					</attRef>
					<attRef name="Disg_SD">
						<content>1.81</content>
					</attRef>
					<attRef name="n_affective">
						<content>6</content>
					</attRef>
					<attRef name="ValenceMean">
						<content>69.47</content>
					</attRef>
					<attRef name="ValenceSD">
						<content>12.52</content>
					</attRef>
					<attRef name="ArousalMean">
						<content>50.71</content>
					</attRef>
					<attRef name="ArousalSD">
						<content>21.83</content>
					</attRef>
					<attRef name="n_v_a">
						<content>10</content>
					</attRef>
					<attRef name="Max_Aro">
						<content>6.88</content>
					</attRef>
					<attRef name="Min_Aro">
						<content>2.95</content>
					</attRef>
					<attRef name="ArousalSpan">
						<content>3.93</content>
					</attRef>
					<attRef name="Max_Val">
						<content>8.4</content>
					</attRef>
					<attRef name="Min_Val">
						<content>4.35</content>
					</attRef>
					<attRef name="ValenceSpan">
						<content>4.05</content>
					</attRef>
					<attRef name="CorAro">
						<content>0.049</content>
					</attRef>
					<attRef name="CorVal">
						<content>0.0493</content>
					</attRef>
					<attRef name="averageAoA">
						<content>54.62</content>
					</attRef>
					<attRef name="sdAOA">
						<content>18.19</content>
					</attRef>
					<attRef name="MinAoA">
						<content>18.0</content>
					</attRef>
					<attRef name="MaxAoA">
						<content>99.0</content>
					</attRef>
					<attRef name="OralFreq_Log">
						<content>20.36</content>
					</attRef>
					<attRef name="WrittenFreq_Log">
						<content>23.84</content>
					</attRef>
					<attRef name="n_aoa">
						<content>10</content>
					</attRef>
					<attRef name="Max_AoA">
						<content>10.44</content>
					</attRef>
					<attRef name="Min_AoA">
						<content>2.5</content>
					</attRef>
					<attRef name="AoASpan">
						<content>7.94</content>
					</attRef>
					<attRef name="Max_sdAOA">
						<content>2.819</content>
					</attRef>
					<attRef name="Min_sdAOA">
						<content>1.445</content>
					</attRef>
					<attRef name="sdAOASpan">
						<content>1.374</content>
					</attRef>
					<attRef name="Max_logOralFreq">
						<content>2.776</content>
					</attRef>
					<attRef name="Min_logOralFreq">
						<content>0.301</content>
					</attRef>
					<attRef name="logOralFreqSpan">
						<content>2.475</content>
					</attRef>
					<attRef name="Max_logWrittenFreq">
						<content>3.176</content>
					</attRef>
					<attRef name="Min_logWrittenFreq">
						<content>1.279</content>
					</attRef>
					<attRef name="logWrittenFreqSpan">
						<content>1.897</content>
					</attRef>
					<attRef name="CorAoA">
						<content>0.3087</content>
					</attRef>
				</param>
			</lg>
			<param name="AffectiveFeatures">
				<attRef name="Hap_Mean">
					<content>61.5</content>
				</attRef>
				<attRef name="Hap_SD">
					<content>20.09</content>
				</attRef>
				<attRef name="Ang_Mean">
					<content>25.86</content>
				</attRef>
				<attRef name="Ang_SD">
					<content>14.86</content>
				</attRef>
				<attRef name="Sad_Mean">
					<content>28.16</content>
				</attRef>
				<attRef name="Sad_SD">
					<content>16.54</content>
				</attRef>
				<attRef name="Fear_Mean">
					<content>28.85</content>
				</attRef>
				<attRef name="Fear_SD">
					<content>15.85</content>
				</attRef>
				<attRef name="Disg_Mean">
					<content>21.19</content>
				</attRef>
				<attRef name="Disg_SD">
					<content>8.09</content>
				</attRef>
				<attRef name="n_affective">
					<content>18</content>
				</attRef>
				<attRef name="ValenceMean">
					<content>330.14</content>
				</attRef>
				<attRef name="ValenceSD">
					<content>62.52</content>
				</attRef>
				<attRef name="ArousalMean">
					<content>249.12</content>
				</attRef>
				<attRef name="ArousalSD">
					<content>96.96</content>
				</attRef>
				<attRef name="n_v_a">
					<content>50</content>
				</attRef>
				<attRef name="Max_Aro">
					<content>7.78</content>
				</attRef>
				<attRef name="Min_Aro">
					<content>2.35</content>
				</attRef>
				<attRef name="ArousalSpan">
					<content>5.43</content>
				</attRef>
				<attRef name="Max_Val">
					<content>8.7</content>
				</attRef>
				<attRef name="Min_Val">
					<content>3.3</content>
				</attRef>
				<attRef name="ValenceSpan">
					<content>5.4</content>
				</attRef>
				<attRef name="CorAro">
					<content>0.0727</content>
				</attRef>
				<attRef name="CorVal">
					<content>0.07</content>
				</attRef>
				<attRef name="averageAoA">
					<content>262.37</content>
				</attRef>
				<attRef name="sdAOA">
					<content>88.03</content>
				</attRef>
				<attRef name="MinAoA">
					<content>83.0</content>
				</attRef>
				<attRef name="MaxAoA">
					<content>453.0</content>
				</attRef>
				<attRef name="OralFreq_Log">
					<content>92.14</content>
				</attRef>
				<attRef name="WrittenFreq_Log">
					<content>108.7</content>
				</attRef>
				<attRef name="n_aoa">
					<content>46</content>
				</attRef>
				<attRef name="Max_AoA">
					<content>10.44</content>
				</attRef>
				<attRef name="Min_AoA">
					<content>2.5</content>
				</attRef>
				<attRef name="AoASpan">
					<content>7.94</content>
				</attRef>
				<attRef name="Max_sdAOA">
					<content>2.93</content>
				</attRef>
				<attRef name="Min_sdAOA">
					<content>1.112</content>
				</attRef>
				<attRef name="sdAOASpan">
					<content>1.818</content>
				</attRef>
				<attRef name="Max_logOralFreq">
					<content>3.724</content>
				</attRef>
				<attRef name="Min_logOralFreq">
					<content>0.301</content>
				</attRef>
				<attRef name="logOralFreqSpan">
					<content>3.423</content>
				</attRef>
				<attRef name="Max_logWrittenFreq">
					<content>3.442</content>
				</attRef>
				<attRef name="Min_logWrittenFreq">
					<content>1.146</content>
				</attRef>
				<attRef name="logWrittenFreqSpan">
					<content>2.296</content>
				</attRef>
				<attRef name="CorAoA">
					<content>0.1631</content>
				</attRef>
			</param>
		</body>
	</text>
</TEI>