<?xml version="1.0" encoding="utf-8"?>
<TEI xmlns="http://www.tei-c.org/ns/1.0">
	<teiHeader>
		<fileDesc>
			<titleStmt about="disco:po_578n2100">
				<title property="dc:title">Cuadro</title>
				<author property="dc:creator" resource="disco:578n" corresp="#disco_578n">Manuel Bertolín Peña</author>
				<principal xml:id="prf">Pablo Ruiz Fabo</principal>
				<principal xml:id="heb">Helena Bermúdez Sabel</principal>
				<principal xml:id="jct">José Calvo Tello</principal>
				<principal xml:id="cimc">Clara Isabel Martínez Cantón</principal>
				<respStmt>
					<resp>Metrical annotation by</resp>
					<name xml:id="bnc">Borja Navarro Colorado</name>
				</respStmt>
			</titleStmt>
			<extent>
				<measure unit="sonnets">1</measure>
				<measure unit="tokens">94</measure>
				<measure unit="line">14</measure>
			</extent>
			<publicationStmt>
				<publisher>Diachronic Spanish Sonnet Corpus</publisher>
				<authority>POSTDATA Project</authority>
				<pubPlace>Madrid</pubPlace>
				<availability status="free">
					<p>The text is freely available</p>
				</availability>
				<date when="2017">2017</date>
				<idno type="#disco" xml:id="file_po_578n2100"></idno>
			</publicationStmt>
			<sourceDesc>
				<bibl type="digital-source">
					<hi rend="italics">Sonetos del siglo XIX</hi>
					<date when="2006">2006</date>
					<ref target="http://www.cervantesvirtual.com/nd/ark:/59851/bmc4q861"></ref>
					<ref target="http://www.cervantesvirtual.com/obra/sonetos-del-siglo-xix--0/"></ref>
Biblioteca Cervantes Virtual,  / editados por Ramón García González, , , .				</bibl>
			</sourceDesc>
		</fileDesc>
		<profileDesc>
			<langUsage>
				<language ident="es" about="disco:po_578n2100" property="dc:language" resource="dbpedia:Idioma_español">Spanish</language>
			</langUsage>
			<particDesc>
				<listPerson>
					<person xml:id="disco_578n" about="disco:578n" typeOf="foaf:Person">
						<idno cert="high" property="rdfs:seeAlso" resource="https://viaf.org/viaf/88010957"></idno>
						<persName type="short">Bertolín Peña</persName>
						<persName type="full">
							<forename property="foaf:givenName">Manuel</forename>
							<surname property="foaf:familyName">Bertolín Peña</surname>
						</persName>
						<persName type="source" property="foaf:name">Manuel Bertolín Peña</persName>
						<sex property="foaf:gender" content="M"></sex>
						<birth>
							<location>
								<placeName>
									<country property="schema:birthPlace" inlist="">España</country>
									<bloc property="schema:birthPlace" inlist="">Europa</bloc>
								</placeName>
							</location>
							<date type="century">19</date>
						</birth>
						<death>
							<date type="century">20</date>
						</death>
						<listBibl inlist="" rel="blterms:hasCreated" typeOf="schema:CreativeWork">
							<bibl resource="disco:s578n2100">
								<title property="dc:title">Cuadro</title>
								<title type="incipit" property="dc:alternative">Lienzo español. Ambiente de Sevilla.</title>
							</bibl>
						</listBibl>
					</person>
				</listPerson>
			</particDesc>
		</profileDesc>
		<encodingDesc>
			<listPrefixDef>
				<prefixDef ident="foaf" matchPattern="([A-Za-z]+)" replacementPattern="http://xmlns.com/foaf/0.1/$1"></prefixDef>
				<prefixDef ident="dc" matchPattern="([A-Za-z]+)" replacementPattern="http://purl.org/dc/terms/$1"></prefixDef>
				<prefixDef ident="schema" matchPattern="([A-Za-z]+)" replacementPattern="http://schema.org/$1"></prefixDef>
				<prefixDef ident="dbpedia" matchPattern="([A-Za-z]+(_[A-Za-z])*)" replacementPattern="http://es.dbpedia.org/page/"></prefixDef>
				<prefixDef ident="blterms" matchPattern="([A-Za-z]+)" replacementPattern="http://www.bl.uk/schemas/bibliographic/blterms#$1"></prefixDef>
				<prefixDef ident="rdfs" matchPattern="([A-Za-z]+)" replacementPattern="http://www.w3.org/2000/01/rdf-schema#$1"></prefixDef>
			</listPrefixDef>
			<metDecl type="met" pattern="((\+|\-)+)*">
				<metSym value="+">stressed syllable</metSym>
				<metSym value="-">unstressed syllable</metSym>
			</metDecl>
			<metDecl type="met">
				<p>
					<ref target="https://github.com/bncolorado/adsoScansionSystem">ADSO</ref>
The metrical patterns were extracted automatically using the 
                    tool.				</p>
			</metDecl>
			<metDecl type="enjamb">
				<p>
					<att>enjamb</att>
					<att>cert</att>
					<ref target="https://sites.google.com/site/spanishenjambment/">ANJA
                        (Automatic eNJambment Analysis)</ref>
					<ref target="https://sites.google.com/site/spanishenjambment/enjambment-types">documentation</ref>
					<ref target="https://sites.google.com/site/spanishenjambment/tei-certitude-values">report</ref>
The values of the  atributes were extracted automatically using
                    the  tool. For more information about the
                    types of enjambment as defined in this corpus, read the . In addition, a  was added to express the
                    degree of certainty concerning the characterisation of the enjambment. The following 
                     covers this feature in deep detail.				</p>
			</metDecl>
		</encodingDesc>
		<revisionDesc>
			<change when="2017-11-02" who="#prf">Initial TEI version</change>
			<change when="2017-11-27" who="#prf">Addition of metrical annotation</change>
			<change when="2017-11-27" who="#heb">Review of authors’ metadata</change>
			<change when="2017-12-01" who="#prf">Encoding of enjambment</change>
			<change when="2017-12-01" who="#heb">Publication of 19th, 18th and Golden Age version</change>
			<change when="2018-05-16" who="#heb">Revision of RDFa attributes</change>
		</revisionDesc>
	</teiHeader>
	<text>
		<front>
			<head>Cuadro</head>
		</front>
		<body>
			<lg n="1" type="serventesio">
				<l n="1" met="-+---+-">Lienzo español. Ambiente de Sevilla.</l>
				<l n="2" met="--+--+-+-+-">-Entre luz y misterio te contemplo-.</l>
				<l n="3" met="+--+-+---+-">Una mujer tocada de mantilla</l>
				<l n="4" met="-+-+---+++-">y allá en el fondo la piedad de un templo.</l>
				<param name="AffectiveFeatures">
					<attRef name="Hap_Mean">
						<content>8.37</content>
					</attRef>
					<attRef name="Hap_SD">
						<content>4.18</content>
					</attRef>
					<attRef name="Ang_Mean">
						<content>4.54</content>
					</attRef>
					<attRef name="Ang_SD">
						<content>2.77</content>
					</attRef>
					<attRef name="Sad_Mean">
						<content>4.73</content>
					</attRef>
					<attRef name="Sad_SD">
						<content>2.86</content>
					</attRef>
					<attRef name="Fear_Mean">
						<content>6.16</content>
					</attRef>
					<attRef name="Fear_SD">
						<content>2.8</content>
					</attRef>
					<attRef name="Disg_Mean">
						<content>4.2</content>
					</attRef>
					<attRef name="Disg_SD">
						<content>2.7</content>
					</attRef>
					<attRef name="n_affective">
						<content>3</content>
					</attRef>
					<attRef name="ValenceMean">
						<content>66.33</content>
					</attRef>
					<attRef name="ValenceSD">
						<content>15.12</content>
					</attRef>
					<attRef name="ArousalMean">
						<content>53.7</content>
					</attRef>
					<attRef name="ArousalSD">
						<content>19.38</content>
					</attRef>
					<attRef name="n_v_a">
						<content>11</content>
					</attRef>
					<attRef name="Max_Aro">
						<content>6.3</content>
					</attRef>
					<attRef name="Min_Aro">
						<content>3.95</content>
					</attRef>
					<attRef name="ArousalSpan">
						<content>2.35</content>
					</attRef>
					<attRef name="Max_Val">
						<content>7.28</content>
					</attRef>
					<attRef name="Min_Val">
						<content>4.85</content>
					</attRef>
					<attRef name="ValenceSpan">
						<content>2.43</content>
					</attRef>
					<attRef name="CorAro">
						<content>-0.0188</content>
					</attRef>
					<attRef name="CorVal">
						<content>-0.643</content>
					</attRef>
					<attRef name="averageAoA">
						<content>67.8</content>
					</attRef>
					<attRef name="sdAOA">
						<content>22.84</content>
					</attRef>
					<attRef name="MinAoA">
						<content>22.0</content>
					</attRef>
					<attRef name="MaxAoA">
						<content>111.0</content>
					</attRef>
					<attRef name="OralFreq_Log">
						<content>25.19</content>
					</attRef>
					<attRef name="WrittenFreq_Log">
						<content>28.46</content>
					</attRef>
					<attRef name="n_aoa">
						<content>11</content>
					</attRef>
					<attRef name="Max_AoA">
						<content>8.98</content>
					</attRef>
					<attRef name="Min_AoA">
						<content>3.18</content>
					</attRef>
					<attRef name="AoASpan">
						<content>5.8</content>
					</attRef>
					<attRef name="Max_sdAOA">
						<content>3.439</content>
					</attRef>
					<attRef name="Min_sdAOA">
						<content>1.444</content>
					</attRef>
					<attRef name="sdAOASpan">
						<content>1.995</content>
					</attRef>
					<attRef name="Max_logOralFreq">
						<content>3.209</content>
					</attRef>
					<attRef name="Min_logOralFreq">
						<content>0.301</content>
					</attRef>
					<attRef name="logOralFreqSpan">
						<content>2.908</content>
					</attRef>
					<attRef name="Max_logWrittenFreq">
						<content>3.442</content>
					</attRef>
					<attRef name="Min_logWrittenFreq">
						<content>1.4469999999999998</content>
					</attRef>
					<attRef name="logWrittenFreqSpan">
						<content>1.995</content>
					</attRef>
					<attRef name="CorAoA">
						<content>-0.3125</content>
					</attRef>
				</param>
			</lg>
			<lg n="2" type="serventesio">
				<l n="5" met="-+---+---+-">Perfume de plegarias y oraciones,</l>
				<l n="6" met="++--+----+-">y una onda de cielo y de incensario.</l>
				<l n="7" met="-++--+---+-" enjamb="B-ex_subj_verb" cert="low">Junto a un rojo fulgor de corazones</l>
				<l n="8" met="--+--+---+-" enjamb="I-ex_subj_verb" cert="low">la emoción silenciosa del Calvario.</l>
				<param name="AffectiveFeatures">
					<attRef name="Hap_Mean">
						<content>20.1</content>
					</attRef>
					<attRef name="Hap_SD">
						<content>7.79</content>
					</attRef>
					<attRef name="Ang_Mean">
						<content>12.27</content>
					</attRef>
					<attRef name="Ang_SD">
						<content>6.63</content>
					</attRef>
					<attRef name="Sad_Mean">
						<content>14.36</content>
					</attRef>
					<attRef name="Sad_SD">
						<content>7.73</content>
					</attRef>
					<attRef name="Fear_Mean">
						<content>13.57</content>
					</attRef>
					<attRef name="Fear_SD">
						<content>7.34</content>
					</attRef>
					<attRef name="Disg_Mean">
						<content>10.54</content>
					</attRef>
					<attRef name="Disg_SD">
						<content>5.22</content>
					</attRef>
					<attRef name="n_affective">
						<content>7</content>
					</attRef>
					<attRef name="ValenceMean">
						<content>63.74</content>
					</attRef>
					<attRef name="ValenceSD">
						<content>14.86</content>
					</attRef>
					<attRef name="ArousalMean">
						<content>55.68</content>
					</attRef>
					<attRef name="ArousalSD">
						<content>19.33</content>
					</attRef>
					<attRef name="n_v_a">
						<content>11</content>
					</attRef>
					<attRef name="Max_Aro">
						<content>6.7</content>
					</attRef>
					<attRef name="Min_Aro">
						<content>2.95</content>
					</attRef>
					<attRef name="ArousalSpan">
						<content>3.75</content>
					</attRef>
					<attRef name="Max_Val">
						<content>7.68</content>
					</attRef>
					<attRef name="Min_Val">
						<content>2.3</content>
					</attRef>
					<attRef name="ValenceSpan">
						<content>5.38</content>
					</attRef>
					<attRef name="CorAro">
						<content>0.8469</content>
					</attRef>
					<attRef name="CorVal">
						<content>-0.1107</content>
					</attRef>
					<attRef name="averageAoA">
						<content>65.22</content>
					</attRef>
					<attRef name="sdAOA">
						<content>18.82</content>
					</attRef>
					<attRef name="MinAoA">
						<content>27.0</content>
					</attRef>
					<attRef name="MaxAoA">
						<content>105.0</content>
					</attRef>
					<attRef name="OralFreq_Log">
						<content>15.54</content>
					</attRef>
					<attRef name="WrittenFreq_Log">
						<content>20.24</content>
					</attRef>
					<attRef name="n_aoa">
						<content>10</content>
					</attRef>
					<attRef name="Max_AoA">
						<content>10.48</content>
					</attRef>
					<attRef name="Min_AoA">
						<content>2.94</content>
					</attRef>
					<attRef name="AoASpan">
						<content>7.54</content>
					</attRef>
					<attRef name="Max_sdAOA">
						<content>2.449</content>
					</attRef>
					<attRef name="Min_sdAOA">
						<content>1.111</content>
					</attRef>
					<attRef name="sdAOASpan">
						<content>1.338</content>
					</attRef>
					<attRef name="Max_logOralFreq">
						<content>2.489</content>
					</attRef>
					<attRef name="Min_logOralFreq">
						<content>0.301</content>
					</attRef>
					<attRef name="logOralFreqSpan">
						<content>2.188</content>
					</attRef>
					<attRef name="Max_logWrittenFreq">
						<content>2.929</content>
					</attRef>
					<attRef name="Min_logWrittenFreq">
						<content>0.845</content>
					</attRef>
					<attRef name="logWrittenFreqSpan">
						<content>2.084</content>
					</attRef>
					<attRef name="CorAoA">
						<content>-0.0999</content>
					</attRef>
				</param>
			</lg>
			<lg n="3" type="terceto">
				<l n="9" met="--+--++--+-">Milagrosa mujer fuerte y morena,</l>
				<l n="10" met="+-+--++--+-">de ojos negros de amor, de odio y de pena,</l>
				<l n="11" met="-+---+-+-+-">que evocan con su luz la raza inquieta.</l>
				<param name="AffectiveFeatures">
					<attRef name="Hap_Mean">
						<content>16.0</content>
					</attRef>
					<attRef name="Hap_SD">
						<content>6.13</content>
					</attRef>
					<attRef name="Ang_Mean">
						<content>13.2</content>
					</attRef>
					<attRef name="Ang_SD">
						<content>7.2</content>
					</attRef>
					<attRef name="Sad_Mean">
						<content>16.55</content>
					</attRef>
					<attRef name="Sad_SD">
						<content>6.96</content>
					</attRef>
					<attRef name="Fear_Mean">
						<content>15.13</content>
					</attRef>
					<attRef name="Fear_SD">
						<content>8.94</content>
					</attRef>
					<attRef name="Disg_Mean">
						<content>10.83</content>
					</attRef>
					<attRef name="Disg_SD">
						<content>5.64</content>
					</attRef>
					<attRef name="n_affective">
						<content>7</content>
					</attRef>
					<attRef name="ValenceMean">
						<content>67.66</content>
					</attRef>
					<attRef name="ValenceSD">
						<content>14.85</content>
					</attRef>
					<attRef name="ArousalMean">
						<content>64.38</content>
					</attRef>
					<attRef name="ArousalSD">
						<content>21.33</content>
					</attRef>
					<attRef name="n_v_a">
						<content>12</content>
					</attRef>
					<attRef name="Max_Aro">
						<content>7.6</content>
					</attRef>
					<attRef name="Min_Aro">
						<content>4.3</content>
					</attRef>
					<attRef name="ArousalSpan">
						<content>3.3</content>
					</attRef>
					<attRef name="Max_Val">
						<content>8.4</content>
					</attRef>
					<attRef name="Min_Val">
						<content>1.6</content>
					</attRef>
					<attRef name="ValenceSpan">
						<content>6.8</content>
					</attRef>
					<attRef name="CorAro">
						<content>0.1781</content>
					</attRef>
					<attRef name="CorVal">
						<content>-0.3934</content>
					</attRef>
					<attRef name="averageAoA">
						<content>48.18</content>
					</attRef>
					<attRef name="sdAOA">
						<content>19.65</content>
					</attRef>
					<attRef name="MinAoA">
						<content>14.0</content>
					</attRef>
					<attRef name="MaxAoA">
						<content>95.0</content>
					</attRef>
					<attRef name="OralFreq_Log">
						<content>23.34</content>
					</attRef>
					<attRef name="WrittenFreq_Log">
						<content>26.89</content>
					</attRef>
					<attRef name="n_aoa">
						<content>10</content>
					</attRef>
					<attRef name="Max_AoA">
						<content>7.42</content>
					</attRef>
					<attRef name="Min_AoA">
						<content>2.72</content>
					</attRef>
					<attRef name="AoASpan">
						<content>4.7</content>
					</attRef>
					<attRef name="Max_sdAOA">
						<content>2.819</content>
					</attRef>
					<attRef name="Min_sdAOA">
						<content>1.275</content>
					</attRef>
					<attRef name="sdAOASpan">
						<content>1.544</content>
					</attRef>
					<attRef name="Max_logOralFreq">
						<content>3.209</content>
					</attRef>
					<attRef name="Min_logOralFreq">
						<content>1.568</content>
					</attRef>
					<attRef name="logOralFreqSpan">
						<content>1.641</content>
					</attRef>
					<attRef name="Max_logWrittenFreq">
						<content>3.442</content>
					</attRef>
					<attRef name="Min_logWrittenFreq">
						<content>1.74</content>
					</attRef>
					<attRef name="logWrittenFreqSpan">
						<content>1.702</content>
					</attRef>
					<attRef name="CorAoA">
						<content>0.4558</content>
					</attRef>
				</param>
			</lg>
			<lg n="4" type="terceto">
				<l n="12" met="+++--+---+-">Yo te he visto piadosa y penitente</l>
				<l n="13" met="---+---+-+-">con la humildad de tu mirar doliente,</l>
				<l n="14" met="--+--++--+-">encarnar el dolor de una saeta.</l>
				<param name="AffectiveFeatures">
					<attRef name="Hap_Mean">
						<content>3.96</content>
					</attRef>
					<attRef name="Hap_SD">
						<content>1.57</content>
					</attRef>
					<attRef name="Ang_Mean">
						<content>3.97</content>
					</attRef>
					<attRef name="Ang_SD">
						<content>1.88</content>
					</attRef>
					<attRef name="Sad_Mean">
						<content>5.06</content>
					</attRef>
					<attRef name="Sad_SD">
						<content>1.86</content>
					</attRef>
					<attRef name="Fear_Mean">
						<content>4.7</content>
					</attRef>
					<attRef name="Fear_SD">
						<content>1.65</content>
					</attRef>
					<attRef name="Disg_Mean">
						<content>2.84</content>
					</attRef>
					<attRef name="Disg_SD">
						<content>1.5</content>
					</attRef>
					<attRef name="n_affective">
						<content>2</content>
					</attRef>
					<attRef name="ValenceMean">
						<content>35.25</content>
					</attRef>
					<attRef name="ValenceSD">
						<content>9.06</content>
					</attRef>
					<attRef name="ArousalMean">
						<content>39.9</content>
					</attRef>
					<attRef name="ArousalSD">
						<content>9.88</content>
					</attRef>
					<attRef name="n_v_a">
						<content>7</content>
					</attRef>
					<attRef name="Max_Aro">
						<content>8.25</content>
					</attRef>
					<attRef name="Min_Aro">
						<content>3.85</content>
					</attRef>
					<attRef name="ArousalSpan">
						<content>4.4</content>
					</attRef>
					<attRef name="Max_Val">
						<content>7.95</content>
					</attRef>
					<attRef name="Min_Val">
						<content>2.15</content>
					</attRef>
					<attRef name="ValenceSpan">
						<content>5.8</content>
					</attRef>
					<attRef name="CorAro">
						<content>0.7432</content>
					</attRef>
					<attRef name="CorVal">
						<content>-0.4791</content>
					</attRef>
					<attRef name="averageAoA">
						<content>27.42</content>
					</attRef>
					<attRef name="sdAOA">
						<content>8.55</content>
					</attRef>
					<attRef name="MinAoA">
						<content>13.0</content>
					</attRef>
					<attRef name="MaxAoA">
						<content>46.0</content>
					</attRef>
					<attRef name="OralFreq_Log">
						<content>7.92</content>
					</attRef>
					<attRef name="WrittenFreq_Log">
						<content>10.19</content>
					</attRef>
					<attRef name="n_aoa">
						<content>5</content>
					</attRef>
					<attRef name="Max_AoA">
						<content>9.34</content>
					</attRef>
					<attRef name="Min_AoA">
						<content>2.52</content>
					</attRef>
					<attRef name="AoASpan">
						<content>6.82</content>
					</attRef>
					<attRef name="Max_sdAOA">
						<content>1.927</content>
					</attRef>
					<attRef name="Min_sdAOA">
						<content>1.518</content>
					</attRef>
					<attRef name="sdAOASpan">
						<content>0.409</content>
					</attRef>
					<attRef name="Max_logOralFreq">
						<content>2.389</content>
					</attRef>
					<attRef name="Min_logOralFreq">
						<content>0.477</content>
					</attRef>
					<attRef name="logOralFreqSpan">
						<content>1.912</content>
					</attRef>
					<attRef name="Max_logWrittenFreq">
						<content>2.7460000000000004</content>
					</attRef>
					<attRef name="Min_logWrittenFreq">
						<content>1.3219999999999998</content>
					</attRef>
					<attRef name="logWrittenFreqSpan">
						<content>1.424</content>
					</attRef>
					<attRef name="CorAoA">
						<content>-0.2938</content>
					</attRef>
				</param>
			</lg>
			<param name="AffectiveFeatures">
				<attRef name="Hap_Mean">
					<content>48.43</content>
				</attRef>
				<attRef name="Hap_SD">
					<content>19.67</content>
				</attRef>
				<attRef name="Ang_Mean">
					<content>33.98</content>
				</attRef>
				<attRef name="Ang_SD">
					<content>18.48</content>
				</attRef>
				<attRef name="Sad_Mean">
					<content>40.7</content>
				</attRef>
				<attRef name="Sad_SD">
					<content>19.41</content>
				</attRef>
				<attRef name="Fear_Mean">
					<content>39.56</content>
				</attRef>
				<attRef name="Fear_SD">
					<content>20.73</content>
				</attRef>
				<attRef name="Disg_Mean">
					<content>28.41</content>
				</attRef>
				<attRef name="Disg_SD">
					<content>15.06</content>
				</attRef>
				<attRef name="n_affective">
					<content>19</content>
				</attRef>
				<attRef name="ValenceMean">
					<content>232.98</content>
				</attRef>
				<attRef name="ValenceSD">
					<content>53.89</content>
				</attRef>
				<attRef name="ArousalMean">
					<content>213.66</content>
				</attRef>
				<attRef name="ArousalSD">
					<content>69.92</content>
				</attRef>
				<attRef name="n_v_a">
					<content>41</content>
				</attRef>
				<attRef name="Max_Aro">
					<content>8.25</content>
				</attRef>
				<attRef name="Min_Aro">
					<content>2.95</content>
				</attRef>
				<attRef name="ArousalSpan">
					<content>5.3</content>
				</attRef>
				<attRef name="Max_Val">
					<content>8.4</content>
				</attRef>
				<attRef name="Min_Val">
					<content>1.6</content>
				</attRef>
				<attRef name="ValenceSpan">
					<content>6.8</content>
				</attRef>
				<attRef name="CorAro">
					<content>0.3581</content>
				</attRef>
				<attRef name="CorVal">
					<content>-0.2596</content>
				</attRef>
				<attRef name="averageAoA">
					<content>208.62</content>
				</attRef>
				<attRef name="sdAOA">
					<content>69.88</content>
				</attRef>
				<attRef name="MinAoA">
					<content>76.0</content>
				</attRef>
				<attRef name="MaxAoA">
					<content>357.0</content>
				</attRef>
				<attRef name="OralFreq_Log">
					<content>71.99</content>
				</attRef>
				<attRef name="WrittenFreq_Log">
					<content>85.78</content>
				</attRef>
				<attRef name="n_aoa">
					<content>36</content>
				</attRef>
				<attRef name="Max_AoA">
					<content>10.48</content>
				</attRef>
				<attRef name="Min_AoA">
					<content>2.52</content>
				</attRef>
				<attRef name="AoASpan">
					<content>7.96</content>
				</attRef>
				<attRef name="Max_sdAOA">
					<content>3.439</content>
				</attRef>
				<attRef name="Min_sdAOA">
					<content>1.111</content>
				</attRef>
				<attRef name="sdAOASpan">
					<content>2.328</content>
				</attRef>
				<attRef name="Max_logOralFreq">
					<content>3.209</content>
				</attRef>
				<attRef name="Min_logOralFreq">
					<content>0.301</content>
				</attRef>
				<attRef name="logOralFreqSpan">
					<content>2.908</content>
				</attRef>
				<attRef name="Max_logWrittenFreq">
					<content>3.442</content>
				</attRef>
				<attRef name="Min_logWrittenFreq">
					<content>0.845</content>
				</attRef>
				<attRef name="logWrittenFreqSpan">
					<content>2.597</content>
				</attRef>
				<attRef name="CorAoA">
					<content>-0.2256</content>
				</attRef>
			</param>
		</body>
	</text>
</TEI>