<?xml version="1.0" encoding="utf-8"?>
<TEI xmlns="http://www.tei-c.org/ns/1.0">
	<teiHeader>
		<fileDesc>
			<titleStmt about="disco:po_005g0013">
				<title property="dc:title">Soneto</title>
				<author property="dc:creator" resource="disco:005g" corresp="#disco_005g">Joseph Betancourt</author>
				<principal xml:id="prf">Pablo Ruiz Fabo</principal>
				<principal xml:id="heb">Helena Bermúdez Sabel</principal>
				<principal xml:id="jct">José Calvo Tello</principal>
				<principal xml:id="cimc">Clara Isabel Martínez Cantón</principal>
				<respStmt>
					<resp>Metrical annotation by</resp>
					<name xml:id="bnc">Borja Navarro Colorado</name>
				</respStmt>
			</titleStmt>
			<extent>
				<measure unit="sonnets">1</measure>
				<measure unit="tokens">95</measure>
				<measure unit="line">14</measure>
			</extent>
			<publicationStmt>
				<publisher>Diachronic Spanish Sonnet Corpus</publisher>
				<authority>POSTDATA Project</authority>
				<pubPlace>Madrid</pubPlace>
				<availability status="free">
					<p>The text is freely available</p>
				</availability>
				<date when="2017">2017</date>
				<idno type="#disco" xml:id="file_po_005g0013"></idno>
			</publicationStmt>
			<sourceDesc>
				<bibl type="digital-source">
					<hi rend="italics">Sonetos del siglo XV al XVII</hi>
					<date when="2006">2006</date>
					<ref target="http://www.cervantesvirtual.com/nd/ark:/59851/bmc2r439"></ref>
					<ref target="http://www.cervantesvirtual.com/obra/sonetos-del-siglo-xv-al-xvii--0/"></ref>
Biblioteca Cervantes Virtual,  / editados por Ramón García González, , , .				</bibl>
			</sourceDesc>
		</fileDesc>
		<profileDesc>
			<langUsage>
				<language ident="es" about="disco:po_005g0013" property="dc:language" resource="dbpedia:Idioma_español">Spanish</language>
			</langUsage>
			<particDesc>
				<listPerson>
					<person xml:id="disco_005g" about="disco:005g" typeOf="foaf:Person">
						<persName type="short">Betancourt</persName>
						<persName type="full">
							<forename property="foaf:givenName">Joseph</forename>
							<surname property="foaf:familyName">Betancourt</surname>
						</persName>
						<persName type="source" property="foaf:name">Joseph Betancourt</persName>
						<sex property="foaf:gender" content="M"></sex>
						<birth>
							<location>
								<placeName>
									<country property="schema:birthPlace" inlist="">España</country>
									<bloc property="schema:birthPlace" inlist="">Europa</bloc>
								</placeName>
							</location>
							<date type="century">17</date>
						</birth>
						<death>
							<date type="century">17</date>
						</death>
						<listBibl inlist="" rel="blterms:hasCreated" typeOf="schema:CreativeWork">
							<bibl resource="disco:s005g0013">
								<title property="dc:title">Soneto</title>
								<title type="incipit" property="dc:alternative">Detén el curso rápido y violento,</title>
							</bibl>
						</listBibl>
					</person>
				</listPerson>
			</particDesc>
		</profileDesc>
		<encodingDesc>
			<listPrefixDef>
				<prefixDef ident="foaf" matchPattern="([A-Za-z]+)" replacementPattern="http://xmlns.com/foaf/0.1/$1"></prefixDef>
				<prefixDef ident="dc" matchPattern="([A-Za-z]+)" replacementPattern="http://purl.org/dc/terms/$1"></prefixDef>
				<prefixDef ident="schema" matchPattern="([A-Za-z]+)" replacementPattern="http://schema.org/$1"></prefixDef>
				<prefixDef ident="dbpedia" matchPattern="([A-Za-z]+(_[A-Za-z])*)" replacementPattern="http://es.dbpedia.org/page/"></prefixDef>
				<prefixDef ident="blterms" matchPattern="([A-Za-z]+)" replacementPattern="http://www.bl.uk/schemas/bibliographic/blterms#$1"></prefixDef>
				<prefixDef ident="rdfs" matchPattern="([A-Za-z]+)" replacementPattern="http://www.w3.org/2000/01/rdf-schema#$1"></prefixDef>
			</listPrefixDef>
			<metDecl type="met" pattern="((\+|\-)+)*">
				<metSym value="+">stressed syllable</metSym>
				<metSym value="-">unstressed syllable</metSym>
			</metDecl>
			<metDecl type="met">
				<p>
					<ref target="https://github.com/bncolorado/adsoScansionSystem">ADSO</ref>
The metrical patterns were extracted automatically using the 
                    tool.				</p>
			</metDecl>
			<metDecl type="enjamb">
				<p>
					<att>enjamb</att>
					<att>cert</att>
					<ref target="https://sites.google.com/site/spanishenjambment/">ANJA
                        (Automatic eNJambment Analysis)</ref>
					<ref target="https://sites.google.com/site/spanishenjambment/enjambment-types">documentation</ref>
					<ref target="https://sites.google.com/site/spanishenjambment/tei-certitude-values">report</ref>
The values of the  atributes were extracted automatically using
                    the  tool. For more information about the
                    types of enjambment as defined in this corpus, read the . In addition, a  was added to express the
                    degree of certainty concerning the characterisation of the enjambment. The following 
                     covers this feature in deep detail.				</p>
			</metDecl>
		</encodingDesc>
		<revisionDesc>
			<change when="2017-11-02" who="#prf">Initial TEI version</change>
			<change when="2017-11-27" who="#prf">Addition of metrical annotation</change>
			<change when="2017-11-27" who="#heb">Review of authors’ metadata</change>
			<change when="2017-12-01" who="#prf">Encoding of enjambment</change>
			<change when="2017-12-01" who="#heb">Publication of 19th, 18th and Golden Age version</change>
			<change when="2018-05-16" who="#heb">Revision of RDFa attributes</change>
		</revisionDesc>
	</teiHeader>
	<text>
		<front>
			<head>Soneto</head>
		</front>
		<body>
			<lg n="1" type="cuarteto">
				<l n="1" met="-+-+-+---+-">Detén el curso rápido y violento,</l>
				<l n="2" met="---+-+---+-">o generoso bruto, en tu carrera,</l>
				<l n="3" met="+-+--+-+-+-">no apresures el vuelo, aguarda, espera,</l>
				<l n="4" met="++-+-+---+-">que un nuevo Sol arrastra tu ardimiento.</l>
				<param name="AffectiveFeatures">
					<attRef name="Hap_Mean">
						<content>15.23</content>
					</attRef>
					<attRef name="Hap_SD">
						<content>3.93</content>
					</attRef>
					<attRef name="Ang_Mean">
						<content>9.54</content>
					</attRef>
					<attRef name="Ang_SD">
						<content>3.0</content>
					</attRef>
					<attRef name="Sad_Mean">
						<content>8.84</content>
					</attRef>
					<attRef name="Sad_SD">
						<content>4.01</content>
					</attRef>
					<attRef name="Fear_Mean">
						<content>11.06</content>
					</attRef>
					<attRef name="Fear_SD">
						<content>4.84</content>
					</attRef>
					<attRef name="Disg_Mean">
						<content>8.09</content>
					</attRef>
					<attRef name="Disg_SD">
						<content>2.44</content>
					</attRef>
					<attRef name="n_affective">
						<content>5</content>
					</attRef>
					<attRef name="ValenceMean">
						<content>71.6</content>
					</attRef>
					<attRef name="ValenceSD">
						<content>18.21</content>
					</attRef>
					<attRef name="ArousalMean">
						<content>80.46</content>
					</attRef>
					<attRef name="ArousalSD">
						<content>24.57</content>
					</attRef>
					<attRef name="n_v_a">
						<content>14</content>
					</attRef>
					<attRef name="Max_Aro">
						<content>7.53</content>
					</attRef>
					<attRef name="Min_Aro">
						<content>3.85</content>
					</attRef>
					<attRef name="ArousalSpan">
						<content>3.68</content>
					</attRef>
					<attRef name="Max_Val">
						<content>7.65</content>
					</attRef>
					<attRef name="Min_Val">
						<content>1.9</content>
					</attRef>
					<attRef name="ValenceSpan">
						<content>5.75</content>
					</attRef>
					<attRef name="CorAro">
						<content>-0.3447</content>
					</attRef>
					<attRef name="CorVal">
						<content>0.1885</content>
					</attRef>
					<attRef name="averageAoA">
						<content>56.53</content>
					</attRef>
					<attRef name="sdAOA">
						<content>21.11</content>
					</attRef>
					<attRef name="MinAoA">
						<content>14.0</content>
					</attRef>
					<attRef name="MaxAoA">
						<content>105.0</content>
					</attRef>
					<attRef name="OralFreq_Log">
						<content>22.73</content>
					</attRef>
					<attRef name="WrittenFreq_Log">
						<content>26.42</content>
					</attRef>
					<attRef name="n_aoa">
						<content>11</content>
					</attRef>
					<attRef name="Max_AoA">
						<content>7.02</content>
					</attRef>
					<attRef name="Min_AoA">
						<content>2.92</content>
					</attRef>
					<attRef name="AoASpan">
						<content>4.1</content>
					</attRef>
					<attRef name="Max_sdAOA">
						<content>2.581</content>
					</attRef>
					<attRef name="Min_sdAOA">
						<content>1.412</content>
					</attRef>
					<attRef name="sdAOASpan">
						<content>1.169</content>
					</attRef>
					<attRef name="Max_logOralFreq">
						<content>2.985</content>
					</attRef>
					<attRef name="Min_logOralFreq">
						<content>1.079</content>
					</attRef>
					<attRef name="logOralFreqSpan">
						<content>1.906</content>
					</attRef>
					<attRef name="Max_logWrittenFreq">
						<content>3.127</content>
					</attRef>
					<attRef name="Min_logWrittenFreq">
						<content>1.643</content>
					</attRef>
					<attRef name="logWrittenFreqSpan">
						<content>1.484</content>
					</attRef>
					<attRef name="CorAoA">
						<content>-0.5207</content>
					</attRef>
				</param>
			</lg>
			<lg n="2" type="cuarteto">
				<l n="5" met="-+---+---+-">Advierte, de tu crin el lucimiento,</l>
				<l n="6" met="--+--+---+-">que eclipsara sus luces a la esfera,</l>
				<l n="7" met="--+--+-+-+-">si de envidia los Astros no encendiera,</l>
				<l n="8" met="-----+---+-">con los tuyos que presta al firmamento.</l>
				<param name="AffectiveFeatures">
					<attRef name="Hap_Mean">
						<content>4.44</content>
					</attRef>
					<attRef name="Hap_SD">
						<content>2.44</content>
					</attRef>
					<attRef name="Ang_Mean">
						<content>2.53</content>
					</attRef>
					<attRef name="Ang_SD">
						<content>1.32</content>
					</attRef>
					<attRef name="Sad_Mean">
						<content>2.8</content>
					</attRef>
					<attRef name="Sad_SD">
						<content>1.65</content>
					</attRef>
					<attRef name="Fear_Mean">
						<content>3.13</content>
					</attRef>
					<attRef name="Fear_SD">
						<content>1.92</content>
					</attRef>
					<attRef name="Disg_Mean">
						<content>2.27</content>
					</attRef>
					<attRef name="Disg_SD">
						<content>0.93</content>
					</attRef>
					<attRef name="n_affective">
						<content>2</content>
					</attRef>
					<attRef name="ValenceMean">
						<content>56.23</content>
					</attRef>
					<attRef name="ValenceSD">
						<content>13.1</content>
					</attRef>
					<attRef name="ArousalMean">
						<content>51.41</content>
					</attRef>
					<attRef name="ArousalSD">
						<content>14.99</content>
					</attRef>
					<attRef name="n_v_a">
						<content>10</content>
					</attRef>
					<attRef name="Max_Aro">
						<content>7.1</content>
					</attRef>
					<attRef name="Min_Aro">
						<content>4.03</content>
					</attRef>
					<attRef name="ArousalSpan">
						<content>3.07</content>
					</attRef>
					<attRef name="Max_Val">
						<content>7.1</content>
					</attRef>
					<attRef name="Min_Val">
						<content>2.35</content>
					</attRef>
					<attRef name="ValenceSpan">
						<content>4.75</content>
					</attRef>
					<attRef name="CorAro">
						<content>-0.068</content>
					</attRef>
					<attRef name="CorVal">
						<content>0.0428</content>
					</attRef>
					<attRef name="averageAoA">
						<content>43.16</content>
					</attRef>
					<attRef name="sdAOA">
						<content>12.91</content>
					</attRef>
					<attRef name="MinAoA">
						<content>17.0</content>
					</attRef>
					<attRef name="MaxAoA">
						<content>66.0</content>
					</attRef>
					<attRef name="OralFreq_Log">
						<content>12.49</content>
					</attRef>
					<attRef name="WrittenFreq_Log">
						<content>16.42</content>
					</attRef>
					<attRef name="n_aoa">
						<content>7</content>
					</attRef>
					<attRef name="Max_AoA">
						<content>8.54</content>
					</attRef>
					<attRef name="Min_AoA">
						<content>1.64</content>
					</attRef>
					<attRef name="AoASpan">
						<content>6.9</content>
					</attRef>
					<attRef name="Max_sdAOA">
						<content>2.47</content>
					</attRef>
					<attRef name="Min_sdAOA">
						<content>0.921</content>
					</attRef>
					<attRef name="sdAOASpan">
						<content>1.549</content>
					</attRef>
					<attRef name="Max_logOralFreq">
						<content>4.152</content>
					</attRef>
					<attRef name="Min_logOralFreq">
						<content>0.301</content>
					</attRef>
					<attRef name="logOralFreqSpan">
						<content>3.851</content>
					</attRef>
					<attRef name="Max_logWrittenFreq">
						<content>4.003</content>
					</attRef>
					<attRef name="Min_logWrittenFreq">
						<content>1.477</content>
					</attRef>
					<attRef name="logWrittenFreqSpan">
						<content>2.526</content>
					</attRef>
					<attRef name="CorAoA">
						<content>0.4553</content>
					</attRef>
				</param>
			</lg>
			<lg n="3" type="terceto">
				<l n="9" met="-+-+-+---+-">Tu luz, que alumbra el último Horizonte,</l>
				<l n="10" met="-+-+-+-+-+-">a donde antigua huellas no llegaron,</l>
				<l n="11" met="-+--++-+-+-">corona de dos orbes ya se admira.</l>
				<param name="AffectiveFeatures">
					<attRef name="Hap_Mean">
						<content>5.97</content>
					</attRef>
					<attRef name="Hap_SD">
						<content>2.37</content>
					</attRef>
					<attRef name="Ang_Mean">
						<content>2.93</content>
					</attRef>
					<attRef name="Ang_SD">
						<content>1.83</content>
					</attRef>
					<attRef name="Sad_Mean">
						<content>2.63</content>
					</attRef>
					<attRef name="Sad_SD">
						<content>1.46</content>
					</attRef>
					<attRef name="Fear_Mean">
						<content>2.97</content>
					</attRef>
					<attRef name="Fear_SD">
						<content>1.79</content>
					</attRef>
					<attRef name="Disg_Mean">
						<content>3.07</content>
					</attRef>
					<attRef name="Disg_SD">
						<content>1.87</content>
					</attRef>
					<attRef name="n_affective">
						<content>2</content>
					</attRef>
					<attRef name="ValenceMean">
						<content>60.44</content>
					</attRef>
					<attRef name="ValenceSD">
						<content>13.31</content>
					</attRef>
					<attRef name="ArousalMean">
						<content>50.52</content>
					</attRef>
					<attRef name="ArousalSD">
						<content>17.11</content>
					</attRef>
					<attRef name="n_v_a">
						<content>10</content>
					</attRef>
					<attRef name="Max_Aro">
						<content>5.85</content>
					</attRef>
					<attRef name="Min_Aro">
						<content>3.9</content>
					</attRef>
					<attRef name="ArousalSpan">
						<content>1.95</content>
					</attRef>
					<attRef name="Max_Val">
						<content>7.15</content>
					</attRef>
					<attRef name="Min_Val">
						<content>3.7</content>
					</attRef>
					<attRef name="ValenceSpan">
						<content>3.45</content>
					</attRef>
					<attRef name="CorAro">
						<content>0.325</content>
					</attRef>
					<attRef name="CorVal">
						<content>-0.0443</content>
					</attRef>
					<attRef name="averageAoA">
						<content>65.15</content>
					</attRef>
					<attRef name="sdAOA">
						<content>18.78</content>
					</attRef>
					<attRef name="MinAoA">
						<content>28.67</content>
					</attRef>
					<attRef name="MaxAoA">
						<content>105.67</content>
					</attRef>
					<attRef name="OralFreq_Log">
						<content>20.54</content>
					</attRef>
					<attRef name="WrittenFreq_Log">
						<content>25.85</content>
					</attRef>
					<attRef name="n_aoa">
						<content>11</content>
					</attRef>
					<attRef name="Max_AoA">
						<content>10.64</content>
					</attRef>
					<attRef name="Min_AoA">
						<content>2.24</content>
					</attRef>
					<attRef name="AoASpan">
						<content>8.4</content>
					</attRef>
					<attRef name="Max_sdAOA">
						<content>2.403</content>
					</attRef>
					<attRef name="Min_sdAOA">
						<content>0.749</content>
					</attRef>
					<attRef name="sdAOASpan">
						<content>1.654</content>
					</attRef>
					<attRef name="Max_logOralFreq">
						<content>3.813</content>
					</attRef>
					<attRef name="Min_logOralFreq">
						<content>0.301</content>
					</attRef>
					<attRef name="logOralFreqSpan">
						<content>3.512</content>
					</attRef>
					<attRef name="Max_logWrittenFreq">
						<content>3.869</content>
					</attRef>
					<attRef name="Min_logWrittenFreq">
						<content>1.146</content>
					</attRef>
					<attRef name="logWrittenFreqSpan">
						<content>2.723</content>
					</attRef>
					<attRef name="CorAoA">
						<content>0.2773</content>
					</attRef>
				</param>
			</lg>
			<lg n="4" type="terceto">
				<l n="12" met="-+---+---+-">Asómbranse los brutos de Faetonte,</l>
				<l n="13" met="---+++-+-+-">pues si los cuatro a un mundo no bastaron,</l>
				<l n="14" met="+-++-+++-+-">ya con un bruto el Sol dos mundos gira.</l>
				<param name="AffectiveFeatures">
					<attRef name="Hap_Mean">
						<content>11.9</content>
					</attRef>
					<attRef name="Hap_SD">
						<content>2.85</content>
					</attRef>
					<attRef name="Ang_Mean">
						<content>5.01</content>
					</attRef>
					<attRef name="Ang_SD">
						<content>2.17</content>
					</attRef>
					<attRef name="Sad_Mean">
						<content>6.14</content>
					</attRef>
					<attRef name="Sad_SD">
						<content>2.82</content>
					</attRef>
					<attRef name="Fear_Mean">
						<content>5.7</content>
					</attRef>
					<attRef name="Fear_SD">
						<content>2.97</content>
					</attRef>
					<attRef name="Disg_Mean">
						<content>4.94</content>
					</attRef>
					<attRef name="Disg_SD">
						<content>2.14</content>
					</attRef>
					<attRef name="n_affective">
						<content>3</content>
					</attRef>
					<attRef name="ValenceMean">
						<content>53.77</content>
					</attRef>
					<attRef name="ValenceSD">
						<content>12.68</content>
					</attRef>
					<attRef name="ArousalMean">
						<content>51.24</content>
					</attRef>
					<attRef name="ArousalSD">
						<content>16.23</content>
					</attRef>
					<attRef name="n_v_a">
						<content>10</content>
					</attRef>
					<attRef name="Max_Aro">
						<content>6.55</content>
					</attRef>
					<attRef name="Min_Aro">
						<content>3.85</content>
					</attRef>
					<attRef name="ArousalSpan">
						<content>2.7</content>
					</attRef>
					<attRef name="Max_Val">
						<content>7.4</content>
					</attRef>
					<attRef name="Min_Val">
						<content>2.9</content>
					</attRef>
					<attRef name="ValenceSpan">
						<content>4.5</content>
					</attRef>
					<attRef name="CorAro">
						<content>-0.0879</content>
					</attRef>
					<attRef name="CorVal">
						<content>0.5719</content>
					</attRef>
					<attRef name="averageAoA">
						<content>36.76</content>
					</attRef>
					<attRef name="sdAOA">
						<content>15.4</content>
					</attRef>
					<attRef name="MinAoA">
						<content>10.0</content>
					</attRef>
					<attRef name="MaxAoA">
						<content>76.0</content>
					</attRef>
					<attRef name="OralFreq_Log">
						<content>27.85</content>
					</attRef>
					<attRef name="WrittenFreq_Log">
						<content>28.05</content>
					</attRef>
					<attRef name="n_aoa">
						<content>9</content>
					</attRef>
					<attRef name="Max_AoA">
						<content>6.04</content>
					</attRef>
					<attRef name="Min_AoA">
						<content>1.64</content>
					</attRef>
					<attRef name="AoASpan">
						<content>4.4</content>
					</attRef>
					<attRef name="Max_sdAOA">
						<content>2.303</content>
					</attRef>
					<attRef name="Min_sdAOA">
						<content>0.921</content>
					</attRef>
					<attRef name="sdAOASpan">
						<content>1.382</content>
					</attRef>
					<attRef name="Max_logOralFreq">
						<content>4.257</content>
					</attRef>
					<attRef name="Min_logOralFreq">
						<content>1.398</content>
					</attRef>
					<attRef name="logOralFreqSpan">
						<content>2.859</content>
					</attRef>
					<attRef name="Max_logWrittenFreq">
						<content>4.003</content>
					</attRef>
					<attRef name="Min_logWrittenFreq">
						<content>1.643</content>
					</attRef>
					<attRef name="logWrittenFreqSpan">
						<content>2.36</content>
					</attRef>
					<attRef name="CorAoA">
						<content>-0.2728</content>
					</attRef>
				</param>
			</lg>
			<param name="AffectiveFeatures">
				<attRef name="Hap_Mean">
					<content>37.54</content>
				</attRef>
				<attRef name="Hap_SD">
					<content>11.59</content>
				</attRef>
				<attRef name="Ang_Mean">
					<content>20.01</content>
				</attRef>
				<attRef name="Ang_SD">
					<content>8.32</content>
				</attRef>
				<attRef name="Sad_Mean">
					<content>20.41</content>
				</attRef>
				<attRef name="Sad_SD">
					<content>9.94</content>
				</attRef>
				<attRef name="Fear_Mean">
					<content>22.86</content>
				</attRef>
				<attRef name="Fear_SD">
					<content>11.52</content>
				</attRef>
				<attRef name="Disg_Mean">
					<content>18.37</content>
				</attRef>
				<attRef name="Disg_SD">
					<content>7.38</content>
				</attRef>
				<attRef name="n_affective">
					<content>12</content>
				</attRef>
				<attRef name="ValenceMean">
					<content>242.04</content>
				</attRef>
				<attRef name="ValenceSD">
					<content>57.3</content>
				</attRef>
				<attRef name="ArousalMean">
					<content>233.63</content>
				</attRef>
				<attRef name="ArousalSD">
					<content>72.9</content>
				</attRef>
				<attRef name="n_v_a">
					<content>44</content>
				</attRef>
				<attRef name="Max_Aro">
					<content>7.53</content>
				</attRef>
				<attRef name="Min_Aro">
					<content>3.85</content>
				</attRef>
				<attRef name="ArousalSpan">
					<content>3.68</content>
				</attRef>
				<attRef name="Max_Val">
					<content>7.65</content>
				</attRef>
				<attRef name="Min_Val">
					<content>1.9</content>
				</attRef>
				<attRef name="ValenceSpan">
					<content>5.75</content>
				</attRef>
				<attRef name="CorAro">
					<content>-0.2866</content>
				</attRef>
				<attRef name="CorVal">
					<content>0.1564</content>
				</attRef>
				<attRef name="averageAoA">
					<content>201.6</content>
				</attRef>
				<attRef name="sdAOA">
					<content>68.2</content>
				</attRef>
				<attRef name="MinAoA">
					<content>69.67</content>
				</attRef>
				<attRef name="MaxAoA">
					<content>352.67</content>
				</attRef>
				<attRef name="OralFreq_Log">
					<content>83.6</content>
				</attRef>
				<attRef name="WrittenFreq_Log">
					<content>96.72</content>
				</attRef>
				<attRef name="n_aoa">
					<content>38</content>
				</attRef>
				<attRef name="Max_AoA">
					<content>10.64</content>
				</attRef>
				<attRef name="Min_AoA">
					<content>1.64</content>
				</attRef>
				<attRef name="AoASpan">
					<content>9.0</content>
				</attRef>
				<attRef name="Max_sdAOA">
					<content>2.581</content>
				</attRef>
				<attRef name="Min_sdAOA">
					<content>0.749</content>
				</attRef>
				<attRef name="sdAOASpan">
					<content>1.832</content>
				</attRef>
				<attRef name="Max_logOralFreq">
					<content>4.257</content>
				</attRef>
				<attRef name="Min_logOralFreq">
					<content>0.301</content>
				</attRef>
				<attRef name="logOralFreqSpan">
					<content>3.956</content>
				</attRef>
				<attRef name="Max_logWrittenFreq">
					<content>4.003</content>
				</attRef>
				<attRef name="Min_logWrittenFreq">
					<content>1.146</content>
				</attRef>
				<attRef name="logWrittenFreqSpan">
					<content>2.857</content>
				</attRef>
				<attRef name="CorAoA">
					<content>-0.1204</content>
				</attRef>
			</param>
		</body>
	</text>
</TEI>